ISO-10303-21;
HEADER;
FILE_DESCRIPTION(('KiCad electronic assembly'),'2;1');
FILE_NAME('Dock Rev6 Mechanical PCB.step','2026-08-25T19:51:43',(
    'Pcbnew'),('Kicad'),'Open CASCADE STEP processor 7.9',
  'KiCad to STEP converter','Unknown');
FILE_SCHEMA(('AUTOMOTIVE_DESIGN { 1 0 10303 214 1 1 1 1 }'));
ENDSEC;
DATA;
#1 = APPLICATION_PROTOCOL_DEFINITION('international standard',
  'automotive_design',2000,#2);
#2 = APPLICATION_CONTEXT(
  'core data for automotive mechanical design processes');
#3 = SHAPE_DEFINITION_REPRESENTATION(#4,#10);
#4 = PRODUCT_DEFINITION_SHAPE('','',#5);
#5 = PRODUCT_DEFINITION('design','',#6,#9);
#6 = PRODUCT_DEFINITION_FORMATION('','',#7);
#7 = PRODUCT('Dock Rev6 Mechanical PCB 1','Dock Rev6 Mechanical PCB 1',
  '',(#8));
#8 = PRODUCT_CONTEXT('',#2,'mechanical');
#9 = PRODUCT_DEFINITION_CONTEXT('part definition',#2,'design');
#10 = SHAPE_REPRESENTATION('',(#11,#15),#19);
#11 = AXIS2_PLACEMENT_3D('',#12,#13,#14);
#12 = CARTESIAN_POINT('',(0.,0.,0.));
#13 = DIRECTION('',(0.,0.,1.));
#14 = DIRECTION('',(1.,0.,-0.));
#15 = AXIS2_PLACEMENT_3D('',#16,#17,#18);
#16 = CARTESIAN_POINT('',(0.,0.,0.));
#17 = DIRECTION('',(0.,0.,1.));
#18 = DIRECTION('',(1.,0.,-0.));
#19 = ( GEOMETRIC_REPRESENTATION_CONTEXT(3) 
GLOBAL_UNCERTAINTY_ASSIGNED_CONTEXT((#23)) GLOBAL_UNIT_ASSIGNED_CONTEXT(
(#20,#21,#22)) REPRESENTATION_CONTEXT('Context #1',
  '3D Context with UNIT and UNCERTAINTY') );
#20 = ( LENGTH_UNIT() NAMED_UNIT(*) SI_UNIT(.MILLI.,.METRE.) );
#21 = ( NAMED_UNIT(*) PLANE_ANGLE_UNIT() SI_UNIT($,.RADIAN.) );
#22 = ( NAMED_UNIT(*) SI_UNIT($,.STERADIAN.) SOLID_ANGLE_UNIT() );
#23 = UNCERTAINTY_MEASURE_WITH_UNIT(LENGTH_MEASURE(1.E-07),#20,
  'distance_accuracy_value','confusion accuracy');
#24 = PRODUCT_RELATED_PRODUCT_CATEGORY('part',$,(#7));
#25 = SHAPE_DEFINITION_REPRESENTATION(#26,#32);
#26 = PRODUCT_DEFINITION_SHAPE('','',#27);
#27 = PRODUCT_DEFINITION('design','',#28,#31);
#28 = PRODUCT_DEFINITION_FORMATION('','',#29);
#29 = PRODUCT('Dock Rev6_PCB','Dock Rev6_PCB','',(#30));
#30 = PRODUCT_CONTEXT('',#2,'mechanical');
#31 = PRODUCT_DEFINITION_CONTEXT('part definition',#2,'design');
#32 = ADVANCED_BREP_SHAPE_REPRESENTATION('',(#11,#33),#3771);
#33 = MANIFOLD_SOLID_BREP('',#34);
#34 = CLOSED_SHELL('',(#35,#75,#106,#137,#1030,#1923,#1940,#1957,#1974,
    #1991,#2008,#2025,#2042,#2059,#2076,#2093,#2110,#2127,#2144,#2161,
    #2178,#2195,#2212,#2229,#2246,#2263,#2280,#2297,#2314,#2331,#2348,
    #2365,#2382,#2399,#2416,#2433,#2450,#2467,#2484,#2501,#2518,#2535,
    #2552,#2569,#2586,#2603,#2620,#2637,#2654,#2671,#2688,#2705,#2722,
    #2739,#2756,#2773,#2790,#2807,#2824,#2841,#2858,#2875,#2892,#2909,
    #2926,#2943,#2960,#2977,#2994,#3011,#3028,#3045,#3062,#3079,#3096,
    #3113,#3130,#3147,#3164,#3181,#3198,#3215,#3232,#3249,#3266,#3283,
    #3300,#3317,#3334,#3351,#3368,#3385,#3402,#3419,#3436,#3453,#3470,
    #3487,#3504,#3521,#3538,#3555,#3572,#3589,#3606,#3623,#3640,#3657,
    #3674,#3691,#3703,#3720,#3737,#3754));
#35 = ADVANCED_FACE('',(#36),#70,.T.);
#36 = FACE_BOUND('',#37,.T.);
#37 = EDGE_LOOP('',(#38,#48,#56,#64));
#38 = ORIENTED_EDGE('',*,*,#39,.T.);
#39 = EDGE_CURVE('',#40,#42,#44,.T.);
#40 = VERTEX_POINT('',#41);
#41 = CARTESIAN_POINT('',(105.203125,-74.046875,0.));
#42 = VERTEX_POINT('',#43);
#43 = CARTESIAN_POINT('',(105.203125,-74.046875,1.51));
#44 = LINE('',#45,#46);
#45 = CARTESIAN_POINT('',(105.203125,-74.046875,0.));
#46 = VECTOR('',#47,1.);
#47 = DIRECTION('',(0.,0.,1.));
#48 = ORIENTED_EDGE('',*,*,#49,.T.);
#49 = EDGE_CURVE('',#42,#50,#52,.T.);
#50 = VERTEX_POINT('',#51);
#51 = CARTESIAN_POINT('',(105.8125,-74.1875,1.51));
#52 = LINE('',#53,#54);
#53 = CARTESIAN_POINT('',(105.203125,-74.046875,1.51));
#54 = VECTOR('',#55,1.);
#55 = DIRECTION('',(0.974391195695,-0.224859506699,0.));
#56 = ORIENTED_EDGE('',*,*,#57,.F.);
#57 = EDGE_CURVE('',#58,#50,#60,.T.);
#58 = VERTEX_POINT('',#59);
#59 = CARTESIAN_POINT('',(105.8125,-74.1875,0.));
#60 = LINE('',#61,#62);
#61 = CARTESIAN_POINT('',(105.8125,-74.1875,0.));
#62 = VECTOR('',#63,1.);
#63 = DIRECTION('',(0.,0.,1.));
#64 = ORIENTED_EDGE('',*,*,#65,.F.);
#65 = EDGE_CURVE('',#40,#58,#66,.T.);
#66 = LINE('',#67,#68);
#67 = CARTESIAN_POINT('',(105.203125,-74.046875,0.));
#68 = VECTOR('',#69,1.);
#69 = DIRECTION('',(0.974391195695,-0.224859506699,0.));
#70 = PLANE('',#71);
#71 = AXIS2_PLACEMENT_3D('',#72,#73,#74);
#72 = CARTESIAN_POINT('',(105.203125,-74.046875,0.));
#73 = DIRECTION('',(0.224859506699,0.974391195695,-0.));
#74 = DIRECTION('',(0.974391195695,-0.224859506699,0.));
#75 = ADVANCED_FACE('',(#76),#101,.T.);
#76 = FACE_BOUND('',#77,.T.);
#77 = EDGE_LOOP('',(#78,#88,#94,#95));
#78 = ORIENTED_EDGE('',*,*,#79,.T.);
#79 = EDGE_CURVE('',#80,#82,#84,.T.);
#80 = VERTEX_POINT('',#81);
#81 = CARTESIAN_POINT('',(104.5,-74.,0.));
#82 = VERTEX_POINT('',#83);
#83 = CARTESIAN_POINT('',(104.5,-74.,1.51));
#84 = LINE('',#85,#86);
#85 = CARTESIAN_POINT('',(104.5,-74.,0.));
#86 = VECTOR('',#87,1.);
#87 = DIRECTION('',(0.,0.,1.));
#88 = ORIENTED_EDGE('',*,*,#89,.T.);
#89 = EDGE_CURVE('',#82,#42,#90,.T.);
#90 = LINE('',#91,#92);
#91 = CARTESIAN_POINT('',(104.5,-74.,1.51));
#92 = VECTOR('',#93,1.);
#93 = DIRECTION('',(0.997785157857,-6.651901052377E-02,0.));
#94 = ORIENTED_EDGE('',*,*,#39,.F.);
#95 = ORIENTED_EDGE('',*,*,#96,.F.);
#96 = EDGE_CURVE('',#80,#40,#97,.T.);
#97 = LINE('',#98,#99);
#98 = CARTESIAN_POINT('',(104.5,-74.,0.));
#99 = VECTOR('',#100,1.);
#100 = DIRECTION('',(0.997785157857,-6.651901052377E-02,0.));
#101 = PLANE('',#102);
#102 = AXIS2_PLACEMENT_3D('',#103,#104,#105);
#103 = CARTESIAN_POINT('',(104.5,-74.,0.));
#104 = DIRECTION('',(6.651901052377E-02,0.997785157857,-0.));
#105 = DIRECTION('',(0.997785157857,-6.651901052377E-02,0.));
#106 = ADVANCED_FACE('',(#107),#132,.T.);
#107 = FACE_BOUND('',#108,.T.);
#108 = EDGE_LOOP('',(#109,#110,#118,#126));
#109 = ORIENTED_EDGE('',*,*,#57,.T.);
#110 = ORIENTED_EDGE('',*,*,#111,.T.);
#111 = EDGE_CURVE('',#50,#112,#114,.T.);
#112 = VERTEX_POINT('',#113);
#113 = CARTESIAN_POINT('',(106.328125,-74.421875,1.51));
#114 = LINE('',#115,#116);
#115 = CARTESIAN_POINT('',(105.8125,-74.1875,1.51));
#116 = VECTOR('',#117,1.);
#117 = DIRECTION('',(0.910366477463,-0.413802944301,0.));
#118 = ORIENTED_EDGE('',*,*,#119,.F.);
#119 = EDGE_CURVE('',#120,#112,#122,.T.);
#120 = VERTEX_POINT('',#121);
#121 = CARTESIAN_POINT('',(106.328125,-74.421875,0.));
#122 = LINE('',#123,#124);
#123 = CARTESIAN_POINT('',(106.328125,-74.421875,0.));
#124 = VECTOR('',#125,1.);
#125 = DIRECTION('',(0.,0.,1.));
#126 = ORIENTED_EDGE('',*,*,#127,.F.);
#127 = EDGE_CURVE('',#58,#120,#128,.T.);
#128 = LINE('',#129,#130);
#129 = CARTESIAN_POINT('',(105.8125,-74.1875,0.));
#130 = VECTOR('',#131,1.);
#131 = DIRECTION('',(0.910366477463,-0.413802944301,0.));
#132 = PLANE('',#133);
#133 = AXIS2_PLACEMENT_3D('',#134,#135,#136);
#134 = CARTESIAN_POINT('',(105.8125,-74.1875,0.));
#135 = DIRECTION('',(0.413802944301,0.910366477463,-0.));
#136 = DIRECTION('',(0.910366477463,-0.413802944301,0.));
#137 = ADVANCED_FACE('',(#138,#981,#992,#1003,#1014),#1025,.F.);
#138 = FACE_BOUND('',#139,.F.);
#139 = EDGE_LOOP('',(#140,#141,#142,#150,#158,#166,#174,#182,#190,#198,
    #206,#214,#222,#230,#238,#246,#254,#262,#270,#278,#286,#294,#302,
    #310,#318,#326,#334,#342,#350,#358,#366,#374,#382,#390,#398,#406,
    #414,#422,#430,#438,#446,#454,#462,#470,#478,#486,#494,#502,#510,
    #518,#526,#534,#542,#550,#558,#566,#574,#582,#590,#598,#606,#614,
    #622,#630,#638,#646,#654,#662,#670,#678,#686,#694,#702,#710,#718,
    #726,#734,#742,#750,#758,#766,#774,#782,#790,#798,#806,#814,#822,
    #830,#838,#846,#854,#862,#870,#878,#886,#894,#902,#910,#918,#926,
    #934,#942,#950,#958,#966,#974,#980));
#140 = ORIENTED_EDGE('',*,*,#65,.F.);
#141 = ORIENTED_EDGE('',*,*,#96,.F.);
#142 = ORIENTED_EDGE('',*,*,#143,.F.);
#143 = EDGE_CURVE('',#144,#80,#146,.T.);
#144 = VERTEX_POINT('',#145);
#145 = CARTESIAN_POINT('',(95.5,-74.,0.));
#146 = LINE('',#147,#148);
#147 = CARTESIAN_POINT('',(95.5,-74.,0.));
#148 = VECTOR('',#149,1.);
#149 = DIRECTION('',(1.,0.,0.));
#150 = ORIENTED_EDGE('',*,*,#151,.F.);
#151 = EDGE_CURVE('',#152,#144,#154,.T.);
#152 = VERTEX_POINT('',#153);
#153 = CARTESIAN_POINT('',(94.796875,-74.046875,0.));
#154 = LINE('',#155,#156);
#155 = CARTESIAN_POINT('',(94.796875,-74.046875,0.));
#156 = VECTOR('',#157,1.);
#157 = DIRECTION('',(0.997785157857,6.651901052377E-02,0.));
#158 = ORIENTED_EDGE('',*,*,#159,.F.);
#159 = EDGE_CURVE('',#160,#152,#162,.T.);
#160 = VERTEX_POINT('',#161);
#161 = CARTESIAN_POINT('',(94.1875,-74.1875,0.));
#162 = LINE('',#163,#164);
#163 = CARTESIAN_POINT('',(94.1875,-74.1875,0.));
#164 = VECTOR('',#165,1.);
#165 = DIRECTION('',(0.974391195695,0.224859506699,0.));
#166 = ORIENTED_EDGE('',*,*,#167,.F.);
#167 = EDGE_CURVE('',#168,#160,#170,.T.);
#168 = VERTEX_POINT('',#169);
#169 = CARTESIAN_POINT('',(93.671875,-74.421875,0.));
#170 = LINE('',#171,#172);
#171 = CARTESIAN_POINT('',(93.671875,-74.421875,0.));
#172 = VECTOR('',#173,1.);
#173 = DIRECTION('',(0.910366477463,0.413802944301,0.));
#174 = ORIENTED_EDGE('',*,*,#175,.F.);
#175 = EDGE_CURVE('',#176,#168,#178,.T.);
#176 = VERTEX_POINT('',#177);
#177 = CARTESIAN_POINT('',(93.25,-74.75,0.));
#178 = LINE('',#179,#180);
#179 = CARTESIAN_POINT('',(93.25,-74.75,0.));
#180 = VECTOR('',#181,1.);
#181 = DIRECTION('',(0.789352217376,0.613940613515,0.));
#182 = ORIENTED_EDGE('',*,*,#183,.F.);
#183 = EDGE_CURVE('',#184,#176,#186,.T.);
#184 = VERTEX_POINT('',#185);
#185 = CARTESIAN_POINT('',(92.921875,-75.171875,0.));
#186 = LINE('',#187,#188);
#187 = CARTESIAN_POINT('',(92.921875,-75.171875,0.));
#188 = VECTOR('',#189,1.);
#189 = DIRECTION('',(0.613940613515,0.789352217376,0.));
#190 = ORIENTED_EDGE('',*,*,#191,.F.);
#191 = EDGE_CURVE('',#192,#184,#194,.T.);
#192 = VERTEX_POINT('',#193);
#193 = CARTESIAN_POINT('',(92.6875,-75.6875,0.));
#194 = LINE('',#195,#196);
#195 = CARTESIAN_POINT('',(92.6875,-75.6875,0.));
#196 = VECTOR('',#197,1.);
#197 = DIRECTION('',(0.413802944301,0.910366477463,0.));
#198 = ORIENTED_EDGE('',*,*,#199,.F.);
#199 = EDGE_CURVE('',#200,#192,#202,.T.);
#200 = VERTEX_POINT('',#201);
#201 = CARTESIAN_POINT('',(92.546875,-76.296875,0.));
#202 = LINE('',#203,#204);
#203 = CARTESIAN_POINT('',(92.546875,-76.296875,0.));
#204 = VECTOR('',#205,1.);
#205 = DIRECTION('',(0.224859506699,0.974391195695,0.));
#206 = ORIENTED_EDGE('',*,*,#207,.F.);
#207 = EDGE_CURVE('',#208,#200,#210,.T.);
#208 = VERTEX_POINT('',#209);
#209 = CARTESIAN_POINT('',(92.5,-77.,0.));
#210 = LINE('',#211,#212);
#211 = CARTESIAN_POINT('',(92.5,-77.,0.));
#212 = VECTOR('',#213,1.);
#213 = DIRECTION('',(6.651901052377E-02,0.997785157857,0.));
#214 = ORIENTED_EDGE('',*,*,#215,.F.);
#215 = EDGE_CURVE('',#216,#208,#218,.T.);
#216 = VERTEX_POINT('',#217);
#217 = CARTESIAN_POINT('',(92.5,-85.,0.));
#218 = LINE('',#219,#220);
#219 = CARTESIAN_POINT('',(92.5,-85.,0.));
#220 = VECTOR('',#221,1.);
#221 = DIRECTION('',(0.,1.,0.));
#222 = ORIENTED_EDGE('',*,*,#223,.F.);
#223 = EDGE_CURVE('',#224,#216,#226,.T.);
#224 = VERTEX_POINT('',#225);
#225 = CARTESIAN_POINT('',(92.421875,-86.171875,0.));
#226 = LINE('',#227,#228);
#227 = CARTESIAN_POINT('',(92.421875,-86.171875,0.));
#228 = VECTOR('',#229,1.);
#229 = DIRECTION('',(6.651901052377E-02,0.997785157857,0.));
#230 = ORIENTED_EDGE('',*,*,#231,.F.);
#231 = EDGE_CURVE('',#232,#224,#234,.T.);
#232 = VERTEX_POINT('',#233);
#233 = CARTESIAN_POINT('',(92.1875,-87.1875,0.));
#234 = LINE('',#235,#236);
#235 = CARTESIAN_POINT('',(92.1875,-87.1875,0.));
#236 = VECTOR('',#237,1.);
#237 = DIRECTION('',(0.224859506699,0.974391195695,0.));
#238 = ORIENTED_EDGE('',*,*,#239,.F.);
#239 = EDGE_CURVE('',#240,#232,#242,.T.);
#240 = VERTEX_POINT('',#241);
#241 = CARTESIAN_POINT('',(91.796875,-88.046875,0.));
#242 = LINE('',#243,#244);
#243 = CARTESIAN_POINT('',(91.796875,-88.046875,0.));
#244 = VECTOR('',#245,1.);
#245 = DIRECTION('',(0.413802944301,0.910366477463,0.));
#246 = ORIENTED_EDGE('',*,*,#247,.F.);
#247 = EDGE_CURVE('',#248,#240,#250,.T.);
#248 = VERTEX_POINT('',#249);
#249 = CARTESIAN_POINT('',(91.25,-88.75,0.));
#250 = LINE('',#251,#252);
#251 = CARTESIAN_POINT('',(91.25,-88.75,0.));
#252 = VECTOR('',#253,1.);
#253 = DIRECTION('',(0.613940613515,0.789352217376,0.));
#254 = ORIENTED_EDGE('',*,*,#255,.F.);
#255 = EDGE_CURVE('',#256,#248,#258,.T.);
#256 = VERTEX_POINT('',#257);
#257 = CARTESIAN_POINT('',(90.546875,-89.296875,0.));
#258 = LINE('',#259,#260);
#259 = CARTESIAN_POINT('',(90.546875,-89.296875,0.));
#260 = VECTOR('',#261,1.);
#261 = DIRECTION('',(0.789352217376,0.613940613515,0.));
#262 = ORIENTED_EDGE('',*,*,#263,.F.);
#263 = EDGE_CURVE('',#264,#256,#266,.T.);
#264 = VERTEX_POINT('',#265);
#265 = CARTESIAN_POINT('',(89.6875,-89.6875,0.));
#266 = LINE('',#267,#268);
#267 = CARTESIAN_POINT('',(89.6875,-89.6875,0.));
#268 = VECTOR('',#269,1.);
#269 = DIRECTION('',(0.910366477463,0.413802944301,0.));
#270 = ORIENTED_EDGE('',*,*,#271,.F.);
#271 = EDGE_CURVE('',#272,#264,#274,.T.);
#272 = VERTEX_POINT('',#273);
#273 = CARTESIAN_POINT('',(88.671875,-89.921875,0.));
#274 = LINE('',#275,#276);
#275 = CARTESIAN_POINT('',(88.671875,-89.921875,0.));
#276 = VECTOR('',#277,1.);
#277 = DIRECTION('',(0.974391195695,0.224859506699,0.));
#278 = ORIENTED_EDGE('',*,*,#279,.F.);
#279 = EDGE_CURVE('',#280,#272,#282,.T.);
#280 = VERTEX_POINT('',#281);
#281 = CARTESIAN_POINT('',(87.5,-90.,0.));
#282 = LINE('',#283,#284);
#283 = CARTESIAN_POINT('',(87.5,-90.,0.));
#284 = VECTOR('',#285,1.);
#285 = DIRECTION('',(0.997785157857,6.651901052377E-02,0.));
#286 = ORIENTED_EDGE('',*,*,#287,.F.);
#287 = EDGE_CURVE('',#288,#280,#290,.T.);
#288 = VERTEX_POINT('',#289);
#289 = CARTESIAN_POINT('',(80.5,-90.,0.));
#290 = LINE('',#291,#292);
#291 = CARTESIAN_POINT('',(80.5,-90.,0.));
#292 = VECTOR('',#293,1.);
#293 = DIRECTION('',(1.,0.,0.));
#294 = ORIENTED_EDGE('',*,*,#295,.F.);
#295 = EDGE_CURVE('',#296,#288,#298,.T.);
#296 = VERTEX_POINT('',#297);
#297 = CARTESIAN_POINT('',(79.796875,-90.046875,0.));
#298 = LINE('',#299,#300);
#299 = CARTESIAN_POINT('',(79.796875,-90.046875,0.));
#300 = VECTOR('',#301,1.);
#301 = DIRECTION('',(0.997785157857,6.651901052377E-02,0.));
#302 = ORIENTED_EDGE('',*,*,#303,.F.);
#303 = EDGE_CURVE('',#304,#296,#306,.T.);
#304 = VERTEX_POINT('',#305);
#305 = CARTESIAN_POINT('',(79.1875,-90.1875,0.));
#306 = LINE('',#307,#308);
#307 = CARTESIAN_POINT('',(79.1875,-90.1875,0.));
#308 = VECTOR('',#309,1.);
#309 = DIRECTION('',(0.974391195695,0.224859506699,0.));
#310 = ORIENTED_EDGE('',*,*,#311,.F.);
#311 = EDGE_CURVE('',#312,#304,#314,.T.);
#312 = VERTEX_POINT('',#313);
#313 = CARTESIAN_POINT('',(78.671875,-90.421875,0.));
#314 = LINE('',#315,#316);
#315 = CARTESIAN_POINT('',(78.671875,-90.421875,0.));
#316 = VECTOR('',#317,1.);
#317 = DIRECTION('',(0.910366477463,0.413802944301,0.));
#318 = ORIENTED_EDGE('',*,*,#319,.F.);
#319 = EDGE_CURVE('',#320,#312,#322,.T.);
#320 = VERTEX_POINT('',#321);
#321 = CARTESIAN_POINT('',(78.25,-90.75,0.));
#322 = LINE('',#323,#324);
#323 = CARTESIAN_POINT('',(78.25,-90.75,0.));
#324 = VECTOR('',#325,1.);
#325 = DIRECTION('',(0.789352217376,0.613940613515,0.));
#326 = ORIENTED_EDGE('',*,*,#327,.F.);
#327 = EDGE_CURVE('',#328,#320,#330,.T.);
#328 = VERTEX_POINT('',#329);
#329 = CARTESIAN_POINT('',(77.921875,-91.171875,0.));
#330 = LINE('',#331,#332);
#331 = CARTESIAN_POINT('',(77.921875,-91.171875,0.));
#332 = VECTOR('',#333,1.);
#333 = DIRECTION('',(0.613940613515,0.789352217376,0.));
#334 = ORIENTED_EDGE('',*,*,#335,.F.);
#335 = EDGE_CURVE('',#336,#328,#338,.T.);
#336 = VERTEX_POINT('',#337);
#337 = CARTESIAN_POINT('',(77.6875,-91.6875,0.));
#338 = LINE('',#339,#340);
#339 = CARTESIAN_POINT('',(77.6875,-91.6875,0.));
#340 = VECTOR('',#341,1.);
#341 = DIRECTION('',(0.413802944301,0.910366477463,0.));
#342 = ORIENTED_EDGE('',*,*,#343,.F.);
#343 = EDGE_CURVE('',#344,#336,#346,.T.);
#344 = VERTEX_POINT('',#345);
#345 = CARTESIAN_POINT('',(77.546875,-92.296875,0.));
#346 = LINE('',#347,#348);
#347 = CARTESIAN_POINT('',(77.546875,-92.296875,0.));
#348 = VECTOR('',#349,1.);
#349 = DIRECTION('',(0.224859506699,0.974391195695,0.));
#350 = ORIENTED_EDGE('',*,*,#351,.F.);
#351 = EDGE_CURVE('',#352,#344,#354,.T.);
#352 = VERTEX_POINT('',#353);
#353 = CARTESIAN_POINT('',(77.5,-93.,0.));
#354 = LINE('',#355,#356);
#355 = CARTESIAN_POINT('',(77.5,-93.,0.));
#356 = VECTOR('',#357,1.);
#357 = DIRECTION('',(6.651901052377E-02,0.997785157857,0.));
#358 = ORIENTED_EDGE('',*,*,#359,.F.);
#359 = EDGE_CURVE('',#360,#352,#362,.T.);
#360 = VERTEX_POINT('',#361);
#361 = CARTESIAN_POINT('',(77.5,-147.,0.));
#362 = LINE('',#363,#364);
#363 = CARTESIAN_POINT('',(77.5,-147.,0.));
#364 = VECTOR('',#365,1.);
#365 = DIRECTION('',(0.,1.,0.));
#366 = ORIENTED_EDGE('',*,*,#367,.F.);
#367 = EDGE_CURVE('',#368,#360,#370,.T.);
#368 = VERTEX_POINT('',#369);
#369 = CARTESIAN_POINT('',(77.546875,-147.703125,0.));
#370 = LINE('',#371,#372);
#371 = CARTESIAN_POINT('',(77.546875,-147.703125,0.));
#372 = VECTOR('',#373,1.);
#373 = DIRECTION('',(-6.651901052377E-02,0.997785157857,0.));
#374 = ORIENTED_EDGE('',*,*,#375,.F.);
#375 = EDGE_CURVE('',#376,#368,#378,.T.);
#376 = VERTEX_POINT('',#377);
#377 = CARTESIAN_POINT('',(77.6875,-148.3125,0.));
#378 = LINE('',#379,#380);
#379 = CARTESIAN_POINT('',(77.6875,-148.3125,0.));
#380 = VECTOR('',#381,1.);
#381 = DIRECTION('',(-0.224859506699,0.974391195695,0.));
#382 = ORIENTED_EDGE('',*,*,#383,.F.);
#383 = EDGE_CURVE('',#384,#376,#386,.T.);
#384 = VERTEX_POINT('',#385);
#385 = CARTESIAN_POINT('',(77.921875,-148.828125,0.));
#386 = LINE('',#387,#388);
#387 = CARTESIAN_POINT('',(77.921875,-148.828125,0.));
#388 = VECTOR('',#389,1.);
#389 = DIRECTION('',(-0.413802944301,0.910366477463,0.));
#390 = ORIENTED_EDGE('',*,*,#391,.F.);
#391 = EDGE_CURVE('',#392,#384,#394,.T.);
#392 = VERTEX_POINT('',#393);
#393 = CARTESIAN_POINT('',(78.25,-149.25,0.));
#394 = LINE('',#395,#396);
#395 = CARTESIAN_POINT('',(78.25,-149.25,0.));
#396 = VECTOR('',#397,1.);
#397 = DIRECTION('',(-0.613940613515,0.789352217376,0.));
#398 = ORIENTED_EDGE('',*,*,#399,.F.);
#399 = EDGE_CURVE('',#400,#392,#402,.T.);
#400 = VERTEX_POINT('',#401);
#401 = CARTESIAN_POINT('',(78.671875,-149.578125,0.));
#402 = LINE('',#403,#404);
#403 = CARTESIAN_POINT('',(78.671875,-149.578125,0.));
#404 = VECTOR('',#405,1.);
#405 = DIRECTION('',(-0.789352217376,0.613940613515,0.));
#406 = ORIENTED_EDGE('',*,*,#407,.F.);
#407 = EDGE_CURVE('',#408,#400,#410,.T.);
#408 = VERTEX_POINT('',#409);
#409 = CARTESIAN_POINT('',(79.1875,-149.8125,0.));
#410 = LINE('',#411,#412);
#411 = CARTESIAN_POINT('',(79.1875,-149.8125,0.));
#412 = VECTOR('',#413,1.);
#413 = DIRECTION('',(-0.910366477463,0.413802944301,0.));
#414 = ORIENTED_EDGE('',*,*,#415,.F.);
#415 = EDGE_CURVE('',#416,#408,#418,.T.);
#416 = VERTEX_POINT('',#417);
#417 = CARTESIAN_POINT('',(79.796875,-149.953125,0.));
#418 = LINE('',#419,#420);
#419 = CARTESIAN_POINT('',(79.796875,-149.953125,0.));
#420 = VECTOR('',#421,1.);
#421 = DIRECTION('',(-0.974391195695,0.224859506699,0.));
#422 = ORIENTED_EDGE('',*,*,#423,.F.);
#423 = EDGE_CURVE('',#424,#416,#426,.T.);
#424 = VERTEX_POINT('',#425);
#425 = CARTESIAN_POINT('',(80.5,-150.,0.));
#426 = LINE('',#427,#428);
#427 = CARTESIAN_POINT('',(80.5,-150.,0.));
#428 = VECTOR('',#429,1.);
#429 = DIRECTION('',(-0.997785157857,6.651901052377E-02,0.));
#430 = ORIENTED_EDGE('',*,*,#431,.F.);
#431 = EDGE_CURVE('',#432,#424,#434,.T.);
#432 = VERTEX_POINT('',#433);
#433 = CARTESIAN_POINT('',(87.5,-150.,0.));
#434 = LINE('',#435,#436);
#435 = CARTESIAN_POINT('',(87.5,-150.,0.));
#436 = VECTOR('',#437,1.);
#437 = DIRECTION('',(-1.,0.,0.));
#438 = ORIENTED_EDGE('',*,*,#439,.F.);
#439 = EDGE_CURVE('',#440,#432,#442,.T.);
#440 = VERTEX_POINT('',#441);
#441 = CARTESIAN_POINT('',(88.671875,-150.078125,0.));
#442 = LINE('',#443,#444);
#443 = CARTESIAN_POINT('',(88.671875,-150.078125,0.));
#444 = VECTOR('',#445,1.);
#445 = DIRECTION('',(-0.997785157857,6.651901052377E-02,0.));
#446 = ORIENTED_EDGE('',*,*,#447,.F.);
#447 = EDGE_CURVE('',#448,#440,#450,.T.);
#448 = VERTEX_POINT('',#449);
#449 = CARTESIAN_POINT('',(89.6875,-150.3125,0.));
#450 = LINE('',#451,#452);
#451 = CARTESIAN_POINT('',(89.6875,-150.3125,0.));
#452 = VECTOR('',#453,1.);
#453 = DIRECTION('',(-0.974391195695,0.224859506699,0.));
#454 = ORIENTED_EDGE('',*,*,#455,.F.);
#455 = EDGE_CURVE('',#456,#448,#458,.T.);
#456 = VERTEX_POINT('',#457);
#457 = CARTESIAN_POINT('',(90.546875,-150.703125,0.));
#458 = LINE('',#459,#460);
#459 = CARTESIAN_POINT('',(90.546875,-150.703125,0.));
#460 = VECTOR('',#461,1.);
#461 = DIRECTION('',(-0.910366477463,0.413802944301,0.));
#462 = ORIENTED_EDGE('',*,*,#463,.F.);
#463 = EDGE_CURVE('',#464,#456,#466,.T.);
#464 = VERTEX_POINT('',#465);
#465 = CARTESIAN_POINT('',(91.25,-151.25,0.));
#466 = LINE('',#467,#468);
#467 = CARTESIAN_POINT('',(91.25,-151.25,0.));
#468 = VECTOR('',#469,1.);
#469 = DIRECTION('',(-0.789352217376,0.613940613515,0.));
#470 = ORIENTED_EDGE('',*,*,#471,.F.);
#471 = EDGE_CURVE('',#472,#464,#474,.T.);
#472 = VERTEX_POINT('',#473);
#473 = CARTESIAN_POINT('',(91.796875,-151.953125,0.));
#474 = LINE('',#475,#476);
#475 = CARTESIAN_POINT('',(91.796875,-151.953125,0.));
#476 = VECTOR('',#477,1.);
#477 = DIRECTION('',(-0.613940613515,0.789352217376,0.));
#478 = ORIENTED_EDGE('',*,*,#479,.F.);
#479 = EDGE_CURVE('',#480,#472,#482,.T.);
#480 = VERTEX_POINT('',#481);
#481 = CARTESIAN_POINT('',(92.1875,-152.8125,0.));
#482 = LINE('',#483,#484);
#483 = CARTESIAN_POINT('',(92.1875,-152.8125,0.));
#484 = VECTOR('',#485,1.);
#485 = DIRECTION('',(-0.413802944301,0.910366477463,0.));
#486 = ORIENTED_EDGE('',*,*,#487,.F.);
#487 = EDGE_CURVE('',#488,#480,#490,.T.);
#488 = VERTEX_POINT('',#489);
#489 = CARTESIAN_POINT('',(92.421875,-153.828125,0.));
#490 = LINE('',#491,#492);
#491 = CARTESIAN_POINT('',(92.421875,-153.828125,0.));
#492 = VECTOR('',#493,1.);
#493 = DIRECTION('',(-0.224859506699,0.974391195695,0.));
#494 = ORIENTED_EDGE('',*,*,#495,.F.);
#495 = EDGE_CURVE('',#496,#488,#498,.T.);
#496 = VERTEX_POINT('',#497);
#497 = CARTESIAN_POINT('',(92.5,-155.,0.));
#498 = LINE('',#499,#500);
#499 = CARTESIAN_POINT('',(92.5,-155.,0.));
#500 = VECTOR('',#501,1.);
#501 = DIRECTION('',(-6.651901052377E-02,0.997785157857,0.));
#502 = ORIENTED_EDGE('',*,*,#503,.F.);
#503 = EDGE_CURVE('',#504,#496,#506,.T.);
#504 = VERTEX_POINT('',#505);
#505 = CARTESIAN_POINT('',(92.5,-163.,0.));
#506 = LINE('',#507,#508);
#507 = CARTESIAN_POINT('',(92.5,-163.,0.));
#508 = VECTOR('',#509,1.);
#509 = DIRECTION('',(0.,1.,0.));
#510 = ORIENTED_EDGE('',*,*,#511,.F.);
#511 = EDGE_CURVE('',#512,#504,#514,.T.);
#512 = VERTEX_POINT('',#513);
#513 = CARTESIAN_POINT('',(92.546875,-163.703125,0.));
#514 = LINE('',#515,#516);
#515 = CARTESIAN_POINT('',(92.546875,-163.703125,0.));
#516 = VECTOR('',#517,1.);
#517 = DIRECTION('',(-6.651901052377E-02,0.997785157857,0.));
#518 = ORIENTED_EDGE('',*,*,#519,.F.);
#519 = EDGE_CURVE('',#520,#512,#522,.T.);
#520 = VERTEX_POINT('',#521);
#521 = CARTESIAN_POINT('',(92.6875,-164.3125,0.));
#522 = LINE('',#523,#524);
#523 = CARTESIAN_POINT('',(92.6875,-164.3125,0.));
#524 = VECTOR('',#525,1.);
#525 = DIRECTION('',(-0.224859506699,0.974391195695,0.));
#526 = ORIENTED_EDGE('',*,*,#527,.F.);
#527 = EDGE_CURVE('',#528,#520,#530,.T.);
#528 = VERTEX_POINT('',#529);
#529 = CARTESIAN_POINT('',(92.921875,-164.828125,0.));
#530 = LINE('',#531,#532);
#531 = CARTESIAN_POINT('',(92.921875,-164.828125,0.));
#532 = VECTOR('',#533,1.);
#533 = DIRECTION('',(-0.413802944301,0.910366477463,0.));
#534 = ORIENTED_EDGE('',*,*,#535,.F.);
#535 = EDGE_CURVE('',#536,#528,#538,.T.);
#536 = VERTEX_POINT('',#537);
#537 = CARTESIAN_POINT('',(93.25,-165.25,0.));
#538 = LINE('',#539,#540);
#539 = CARTESIAN_POINT('',(93.25,-165.25,0.));
#540 = VECTOR('',#541,1.);
#541 = DIRECTION('',(-0.613940613515,0.789352217376,0.));
#542 = ORIENTED_EDGE('',*,*,#543,.F.);
#543 = EDGE_CURVE('',#544,#536,#546,.T.);
#544 = VERTEX_POINT('',#545);
#545 = CARTESIAN_POINT('',(93.671875,-165.578125,0.));
#546 = LINE('',#547,#548);
#547 = CARTESIAN_POINT('',(93.671875,-165.578125,0.));
#548 = VECTOR('',#549,1.);
#549 = DIRECTION('',(-0.789352217376,0.613940613515,0.));
#550 = ORIENTED_EDGE('',*,*,#551,.F.);
#551 = EDGE_CURVE('',#552,#544,#554,.T.);
#552 = VERTEX_POINT('',#553);
#553 = CARTESIAN_POINT('',(94.1875,-165.8125,0.));
#554 = LINE('',#555,#556);
#555 = CARTESIAN_POINT('',(94.1875,-165.8125,0.));
#556 = VECTOR('',#557,1.);
#557 = DIRECTION('',(-0.910366477463,0.413802944301,0.));
#558 = ORIENTED_EDGE('',*,*,#559,.F.);
#559 = EDGE_CURVE('',#560,#552,#562,.T.);
#560 = VERTEX_POINT('',#561);
#561 = CARTESIAN_POINT('',(94.796875,-165.953125,0.));
#562 = LINE('',#563,#564);
#563 = CARTESIAN_POINT('',(94.796875,-165.953125,0.));
#564 = VECTOR('',#565,1.);
#565 = DIRECTION('',(-0.974391195695,0.224859506699,0.));
#566 = ORIENTED_EDGE('',*,*,#567,.F.);
#567 = EDGE_CURVE('',#568,#560,#570,.T.);
#568 = VERTEX_POINT('',#569);
#569 = CARTESIAN_POINT('',(95.5,-166.,0.));
#570 = LINE('',#571,#572);
#571 = CARTESIAN_POINT('',(95.5,-166.,0.));
#572 = VECTOR('',#573,1.);
#573 = DIRECTION('',(-0.997785157857,6.651901052377E-02,0.));
#574 = ORIENTED_EDGE('',*,*,#575,.F.);
#575 = EDGE_CURVE('',#576,#568,#578,.T.);
#576 = VERTEX_POINT('',#577);
#577 = CARTESIAN_POINT('',(104.5,-166.,0.));
#578 = LINE('',#579,#580);
#579 = CARTESIAN_POINT('',(104.5,-166.,0.));
#580 = VECTOR('',#581,1.);
#581 = DIRECTION('',(-1.,0.,0.));
#582 = ORIENTED_EDGE('',*,*,#583,.F.);
#583 = EDGE_CURVE('',#584,#576,#586,.T.);
#584 = VERTEX_POINT('',#585);
#585 = CARTESIAN_POINT('',(105.203125,-165.953125,0.));
#586 = LINE('',#587,#588);
#587 = CARTESIAN_POINT('',(105.203125,-165.953125,0.));
#588 = VECTOR('',#589,1.);
#589 = DIRECTION('',(-0.997785157857,-6.651901052377E-02,0.));
#590 = ORIENTED_EDGE('',*,*,#591,.F.);
#591 = EDGE_CURVE('',#592,#584,#594,.T.);
#592 = VERTEX_POINT('',#593);
#593 = CARTESIAN_POINT('',(105.8125,-165.8125,0.));
#594 = LINE('',#595,#596);
#595 = CARTESIAN_POINT('',(105.8125,-165.8125,0.));
#596 = VECTOR('',#597,1.);
#597 = DIRECTION('',(-0.974391195695,-0.224859506699,0.));
#598 = ORIENTED_EDGE('',*,*,#599,.F.);
#599 = EDGE_CURVE('',#600,#592,#602,.T.);
#600 = VERTEX_POINT('',#601);
#601 = CARTESIAN_POINT('',(106.328125,-165.578125,0.));
#602 = LINE('',#603,#604);
#603 = CARTESIAN_POINT('',(106.328125,-165.578125,0.));
#604 = VECTOR('',#605,1.);
#605 = DIRECTION('',(-0.910366477463,-0.413802944301,0.));
#606 = ORIENTED_EDGE('',*,*,#607,.F.);
#607 = EDGE_CURVE('',#608,#600,#610,.T.);
#608 = VERTEX_POINT('',#609);
#609 = CARTESIAN_POINT('',(106.75,-165.25,0.));
#610 = LINE('',#611,#612);
#611 = CARTESIAN_POINT('',(106.75,-165.25,0.));
#612 = VECTOR('',#613,1.);
#613 = DIRECTION('',(-0.789352217376,-0.613940613515,0.));
#614 = ORIENTED_EDGE('',*,*,#615,.F.);
#615 = EDGE_CURVE('',#616,#608,#618,.T.);
#616 = VERTEX_POINT('',#617);
#617 = CARTESIAN_POINT('',(107.078125,-164.828125,0.));
#618 = LINE('',#619,#620);
#619 = CARTESIAN_POINT('',(107.078125,-164.828125,0.));
#620 = VECTOR('',#621,1.);
#621 = DIRECTION('',(-0.613940613515,-0.789352217376,0.));
#622 = ORIENTED_EDGE('',*,*,#623,.F.);
#623 = EDGE_CURVE('',#624,#616,#626,.T.);
#624 = VERTEX_POINT('',#625);
#625 = CARTESIAN_POINT('',(107.3125,-164.3125,0.));
#626 = LINE('',#627,#628);
#627 = CARTESIAN_POINT('',(107.3125,-164.3125,0.));
#628 = VECTOR('',#629,1.);
#629 = DIRECTION('',(-0.413802944301,-0.910366477463,0.));
#630 = ORIENTED_EDGE('',*,*,#631,.F.);
#631 = EDGE_CURVE('',#632,#624,#634,.T.);
#632 = VERTEX_POINT('',#633);
#633 = CARTESIAN_POINT('',(107.453125,-163.703125,0.));
#634 = LINE('',#635,#636);
#635 = CARTESIAN_POINT('',(107.453125,-163.703125,0.));
#636 = VECTOR('',#637,1.);
#637 = DIRECTION('',(-0.224859506699,-0.974391195695,0.));
#638 = ORIENTED_EDGE('',*,*,#639,.F.);
#639 = EDGE_CURVE('',#640,#632,#642,.T.);
#640 = VERTEX_POINT('',#641);
#641 = CARTESIAN_POINT('',(107.5,-163.,0.));
#642 = LINE('',#643,#644);
#643 = CARTESIAN_POINT('',(107.5,-163.,0.));
#644 = VECTOR('',#645,1.);
#645 = DIRECTION('',(-6.651901052377E-02,-0.997785157857,0.));
#646 = ORIENTED_EDGE('',*,*,#647,.F.);
#647 = EDGE_CURVE('',#648,#640,#650,.T.);
#648 = VERTEX_POINT('',#649);
#649 = CARTESIAN_POINT('',(107.5,-155.,0.));
#650 = LINE('',#651,#652);
#651 = CARTESIAN_POINT('',(107.5,-155.,0.));
#652 = VECTOR('',#653,1.);
#653 = DIRECTION('',(0.,-1.,0.));
#654 = ORIENTED_EDGE('',*,*,#655,.F.);
#655 = EDGE_CURVE('',#656,#648,#658,.T.);
#656 = VERTEX_POINT('',#657);
#657 = CARTESIAN_POINT('',(107.578125,-153.828125,0.));
#658 = LINE('',#659,#660);
#659 = CARTESIAN_POINT('',(107.578125,-153.828125,0.));
#660 = VECTOR('',#661,1.);
#661 = DIRECTION('',(-6.651901052377E-02,-0.997785157857,0.));
#662 = ORIENTED_EDGE('',*,*,#663,.F.);
#663 = EDGE_CURVE('',#664,#656,#666,.T.);
#664 = VERTEX_POINT('',#665);
#665 = CARTESIAN_POINT('',(107.8125,-152.8125,0.));
#666 = LINE('',#667,#668);
#667 = CARTESIAN_POINT('',(107.8125,-152.8125,0.));
#668 = VECTOR('',#669,1.);
#669 = DIRECTION('',(-0.224859506699,-0.974391195695,0.));
#670 = ORIENTED_EDGE('',*,*,#671,.F.);
#671 = EDGE_CURVE('',#672,#664,#674,.T.);
#672 = VERTEX_POINT('',#673);
#673 = CARTESIAN_POINT('',(108.203125,-151.953125,0.));
#674 = LINE('',#675,#676);
#675 = CARTESIAN_POINT('',(108.203125,-151.953125,0.));
#676 = VECTOR('',#677,1.);
#677 = DIRECTION('',(-0.413802944301,-0.910366477463,0.));
#678 = ORIENTED_EDGE('',*,*,#679,.F.);
#679 = EDGE_CURVE('',#680,#672,#682,.T.);
#680 = VERTEX_POINT('',#681);
#681 = CARTESIAN_POINT('',(108.75,-151.25,0.));
#682 = LINE('',#683,#684);
#683 = CARTESIAN_POINT('',(108.75,-151.25,0.));
#684 = VECTOR('',#685,1.);
#685 = DIRECTION('',(-0.613940613515,-0.789352217376,0.));
#686 = ORIENTED_EDGE('',*,*,#687,.F.);
#687 = EDGE_CURVE('',#688,#680,#690,.T.);
#688 = VERTEX_POINT('',#689);
#689 = CARTESIAN_POINT('',(109.453125,-150.703125,0.));
#690 = LINE('',#691,#692);
#691 = CARTESIAN_POINT('',(109.453125,-150.703125,0.));
#692 = VECTOR('',#693,1.);
#693 = DIRECTION('',(-0.789352217376,-0.613940613515,0.));
#694 = ORIENTED_EDGE('',*,*,#695,.F.);
#695 = EDGE_CURVE('',#696,#688,#698,.T.);
#696 = VERTEX_POINT('',#697);
#697 = CARTESIAN_POINT('',(110.3125,-150.3125,0.));
#698 = LINE('',#699,#700);
#699 = CARTESIAN_POINT('',(110.3125,-150.3125,0.));
#700 = VECTOR('',#701,1.);
#701 = DIRECTION('',(-0.910366477463,-0.413802944301,0.));
#702 = ORIENTED_EDGE('',*,*,#703,.F.);
#703 = EDGE_CURVE('',#704,#696,#706,.T.);
#704 = VERTEX_POINT('',#705);
#705 = CARTESIAN_POINT('',(111.328125,-150.078125,0.));
#706 = LINE('',#707,#708);
#707 = CARTESIAN_POINT('',(111.328125,-150.078125,0.));
#708 = VECTOR('',#709,1.);
#709 = DIRECTION('',(-0.974391195695,-0.224859506699,0.));
#710 = ORIENTED_EDGE('',*,*,#711,.F.);
#711 = EDGE_CURVE('',#712,#704,#714,.T.);
#712 = VERTEX_POINT('',#713);
#713 = CARTESIAN_POINT('',(112.5,-150.,0.));
#714 = LINE('',#715,#716);
#715 = CARTESIAN_POINT('',(112.5,-150.,0.));
#716 = VECTOR('',#717,1.);
#717 = DIRECTION('',(-0.997785157857,-6.651901052377E-02,0.));
#718 = ORIENTED_EDGE('',*,*,#719,.F.);
#719 = EDGE_CURVE('',#720,#712,#722,.T.);
#720 = VERTEX_POINT('',#721);
#721 = CARTESIAN_POINT('',(119.5,-150.,0.));
#722 = LINE('',#723,#724);
#723 = CARTESIAN_POINT('',(119.5,-150.,0.));
#724 = VECTOR('',#725,1.);
#725 = DIRECTION('',(-1.,0.,0.));
#726 = ORIENTED_EDGE('',*,*,#727,.F.);
#727 = EDGE_CURVE('',#728,#720,#730,.T.);
#728 = VERTEX_POINT('',#729);
#729 = CARTESIAN_POINT('',(120.203125,-149.953125,0.));
#730 = LINE('',#731,#732);
#731 = CARTESIAN_POINT('',(120.203125,-149.953125,0.));
#732 = VECTOR('',#733,1.);
#733 = DIRECTION('',(-0.997785157857,-6.651901052377E-02,0.));
#734 = ORIENTED_EDGE('',*,*,#735,.F.);
#735 = EDGE_CURVE('',#736,#728,#738,.T.);
#736 = VERTEX_POINT('',#737);
#737 = CARTESIAN_POINT('',(120.8125,-149.8125,0.));
#738 = LINE('',#739,#740);
#739 = CARTESIAN_POINT('',(120.8125,-149.8125,0.));
#740 = VECTOR('',#741,1.);
#741 = DIRECTION('',(-0.974391195695,-0.224859506699,0.));
#742 = ORIENTED_EDGE('',*,*,#743,.F.);
#743 = EDGE_CURVE('',#744,#736,#746,.T.);
#744 = VERTEX_POINT('',#745);
#745 = CARTESIAN_POINT('',(121.328125,-149.578125,0.));
#746 = LINE('',#747,#748);
#747 = CARTESIAN_POINT('',(121.328125,-149.578125,0.));
#748 = VECTOR('',#749,1.);
#749 = DIRECTION('',(-0.910366477463,-0.413802944301,0.));
#750 = ORIENTED_EDGE('',*,*,#751,.F.);
#751 = EDGE_CURVE('',#752,#744,#754,.T.);
#752 = VERTEX_POINT('',#753);
#753 = CARTESIAN_POINT('',(121.75,-149.25,0.));
#754 = LINE('',#755,#756);
#755 = CARTESIAN_POINT('',(121.75,-149.25,0.));
#756 = VECTOR('',#757,1.);
#757 = DIRECTION('',(-0.789352217376,-0.613940613515,0.));
#758 = ORIENTED_EDGE('',*,*,#759,.F.);
#759 = EDGE_CURVE('',#760,#752,#762,.T.);
#760 = VERTEX_POINT('',#761);
#761 = CARTESIAN_POINT('',(122.078125,-148.828125,0.));
#762 = LINE('',#763,#764);
#763 = CARTESIAN_POINT('',(122.078125,-148.828125,0.));
#764 = VECTOR('',#765,1.);
#765 = DIRECTION('',(-0.613940613515,-0.789352217376,0.));
#766 = ORIENTED_EDGE('',*,*,#767,.F.);
#767 = EDGE_CURVE('',#768,#760,#770,.T.);
#768 = VERTEX_POINT('',#769);
#769 = CARTESIAN_POINT('',(122.3125,-148.3125,0.));
#770 = LINE('',#771,#772);
#771 = CARTESIAN_POINT('',(122.3125,-148.3125,0.));
#772 = VECTOR('',#773,1.);
#773 = DIRECTION('',(-0.413802944301,-0.910366477463,0.));
#774 = ORIENTED_EDGE('',*,*,#775,.F.);
#775 = EDGE_CURVE('',#776,#768,#778,.T.);
#776 = VERTEX_POINT('',#777);
#777 = CARTESIAN_POINT('',(122.453125,-147.703125,0.));
#778 = LINE('',#779,#780);
#779 = CARTESIAN_POINT('',(122.453125,-147.703125,0.));
#780 = VECTOR('',#781,1.);
#781 = DIRECTION('',(-0.224859506699,-0.974391195695,0.));
#782 = ORIENTED_EDGE('',*,*,#783,.F.);
#783 = EDGE_CURVE('',#784,#776,#786,.T.);
#784 = VERTEX_POINT('',#785);
#785 = CARTESIAN_POINT('',(122.5,-147.,0.));
#786 = LINE('',#787,#788);
#787 = CARTESIAN_POINT('',(122.5,-147.,0.));
#788 = VECTOR('',#789,1.);
#789 = DIRECTION('',(-6.651901052377E-02,-0.997785157857,0.));
#790 = ORIENTED_EDGE('',*,*,#791,.F.);
#791 = EDGE_CURVE('',#792,#784,#794,.T.);
#792 = VERTEX_POINT('',#793);
#793 = CARTESIAN_POINT('',(122.5,-93.,0.));
#794 = LINE('',#795,#796);
#795 = CARTESIAN_POINT('',(122.5,-93.,0.));
#796 = VECTOR('',#797,1.);
#797 = DIRECTION('',(0.,-1.,0.));
#798 = ORIENTED_EDGE('',*,*,#799,.F.);
#799 = EDGE_CURVE('',#800,#792,#802,.T.);
#800 = VERTEX_POINT('',#801);
#801 = CARTESIAN_POINT('',(122.453125,-92.296875,0.));
#802 = LINE('',#803,#804);
#803 = CARTESIAN_POINT('',(122.453125,-92.296875,0.));
#804 = VECTOR('',#805,1.);
#805 = DIRECTION('',(6.651901052377E-02,-0.997785157857,0.));
#806 = ORIENTED_EDGE('',*,*,#807,.F.);
#807 = EDGE_CURVE('',#808,#800,#810,.T.);
#808 = VERTEX_POINT('',#809);
#809 = CARTESIAN_POINT('',(122.3125,-91.6875,0.));
#810 = LINE('',#811,#812);
#811 = CARTESIAN_POINT('',(122.3125,-91.6875,0.));
#812 = VECTOR('',#813,1.);
#813 = DIRECTION('',(0.224859506699,-0.974391195695,0.));
#814 = ORIENTED_EDGE('',*,*,#815,.F.);
#815 = EDGE_CURVE('',#816,#808,#818,.T.);
#816 = VERTEX_POINT('',#817);
#817 = CARTESIAN_POINT('',(122.078125,-91.171875,0.));
#818 = LINE('',#819,#820);
#819 = CARTESIAN_POINT('',(122.078125,-91.171875,0.));
#820 = VECTOR('',#821,1.);
#821 = DIRECTION('',(0.413802944301,-0.910366477463,0.));
#822 = ORIENTED_EDGE('',*,*,#823,.F.);
#823 = EDGE_CURVE('',#824,#816,#826,.T.);
#824 = VERTEX_POINT('',#825);
#825 = CARTESIAN_POINT('',(121.75,-90.75,0.));
#826 = LINE('',#827,#828);
#827 = CARTESIAN_POINT('',(121.75,-90.75,0.));
#828 = VECTOR('',#829,1.);
#829 = DIRECTION('',(0.613940613515,-0.789352217376,0.));
#830 = ORIENTED_EDGE('',*,*,#831,.F.);
#831 = EDGE_CURVE('',#832,#824,#834,.T.);
#832 = VERTEX_POINT('',#833);
#833 = CARTESIAN_POINT('',(121.328125,-90.421875,0.));
#834 = LINE('',#835,#836);
#835 = CARTESIAN_POINT('',(121.328125,-90.421875,0.));
#836 = VECTOR('',#837,1.);
#837 = DIRECTION('',(0.789352217376,-0.613940613515,0.));
#838 = ORIENTED_EDGE('',*,*,#839,.F.);
#839 = EDGE_CURVE('',#840,#832,#842,.T.);
#840 = VERTEX_POINT('',#841);
#841 = CARTESIAN_POINT('',(120.8125,-90.1875,0.));
#842 = LINE('',#843,#844);
#843 = CARTESIAN_POINT('',(120.8125,-90.1875,0.));
#844 = VECTOR('',#845,1.);
#845 = DIRECTION('',(0.910366477463,-0.413802944301,0.));
#846 = ORIENTED_EDGE('',*,*,#847,.F.);
#847 = EDGE_CURVE('',#848,#840,#850,.T.);
#848 = VERTEX_POINT('',#849);
#849 = CARTESIAN_POINT('',(120.203125,-90.046875,0.));
#850 = LINE('',#851,#852);
#851 = CARTESIAN_POINT('',(120.203125,-90.046875,0.));
#852 = VECTOR('',#853,1.);
#853 = DIRECTION('',(0.974391195695,-0.224859506699,0.));
#854 = ORIENTED_EDGE('',*,*,#855,.F.);
#855 = EDGE_CURVE('',#856,#848,#858,.T.);
#856 = VERTEX_POINT('',#857);
#857 = CARTESIAN_POINT('',(119.5,-90.,0.));
#858 = LINE('',#859,#860);
#859 = CARTESIAN_POINT('',(119.5,-90.,0.));
#860 = VECTOR('',#861,1.);
#861 = DIRECTION('',(0.997785157857,-6.651901052377E-02,0.));
#862 = ORIENTED_EDGE('',*,*,#863,.F.);
#863 = EDGE_CURVE('',#864,#856,#866,.T.);
#864 = VERTEX_POINT('',#865);
#865 = CARTESIAN_POINT('',(112.5,-90.,0.));
#866 = LINE('',#867,#868);
#867 = CARTESIAN_POINT('',(112.5,-90.,0.));
#868 = VECTOR('',#869,1.);
#869 = DIRECTION('',(1.,0.,0.));
#870 = ORIENTED_EDGE('',*,*,#871,.F.);
#871 = EDGE_CURVE('',#872,#864,#874,.T.);
#872 = VERTEX_POINT('',#873);
#873 = CARTESIAN_POINT('',(111.328125,-89.921875,0.));
#874 = LINE('',#875,#876);
#875 = CARTESIAN_POINT('',(111.328125,-89.921875,0.));
#876 = VECTOR('',#877,1.);
#877 = DIRECTION('',(0.997785157857,-6.651901052377E-02,0.));
#878 = ORIENTED_EDGE('',*,*,#879,.F.);
#879 = EDGE_CURVE('',#880,#872,#882,.T.);
#880 = VERTEX_POINT('',#881);
#881 = CARTESIAN_POINT('',(110.3125,-89.6875,0.));
#882 = LINE('',#883,#884);
#883 = CARTESIAN_POINT('',(110.3125,-89.6875,0.));
#884 = VECTOR('',#885,1.);
#885 = DIRECTION('',(0.974391195695,-0.224859506699,0.));
#886 = ORIENTED_EDGE('',*,*,#887,.F.);
#887 = EDGE_CURVE('',#888,#880,#890,.T.);
#888 = VERTEX_POINT('',#889);
#889 = CARTESIAN_POINT('',(109.453125,-89.296875,0.));
#890 = LINE('',#891,#892);
#891 = CARTESIAN_POINT('',(109.453125,-89.296875,0.));
#892 = VECTOR('',#893,1.);
#893 = DIRECTION('',(0.910366477463,-0.413802944301,0.));
#894 = ORIENTED_EDGE('',*,*,#895,.F.);
#895 = EDGE_CURVE('',#896,#888,#898,.T.);
#896 = VERTEX_POINT('',#897);
#897 = CARTESIAN_POINT('',(108.75,-88.75,0.));
#898 = LINE('',#899,#900);
#899 = CARTESIAN_POINT('',(108.75,-88.75,0.));
#900 = VECTOR('',#901,1.);
#901 = DIRECTION('',(0.789352217376,-0.613940613515,0.));
#902 = ORIENTED_EDGE('',*,*,#903,.F.);
#903 = EDGE_CURVE('',#904,#896,#906,.T.);
#904 = VERTEX_POINT('',#905);
#905 = CARTESIAN_POINT('',(108.203125,-88.046875,0.));
#906 = LINE('',#907,#908);
#907 = CARTESIAN_POINT('',(108.203125,-88.046875,0.));
#908 = VECTOR('',#909,1.);
#909 = DIRECTION('',(0.613940613515,-0.789352217376,0.));
#910 = ORIENTED_EDGE('',*,*,#911,.F.);
#911 = EDGE_CURVE('',#912,#904,#914,.T.);
#912 = VERTEX_POINT('',#913);
#913 = CARTESIAN_POINT('',(107.8125,-87.1875,0.));
#914 = LINE('',#915,#916);
#915 = CARTESIAN_POINT('',(107.8125,-87.1875,0.));
#916 = VECTOR('',#917,1.);
#917 = DIRECTION('',(0.413802944301,-0.910366477463,0.));
#918 = ORIENTED_EDGE('',*,*,#919,.F.);
#919 = EDGE_CURVE('',#920,#912,#922,.T.);
#920 = VERTEX_POINT('',#921);
#921 = CARTESIAN_POINT('',(107.578125,-86.171875,0.));
#922 = LINE('',#923,#924);
#923 = CARTESIAN_POINT('',(107.578125,-86.171875,0.));
#924 = VECTOR('',#925,1.);
#925 = DIRECTION('',(0.224859506699,-0.974391195695,0.));
#926 = ORIENTED_EDGE('',*,*,#927,.F.);
#927 = EDGE_CURVE('',#928,#920,#930,.T.);
#928 = VERTEX_POINT('',#929);
#929 = CARTESIAN_POINT('',(107.5,-85.,0.));
#930 = LINE('',#931,#932);
#931 = CARTESIAN_POINT('',(107.5,-85.,0.));
#932 = VECTOR('',#933,1.);
#933 = DIRECTION('',(6.651901052377E-02,-0.997785157857,0.));
#934 = ORIENTED_EDGE('',*,*,#935,.F.);
#935 = EDGE_CURVE('',#936,#928,#938,.T.);
#936 = VERTEX_POINT('',#937);
#937 = CARTESIAN_POINT('',(107.5,-77.,0.));
#938 = LINE('',#939,#940);
#939 = CARTESIAN_POINT('',(107.5,-77.,0.));
#940 = VECTOR('',#941,1.);
#941 = DIRECTION('',(0.,-1.,0.));
#942 = ORIENTED_EDGE('',*,*,#943,.F.);
#943 = EDGE_CURVE('',#944,#936,#946,.T.);
#944 = VERTEX_POINT('',#945);
#945 = CARTESIAN_POINT('',(107.453125,-76.296875,0.));
#946 = LINE('',#947,#948);
#947 = CARTESIAN_POINT('',(107.453125,-76.296875,0.));
#948 = VECTOR('',#949,1.);
#949 = DIRECTION('',(6.651901052377E-02,-0.997785157857,0.));
#950 = ORIENTED_EDGE('',*,*,#951,.F.);
#951 = EDGE_CURVE('',#952,#944,#954,.T.);
#952 = VERTEX_POINT('',#953);
#953 = CARTESIAN_POINT('',(107.3125,-75.6875,0.));
#954 = LINE('',#955,#956);
#955 = CARTESIAN_POINT('',(107.3125,-75.6875,0.));
#956 = VECTOR('',#957,1.);
#957 = DIRECTION('',(0.224859506699,-0.974391195695,0.));
#958 = ORIENTED_EDGE('',*,*,#959,.F.);
#959 = EDGE_CURVE('',#960,#952,#962,.T.);
#960 = VERTEX_POINT('',#961);
#961 = CARTESIAN_POINT('',(107.078125,-75.171875,0.));
#962 = LINE('',#963,#964);
#963 = CARTESIAN_POINT('',(107.078125,-75.171875,0.));
#964 = VECTOR('',#965,1.);
#965 = DIRECTION('',(0.413802944301,-0.910366477463,0.));
#966 = ORIENTED_EDGE('',*,*,#967,.F.);
#967 = EDGE_CURVE('',#968,#960,#970,.T.);
#968 = VERTEX_POINT('',#969);
#969 = CARTESIAN_POINT('',(106.75,-74.75,0.));
#970 = LINE('',#971,#972);
#971 = CARTESIAN_POINT('',(106.75,-74.75,0.));
#972 = VECTOR('',#973,1.);
#973 = DIRECTION('',(0.613940613515,-0.789352217376,0.));
#974 = ORIENTED_EDGE('',*,*,#975,.F.);
#975 = EDGE_CURVE('',#120,#968,#976,.T.);
#976 = LINE('',#977,#978);
#977 = CARTESIAN_POINT('',(106.328125,-74.421875,0.));
#978 = VECTOR('',#979,1.);
#979 = DIRECTION('',(0.789352217376,-0.613940613515,0.));
#980 = ORIENTED_EDGE('',*,*,#127,.F.);
#981 = FACE_BOUND('',#982,.F.);
#982 = EDGE_LOOP('',(#983));
#983 = ORIENTED_EDGE('',*,*,#984,.T.);
#984 = EDGE_CURVE('',#985,#985,#987,.T.);
#985 = VERTEX_POINT('',#986);
#986 = CARTESIAN_POINT('',(81.5,-147.65,0.));
#987 = CIRCLE('',#988,1.65);
#988 = AXIS2_PLACEMENT_3D('',#989,#990,#991);
#989 = CARTESIAN_POINT('',(81.5,-146.,0.));
#990 = DIRECTION('',(-0.,0.,-1.));
#991 = DIRECTION('',(-0.,-1.,0.));
#992 = FACE_BOUND('',#993,.F.);
#993 = EDGE_LOOP('',(#994));
#994 = ORIENTED_EDGE('',*,*,#995,.T.);
#995 = EDGE_CURVE('',#996,#996,#998,.T.);
#996 = VERTEX_POINT('',#997);
#997 = CARTESIAN_POINT('',(118.5,-147.65,0.));
#998 = CIRCLE('',#999,1.65);
#999 = AXIS2_PLACEMENT_3D('',#1000,#1001,#1002);
#1000 = CARTESIAN_POINT('',(118.5,-146.,0.));
#1001 = DIRECTION('',(-0.,0.,-1.));
#1002 = DIRECTION('',(-0.,-1.,0.));
#1003 = FACE_BOUND('',#1004,.F.);
#1004 = EDGE_LOOP('',(#1005));
#1005 = ORIENTED_EDGE('',*,*,#1006,.T.);
#1006 = EDGE_CURVE('',#1007,#1007,#1009,.T.);
#1007 = VERTEX_POINT('',#1008);
#1008 = CARTESIAN_POINT('',(81.5,-95.65,0.));
#1009 = CIRCLE('',#1010,1.65);
#1010 = AXIS2_PLACEMENT_3D('',#1011,#1012,#1013);
#1011 = CARTESIAN_POINT('',(81.5,-94.,0.));
#1012 = DIRECTION('',(-0.,0.,-1.));
#1013 = DIRECTION('',(-0.,-1.,0.));
#1014 = FACE_BOUND('',#1015,.F.);
#1015 = EDGE_LOOP('',(#1016));
#1016 = ORIENTED_EDGE('',*,*,#1017,.T.);
#1017 = EDGE_CURVE('',#1018,#1018,#1020,.T.);
#1018 = VERTEX_POINT('',#1019);
#1019 = CARTESIAN_POINT('',(118.5,-95.65,0.));
#1020 = CIRCLE('',#1021,1.65);
#1021 = AXIS2_PLACEMENT_3D('',#1022,#1023,#1024);
#1022 = CARTESIAN_POINT('',(118.5,-94.,0.));
#1023 = DIRECTION('',(-0.,0.,-1.));
#1024 = DIRECTION('',(-0.,-1.,0.));
#1025 = PLANE('',#1026);
#1026 = AXIS2_PLACEMENT_3D('',#1027,#1028,#1029);
#1027 = CARTESIAN_POINT('',(0.,0.,0.));
#1028 = DIRECTION('',(0.,0.,1.));
#1029 = DIRECTION('',(1.,0.,-0.));
#1030 = ADVANCED_FACE('',(#1031,#1874,#1885,#1896,#1907),#1918,.T.);
#1031 = FACE_BOUND('',#1032,.T.);
#1032 = EDGE_LOOP('',(#1033,#1034,#1035,#1043,#1051,#1059,#1067,#1075,
    #1083,#1091,#1099,#1107,#1115,#1123,#1131,#1139,#1147,#1155,#1163,
    #1171,#1179,#1187,#1195,#1203,#1211,#1219,#1227,#1235,#1243,#1251,
    #1259,#1267,#1275,#1283,#1291,#1299,#1307,#1315,#1323,#1331,#1339,
    #1347,#1355,#1363,#1371,#1379,#1387,#1395,#1403,#1411,#1419,#1427,
    #1435,#1443,#1451,#1459,#1467,#1475,#1483,#1491,#1499,#1507,#1515,
    #1523,#1531,#1539,#1547,#1555,#1563,#1571,#1579,#1587,#1595,#1603,
    #1611,#1619,#1627,#1635,#1643,#1651,#1659,#1667,#1675,#1683,#1691,
    #1699,#1707,#1715,#1723,#1731,#1739,#1747,#1755,#1763,#1771,#1779,
    #1787,#1795,#1803,#1811,#1819,#1827,#1835,#1843,#1851,#1859,#1867,
    #1873));
#1033 = ORIENTED_EDGE('',*,*,#49,.F.);
#1034 = ORIENTED_EDGE('',*,*,#89,.F.);
#1035 = ORIENTED_EDGE('',*,*,#1036,.F.);
#1036 = EDGE_CURVE('',#1037,#82,#1039,.T.);
#1037 = VERTEX_POINT('',#1038);
#1038 = CARTESIAN_POINT('',(95.5,-74.,1.51));
#1039 = LINE('',#1040,#1041);
#1040 = CARTESIAN_POINT('',(95.5,-74.,1.51));
#1041 = VECTOR('',#1042,1.);
#1042 = DIRECTION('',(1.,0.,0.));
#1043 = ORIENTED_EDGE('',*,*,#1044,.F.);
#1044 = EDGE_CURVE('',#1045,#1037,#1047,.T.);
#1045 = VERTEX_POINT('',#1046);
#1046 = CARTESIAN_POINT('',(94.796875,-74.046875,1.51));
#1047 = LINE('',#1048,#1049);
#1048 = CARTESIAN_POINT('',(94.796875,-74.046875,1.51));
#1049 = VECTOR('',#1050,1.);
#1050 = DIRECTION('',(0.997785157857,6.651901052377E-02,0.));
#1051 = ORIENTED_EDGE('',*,*,#1052,.F.);
#1052 = EDGE_CURVE('',#1053,#1045,#1055,.T.);
#1053 = VERTEX_POINT('',#1054);
#1054 = CARTESIAN_POINT('',(94.1875,-74.1875,1.51));
#1055 = LINE('',#1056,#1057);
#1056 = CARTESIAN_POINT('',(94.1875,-74.1875,1.51));
#1057 = VECTOR('',#1058,1.);
#1058 = DIRECTION('',(0.974391195695,0.224859506699,0.));
#1059 = ORIENTED_EDGE('',*,*,#1060,.F.);
#1060 = EDGE_CURVE('',#1061,#1053,#1063,.T.);
#1061 = VERTEX_POINT('',#1062);
#1062 = CARTESIAN_POINT('',(93.671875,-74.421875,1.51));
#1063 = LINE('',#1064,#1065);
#1064 = CARTESIAN_POINT('',(93.671875,-74.421875,1.51));
#1065 = VECTOR('',#1066,1.);
#1066 = DIRECTION('',(0.910366477463,0.413802944301,0.));
#1067 = ORIENTED_EDGE('',*,*,#1068,.F.);
#1068 = EDGE_CURVE('',#1069,#1061,#1071,.T.);
#1069 = VERTEX_POINT('',#1070);
#1070 = CARTESIAN_POINT('',(93.25,-74.75,1.51));
#1071 = LINE('',#1072,#1073);
#1072 = CARTESIAN_POINT('',(93.25,-74.75,1.51));
#1073 = VECTOR('',#1074,1.);
#1074 = DIRECTION('',(0.789352217376,0.613940613515,0.));
#1075 = ORIENTED_EDGE('',*,*,#1076,.F.);
#1076 = EDGE_CURVE('',#1077,#1069,#1079,.T.);
#1077 = VERTEX_POINT('',#1078);
#1078 = CARTESIAN_POINT('',(92.921875,-75.171875,1.51));
#1079 = LINE('',#1080,#1081);
#1080 = CARTESIAN_POINT('',(92.921875,-75.171875,1.51));
#1081 = VECTOR('',#1082,1.);
#1082 = DIRECTION('',(0.613940613515,0.789352217376,0.));
#1083 = ORIENTED_EDGE('',*,*,#1084,.F.);
#1084 = EDGE_CURVE('',#1085,#1077,#1087,.T.);
#1085 = VERTEX_POINT('',#1086);
#1086 = CARTESIAN_POINT('',(92.6875,-75.6875,1.51));
#1087 = LINE('',#1088,#1089);
#1088 = CARTESIAN_POINT('',(92.6875,-75.6875,1.51));
#1089 = VECTOR('',#1090,1.);
#1090 = DIRECTION('',(0.413802944301,0.910366477463,0.));
#1091 = ORIENTED_EDGE('',*,*,#1092,.F.);
#1092 = EDGE_CURVE('',#1093,#1085,#1095,.T.);
#1093 = VERTEX_POINT('',#1094);
#1094 = CARTESIAN_POINT('',(92.546875,-76.296875,1.51));
#1095 = LINE('',#1096,#1097);
#1096 = CARTESIAN_POINT('',(92.546875,-76.296875,1.51));
#1097 = VECTOR('',#1098,1.);
#1098 = DIRECTION('',(0.224859506699,0.974391195695,0.));
#1099 = ORIENTED_EDGE('',*,*,#1100,.F.);
#1100 = EDGE_CURVE('',#1101,#1093,#1103,.T.);
#1101 = VERTEX_POINT('',#1102);
#1102 = CARTESIAN_POINT('',(92.5,-77.,1.51));
#1103 = LINE('',#1104,#1105);
#1104 = CARTESIAN_POINT('',(92.5,-77.,1.51));
#1105 = VECTOR('',#1106,1.);
#1106 = DIRECTION('',(6.651901052377E-02,0.997785157857,0.));
#1107 = ORIENTED_EDGE('',*,*,#1108,.F.);
#1108 = EDGE_CURVE('',#1109,#1101,#1111,.T.);
#1109 = VERTEX_POINT('',#1110);
#1110 = CARTESIAN_POINT('',(92.5,-85.,1.51));
#1111 = LINE('',#1112,#1113);
#1112 = CARTESIAN_POINT('',(92.5,-85.,1.51));
#1113 = VECTOR('',#1114,1.);
#1114 = DIRECTION('',(0.,1.,0.));
#1115 = ORIENTED_EDGE('',*,*,#1116,.F.);
#1116 = EDGE_CURVE('',#1117,#1109,#1119,.T.);
#1117 = VERTEX_POINT('',#1118);
#1118 = CARTESIAN_POINT('',(92.421875,-86.171875,1.51));
#1119 = LINE('',#1120,#1121);
#1120 = CARTESIAN_POINT('',(92.421875,-86.171875,1.51));
#1121 = VECTOR('',#1122,1.);
#1122 = DIRECTION('',(6.651901052377E-02,0.997785157857,0.));
#1123 = ORIENTED_EDGE('',*,*,#1124,.F.);
#1124 = EDGE_CURVE('',#1125,#1117,#1127,.T.);
#1125 = VERTEX_POINT('',#1126);
#1126 = CARTESIAN_POINT('',(92.1875,-87.1875,1.51));
#1127 = LINE('',#1128,#1129);
#1128 = CARTESIAN_POINT('',(92.1875,-87.1875,1.51));
#1129 = VECTOR('',#1130,1.);
#1130 = DIRECTION('',(0.224859506699,0.974391195695,0.));
#1131 = ORIENTED_EDGE('',*,*,#1132,.F.);
#1132 = EDGE_CURVE('',#1133,#1125,#1135,.T.);
#1133 = VERTEX_POINT('',#1134);
#1134 = CARTESIAN_POINT('',(91.796875,-88.046875,1.51));
#1135 = LINE('',#1136,#1137);
#1136 = CARTESIAN_POINT('',(91.796875,-88.046875,1.51));
#1137 = VECTOR('',#1138,1.);
#1138 = DIRECTION('',(0.413802944301,0.910366477463,0.));
#1139 = ORIENTED_EDGE('',*,*,#1140,.F.);
#1140 = EDGE_CURVE('',#1141,#1133,#1143,.T.);
#1141 = VERTEX_POINT('',#1142);
#1142 = CARTESIAN_POINT('',(91.25,-88.75,1.51));
#1143 = LINE('',#1144,#1145);
#1144 = CARTESIAN_POINT('',(91.25,-88.75,1.51));
#1145 = VECTOR('',#1146,1.);
#1146 = DIRECTION('',(0.613940613515,0.789352217376,0.));
#1147 = ORIENTED_EDGE('',*,*,#1148,.F.);
#1148 = EDGE_CURVE('',#1149,#1141,#1151,.T.);
#1149 = VERTEX_POINT('',#1150);
#1150 = CARTESIAN_POINT('',(90.546875,-89.296875,1.51));
#1151 = LINE('',#1152,#1153);
#1152 = CARTESIAN_POINT('',(90.546875,-89.296875,1.51));
#1153 = VECTOR('',#1154,1.);
#1154 = DIRECTION('',(0.789352217376,0.613940613515,0.));
#1155 = ORIENTED_EDGE('',*,*,#1156,.F.);
#1156 = EDGE_CURVE('',#1157,#1149,#1159,.T.);
#1157 = VERTEX_POINT('',#1158);
#1158 = CARTESIAN_POINT('',(89.6875,-89.6875,1.51));
#1159 = LINE('',#1160,#1161);
#1160 = CARTESIAN_POINT('',(89.6875,-89.6875,1.51));
#1161 = VECTOR('',#1162,1.);
#1162 = DIRECTION('',(0.910366477463,0.413802944301,0.));
#1163 = ORIENTED_EDGE('',*,*,#1164,.F.);
#1164 = EDGE_CURVE('',#1165,#1157,#1167,.T.);
#1165 = VERTEX_POINT('',#1166);
#1166 = CARTESIAN_POINT('',(88.671875,-89.921875,1.51));
#1167 = LINE('',#1168,#1169);
#1168 = CARTESIAN_POINT('',(88.671875,-89.921875,1.51));
#1169 = VECTOR('',#1170,1.);
#1170 = DIRECTION('',(0.974391195695,0.224859506699,0.));
#1171 = ORIENTED_EDGE('',*,*,#1172,.F.);
#1172 = EDGE_CURVE('',#1173,#1165,#1175,.T.);
#1173 = VERTEX_POINT('',#1174);
#1174 = CARTESIAN_POINT('',(87.5,-90.,1.51));
#1175 = LINE('',#1176,#1177);
#1176 = CARTESIAN_POINT('',(87.5,-90.,1.51));
#1177 = VECTOR('',#1178,1.);
#1178 = DIRECTION('',(0.997785157857,6.651901052377E-02,0.));
#1179 = ORIENTED_EDGE('',*,*,#1180,.F.);
#1180 = EDGE_CURVE('',#1181,#1173,#1183,.T.);
#1181 = VERTEX_POINT('',#1182);
#1182 = CARTESIAN_POINT('',(80.5,-90.,1.51));
#1183 = LINE('',#1184,#1185);
#1184 = CARTESIAN_POINT('',(80.5,-90.,1.51));
#1185 = VECTOR('',#1186,1.);
#1186 = DIRECTION('',(1.,0.,0.));
#1187 = ORIENTED_EDGE('',*,*,#1188,.F.);
#1188 = EDGE_CURVE('',#1189,#1181,#1191,.T.);
#1189 = VERTEX_POINT('',#1190);
#1190 = CARTESIAN_POINT('',(79.796875,-90.046875,1.51));
#1191 = LINE('',#1192,#1193);
#1192 = CARTESIAN_POINT('',(79.796875,-90.046875,1.51));
#1193 = VECTOR('',#1194,1.);
#1194 = DIRECTION('',(0.997785157857,6.651901052377E-02,0.));
#1195 = ORIENTED_EDGE('',*,*,#1196,.F.);
#1196 = EDGE_CURVE('',#1197,#1189,#1199,.T.);
#1197 = VERTEX_POINT('',#1198);
#1198 = CARTESIAN_POINT('',(79.1875,-90.1875,1.51));
#1199 = LINE('',#1200,#1201);
#1200 = CARTESIAN_POINT('',(79.1875,-90.1875,1.51));
#1201 = VECTOR('',#1202,1.);
#1202 = DIRECTION('',(0.974391195695,0.224859506699,0.));
#1203 = ORIENTED_EDGE('',*,*,#1204,.F.);
#1204 = EDGE_CURVE('',#1205,#1197,#1207,.T.);
#1205 = VERTEX_POINT('',#1206);
#1206 = CARTESIAN_POINT('',(78.671875,-90.421875,1.51));
#1207 = LINE('',#1208,#1209);
#1208 = CARTESIAN_POINT('',(78.671875,-90.421875,1.51));
#1209 = VECTOR('',#1210,1.);
#1210 = DIRECTION('',(0.910366477463,0.413802944301,0.));
#1211 = ORIENTED_EDGE('',*,*,#1212,.F.);
#1212 = EDGE_CURVE('',#1213,#1205,#1215,.T.);
#1213 = VERTEX_POINT('',#1214);
#1214 = CARTESIAN_POINT('',(78.25,-90.75,1.51));
#1215 = LINE('',#1216,#1217);
#1216 = CARTESIAN_POINT('',(78.25,-90.75,1.51));
#1217 = VECTOR('',#1218,1.);
#1218 = DIRECTION('',(0.789352217376,0.613940613515,0.));
#1219 = ORIENTED_EDGE('',*,*,#1220,.F.);
#1220 = EDGE_CURVE('',#1221,#1213,#1223,.T.);
#1221 = VERTEX_POINT('',#1222);
#1222 = CARTESIAN_POINT('',(77.921875,-91.171875,1.51));
#1223 = LINE('',#1224,#1225);
#1224 = CARTESIAN_POINT('',(77.921875,-91.171875,1.51));
#1225 = VECTOR('',#1226,1.);
#1226 = DIRECTION('',(0.613940613515,0.789352217376,0.));
#1227 = ORIENTED_EDGE('',*,*,#1228,.F.);
#1228 = EDGE_CURVE('',#1229,#1221,#1231,.T.);
#1229 = VERTEX_POINT('',#1230);
#1230 = CARTESIAN_POINT('',(77.6875,-91.6875,1.51));
#1231 = LINE('',#1232,#1233);
#1232 = CARTESIAN_POINT('',(77.6875,-91.6875,1.51));
#1233 = VECTOR('',#1234,1.);
#1234 = DIRECTION('',(0.413802944301,0.910366477463,0.));
#1235 = ORIENTED_EDGE('',*,*,#1236,.F.);
#1236 = EDGE_CURVE('',#1237,#1229,#1239,.T.);
#1237 = VERTEX_POINT('',#1238);
#1238 = CARTESIAN_POINT('',(77.546875,-92.296875,1.51));
#1239 = LINE('',#1240,#1241);
#1240 = CARTESIAN_POINT('',(77.546875,-92.296875,1.51));
#1241 = VECTOR('',#1242,1.);
#1242 = DIRECTION('',(0.224859506699,0.974391195695,0.));
#1243 = ORIENTED_EDGE('',*,*,#1244,.F.);
#1244 = EDGE_CURVE('',#1245,#1237,#1247,.T.);
#1245 = VERTEX_POINT('',#1246);
#1246 = CARTESIAN_POINT('',(77.5,-93.,1.51));
#1247 = LINE('',#1248,#1249);
#1248 = CARTESIAN_POINT('',(77.5,-93.,1.51));
#1249 = VECTOR('',#1250,1.);
#1250 = DIRECTION('',(6.651901052377E-02,0.997785157857,0.));
#1251 = ORIENTED_EDGE('',*,*,#1252,.F.);
#1252 = EDGE_CURVE('',#1253,#1245,#1255,.T.);
#1253 = VERTEX_POINT('',#1254);
#1254 = CARTESIAN_POINT('',(77.5,-147.,1.51));
#1255 = LINE('',#1256,#1257);
#1256 = CARTESIAN_POINT('',(77.5,-147.,1.51));
#1257 = VECTOR('',#1258,1.);
#1258 = DIRECTION('',(0.,1.,0.));
#1259 = ORIENTED_EDGE('',*,*,#1260,.F.);
#1260 = EDGE_CURVE('',#1261,#1253,#1263,.T.);
#1261 = VERTEX_POINT('',#1262);
#1262 = CARTESIAN_POINT('',(77.546875,-147.703125,1.51));
#1263 = LINE('',#1264,#1265);
#1264 = CARTESIAN_POINT('',(77.546875,-147.703125,1.51));
#1265 = VECTOR('',#1266,1.);
#1266 = DIRECTION('',(-6.651901052377E-02,0.997785157857,0.));
#1267 = ORIENTED_EDGE('',*,*,#1268,.F.);
#1268 = EDGE_CURVE('',#1269,#1261,#1271,.T.);
#1269 = VERTEX_POINT('',#1270);
#1270 = CARTESIAN_POINT('',(77.6875,-148.3125,1.51));
#1271 = LINE('',#1272,#1273);
#1272 = CARTESIAN_POINT('',(77.6875,-148.3125,1.51));
#1273 = VECTOR('',#1274,1.);
#1274 = DIRECTION('',(-0.224859506699,0.974391195695,0.));
#1275 = ORIENTED_EDGE('',*,*,#1276,.F.);
#1276 = EDGE_CURVE('',#1277,#1269,#1279,.T.);
#1277 = VERTEX_POINT('',#1278);
#1278 = CARTESIAN_POINT('',(77.921875,-148.828125,1.51));
#1279 = LINE('',#1280,#1281);
#1280 = CARTESIAN_POINT('',(77.921875,-148.828125,1.51));
#1281 = VECTOR('',#1282,1.);
#1282 = DIRECTION('',(-0.413802944301,0.910366477463,0.));
#1283 = ORIENTED_EDGE('',*,*,#1284,.F.);
#1284 = EDGE_CURVE('',#1285,#1277,#1287,.T.);
#1285 = VERTEX_POINT('',#1286);
#1286 = CARTESIAN_POINT('',(78.25,-149.25,1.51));
#1287 = LINE('',#1288,#1289);
#1288 = CARTESIAN_POINT('',(78.25,-149.25,1.51));
#1289 = VECTOR('',#1290,1.);
#1290 = DIRECTION('',(-0.613940613515,0.789352217376,0.));
#1291 = ORIENTED_EDGE('',*,*,#1292,.F.);
#1292 = EDGE_CURVE('',#1293,#1285,#1295,.T.);
#1293 = VERTEX_POINT('',#1294);
#1294 = CARTESIAN_POINT('',(78.671875,-149.578125,1.51));
#1295 = LINE('',#1296,#1297);
#1296 = CARTESIAN_POINT('',(78.671875,-149.578125,1.51));
#1297 = VECTOR('',#1298,1.);
#1298 = DIRECTION('',(-0.789352217376,0.613940613515,0.));
#1299 = ORIENTED_EDGE('',*,*,#1300,.F.);
#1300 = EDGE_CURVE('',#1301,#1293,#1303,.T.);
#1301 = VERTEX_POINT('',#1302);
#1302 = CARTESIAN_POINT('',(79.1875,-149.8125,1.51));
#1303 = LINE('',#1304,#1305);
#1304 = CARTESIAN_POINT('',(79.1875,-149.8125,1.51));
#1305 = VECTOR('',#1306,1.);
#1306 = DIRECTION('',(-0.910366477463,0.413802944301,0.));
#1307 = ORIENTED_EDGE('',*,*,#1308,.F.);
#1308 = EDGE_CURVE('',#1309,#1301,#1311,.T.);
#1309 = VERTEX_POINT('',#1310);
#1310 = CARTESIAN_POINT('',(79.796875,-149.953125,1.51));
#1311 = LINE('',#1312,#1313);
#1312 = CARTESIAN_POINT('',(79.796875,-149.953125,1.51));
#1313 = VECTOR('',#1314,1.);
#1314 = DIRECTION('',(-0.974391195695,0.224859506699,0.));
#1315 = ORIENTED_EDGE('',*,*,#1316,.F.);
#1316 = EDGE_CURVE('',#1317,#1309,#1319,.T.);
#1317 = VERTEX_POINT('',#1318);
#1318 = CARTESIAN_POINT('',(80.5,-150.,1.51));
#1319 = LINE('',#1320,#1321);
#1320 = CARTESIAN_POINT('',(80.5,-150.,1.51));
#1321 = VECTOR('',#1322,1.);
#1322 = DIRECTION('',(-0.997785157857,6.651901052377E-02,0.));
#1323 = ORIENTED_EDGE('',*,*,#1324,.F.);
#1324 = EDGE_CURVE('',#1325,#1317,#1327,.T.);
#1325 = VERTEX_POINT('',#1326);
#1326 = CARTESIAN_POINT('',(87.5,-150.,1.51));
#1327 = LINE('',#1328,#1329);
#1328 = CARTESIAN_POINT('',(87.5,-150.,1.51));
#1329 = VECTOR('',#1330,1.);
#1330 = DIRECTION('',(-1.,0.,0.));
#1331 = ORIENTED_EDGE('',*,*,#1332,.F.);
#1332 = EDGE_CURVE('',#1333,#1325,#1335,.T.);
#1333 = VERTEX_POINT('',#1334);
#1334 = CARTESIAN_POINT('',(88.671875,-150.078125,1.51));
#1335 = LINE('',#1336,#1337);
#1336 = CARTESIAN_POINT('',(88.671875,-150.078125,1.51));
#1337 = VECTOR('',#1338,1.);
#1338 = DIRECTION('',(-0.997785157857,6.651901052377E-02,0.));
#1339 = ORIENTED_EDGE('',*,*,#1340,.F.);
#1340 = EDGE_CURVE('',#1341,#1333,#1343,.T.);
#1341 = VERTEX_POINT('',#1342);
#1342 = CARTESIAN_POINT('',(89.6875,-150.3125,1.51));
#1343 = LINE('',#1344,#1345);
#1344 = CARTESIAN_POINT('',(89.6875,-150.3125,1.51));
#1345 = VECTOR('',#1346,1.);
#1346 = DIRECTION('',(-0.974391195695,0.224859506699,0.));
#1347 = ORIENTED_EDGE('',*,*,#1348,.F.);
#1348 = EDGE_CURVE('',#1349,#1341,#1351,.T.);
#1349 = VERTEX_POINT('',#1350);
#1350 = CARTESIAN_POINT('',(90.546875,-150.703125,1.51));
#1351 = LINE('',#1352,#1353);
#1352 = CARTESIAN_POINT('',(90.546875,-150.703125,1.51));
#1353 = VECTOR('',#1354,1.);
#1354 = DIRECTION('',(-0.910366477463,0.413802944301,0.));
#1355 = ORIENTED_EDGE('',*,*,#1356,.F.);
#1356 = EDGE_CURVE('',#1357,#1349,#1359,.T.);
#1357 = VERTEX_POINT('',#1358);
#1358 = CARTESIAN_POINT('',(91.25,-151.25,1.51));
#1359 = LINE('',#1360,#1361);
#1360 = CARTESIAN_POINT('',(91.25,-151.25,1.51));
#1361 = VECTOR('',#1362,1.);
#1362 = DIRECTION('',(-0.789352217376,0.613940613515,0.));
#1363 = ORIENTED_EDGE('',*,*,#1364,.F.);
#1364 = EDGE_CURVE('',#1365,#1357,#1367,.T.);
#1365 = VERTEX_POINT('',#1366);
#1366 = CARTESIAN_POINT('',(91.796875,-151.953125,1.51));
#1367 = LINE('',#1368,#1369);
#1368 = CARTESIAN_POINT('',(91.796875,-151.953125,1.51));
#1369 = VECTOR('',#1370,1.);
#1370 = DIRECTION('',(-0.613940613515,0.789352217376,0.));
#1371 = ORIENTED_EDGE('',*,*,#1372,.F.);
#1372 = EDGE_CURVE('',#1373,#1365,#1375,.T.);
#1373 = VERTEX_POINT('',#1374);
#1374 = CARTESIAN_POINT('',(92.1875,-152.8125,1.51));
#1375 = LINE('',#1376,#1377);
#1376 = CARTESIAN_POINT('',(92.1875,-152.8125,1.51));
#1377 = VECTOR('',#1378,1.);
#1378 = DIRECTION('',(-0.413802944301,0.910366477463,0.));
#1379 = ORIENTED_EDGE('',*,*,#1380,.F.);
#1380 = EDGE_CURVE('',#1381,#1373,#1383,.T.);
#1381 = VERTEX_POINT('',#1382);
#1382 = CARTESIAN_POINT('',(92.421875,-153.828125,1.51));
#1383 = LINE('',#1384,#1385);
#1384 = CARTESIAN_POINT('',(92.421875,-153.828125,1.51));
#1385 = VECTOR('',#1386,1.);
#1386 = DIRECTION('',(-0.224859506699,0.974391195695,0.));
#1387 = ORIENTED_EDGE('',*,*,#1388,.F.);
#1388 = EDGE_CURVE('',#1389,#1381,#1391,.T.);
#1389 = VERTEX_POINT('',#1390);
#1390 = CARTESIAN_POINT('',(92.5,-155.,1.51));
#1391 = LINE('',#1392,#1393);
#1392 = CARTESIAN_POINT('',(92.5,-155.,1.51));
#1393 = VECTOR('',#1394,1.);
#1394 = DIRECTION('',(-6.651901052377E-02,0.997785157857,0.));
#1395 = ORIENTED_EDGE('',*,*,#1396,.F.);
#1396 = EDGE_CURVE('',#1397,#1389,#1399,.T.);
#1397 = VERTEX_POINT('',#1398);
#1398 = CARTESIAN_POINT('',(92.5,-163.,1.51));
#1399 = LINE('',#1400,#1401);
#1400 = CARTESIAN_POINT('',(92.5,-163.,1.51));
#1401 = VECTOR('',#1402,1.);
#1402 = DIRECTION('',(0.,1.,0.));
#1403 = ORIENTED_EDGE('',*,*,#1404,.F.);
#1404 = EDGE_CURVE('',#1405,#1397,#1407,.T.);
#1405 = VERTEX_POINT('',#1406);
#1406 = CARTESIAN_POINT('',(92.546875,-163.703125,1.51));
#1407 = LINE('',#1408,#1409);
#1408 = CARTESIAN_POINT('',(92.546875,-163.703125,1.51));
#1409 = VECTOR('',#1410,1.);
#1410 = DIRECTION('',(-6.651901052377E-02,0.997785157857,0.));
#1411 = ORIENTED_EDGE('',*,*,#1412,.F.);
#1412 = EDGE_CURVE('',#1413,#1405,#1415,.T.);
#1413 = VERTEX_POINT('',#1414);
#1414 = CARTESIAN_POINT('',(92.6875,-164.3125,1.51));
#1415 = LINE('',#1416,#1417);
#1416 = CARTESIAN_POINT('',(92.6875,-164.3125,1.51));
#1417 = VECTOR('',#1418,1.);
#1418 = DIRECTION('',(-0.224859506699,0.974391195695,0.));
#1419 = ORIENTED_EDGE('',*,*,#1420,.F.);
#1420 = EDGE_CURVE('',#1421,#1413,#1423,.T.);
#1421 = VERTEX_POINT('',#1422);
#1422 = CARTESIAN_POINT('',(92.921875,-164.828125,1.51));
#1423 = LINE('',#1424,#1425);
#1424 = CARTESIAN_POINT('',(92.921875,-164.828125,1.51));
#1425 = VECTOR('',#1426,1.);
#1426 = DIRECTION('',(-0.413802944301,0.910366477463,0.));
#1427 = ORIENTED_EDGE('',*,*,#1428,.F.);
#1428 = EDGE_CURVE('',#1429,#1421,#1431,.T.);
#1429 = VERTEX_POINT('',#1430);
#1430 = CARTESIAN_POINT('',(93.25,-165.25,1.51));
#1431 = LINE('',#1432,#1433);
#1432 = CARTESIAN_POINT('',(93.25,-165.25,1.51));
#1433 = VECTOR('',#1434,1.);
#1434 = DIRECTION('',(-0.613940613515,0.789352217376,0.));
#1435 = ORIENTED_EDGE('',*,*,#1436,.F.);
#1436 = EDGE_CURVE('',#1437,#1429,#1439,.T.);
#1437 = VERTEX_POINT('',#1438);
#1438 = CARTESIAN_POINT('',(93.671875,-165.578125,1.51));
#1439 = LINE('',#1440,#1441);
#1440 = CARTESIAN_POINT('',(93.671875,-165.578125,1.51));
#1441 = VECTOR('',#1442,1.);
#1442 = DIRECTION('',(-0.789352217376,0.613940613515,0.));
#1443 = ORIENTED_EDGE('',*,*,#1444,.F.);
#1444 = EDGE_CURVE('',#1445,#1437,#1447,.T.);
#1445 = VERTEX_POINT('',#1446);
#1446 = CARTESIAN_POINT('',(94.1875,-165.8125,1.51));
#1447 = LINE('',#1448,#1449);
#1448 = CARTESIAN_POINT('',(94.1875,-165.8125,1.51));
#1449 = VECTOR('',#1450,1.);
#1450 = DIRECTION('',(-0.910366477463,0.413802944301,0.));
#1451 = ORIENTED_EDGE('',*,*,#1452,.F.);
#1452 = EDGE_CURVE('',#1453,#1445,#1455,.T.);
#1453 = VERTEX_POINT('',#1454);
#1454 = CARTESIAN_POINT('',(94.796875,-165.953125,1.51));
#1455 = LINE('',#1456,#1457);
#1456 = CARTESIAN_POINT('',(94.796875,-165.953125,1.51));
#1457 = VECTOR('',#1458,1.);
#1458 = DIRECTION('',(-0.974391195695,0.224859506699,0.));
#1459 = ORIENTED_EDGE('',*,*,#1460,.F.);
#1460 = EDGE_CURVE('',#1461,#1453,#1463,.T.);
#1461 = VERTEX_POINT('',#1462);
#1462 = CARTESIAN_POINT('',(95.5,-166.,1.51));
#1463 = LINE('',#1464,#1465);
#1464 = CARTESIAN_POINT('',(95.5,-166.,1.51));
#1465 = VECTOR('',#1466,1.);
#1466 = DIRECTION('',(-0.997785157857,6.651901052377E-02,0.));
#1467 = ORIENTED_EDGE('',*,*,#1468,.F.);
#1468 = EDGE_CURVE('',#1469,#1461,#1471,.T.);
#1469 = VERTEX_POINT('',#1470);
#1470 = CARTESIAN_POINT('',(104.5,-166.,1.51));
#1471 = LINE('',#1472,#1473);
#1472 = CARTESIAN_POINT('',(104.5,-166.,1.51));
#1473 = VECTOR('',#1474,1.);
#1474 = DIRECTION('',(-1.,0.,0.));
#1475 = ORIENTED_EDGE('',*,*,#1476,.F.);
#1476 = EDGE_CURVE('',#1477,#1469,#1479,.T.);
#1477 = VERTEX_POINT('',#1478);
#1478 = CARTESIAN_POINT('',(105.203125,-165.953125,1.51));
#1479 = LINE('',#1480,#1481);
#1480 = CARTESIAN_POINT('',(105.203125,-165.953125,1.51));
#1481 = VECTOR('',#1482,1.);
#1482 = DIRECTION('',(-0.997785157857,-6.651901052377E-02,0.));
#1483 = ORIENTED_EDGE('',*,*,#1484,.F.);
#1484 = EDGE_CURVE('',#1485,#1477,#1487,.T.);
#1485 = VERTEX_POINT('',#1486);
#1486 = CARTESIAN_POINT('',(105.8125,-165.8125,1.51));
#1487 = LINE('',#1488,#1489);
#1488 = CARTESIAN_POINT('',(105.8125,-165.8125,1.51));
#1489 = VECTOR('',#1490,1.);
#1490 = DIRECTION('',(-0.974391195695,-0.224859506699,0.));
#1491 = ORIENTED_EDGE('',*,*,#1492,.F.);
#1492 = EDGE_CURVE('',#1493,#1485,#1495,.T.);
#1493 = VERTEX_POINT('',#1494);
#1494 = CARTESIAN_POINT('',(106.328125,-165.578125,1.51));
#1495 = LINE('',#1496,#1497);
#1496 = CARTESIAN_POINT('',(106.328125,-165.578125,1.51));
#1497 = VECTOR('',#1498,1.);
#1498 = DIRECTION('',(-0.910366477463,-0.413802944301,0.));
#1499 = ORIENTED_EDGE('',*,*,#1500,.F.);
#1500 = EDGE_CURVE('',#1501,#1493,#1503,.T.);
#1501 = VERTEX_POINT('',#1502);
#1502 = CARTESIAN_POINT('',(106.75,-165.25,1.51));
#1503 = LINE('',#1504,#1505);
#1504 = CARTESIAN_POINT('',(106.75,-165.25,1.51));
#1505 = VECTOR('',#1506,1.);
#1506 = DIRECTION('',(-0.789352217376,-0.613940613515,0.));
#1507 = ORIENTED_EDGE('',*,*,#1508,.F.);
#1508 = EDGE_CURVE('',#1509,#1501,#1511,.T.);
#1509 = VERTEX_POINT('',#1510);
#1510 = CARTESIAN_POINT('',(107.078125,-164.828125,1.51));
#1511 = LINE('',#1512,#1513);
#1512 = CARTESIAN_POINT('',(107.078125,-164.828125,1.51));
#1513 = VECTOR('',#1514,1.);
#1514 = DIRECTION('',(-0.613940613515,-0.789352217376,0.));
#1515 = ORIENTED_EDGE('',*,*,#1516,.F.);
#1516 = EDGE_CURVE('',#1517,#1509,#1519,.T.);
#1517 = VERTEX_POINT('',#1518);
#1518 = CARTESIAN_POINT('',(107.3125,-164.3125,1.51));
#1519 = LINE('',#1520,#1521);
#1520 = CARTESIAN_POINT('',(107.3125,-164.3125,1.51));
#1521 = VECTOR('',#1522,1.);
#1522 = DIRECTION('',(-0.413802944301,-0.910366477463,0.));
#1523 = ORIENTED_EDGE('',*,*,#1524,.F.);
#1524 = EDGE_CURVE('',#1525,#1517,#1527,.T.);
#1525 = VERTEX_POINT('',#1526);
#1526 = CARTESIAN_POINT('',(107.453125,-163.703125,1.51));
#1527 = LINE('',#1528,#1529);
#1528 = CARTESIAN_POINT('',(107.453125,-163.703125,1.51));
#1529 = VECTOR('',#1530,1.);
#1530 = DIRECTION('',(-0.224859506699,-0.974391195695,0.));
#1531 = ORIENTED_EDGE('',*,*,#1532,.F.);
#1532 = EDGE_CURVE('',#1533,#1525,#1535,.T.);
#1533 = VERTEX_POINT('',#1534);
#1534 = CARTESIAN_POINT('',(107.5,-163.,1.51));
#1535 = LINE('',#1536,#1537);
#1536 = CARTESIAN_POINT('',(107.5,-163.,1.51));
#1537 = VECTOR('',#1538,1.);
#1538 = DIRECTION('',(-6.651901052377E-02,-0.997785157857,0.));
#1539 = ORIENTED_EDGE('',*,*,#1540,.F.);
#1540 = EDGE_CURVE('',#1541,#1533,#1543,.T.);
#1541 = VERTEX_POINT('',#1542);
#1542 = CARTESIAN_POINT('',(107.5,-155.,1.51));
#1543 = LINE('',#1544,#1545);
#1544 = CARTESIAN_POINT('',(107.5,-155.,1.51));
#1545 = VECTOR('',#1546,1.);
#1546 = DIRECTION('',(0.,-1.,0.));
#1547 = ORIENTED_EDGE('',*,*,#1548,.F.);
#1548 = EDGE_CURVE('',#1549,#1541,#1551,.T.);
#1549 = VERTEX_POINT('',#1550);
#1550 = CARTESIAN_POINT('',(107.578125,-153.828125,1.51));
#1551 = LINE('',#1552,#1553);
#1552 = CARTESIAN_POINT('',(107.578125,-153.828125,1.51));
#1553 = VECTOR('',#1554,1.);
#1554 = DIRECTION('',(-6.651901052377E-02,-0.997785157857,0.));
#1555 = ORIENTED_EDGE('',*,*,#1556,.F.);
#1556 = EDGE_CURVE('',#1557,#1549,#1559,.T.);
#1557 = VERTEX_POINT('',#1558);
#1558 = CARTESIAN_POINT('',(107.8125,-152.8125,1.51));
#1559 = LINE('',#1560,#1561);
#1560 = CARTESIAN_POINT('',(107.8125,-152.8125,1.51));
#1561 = VECTOR('',#1562,1.);
#1562 = DIRECTION('',(-0.224859506699,-0.974391195695,0.));
#1563 = ORIENTED_EDGE('',*,*,#1564,.F.);
#1564 = EDGE_CURVE('',#1565,#1557,#1567,.T.);
#1565 = VERTEX_POINT('',#1566);
#1566 = CARTESIAN_POINT('',(108.203125,-151.953125,1.51));
#1567 = LINE('',#1568,#1569);
#1568 = CARTESIAN_POINT('',(108.203125,-151.953125,1.51));
#1569 = VECTOR('',#1570,1.);
#1570 = DIRECTION('',(-0.413802944301,-0.910366477463,0.));
#1571 = ORIENTED_EDGE('',*,*,#1572,.F.);
#1572 = EDGE_CURVE('',#1573,#1565,#1575,.T.);
#1573 = VERTEX_POINT('',#1574);
#1574 = CARTESIAN_POINT('',(108.75,-151.25,1.51));
#1575 = LINE('',#1576,#1577);
#1576 = CARTESIAN_POINT('',(108.75,-151.25,1.51));
#1577 = VECTOR('',#1578,1.);
#1578 = DIRECTION('',(-0.613940613515,-0.789352217376,0.));
#1579 = ORIENTED_EDGE('',*,*,#1580,.F.);
#1580 = EDGE_CURVE('',#1581,#1573,#1583,.T.);
#1581 = VERTEX_POINT('',#1582);
#1582 = CARTESIAN_POINT('',(109.453125,-150.703125,1.51));
#1583 = LINE('',#1584,#1585);
#1584 = CARTESIAN_POINT('',(109.453125,-150.703125,1.51));
#1585 = VECTOR('',#1586,1.);
#1586 = DIRECTION('',(-0.789352217376,-0.613940613515,0.));
#1587 = ORIENTED_EDGE('',*,*,#1588,.F.);
#1588 = EDGE_CURVE('',#1589,#1581,#1591,.T.);
#1589 = VERTEX_POINT('',#1590);
#1590 = CARTESIAN_POINT('',(110.3125,-150.3125,1.51));
#1591 = LINE('',#1592,#1593);
#1592 = CARTESIAN_POINT('',(110.3125,-150.3125,1.51));
#1593 = VECTOR('',#1594,1.);
#1594 = DIRECTION('',(-0.910366477463,-0.413802944301,0.));
#1595 = ORIENTED_EDGE('',*,*,#1596,.F.);
#1596 = EDGE_CURVE('',#1597,#1589,#1599,.T.);
#1597 = VERTEX_POINT('',#1598);
#1598 = CARTESIAN_POINT('',(111.328125,-150.078125,1.51));
#1599 = LINE('',#1600,#1601);
#1600 = CARTESIAN_POINT('',(111.328125,-150.078125,1.51));
#1601 = VECTOR('',#1602,1.);
#1602 = DIRECTION('',(-0.974391195695,-0.224859506699,0.));
#1603 = ORIENTED_EDGE('',*,*,#1604,.F.);
#1604 = EDGE_CURVE('',#1605,#1597,#1607,.T.);
#1605 = VERTEX_POINT('',#1606);
#1606 = CARTESIAN_POINT('',(112.5,-150.,1.51));
#1607 = LINE('',#1608,#1609);
#1608 = CARTESIAN_POINT('',(112.5,-150.,1.51));
#1609 = VECTOR('',#1610,1.);
#1610 = DIRECTION('',(-0.997785157857,-6.651901052377E-02,0.));
#1611 = ORIENTED_EDGE('',*,*,#1612,.F.);
#1612 = EDGE_CURVE('',#1613,#1605,#1615,.T.);
#1613 = VERTEX_POINT('',#1614);
#1614 = CARTESIAN_POINT('',(119.5,-150.,1.51));
#1615 = LINE('',#1616,#1617);
#1616 = CARTESIAN_POINT('',(119.5,-150.,1.51));
#1617 = VECTOR('',#1618,1.);
#1618 = DIRECTION('',(-1.,0.,0.));
#1619 = ORIENTED_EDGE('',*,*,#1620,.F.);
#1620 = EDGE_CURVE('',#1621,#1613,#1623,.T.);
#1621 = VERTEX_POINT('',#1622);
#1622 = CARTESIAN_POINT('',(120.203125,-149.953125,1.51));
#1623 = LINE('',#1624,#1625);
#1624 = CARTESIAN_POINT('',(120.203125,-149.953125,1.51));
#1625 = VECTOR('',#1626,1.);
#1626 = DIRECTION('',(-0.997785157857,-6.651901052377E-02,0.));
#1627 = ORIENTED_EDGE('',*,*,#1628,.F.);
#1628 = EDGE_CURVE('',#1629,#1621,#1631,.T.);
#1629 = VERTEX_POINT('',#1630);
#1630 = CARTESIAN_POINT('',(120.8125,-149.8125,1.51));
#1631 = LINE('',#1632,#1633);
#1632 = CARTESIAN_POINT('',(120.8125,-149.8125,1.51));
#1633 = VECTOR('',#1634,1.);
#1634 = DIRECTION('',(-0.974391195695,-0.224859506699,0.));
#1635 = ORIENTED_EDGE('',*,*,#1636,.F.);
#1636 = EDGE_CURVE('',#1637,#1629,#1639,.T.);
#1637 = VERTEX_POINT('',#1638);
#1638 = CARTESIAN_POINT('',(121.328125,-149.578125,1.51));
#1639 = LINE('',#1640,#1641);
#1640 = CARTESIAN_POINT('',(121.328125,-149.578125,1.51));
#1641 = VECTOR('',#1642,1.);
#1642 = DIRECTION('',(-0.910366477463,-0.413802944301,0.));
#1643 = ORIENTED_EDGE('',*,*,#1644,.F.);
#1644 = EDGE_CURVE('',#1645,#1637,#1647,.T.);
#1645 = VERTEX_POINT('',#1646);
#1646 = CARTESIAN_POINT('',(121.75,-149.25,1.51));
#1647 = LINE('',#1648,#1649);
#1648 = CARTESIAN_POINT('',(121.75,-149.25,1.51));
#1649 = VECTOR('',#1650,1.);
#1650 = DIRECTION('',(-0.789352217376,-0.613940613515,0.));
#1651 = ORIENTED_EDGE('',*,*,#1652,.F.);
#1652 = EDGE_CURVE('',#1653,#1645,#1655,.T.);
#1653 = VERTEX_POINT('',#1654);
#1654 = CARTESIAN_POINT('',(122.078125,-148.828125,1.51));
#1655 = LINE('',#1656,#1657);
#1656 = CARTESIAN_POINT('',(122.078125,-148.828125,1.51));
#1657 = VECTOR('',#1658,1.);
#1658 = DIRECTION('',(-0.613940613515,-0.789352217376,0.));
#1659 = ORIENTED_EDGE('',*,*,#1660,.F.);
#1660 = EDGE_CURVE('',#1661,#1653,#1663,.T.);
#1661 = VERTEX_POINT('',#1662);
#1662 = CARTESIAN_POINT('',(122.3125,-148.3125,1.51));
#1663 = LINE('',#1664,#1665);
#1664 = CARTESIAN_POINT('',(122.3125,-148.3125,1.51));
#1665 = VECTOR('',#1666,1.);
#1666 = DIRECTION('',(-0.413802944301,-0.910366477463,0.));
#1667 = ORIENTED_EDGE('',*,*,#1668,.F.);
#1668 = EDGE_CURVE('',#1669,#1661,#1671,.T.);
#1669 = VERTEX_POINT('',#1670);
#1670 = CARTESIAN_POINT('',(122.453125,-147.703125,1.51));
#1671 = LINE('',#1672,#1673);
#1672 = CARTESIAN_POINT('',(122.453125,-147.703125,1.51));
#1673 = VECTOR('',#1674,1.);
#1674 = DIRECTION('',(-0.224859506699,-0.974391195695,0.));
#1675 = ORIENTED_EDGE('',*,*,#1676,.F.);
#1676 = EDGE_CURVE('',#1677,#1669,#1679,.T.);
#1677 = VERTEX_POINT('',#1678);
#1678 = CARTESIAN_POINT('',(122.5,-147.,1.51));
#1679 = LINE('',#1680,#1681);
#1680 = CARTESIAN_POINT('',(122.5,-147.,1.51));
#1681 = VECTOR('',#1682,1.);
#1682 = DIRECTION('',(-6.651901052377E-02,-0.997785157857,0.));
#1683 = ORIENTED_EDGE('',*,*,#1684,.F.);
#1684 = EDGE_CURVE('',#1685,#1677,#1687,.T.);
#1685 = VERTEX_POINT('',#1686);
#1686 = CARTESIAN_POINT('',(122.5,-93.,1.51));
#1687 = LINE('',#1688,#1689);
#1688 = CARTESIAN_POINT('',(122.5,-93.,1.51));
#1689 = VECTOR('',#1690,1.);
#1690 = DIRECTION('',(0.,-1.,0.));
#1691 = ORIENTED_EDGE('',*,*,#1692,.F.);
#1692 = EDGE_CURVE('',#1693,#1685,#1695,.T.);
#1693 = VERTEX_POINT('',#1694);
#1694 = CARTESIAN_POINT('',(122.453125,-92.296875,1.51));
#1695 = LINE('',#1696,#1697);
#1696 = CARTESIAN_POINT('',(122.453125,-92.296875,1.51));
#1697 = VECTOR('',#1698,1.);
#1698 = DIRECTION('',(6.651901052377E-02,-0.997785157857,0.));
#1699 = ORIENTED_EDGE('',*,*,#1700,.F.);
#1700 = EDGE_CURVE('',#1701,#1693,#1703,.T.);
#1701 = VERTEX_POINT('',#1702);
#1702 = CARTESIAN_POINT('',(122.3125,-91.6875,1.51));
#1703 = LINE('',#1704,#1705);
#1704 = CARTESIAN_POINT('',(122.3125,-91.6875,1.51));
#1705 = VECTOR('',#1706,1.);
#1706 = DIRECTION('',(0.224859506699,-0.974391195695,0.));
#1707 = ORIENTED_EDGE('',*,*,#1708,.F.);
#1708 = EDGE_CURVE('',#1709,#1701,#1711,.T.);
#1709 = VERTEX_POINT('',#1710);
#1710 = CARTESIAN_POINT('',(122.078125,-91.171875,1.51));
#1711 = LINE('',#1712,#1713);
#1712 = CARTESIAN_POINT('',(122.078125,-91.171875,1.51));
#1713 = VECTOR('',#1714,1.);
#1714 = DIRECTION('',(0.413802944301,-0.910366477463,0.));
#1715 = ORIENTED_EDGE('',*,*,#1716,.F.);
#1716 = EDGE_CURVE('',#1717,#1709,#1719,.T.);
#1717 = VERTEX_POINT('',#1718);
#1718 = CARTESIAN_POINT('',(121.75,-90.75,1.51));
#1719 = LINE('',#1720,#1721);
#1720 = CARTESIAN_POINT('',(121.75,-90.75,1.51));
#1721 = VECTOR('',#1722,1.);
#1722 = DIRECTION('',(0.613940613515,-0.789352217376,0.));
#1723 = ORIENTED_EDGE('',*,*,#1724,.F.);
#1724 = EDGE_CURVE('',#1725,#1717,#1727,.T.);
#1725 = VERTEX_POINT('',#1726);
#1726 = CARTESIAN_POINT('',(121.328125,-90.421875,1.51));
#1727 = LINE('',#1728,#1729);
#1728 = CARTESIAN_POINT('',(121.328125,-90.421875,1.51));
#1729 = VECTOR('',#1730,1.);
#1730 = DIRECTION('',(0.789352217376,-0.613940613515,0.));
#1731 = ORIENTED_EDGE('',*,*,#1732,.F.);
#1732 = EDGE_CURVE('',#1733,#1725,#1735,.T.);
#1733 = VERTEX_POINT('',#1734);
#1734 = CARTESIAN_POINT('',(120.8125,-90.1875,1.51));
#1735 = LINE('',#1736,#1737);
#1736 = CARTESIAN_POINT('',(120.8125,-90.1875,1.51));
#1737 = VECTOR('',#1738,1.);
#1738 = DIRECTION('',(0.910366477463,-0.413802944301,0.));
#1739 = ORIENTED_EDGE('',*,*,#1740,.F.);
#1740 = EDGE_CURVE('',#1741,#1733,#1743,.T.);
#1741 = VERTEX_POINT('',#1742);
#1742 = CARTESIAN_POINT('',(120.203125,-90.046875,1.51));
#1743 = LINE('',#1744,#1745);
#1744 = CARTESIAN_POINT('',(120.203125,-90.046875,1.51));
#1745 = VECTOR('',#1746,1.);
#1746 = DIRECTION('',(0.974391195695,-0.224859506699,0.));
#1747 = ORIENTED_EDGE('',*,*,#1748,.F.);
#1748 = EDGE_CURVE('',#1749,#1741,#1751,.T.);
#1749 = VERTEX_POINT('',#1750);
#1750 = CARTESIAN_POINT('',(119.5,-90.,1.51));
#1751 = LINE('',#1752,#1753);
#1752 = CARTESIAN_POINT('',(119.5,-90.,1.51));
#1753 = VECTOR('',#1754,1.);
#1754 = DIRECTION('',(0.997785157857,-6.651901052377E-02,0.));
#1755 = ORIENTED_EDGE('',*,*,#1756,.F.);
#1756 = EDGE_CURVE('',#1757,#1749,#1759,.T.);
#1757 = VERTEX_POINT('',#1758);
#1758 = CARTESIAN_POINT('',(112.5,-90.,1.51));
#1759 = LINE('',#1760,#1761);
#1760 = CARTESIAN_POINT('',(112.5,-90.,1.51));
#1761 = VECTOR('',#1762,1.);
#1762 = DIRECTION('',(1.,0.,0.));
#1763 = ORIENTED_EDGE('',*,*,#1764,.F.);
#1764 = EDGE_CURVE('',#1765,#1757,#1767,.T.);
#1765 = VERTEX_POINT('',#1766);
#1766 = CARTESIAN_POINT('',(111.328125,-89.921875,1.51));
#1767 = LINE('',#1768,#1769);
#1768 = CARTESIAN_POINT('',(111.328125,-89.921875,1.51));
#1769 = VECTOR('',#1770,1.);
#1770 = DIRECTION('',(0.997785157857,-6.651901052377E-02,0.));
#1771 = ORIENTED_EDGE('',*,*,#1772,.F.);
#1772 = EDGE_CURVE('',#1773,#1765,#1775,.T.);
#1773 = VERTEX_POINT('',#1774);
#1774 = CARTESIAN_POINT('',(110.3125,-89.6875,1.51));
#1775 = LINE('',#1776,#1777);
#1776 = CARTESIAN_POINT('',(110.3125,-89.6875,1.51));
#1777 = VECTOR('',#1778,1.);
#1778 = DIRECTION('',(0.974391195695,-0.224859506699,0.));
#1779 = ORIENTED_EDGE('',*,*,#1780,.F.);
#1780 = EDGE_CURVE('',#1781,#1773,#1783,.T.);
#1781 = VERTEX_POINT('',#1782);
#1782 = CARTESIAN_POINT('',(109.453125,-89.296875,1.51));
#1783 = LINE('',#1784,#1785);
#1784 = CARTESIAN_POINT('',(109.453125,-89.296875,1.51));
#1785 = VECTOR('',#1786,1.);
#1786 = DIRECTION('',(0.910366477463,-0.413802944301,0.));
#1787 = ORIENTED_EDGE('',*,*,#1788,.F.);
#1788 = EDGE_CURVE('',#1789,#1781,#1791,.T.);
#1789 = VERTEX_POINT('',#1790);
#1790 = CARTESIAN_POINT('',(108.75,-88.75,1.51));
#1791 = LINE('',#1792,#1793);
#1792 = CARTESIAN_POINT('',(108.75,-88.75,1.51));
#1793 = VECTOR('',#1794,1.);
#1794 = DIRECTION('',(0.789352217376,-0.613940613515,0.));
#1795 = ORIENTED_EDGE('',*,*,#1796,.F.);
#1796 = EDGE_CURVE('',#1797,#1789,#1799,.T.);
#1797 = VERTEX_POINT('',#1798);
#1798 = CARTESIAN_POINT('',(108.203125,-88.046875,1.51));
#1799 = LINE('',#1800,#1801);
#1800 = CARTESIAN_POINT('',(108.203125,-88.046875,1.51));
#1801 = VECTOR('',#1802,1.);
#1802 = DIRECTION('',(0.613940613515,-0.789352217376,0.));
#1803 = ORIENTED_EDGE('',*,*,#1804,.F.);
#1804 = EDGE_CURVE('',#1805,#1797,#1807,.T.);
#1805 = VERTEX_POINT('',#1806);
#1806 = CARTESIAN_POINT('',(107.8125,-87.1875,1.51));
#1807 = LINE('',#1808,#1809);
#1808 = CARTESIAN_POINT('',(107.8125,-87.1875,1.51));
#1809 = VECTOR('',#1810,1.);
#1810 = DIRECTION('',(0.413802944301,-0.910366477463,0.));
#1811 = ORIENTED_EDGE('',*,*,#1812,.F.);
#1812 = EDGE_CURVE('',#1813,#1805,#1815,.T.);
#1813 = VERTEX_POINT('',#1814);
#1814 = CARTESIAN_POINT('',(107.578125,-86.171875,1.51));
#1815 = LINE('',#1816,#1817);
#1816 = CARTESIAN_POINT('',(107.578125,-86.171875,1.51));
#1817 = VECTOR('',#1818,1.);
#1818 = DIRECTION('',(0.224859506699,-0.974391195695,0.));
#1819 = ORIENTED_EDGE('',*,*,#1820,.F.);
#1820 = EDGE_CURVE('',#1821,#1813,#1823,.T.);
#1821 = VERTEX_POINT('',#1822);
#1822 = CARTESIAN_POINT('',(107.5,-85.,1.51));
#1823 = LINE('',#1824,#1825);
#1824 = CARTESIAN_POINT('',(107.5,-85.,1.51));
#1825 = VECTOR('',#1826,1.);
#1826 = DIRECTION('',(6.651901052377E-02,-0.997785157857,0.));
#1827 = ORIENTED_EDGE('',*,*,#1828,.F.);
#1828 = EDGE_CURVE('',#1829,#1821,#1831,.T.);
#1829 = VERTEX_POINT('',#1830);
#1830 = CARTESIAN_POINT('',(107.5,-77.,1.51));
#1831 = LINE('',#1832,#1833);
#1832 = CARTESIAN_POINT('',(107.5,-77.,1.51));
#1833 = VECTOR('',#1834,1.);
#1834 = DIRECTION('',(0.,-1.,0.));
#1835 = ORIENTED_EDGE('',*,*,#1836,.F.);
#1836 = EDGE_CURVE('',#1837,#1829,#1839,.T.);
#1837 = VERTEX_POINT('',#1838);
#1838 = CARTESIAN_POINT('',(107.453125,-76.296875,1.51));
#1839 = LINE('',#1840,#1841);
#1840 = CARTESIAN_POINT('',(107.453125,-76.296875,1.51));
#1841 = VECTOR('',#1842,1.);
#1842 = DIRECTION('',(6.651901052377E-02,-0.997785157857,0.));
#1843 = ORIENTED_EDGE('',*,*,#1844,.F.);
#1844 = EDGE_CURVE('',#1845,#1837,#1847,.T.);
#1845 = VERTEX_POINT('',#1846);
#1846 = CARTESIAN_POINT('',(107.3125,-75.6875,1.51));
#1847 = LINE('',#1848,#1849);
#1848 = CARTESIAN_POINT('',(107.3125,-75.6875,1.51));
#1849 = VECTOR('',#1850,1.);
#1850 = DIRECTION('',(0.224859506699,-0.974391195695,0.));
#1851 = ORIENTED_EDGE('',*,*,#1852,.F.);
#1852 = EDGE_CURVE('',#1853,#1845,#1855,.T.);
#1853 = VERTEX_POINT('',#1854);
#1854 = CARTESIAN_POINT('',(107.078125,-75.171875,1.51));
#1855 = LINE('',#1856,#1857);
#1856 = CARTESIAN_POINT('',(107.078125,-75.171875,1.51));
#1857 = VECTOR('',#1858,1.);
#1858 = DIRECTION('',(0.413802944301,-0.910366477463,0.));
#1859 = ORIENTED_EDGE('',*,*,#1860,.F.);
#1860 = EDGE_CURVE('',#1861,#1853,#1863,.T.);
#1861 = VERTEX_POINT('',#1862);
#1862 = CARTESIAN_POINT('',(106.75,-74.75,1.51));
#1863 = LINE('',#1864,#1865);
#1864 = CARTESIAN_POINT('',(106.75,-74.75,1.51));
#1865 = VECTOR('',#1866,1.);
#1866 = DIRECTION('',(0.613940613515,-0.789352217376,0.));
#1867 = ORIENTED_EDGE('',*,*,#1868,.F.);
#1868 = EDGE_CURVE('',#112,#1861,#1869,.T.);
#1869 = LINE('',#1870,#1871);
#1870 = CARTESIAN_POINT('',(106.328125,-74.421875,1.51));
#1871 = VECTOR('',#1872,1.);
#1872 = DIRECTION('',(0.789352217376,-0.613940613515,0.));
#1873 = ORIENTED_EDGE('',*,*,#111,.F.);
#1874 = FACE_BOUND('',#1875,.T.);
#1875 = EDGE_LOOP('',(#1876));
#1876 = ORIENTED_EDGE('',*,*,#1877,.T.);
#1877 = EDGE_CURVE('',#1878,#1878,#1880,.T.);
#1878 = VERTEX_POINT('',#1879);
#1879 = CARTESIAN_POINT('',(81.5,-147.65,1.51));
#1880 = CIRCLE('',#1881,1.65);
#1881 = AXIS2_PLACEMENT_3D('',#1882,#1883,#1884);
#1882 = CARTESIAN_POINT('',(81.5,-146.,1.51));
#1883 = DIRECTION('',(-0.,0.,-1.));
#1884 = DIRECTION('',(-0.,-1.,0.));
#1885 = FACE_BOUND('',#1886,.T.);
#1886 = EDGE_LOOP('',(#1887));
#1887 = ORIENTED_EDGE('',*,*,#1888,.T.);
#1888 = EDGE_CURVE('',#1889,#1889,#1891,.T.);
#1889 = VERTEX_POINT('',#1890);
#1890 = CARTESIAN_POINT('',(118.5,-147.65,1.51));
#1891 = CIRCLE('',#1892,1.65);
#1892 = AXIS2_PLACEMENT_3D('',#1893,#1894,#1895);
#1893 = CARTESIAN_POINT('',(118.5,-146.,1.51));
#1894 = DIRECTION('',(-0.,0.,-1.));
#1895 = DIRECTION('',(-0.,-1.,0.));
#1896 = FACE_BOUND('',#1897,.T.);
#1897 = EDGE_LOOP('',(#1898));
#1898 = ORIENTED_EDGE('',*,*,#1899,.T.);
#1899 = EDGE_CURVE('',#1900,#1900,#1902,.T.);
#1900 = VERTEX_POINT('',#1901);
#1901 = CARTESIAN_POINT('',(81.5,-95.65,1.51));
#1902 = CIRCLE('',#1903,1.65);
#1903 = AXIS2_PLACEMENT_3D('',#1904,#1905,#1906);
#1904 = CARTESIAN_POINT('',(81.5,-94.,1.51));
#1905 = DIRECTION('',(-0.,0.,-1.));
#1906 = DIRECTION('',(-0.,-1.,0.));
#1907 = FACE_BOUND('',#1908,.T.);
#1908 = EDGE_LOOP('',(#1909));
#1909 = ORIENTED_EDGE('',*,*,#1910,.T.);
#1910 = EDGE_CURVE('',#1911,#1911,#1913,.T.);
#1911 = VERTEX_POINT('',#1912);
#1912 = CARTESIAN_POINT('',(118.5,-95.65,1.51));
#1913 = CIRCLE('',#1914,1.65);
#1914 = AXIS2_PLACEMENT_3D('',#1915,#1916,#1917);
#1915 = CARTESIAN_POINT('',(118.5,-94.,1.51));
#1916 = DIRECTION('',(-0.,0.,-1.));
#1917 = DIRECTION('',(-0.,-1.,0.));
#1918 = PLANE('',#1919);
#1919 = AXIS2_PLACEMENT_3D('',#1920,#1921,#1922);
#1920 = CARTESIAN_POINT('',(0.,0.,1.51));
#1921 = DIRECTION('',(0.,0.,1.));
#1922 = DIRECTION('',(1.,0.,-0.));
#1923 = ADVANCED_FACE('',(#1924),#1935,.T.);
#1924 = FACE_BOUND('',#1925,.T.);
#1925 = EDGE_LOOP('',(#1926,#1932,#1933,#1934));
#1926 = ORIENTED_EDGE('',*,*,#1927,.T.);
#1927 = EDGE_CURVE('',#144,#1037,#1928,.T.);
#1928 = LINE('',#1929,#1930);
#1929 = CARTESIAN_POINT('',(95.5,-74.,0.));
#1930 = VECTOR('',#1931,1.);
#1931 = DIRECTION('',(0.,0.,1.));
#1932 = ORIENTED_EDGE('',*,*,#1036,.T.);
#1933 = ORIENTED_EDGE('',*,*,#79,.F.);
#1934 = ORIENTED_EDGE('',*,*,#143,.F.);
#1935 = PLANE('',#1936);
#1936 = AXIS2_PLACEMENT_3D('',#1937,#1938,#1939);
#1937 = CARTESIAN_POINT('',(95.5,-74.,0.));
#1938 = DIRECTION('',(0.,1.,0.));
#1939 = DIRECTION('',(1.,0.,0.));
#1940 = ADVANCED_FACE('',(#1941),#1952,.T.);
#1941 = FACE_BOUND('',#1942,.T.);
#1942 = EDGE_LOOP('',(#1943,#1944,#1945,#1951));
#1943 = ORIENTED_EDGE('',*,*,#119,.T.);
#1944 = ORIENTED_EDGE('',*,*,#1868,.T.);
#1945 = ORIENTED_EDGE('',*,*,#1946,.F.);
#1946 = EDGE_CURVE('',#968,#1861,#1947,.T.);
#1947 = LINE('',#1948,#1949);
#1948 = CARTESIAN_POINT('',(106.75,-74.75,0.));
#1949 = VECTOR('',#1950,1.);
#1950 = DIRECTION('',(0.,0.,1.));
#1951 = ORIENTED_EDGE('',*,*,#975,.F.);
#1952 = PLANE('',#1953);
#1953 = AXIS2_PLACEMENT_3D('',#1954,#1955,#1956);
#1954 = CARTESIAN_POINT('',(106.328125,-74.421875,0.));
#1955 = DIRECTION('',(0.613940613515,0.789352217376,-0.));
#1956 = DIRECTION('',(0.789352217376,-0.613940613515,0.));
#1957 = ADVANCED_FACE('',(#1958),#1969,.T.);
#1958 = FACE_BOUND('',#1959,.T.);
#1959 = EDGE_LOOP('',(#1960,#1966,#1967,#1968));
#1960 = ORIENTED_EDGE('',*,*,#1961,.T.);
#1961 = EDGE_CURVE('',#152,#1045,#1962,.T.);
#1962 = LINE('',#1963,#1964);
#1963 = CARTESIAN_POINT('',(94.796875,-74.046875,0.));
#1964 = VECTOR('',#1965,1.);
#1965 = DIRECTION('',(0.,0.,1.));
#1966 = ORIENTED_EDGE('',*,*,#1044,.T.);
#1967 = ORIENTED_EDGE('',*,*,#1927,.F.);
#1968 = ORIENTED_EDGE('',*,*,#151,.F.);
#1969 = PLANE('',#1970);
#1970 = AXIS2_PLACEMENT_3D('',#1971,#1972,#1973);
#1971 = CARTESIAN_POINT('',(94.796875,-74.046875,0.));
#1972 = DIRECTION('',(-6.651901052377E-02,0.997785157857,0.));
#1973 = DIRECTION('',(0.997785157857,6.651901052377E-02,0.));
#1974 = ADVANCED_FACE('',(#1975),#1986,.T.);
#1975 = FACE_BOUND('',#1976,.T.);
#1976 = EDGE_LOOP('',(#1977,#1978,#1979,#1985));
#1977 = ORIENTED_EDGE('',*,*,#1946,.T.);
#1978 = ORIENTED_EDGE('',*,*,#1860,.T.);
#1979 = ORIENTED_EDGE('',*,*,#1980,.F.);
#1980 = EDGE_CURVE('',#960,#1853,#1981,.T.);
#1981 = LINE('',#1982,#1983);
#1982 = CARTESIAN_POINT('',(107.078125,-75.171875,0.));
#1983 = VECTOR('',#1984,1.);
#1984 = DIRECTION('',(0.,0.,1.));
#1985 = ORIENTED_EDGE('',*,*,#967,.F.);
#1986 = PLANE('',#1987);
#1987 = AXIS2_PLACEMENT_3D('',#1988,#1989,#1990);
#1988 = CARTESIAN_POINT('',(106.75,-74.75,0.));
#1989 = DIRECTION('',(0.789352217376,0.613940613515,-0.));
#1990 = DIRECTION('',(0.613940613515,-0.789352217376,0.));
#1991 = ADVANCED_FACE('',(#1992),#2003,.T.);
#1992 = FACE_BOUND('',#1993,.T.);
#1993 = EDGE_LOOP('',(#1994,#2000,#2001,#2002));
#1994 = ORIENTED_EDGE('',*,*,#1995,.T.);
#1995 = EDGE_CURVE('',#160,#1053,#1996,.T.);
#1996 = LINE('',#1997,#1998);
#1997 = CARTESIAN_POINT('',(94.1875,-74.1875,0.));
#1998 = VECTOR('',#1999,1.);
#1999 = DIRECTION('',(0.,0.,1.));
#2000 = ORIENTED_EDGE('',*,*,#1052,.T.);
#2001 = ORIENTED_EDGE('',*,*,#1961,.F.);
#2002 = ORIENTED_EDGE('',*,*,#159,.F.);
#2003 = PLANE('',#2004);
#2004 = AXIS2_PLACEMENT_3D('',#2005,#2006,#2007);
#2005 = CARTESIAN_POINT('',(94.1875,-74.1875,0.));
#2006 = DIRECTION('',(-0.224859506699,0.974391195695,0.));
#2007 = DIRECTION('',(0.974391195695,0.224859506699,0.));
#2008 = ADVANCED_FACE('',(#2009),#2020,.T.);
#2009 = FACE_BOUND('',#2010,.T.);
#2010 = EDGE_LOOP('',(#2011,#2012,#2013,#2019));
#2011 = ORIENTED_EDGE('',*,*,#1980,.T.);
#2012 = ORIENTED_EDGE('',*,*,#1852,.T.);
#2013 = ORIENTED_EDGE('',*,*,#2014,.F.);
#2014 = EDGE_CURVE('',#952,#1845,#2015,.T.);
#2015 = LINE('',#2016,#2017);
#2016 = CARTESIAN_POINT('',(107.3125,-75.6875,0.));
#2017 = VECTOR('',#2018,1.);
#2018 = DIRECTION('',(0.,0.,1.));
#2019 = ORIENTED_EDGE('',*,*,#959,.F.);
#2020 = PLANE('',#2021);
#2021 = AXIS2_PLACEMENT_3D('',#2022,#2023,#2024);
#2022 = CARTESIAN_POINT('',(107.078125,-75.171875,0.));
#2023 = DIRECTION('',(0.910366477463,0.413802944301,-0.));
#2024 = DIRECTION('',(0.413802944301,-0.910366477463,0.));
#2025 = ADVANCED_FACE('',(#2026),#2037,.T.);
#2026 = FACE_BOUND('',#2027,.T.);
#2027 = EDGE_LOOP('',(#2028,#2034,#2035,#2036));
#2028 = ORIENTED_EDGE('',*,*,#2029,.T.);
#2029 = EDGE_CURVE('',#168,#1061,#2030,.T.);
#2030 = LINE('',#2031,#2032);
#2031 = CARTESIAN_POINT('',(93.671875,-74.421875,0.));
#2032 = VECTOR('',#2033,1.);
#2033 = DIRECTION('',(0.,0.,1.));
#2034 = ORIENTED_EDGE('',*,*,#1060,.T.);
#2035 = ORIENTED_EDGE('',*,*,#1995,.F.);
#2036 = ORIENTED_EDGE('',*,*,#167,.F.);
#2037 = PLANE('',#2038);
#2038 = AXIS2_PLACEMENT_3D('',#2039,#2040,#2041);
#2039 = CARTESIAN_POINT('',(93.671875,-74.421875,0.));
#2040 = DIRECTION('',(-0.413802944301,0.910366477463,0.));
#2041 = DIRECTION('',(0.910366477463,0.413802944301,0.));
#2042 = ADVANCED_FACE('',(#2043),#2054,.T.);
#2043 = FACE_BOUND('',#2044,.T.);
#2044 = EDGE_LOOP('',(#2045,#2046,#2047,#2053));
#2045 = ORIENTED_EDGE('',*,*,#2014,.T.);
#2046 = ORIENTED_EDGE('',*,*,#1844,.T.);
#2047 = ORIENTED_EDGE('',*,*,#2048,.F.);
#2048 = EDGE_CURVE('',#944,#1837,#2049,.T.);
#2049 = LINE('',#2050,#2051);
#2050 = CARTESIAN_POINT('',(107.453125,-76.296875,0.));
#2051 = VECTOR('',#2052,1.);
#2052 = DIRECTION('',(0.,0.,1.));
#2053 = ORIENTED_EDGE('',*,*,#951,.F.);
#2054 = PLANE('',#2055);
#2055 = AXIS2_PLACEMENT_3D('',#2056,#2057,#2058);
#2056 = CARTESIAN_POINT('',(107.3125,-75.6875,0.));
#2057 = DIRECTION('',(0.974391195695,0.224859506699,-0.));
#2058 = DIRECTION('',(0.224859506699,-0.974391195695,0.));
#2059 = ADVANCED_FACE('',(#2060),#2071,.T.);
#2060 = FACE_BOUND('',#2061,.T.);
#2061 = EDGE_LOOP('',(#2062,#2068,#2069,#2070));
#2062 = ORIENTED_EDGE('',*,*,#2063,.T.);
#2063 = EDGE_CURVE('',#176,#1069,#2064,.T.);
#2064 = LINE('',#2065,#2066);
#2065 = CARTESIAN_POINT('',(93.25,-74.75,0.));
#2066 = VECTOR('',#2067,1.);
#2067 = DIRECTION('',(0.,0.,1.));
#2068 = ORIENTED_EDGE('',*,*,#1068,.T.);
#2069 = ORIENTED_EDGE('',*,*,#2029,.F.);
#2070 = ORIENTED_EDGE('',*,*,#175,.F.);
#2071 = PLANE('',#2072);
#2072 = AXIS2_PLACEMENT_3D('',#2073,#2074,#2075);
#2073 = CARTESIAN_POINT('',(93.25,-74.75,0.));
#2074 = DIRECTION('',(-0.613940613515,0.789352217376,0.));
#2075 = DIRECTION('',(0.789352217376,0.613940613515,0.));
#2076 = ADVANCED_FACE('',(#2077),#2088,.T.);
#2077 = FACE_BOUND('',#2078,.T.);
#2078 = EDGE_LOOP('',(#2079,#2080,#2081,#2087));
#2079 = ORIENTED_EDGE('',*,*,#2048,.T.);
#2080 = ORIENTED_EDGE('',*,*,#1836,.T.);
#2081 = ORIENTED_EDGE('',*,*,#2082,.F.);
#2082 = EDGE_CURVE('',#936,#1829,#2083,.T.);
#2083 = LINE('',#2084,#2085);
#2084 = CARTESIAN_POINT('',(107.5,-77.,0.));
#2085 = VECTOR('',#2086,1.);
#2086 = DIRECTION('',(0.,0.,1.));
#2087 = ORIENTED_EDGE('',*,*,#943,.F.);
#2088 = PLANE('',#2089);
#2089 = AXIS2_PLACEMENT_3D('',#2090,#2091,#2092);
#2090 = CARTESIAN_POINT('',(107.453125,-76.296875,0.));
#2091 = DIRECTION('',(0.997785157857,6.651901052377E-02,-0.));
#2092 = DIRECTION('',(6.651901052377E-02,-0.997785157857,0.));
#2093 = ADVANCED_FACE('',(#2094),#2105,.T.);
#2094 = FACE_BOUND('',#2095,.T.);
#2095 = EDGE_LOOP('',(#2096,#2102,#2103,#2104));
#2096 = ORIENTED_EDGE('',*,*,#2097,.T.);
#2097 = EDGE_CURVE('',#184,#1077,#2098,.T.);
#2098 = LINE('',#2099,#2100);
#2099 = CARTESIAN_POINT('',(92.921875,-75.171875,0.));
#2100 = VECTOR('',#2101,1.);
#2101 = DIRECTION('',(0.,0.,1.));
#2102 = ORIENTED_EDGE('',*,*,#1076,.T.);
#2103 = ORIENTED_EDGE('',*,*,#2063,.F.);
#2104 = ORIENTED_EDGE('',*,*,#183,.F.);
#2105 = PLANE('',#2106);
#2106 = AXIS2_PLACEMENT_3D('',#2107,#2108,#2109);
#2107 = CARTESIAN_POINT('',(92.921875,-75.171875,0.));
#2108 = DIRECTION('',(-0.789352217376,0.613940613515,0.));
#2109 = DIRECTION('',(0.613940613515,0.789352217376,0.));
#2110 = ADVANCED_FACE('',(#2111),#2122,.T.);
#2111 = FACE_BOUND('',#2112,.T.);
#2112 = EDGE_LOOP('',(#2113,#2114,#2115,#2121));
#2113 = ORIENTED_EDGE('',*,*,#2082,.T.);
#2114 = ORIENTED_EDGE('',*,*,#1828,.T.);
#2115 = ORIENTED_EDGE('',*,*,#2116,.F.);
#2116 = EDGE_CURVE('',#928,#1821,#2117,.T.);
#2117 = LINE('',#2118,#2119);
#2118 = CARTESIAN_POINT('',(107.5,-85.,0.));
#2119 = VECTOR('',#2120,1.);
#2120 = DIRECTION('',(0.,0.,1.));
#2121 = ORIENTED_EDGE('',*,*,#935,.F.);
#2122 = PLANE('',#2123);
#2123 = AXIS2_PLACEMENT_3D('',#2124,#2125,#2126);
#2124 = CARTESIAN_POINT('',(107.5,-77.,0.));
#2125 = DIRECTION('',(1.,0.,-0.));
#2126 = DIRECTION('',(0.,-1.,0.));
#2127 = ADVANCED_FACE('',(#2128),#2139,.T.);
#2128 = FACE_BOUND('',#2129,.T.);
#2129 = EDGE_LOOP('',(#2130,#2136,#2137,#2138));
#2130 = ORIENTED_EDGE('',*,*,#2131,.T.);
#2131 = EDGE_CURVE('',#192,#1085,#2132,.T.);
#2132 = LINE('',#2133,#2134);
#2133 = CARTESIAN_POINT('',(92.6875,-75.6875,0.));
#2134 = VECTOR('',#2135,1.);
#2135 = DIRECTION('',(0.,0.,1.));
#2136 = ORIENTED_EDGE('',*,*,#1084,.T.);
#2137 = ORIENTED_EDGE('',*,*,#2097,.F.);
#2138 = ORIENTED_EDGE('',*,*,#191,.F.);
#2139 = PLANE('',#2140);
#2140 = AXIS2_PLACEMENT_3D('',#2141,#2142,#2143);
#2141 = CARTESIAN_POINT('',(92.6875,-75.6875,0.));
#2142 = DIRECTION('',(-0.910366477463,0.413802944301,0.));
#2143 = DIRECTION('',(0.413802944301,0.910366477463,0.));
#2144 = ADVANCED_FACE('',(#2145),#2156,.T.);
#2145 = FACE_BOUND('',#2146,.T.);
#2146 = EDGE_LOOP('',(#2147,#2148,#2149,#2155));
#2147 = ORIENTED_EDGE('',*,*,#2116,.T.);
#2148 = ORIENTED_EDGE('',*,*,#1820,.T.);
#2149 = ORIENTED_EDGE('',*,*,#2150,.F.);
#2150 = EDGE_CURVE('',#920,#1813,#2151,.T.);
#2151 = LINE('',#2152,#2153);
#2152 = CARTESIAN_POINT('',(107.578125,-86.171875,0.));
#2153 = VECTOR('',#2154,1.);
#2154 = DIRECTION('',(0.,0.,1.));
#2155 = ORIENTED_EDGE('',*,*,#927,.F.);
#2156 = PLANE('',#2157);
#2157 = AXIS2_PLACEMENT_3D('',#2158,#2159,#2160);
#2158 = CARTESIAN_POINT('',(107.5,-85.,0.));
#2159 = DIRECTION('',(0.997785157857,6.651901052377E-02,-0.));
#2160 = DIRECTION('',(6.651901052377E-02,-0.997785157857,0.));
#2161 = ADVANCED_FACE('',(#2162),#2173,.T.);
#2162 = FACE_BOUND('',#2163,.T.);
#2163 = EDGE_LOOP('',(#2164,#2170,#2171,#2172));
#2164 = ORIENTED_EDGE('',*,*,#2165,.T.);
#2165 = EDGE_CURVE('',#200,#1093,#2166,.T.);
#2166 = LINE('',#2167,#2168);
#2167 = CARTESIAN_POINT('',(92.546875,-76.296875,0.));
#2168 = VECTOR('',#2169,1.);
#2169 = DIRECTION('',(0.,0.,1.));
#2170 = ORIENTED_EDGE('',*,*,#1092,.T.);
#2171 = ORIENTED_EDGE('',*,*,#2131,.F.);
#2172 = ORIENTED_EDGE('',*,*,#199,.F.);
#2173 = PLANE('',#2174);
#2174 = AXIS2_PLACEMENT_3D('',#2175,#2176,#2177);
#2175 = CARTESIAN_POINT('',(92.546875,-76.296875,0.));
#2176 = DIRECTION('',(-0.974391195695,0.224859506699,0.));
#2177 = DIRECTION('',(0.224859506699,0.974391195695,0.));
#2178 = ADVANCED_FACE('',(#2179),#2190,.T.);
#2179 = FACE_BOUND('',#2180,.T.);
#2180 = EDGE_LOOP('',(#2181,#2182,#2183,#2189));
#2181 = ORIENTED_EDGE('',*,*,#2150,.T.);
#2182 = ORIENTED_EDGE('',*,*,#1812,.T.);
#2183 = ORIENTED_EDGE('',*,*,#2184,.F.);
#2184 = EDGE_CURVE('',#912,#1805,#2185,.T.);
#2185 = LINE('',#2186,#2187);
#2186 = CARTESIAN_POINT('',(107.8125,-87.1875,0.));
#2187 = VECTOR('',#2188,1.);
#2188 = DIRECTION('',(0.,0.,1.));
#2189 = ORIENTED_EDGE('',*,*,#919,.F.);
#2190 = PLANE('',#2191);
#2191 = AXIS2_PLACEMENT_3D('',#2192,#2193,#2194);
#2192 = CARTESIAN_POINT('',(107.578125,-86.171875,0.));
#2193 = DIRECTION('',(0.974391195695,0.224859506699,-0.));
#2194 = DIRECTION('',(0.224859506699,-0.974391195695,0.));
#2195 = ADVANCED_FACE('',(#2196),#2207,.T.);
#2196 = FACE_BOUND('',#2197,.T.);
#2197 = EDGE_LOOP('',(#2198,#2204,#2205,#2206));
#2198 = ORIENTED_EDGE('',*,*,#2199,.T.);
#2199 = EDGE_CURVE('',#208,#1101,#2200,.T.);
#2200 = LINE('',#2201,#2202);
#2201 = CARTESIAN_POINT('',(92.5,-77.,0.));
#2202 = VECTOR('',#2203,1.);
#2203 = DIRECTION('',(0.,0.,1.));
#2204 = ORIENTED_EDGE('',*,*,#1100,.T.);
#2205 = ORIENTED_EDGE('',*,*,#2165,.F.);
#2206 = ORIENTED_EDGE('',*,*,#207,.F.);
#2207 = PLANE('',#2208);
#2208 = AXIS2_PLACEMENT_3D('',#2209,#2210,#2211);
#2209 = CARTESIAN_POINT('',(92.5,-77.,0.));
#2210 = DIRECTION('',(-0.997785157857,6.651901052377E-02,0.));
#2211 = DIRECTION('',(6.651901052377E-02,0.997785157857,0.));
#2212 = ADVANCED_FACE('',(#2213),#2224,.T.);
#2213 = FACE_BOUND('',#2214,.T.);
#2214 = EDGE_LOOP('',(#2215,#2216,#2217,#2223));
#2215 = ORIENTED_EDGE('',*,*,#2184,.T.);
#2216 = ORIENTED_EDGE('',*,*,#1804,.T.);
#2217 = ORIENTED_EDGE('',*,*,#2218,.F.);
#2218 = EDGE_CURVE('',#904,#1797,#2219,.T.);
#2219 = LINE('',#2220,#2221);
#2220 = CARTESIAN_POINT('',(108.203125,-88.046875,0.));
#2221 = VECTOR('',#2222,1.);
#2222 = DIRECTION('',(0.,0.,1.));
#2223 = ORIENTED_EDGE('',*,*,#911,.F.);
#2224 = PLANE('',#2225);
#2225 = AXIS2_PLACEMENT_3D('',#2226,#2227,#2228);
#2226 = CARTESIAN_POINT('',(107.8125,-87.1875,0.));
#2227 = DIRECTION('',(0.910366477463,0.413802944301,-0.));
#2228 = DIRECTION('',(0.413802944301,-0.910366477463,0.));
#2229 = ADVANCED_FACE('',(#2230),#2241,.T.);
#2230 = FACE_BOUND('',#2231,.T.);
#2231 = EDGE_LOOP('',(#2232,#2238,#2239,#2240));
#2232 = ORIENTED_EDGE('',*,*,#2233,.T.);
#2233 = EDGE_CURVE('',#216,#1109,#2234,.T.);
#2234 = LINE('',#2235,#2236);
#2235 = CARTESIAN_POINT('',(92.5,-85.,0.));
#2236 = VECTOR('',#2237,1.);
#2237 = DIRECTION('',(0.,0.,1.));
#2238 = ORIENTED_EDGE('',*,*,#1108,.T.);
#2239 = ORIENTED_EDGE('',*,*,#2199,.F.);
#2240 = ORIENTED_EDGE('',*,*,#215,.F.);
#2241 = PLANE('',#2242);
#2242 = AXIS2_PLACEMENT_3D('',#2243,#2244,#2245);
#2243 = CARTESIAN_POINT('',(92.5,-85.,0.));
#2244 = DIRECTION('',(-1.,0.,0.));
#2245 = DIRECTION('',(0.,1.,0.));
#2246 = ADVANCED_FACE('',(#2247),#2258,.T.);
#2247 = FACE_BOUND('',#2248,.T.);
#2248 = EDGE_LOOP('',(#2249,#2250,#2251,#2257));
#2249 = ORIENTED_EDGE('',*,*,#2218,.T.);
#2250 = ORIENTED_EDGE('',*,*,#1796,.T.);
#2251 = ORIENTED_EDGE('',*,*,#2252,.F.);
#2252 = EDGE_CURVE('',#896,#1789,#2253,.T.);
#2253 = LINE('',#2254,#2255);
#2254 = CARTESIAN_POINT('',(108.75,-88.75,0.));
#2255 = VECTOR('',#2256,1.);
#2256 = DIRECTION('',(0.,0.,1.));
#2257 = ORIENTED_EDGE('',*,*,#903,.F.);
#2258 = PLANE('',#2259);
#2259 = AXIS2_PLACEMENT_3D('',#2260,#2261,#2262);
#2260 = CARTESIAN_POINT('',(108.203125,-88.046875,0.));
#2261 = DIRECTION('',(0.789352217376,0.613940613515,-0.));
#2262 = DIRECTION('',(0.613940613515,-0.789352217376,0.));
#2263 = ADVANCED_FACE('',(#2264),#2275,.T.);
#2264 = FACE_BOUND('',#2265,.T.);
#2265 = EDGE_LOOP('',(#2266,#2272,#2273,#2274));
#2266 = ORIENTED_EDGE('',*,*,#2267,.T.);
#2267 = EDGE_CURVE('',#224,#1117,#2268,.T.);
#2268 = LINE('',#2269,#2270);
#2269 = CARTESIAN_POINT('',(92.421875,-86.171875,0.));
#2270 = VECTOR('',#2271,1.);
#2271 = DIRECTION('',(0.,0.,1.));
#2272 = ORIENTED_EDGE('',*,*,#1116,.T.);
#2273 = ORIENTED_EDGE('',*,*,#2233,.F.);
#2274 = ORIENTED_EDGE('',*,*,#223,.F.);
#2275 = PLANE('',#2276);
#2276 = AXIS2_PLACEMENT_3D('',#2277,#2278,#2279);
#2277 = CARTESIAN_POINT('',(92.421875,-86.171875,0.));
#2278 = DIRECTION('',(-0.997785157857,6.651901052377E-02,0.));
#2279 = DIRECTION('',(6.651901052377E-02,0.997785157857,0.));
#2280 = ADVANCED_FACE('',(#2281),#2292,.T.);
#2281 = FACE_BOUND('',#2282,.T.);
#2282 = EDGE_LOOP('',(#2283,#2284,#2285,#2291));
#2283 = ORIENTED_EDGE('',*,*,#2252,.T.);
#2284 = ORIENTED_EDGE('',*,*,#1788,.T.);
#2285 = ORIENTED_EDGE('',*,*,#2286,.F.);
#2286 = EDGE_CURVE('',#888,#1781,#2287,.T.);
#2287 = LINE('',#2288,#2289);
#2288 = CARTESIAN_POINT('',(109.453125,-89.296875,0.));
#2289 = VECTOR('',#2290,1.);
#2290 = DIRECTION('',(0.,0.,1.));
#2291 = ORIENTED_EDGE('',*,*,#895,.F.);
#2292 = PLANE('',#2293);
#2293 = AXIS2_PLACEMENT_3D('',#2294,#2295,#2296);
#2294 = CARTESIAN_POINT('',(108.75,-88.75,0.));
#2295 = DIRECTION('',(0.613940613515,0.789352217376,-0.));
#2296 = DIRECTION('',(0.789352217376,-0.613940613515,0.));
#2297 = ADVANCED_FACE('',(#2298),#2309,.T.);
#2298 = FACE_BOUND('',#2299,.T.);
#2299 = EDGE_LOOP('',(#2300,#2306,#2307,#2308));
#2300 = ORIENTED_EDGE('',*,*,#2301,.T.);
#2301 = EDGE_CURVE('',#232,#1125,#2302,.T.);
#2302 = LINE('',#2303,#2304);
#2303 = CARTESIAN_POINT('',(92.1875,-87.1875,0.));
#2304 = VECTOR('',#2305,1.);
#2305 = DIRECTION('',(0.,0.,1.));
#2306 = ORIENTED_EDGE('',*,*,#1124,.T.);
#2307 = ORIENTED_EDGE('',*,*,#2267,.F.);
#2308 = ORIENTED_EDGE('',*,*,#231,.F.);
#2309 = PLANE('',#2310);
#2310 = AXIS2_PLACEMENT_3D('',#2311,#2312,#2313);
#2311 = CARTESIAN_POINT('',(92.1875,-87.1875,0.));
#2312 = DIRECTION('',(-0.974391195695,0.224859506699,0.));
#2313 = DIRECTION('',(0.224859506699,0.974391195695,0.));
#2314 = ADVANCED_FACE('',(#2315),#2326,.T.);
#2315 = FACE_BOUND('',#2316,.T.);
#2316 = EDGE_LOOP('',(#2317,#2318,#2319,#2325));
#2317 = ORIENTED_EDGE('',*,*,#2286,.T.);
#2318 = ORIENTED_EDGE('',*,*,#1780,.T.);
#2319 = ORIENTED_EDGE('',*,*,#2320,.F.);
#2320 = EDGE_CURVE('',#880,#1773,#2321,.T.);
#2321 = LINE('',#2322,#2323);
#2322 = CARTESIAN_POINT('',(110.3125,-89.6875,0.));
#2323 = VECTOR('',#2324,1.);
#2324 = DIRECTION('',(0.,0.,1.));
#2325 = ORIENTED_EDGE('',*,*,#887,.F.);
#2326 = PLANE('',#2327);
#2327 = AXIS2_PLACEMENT_3D('',#2328,#2329,#2330);
#2328 = CARTESIAN_POINT('',(109.453125,-89.296875,0.));
#2329 = DIRECTION('',(0.413802944301,0.910366477463,-0.));
#2330 = DIRECTION('',(0.910366477463,-0.413802944301,0.));
#2331 = ADVANCED_FACE('',(#2332),#2343,.T.);
#2332 = FACE_BOUND('',#2333,.T.);
#2333 = EDGE_LOOP('',(#2334,#2340,#2341,#2342));
#2334 = ORIENTED_EDGE('',*,*,#2335,.T.);
#2335 = EDGE_CURVE('',#240,#1133,#2336,.T.);
#2336 = LINE('',#2337,#2338);
#2337 = CARTESIAN_POINT('',(91.796875,-88.046875,0.));
#2338 = VECTOR('',#2339,1.);
#2339 = DIRECTION('',(0.,0.,1.));
#2340 = ORIENTED_EDGE('',*,*,#1132,.T.);
#2341 = ORIENTED_EDGE('',*,*,#2301,.F.);
#2342 = ORIENTED_EDGE('',*,*,#239,.F.);
#2343 = PLANE('',#2344);
#2344 = AXIS2_PLACEMENT_3D('',#2345,#2346,#2347);
#2345 = CARTESIAN_POINT('',(91.796875,-88.046875,0.));
#2346 = DIRECTION('',(-0.910366477463,0.413802944301,0.));
#2347 = DIRECTION('',(0.413802944301,0.910366477463,0.));
#2348 = ADVANCED_FACE('',(#2349),#2360,.T.);
#2349 = FACE_BOUND('',#2350,.T.);
#2350 = EDGE_LOOP('',(#2351,#2352,#2353,#2359));
#2351 = ORIENTED_EDGE('',*,*,#2320,.T.);
#2352 = ORIENTED_EDGE('',*,*,#1772,.T.);
#2353 = ORIENTED_EDGE('',*,*,#2354,.F.);
#2354 = EDGE_CURVE('',#872,#1765,#2355,.T.);
#2355 = LINE('',#2356,#2357);
#2356 = CARTESIAN_POINT('',(111.328125,-89.921875,0.));
#2357 = VECTOR('',#2358,1.);
#2358 = DIRECTION('',(0.,0.,1.));
#2359 = ORIENTED_EDGE('',*,*,#879,.F.);
#2360 = PLANE('',#2361);
#2361 = AXIS2_PLACEMENT_3D('',#2362,#2363,#2364);
#2362 = CARTESIAN_POINT('',(110.3125,-89.6875,0.));
#2363 = DIRECTION('',(0.224859506699,0.974391195695,-0.));
#2364 = DIRECTION('',(0.974391195695,-0.224859506699,0.));
#2365 = ADVANCED_FACE('',(#2366),#2377,.T.);
#2366 = FACE_BOUND('',#2367,.T.);
#2367 = EDGE_LOOP('',(#2368,#2374,#2375,#2376));
#2368 = ORIENTED_EDGE('',*,*,#2369,.T.);
#2369 = EDGE_CURVE('',#248,#1141,#2370,.T.);
#2370 = LINE('',#2371,#2372);
#2371 = CARTESIAN_POINT('',(91.25,-88.75,0.));
#2372 = VECTOR('',#2373,1.);
#2373 = DIRECTION('',(0.,0.,1.));
#2374 = ORIENTED_EDGE('',*,*,#1140,.T.);
#2375 = ORIENTED_EDGE('',*,*,#2335,.F.);
#2376 = ORIENTED_EDGE('',*,*,#247,.F.);
#2377 = PLANE('',#2378);
#2378 = AXIS2_PLACEMENT_3D('',#2379,#2380,#2381);
#2379 = CARTESIAN_POINT('',(91.25,-88.75,0.));
#2380 = DIRECTION('',(-0.789352217376,0.613940613515,0.));
#2381 = DIRECTION('',(0.613940613515,0.789352217376,0.));
#2382 = ADVANCED_FACE('',(#2383),#2394,.T.);
#2383 = FACE_BOUND('',#2384,.T.);
#2384 = EDGE_LOOP('',(#2385,#2386,#2387,#2393));
#2385 = ORIENTED_EDGE('',*,*,#2354,.T.);
#2386 = ORIENTED_EDGE('',*,*,#1764,.T.);
#2387 = ORIENTED_EDGE('',*,*,#2388,.F.);
#2388 = EDGE_CURVE('',#864,#1757,#2389,.T.);
#2389 = LINE('',#2390,#2391);
#2390 = CARTESIAN_POINT('',(112.5,-90.,0.));
#2391 = VECTOR('',#2392,1.);
#2392 = DIRECTION('',(0.,0.,1.));
#2393 = ORIENTED_EDGE('',*,*,#871,.F.);
#2394 = PLANE('',#2395);
#2395 = AXIS2_PLACEMENT_3D('',#2396,#2397,#2398);
#2396 = CARTESIAN_POINT('',(111.328125,-89.921875,0.));
#2397 = DIRECTION('',(6.651901052377E-02,0.997785157857,-0.));
#2398 = DIRECTION('',(0.997785157857,-6.651901052377E-02,0.));
#2399 = ADVANCED_FACE('',(#2400),#2411,.T.);
#2400 = FACE_BOUND('',#2401,.T.);
#2401 = EDGE_LOOP('',(#2402,#2408,#2409,#2410));
#2402 = ORIENTED_EDGE('',*,*,#2403,.T.);
#2403 = EDGE_CURVE('',#256,#1149,#2404,.T.);
#2404 = LINE('',#2405,#2406);
#2405 = CARTESIAN_POINT('',(90.546875,-89.296875,0.));
#2406 = VECTOR('',#2407,1.);
#2407 = DIRECTION('',(0.,0.,1.));
#2408 = ORIENTED_EDGE('',*,*,#1148,.T.);
#2409 = ORIENTED_EDGE('',*,*,#2369,.F.);
#2410 = ORIENTED_EDGE('',*,*,#255,.F.);
#2411 = PLANE('',#2412);
#2412 = AXIS2_PLACEMENT_3D('',#2413,#2414,#2415);
#2413 = CARTESIAN_POINT('',(90.546875,-89.296875,0.));
#2414 = DIRECTION('',(-0.613940613515,0.789352217376,0.));
#2415 = DIRECTION('',(0.789352217376,0.613940613515,0.));
#2416 = ADVANCED_FACE('',(#2417),#2428,.T.);
#2417 = FACE_BOUND('',#2418,.T.);
#2418 = EDGE_LOOP('',(#2419,#2420,#2421,#2427));
#2419 = ORIENTED_EDGE('',*,*,#2388,.T.);
#2420 = ORIENTED_EDGE('',*,*,#1756,.T.);
#2421 = ORIENTED_EDGE('',*,*,#2422,.F.);
#2422 = EDGE_CURVE('',#856,#1749,#2423,.T.);
#2423 = LINE('',#2424,#2425);
#2424 = CARTESIAN_POINT('',(119.5,-90.,0.));
#2425 = VECTOR('',#2426,1.);
#2426 = DIRECTION('',(0.,0.,1.));
#2427 = ORIENTED_EDGE('',*,*,#863,.F.);
#2428 = PLANE('',#2429);
#2429 = AXIS2_PLACEMENT_3D('',#2430,#2431,#2432);
#2430 = CARTESIAN_POINT('',(112.5,-90.,0.));
#2431 = DIRECTION('',(0.,1.,0.));
#2432 = DIRECTION('',(1.,0.,0.));
#2433 = ADVANCED_FACE('',(#2434),#2445,.T.);
#2434 = FACE_BOUND('',#2435,.T.);
#2435 = EDGE_LOOP('',(#2436,#2442,#2443,#2444));
#2436 = ORIENTED_EDGE('',*,*,#2437,.T.);
#2437 = EDGE_CURVE('',#264,#1157,#2438,.T.);
#2438 = LINE('',#2439,#2440);
#2439 = CARTESIAN_POINT('',(89.6875,-89.6875,0.));
#2440 = VECTOR('',#2441,1.);
#2441 = DIRECTION('',(0.,0.,1.));
#2442 = ORIENTED_EDGE('',*,*,#1156,.T.);
#2443 = ORIENTED_EDGE('',*,*,#2403,.F.);
#2444 = ORIENTED_EDGE('',*,*,#263,.F.);
#2445 = PLANE('',#2446);
#2446 = AXIS2_PLACEMENT_3D('',#2447,#2448,#2449);
#2447 = CARTESIAN_POINT('',(89.6875,-89.6875,0.));
#2448 = DIRECTION('',(-0.413802944301,0.910366477463,0.));
#2449 = DIRECTION('',(0.910366477463,0.413802944301,0.));
#2450 = ADVANCED_FACE('',(#2451),#2462,.T.);
#2451 = FACE_BOUND('',#2452,.T.);
#2452 = EDGE_LOOP('',(#2453,#2454,#2455,#2461));
#2453 = ORIENTED_EDGE('',*,*,#2422,.T.);
#2454 = ORIENTED_EDGE('',*,*,#1748,.T.);
#2455 = ORIENTED_EDGE('',*,*,#2456,.F.);
#2456 = EDGE_CURVE('',#848,#1741,#2457,.T.);
#2457 = LINE('',#2458,#2459);
#2458 = CARTESIAN_POINT('',(120.203125,-90.046875,0.));
#2459 = VECTOR('',#2460,1.);
#2460 = DIRECTION('',(0.,0.,1.));
#2461 = ORIENTED_EDGE('',*,*,#855,.F.);
#2462 = PLANE('',#2463);
#2463 = AXIS2_PLACEMENT_3D('',#2464,#2465,#2466);
#2464 = CARTESIAN_POINT('',(119.5,-90.,0.));
#2465 = DIRECTION('',(6.651901052377E-02,0.997785157857,-0.));
#2466 = DIRECTION('',(0.997785157857,-6.651901052377E-02,0.));
#2467 = ADVANCED_FACE('',(#2468),#2479,.T.);
#2468 = FACE_BOUND('',#2469,.T.);
#2469 = EDGE_LOOP('',(#2470,#2476,#2477,#2478));
#2470 = ORIENTED_EDGE('',*,*,#2471,.T.);
#2471 = EDGE_CURVE('',#272,#1165,#2472,.T.);
#2472 = LINE('',#2473,#2474);
#2473 = CARTESIAN_POINT('',(88.671875,-89.921875,0.));
#2474 = VECTOR('',#2475,1.);
#2475 = DIRECTION('',(0.,0.,1.));
#2476 = ORIENTED_EDGE('',*,*,#1164,.T.);
#2477 = ORIENTED_EDGE('',*,*,#2437,.F.);
#2478 = ORIENTED_EDGE('',*,*,#271,.F.);
#2479 = PLANE('',#2480);
#2480 = AXIS2_PLACEMENT_3D('',#2481,#2482,#2483);
#2481 = CARTESIAN_POINT('',(88.671875,-89.921875,0.));
#2482 = DIRECTION('',(-0.224859506699,0.974391195695,0.));
#2483 = DIRECTION('',(0.974391195695,0.224859506699,0.));
#2484 = ADVANCED_FACE('',(#2485),#2496,.T.);
#2485 = FACE_BOUND('',#2486,.T.);
#2486 = EDGE_LOOP('',(#2487,#2488,#2489,#2495));
#2487 = ORIENTED_EDGE('',*,*,#2456,.T.);
#2488 = ORIENTED_EDGE('',*,*,#1740,.T.);
#2489 = ORIENTED_EDGE('',*,*,#2490,.F.);
#2490 = EDGE_CURVE('',#840,#1733,#2491,.T.);
#2491 = LINE('',#2492,#2493);
#2492 = CARTESIAN_POINT('',(120.8125,-90.1875,0.));
#2493 = VECTOR('',#2494,1.);
#2494 = DIRECTION('',(0.,0.,1.));
#2495 = ORIENTED_EDGE('',*,*,#847,.F.);
#2496 = PLANE('',#2497);
#2497 = AXIS2_PLACEMENT_3D('',#2498,#2499,#2500);
#2498 = CARTESIAN_POINT('',(120.203125,-90.046875,0.));
#2499 = DIRECTION('',(0.224859506699,0.974391195695,-0.));
#2500 = DIRECTION('',(0.974391195695,-0.224859506699,0.));
#2501 = ADVANCED_FACE('',(#2502),#2513,.T.);
#2502 = FACE_BOUND('',#2503,.T.);
#2503 = EDGE_LOOP('',(#2504,#2510,#2511,#2512));
#2504 = ORIENTED_EDGE('',*,*,#2505,.T.);
#2505 = EDGE_CURVE('',#280,#1173,#2506,.T.);
#2506 = LINE('',#2507,#2508);
#2507 = CARTESIAN_POINT('',(87.5,-90.,0.));
#2508 = VECTOR('',#2509,1.);
#2509 = DIRECTION('',(0.,0.,1.));
#2510 = ORIENTED_EDGE('',*,*,#1172,.T.);
#2511 = ORIENTED_EDGE('',*,*,#2471,.F.);
#2512 = ORIENTED_EDGE('',*,*,#279,.F.);
#2513 = PLANE('',#2514);
#2514 = AXIS2_PLACEMENT_3D('',#2515,#2516,#2517);
#2515 = CARTESIAN_POINT('',(87.5,-90.,0.));
#2516 = DIRECTION('',(-6.651901052377E-02,0.997785157857,0.));
#2517 = DIRECTION('',(0.997785157857,6.651901052377E-02,0.));
#2518 = ADVANCED_FACE('',(#2519),#2530,.T.);
#2519 = FACE_BOUND('',#2520,.T.);
#2520 = EDGE_LOOP('',(#2521,#2522,#2523,#2529));
#2521 = ORIENTED_EDGE('',*,*,#2490,.T.);
#2522 = ORIENTED_EDGE('',*,*,#1732,.T.);
#2523 = ORIENTED_EDGE('',*,*,#2524,.F.);
#2524 = EDGE_CURVE('',#832,#1725,#2525,.T.);
#2525 = LINE('',#2526,#2527);
#2526 = CARTESIAN_POINT('',(121.328125,-90.421875,0.));
#2527 = VECTOR('',#2528,1.);
#2528 = DIRECTION('',(0.,0.,1.));
#2529 = ORIENTED_EDGE('',*,*,#839,.F.);
#2530 = PLANE('',#2531);
#2531 = AXIS2_PLACEMENT_3D('',#2532,#2533,#2534);
#2532 = CARTESIAN_POINT('',(120.8125,-90.1875,0.));
#2533 = DIRECTION('',(0.413802944301,0.910366477463,-0.));
#2534 = DIRECTION('',(0.910366477463,-0.413802944301,0.));
#2535 = ADVANCED_FACE('',(#2536),#2547,.T.);
#2536 = FACE_BOUND('',#2537,.T.);
#2537 = EDGE_LOOP('',(#2538,#2544,#2545,#2546));
#2538 = ORIENTED_EDGE('',*,*,#2539,.T.);
#2539 = EDGE_CURVE('',#288,#1181,#2540,.T.);
#2540 = LINE('',#2541,#2542);
#2541 = CARTESIAN_POINT('',(80.5,-90.,0.));
#2542 = VECTOR('',#2543,1.);
#2543 = DIRECTION('',(0.,0.,1.));
#2544 = ORIENTED_EDGE('',*,*,#1180,.T.);
#2545 = ORIENTED_EDGE('',*,*,#2505,.F.);
#2546 = ORIENTED_EDGE('',*,*,#287,.F.);
#2547 = PLANE('',#2548);
#2548 = AXIS2_PLACEMENT_3D('',#2549,#2550,#2551);
#2549 = CARTESIAN_POINT('',(80.5,-90.,0.));
#2550 = DIRECTION('',(0.,1.,0.));
#2551 = DIRECTION('',(1.,0.,0.));
#2552 = ADVANCED_FACE('',(#2553),#2564,.T.);
#2553 = FACE_BOUND('',#2554,.T.);
#2554 = EDGE_LOOP('',(#2555,#2556,#2557,#2563));
#2555 = ORIENTED_EDGE('',*,*,#2524,.T.);
#2556 = ORIENTED_EDGE('',*,*,#1724,.T.);
#2557 = ORIENTED_EDGE('',*,*,#2558,.F.);
#2558 = EDGE_CURVE('',#824,#1717,#2559,.T.);
#2559 = LINE('',#2560,#2561);
#2560 = CARTESIAN_POINT('',(121.75,-90.75,0.));
#2561 = VECTOR('',#2562,1.);
#2562 = DIRECTION('',(0.,0.,1.));
#2563 = ORIENTED_EDGE('',*,*,#831,.F.);
#2564 = PLANE('',#2565);
#2565 = AXIS2_PLACEMENT_3D('',#2566,#2567,#2568);
#2566 = CARTESIAN_POINT('',(121.328125,-90.421875,0.));
#2567 = DIRECTION('',(0.613940613515,0.789352217376,-0.));
#2568 = DIRECTION('',(0.789352217376,-0.613940613515,0.));
#2569 = ADVANCED_FACE('',(#2570),#2581,.T.);
#2570 = FACE_BOUND('',#2571,.T.);
#2571 = EDGE_LOOP('',(#2572,#2578,#2579,#2580));
#2572 = ORIENTED_EDGE('',*,*,#2573,.T.);
#2573 = EDGE_CURVE('',#296,#1189,#2574,.T.);
#2574 = LINE('',#2575,#2576);
#2575 = CARTESIAN_POINT('',(79.796875,-90.046875,0.));
#2576 = VECTOR('',#2577,1.);
#2577 = DIRECTION('',(0.,0.,1.));
#2578 = ORIENTED_EDGE('',*,*,#1188,.T.);
#2579 = ORIENTED_EDGE('',*,*,#2539,.F.);
#2580 = ORIENTED_EDGE('',*,*,#295,.F.);
#2581 = PLANE('',#2582);
#2582 = AXIS2_PLACEMENT_3D('',#2583,#2584,#2585);
#2583 = CARTESIAN_POINT('',(79.796875,-90.046875,0.));
#2584 = DIRECTION('',(-6.651901052377E-02,0.997785157857,0.));
#2585 = DIRECTION('',(0.997785157857,6.651901052377E-02,0.));
#2586 = ADVANCED_FACE('',(#2587),#2598,.T.);
#2587 = FACE_BOUND('',#2588,.T.);
#2588 = EDGE_LOOP('',(#2589,#2590,#2591,#2597));
#2589 = ORIENTED_EDGE('',*,*,#2558,.T.);
#2590 = ORIENTED_EDGE('',*,*,#1716,.T.);
#2591 = ORIENTED_EDGE('',*,*,#2592,.F.);
#2592 = EDGE_CURVE('',#816,#1709,#2593,.T.);
#2593 = LINE('',#2594,#2595);
#2594 = CARTESIAN_POINT('',(122.078125,-91.171875,0.));
#2595 = VECTOR('',#2596,1.);
#2596 = DIRECTION('',(0.,0.,1.));
#2597 = ORIENTED_EDGE('',*,*,#823,.F.);
#2598 = PLANE('',#2599);
#2599 = AXIS2_PLACEMENT_3D('',#2600,#2601,#2602);
#2600 = CARTESIAN_POINT('',(121.75,-90.75,0.));
#2601 = DIRECTION('',(0.789352217376,0.613940613515,-0.));
#2602 = DIRECTION('',(0.613940613515,-0.789352217376,0.));
#2603 = ADVANCED_FACE('',(#2604),#2615,.T.);
#2604 = FACE_BOUND('',#2605,.T.);
#2605 = EDGE_LOOP('',(#2606,#2612,#2613,#2614));
#2606 = ORIENTED_EDGE('',*,*,#2607,.T.);
#2607 = EDGE_CURVE('',#304,#1197,#2608,.T.);
#2608 = LINE('',#2609,#2610);
#2609 = CARTESIAN_POINT('',(79.1875,-90.1875,0.));
#2610 = VECTOR('',#2611,1.);
#2611 = DIRECTION('',(0.,0.,1.));
#2612 = ORIENTED_EDGE('',*,*,#1196,.T.);
#2613 = ORIENTED_EDGE('',*,*,#2573,.F.);
#2614 = ORIENTED_EDGE('',*,*,#303,.F.);
#2615 = PLANE('',#2616);
#2616 = AXIS2_PLACEMENT_3D('',#2617,#2618,#2619);
#2617 = CARTESIAN_POINT('',(79.1875,-90.1875,0.));
#2618 = DIRECTION('',(-0.224859506699,0.974391195695,0.));
#2619 = DIRECTION('',(0.974391195695,0.224859506699,0.));
#2620 = ADVANCED_FACE('',(#2621),#2632,.T.);
#2621 = FACE_BOUND('',#2622,.T.);
#2622 = EDGE_LOOP('',(#2623,#2624,#2625,#2631));
#2623 = ORIENTED_EDGE('',*,*,#2592,.T.);
#2624 = ORIENTED_EDGE('',*,*,#1708,.T.);
#2625 = ORIENTED_EDGE('',*,*,#2626,.F.);
#2626 = EDGE_CURVE('',#808,#1701,#2627,.T.);
#2627 = LINE('',#2628,#2629);
#2628 = CARTESIAN_POINT('',(122.3125,-91.6875,0.));
#2629 = VECTOR('',#2630,1.);
#2630 = DIRECTION('',(0.,0.,1.));
#2631 = ORIENTED_EDGE('',*,*,#815,.F.);
#2632 = PLANE('',#2633);
#2633 = AXIS2_PLACEMENT_3D('',#2634,#2635,#2636);
#2634 = CARTESIAN_POINT('',(122.078125,-91.171875,0.));
#2635 = DIRECTION('',(0.910366477463,0.413802944301,-0.));
#2636 = DIRECTION('',(0.413802944301,-0.910366477463,0.));
#2637 = ADVANCED_FACE('',(#2638),#2649,.T.);
#2638 = FACE_BOUND('',#2639,.T.);
#2639 = EDGE_LOOP('',(#2640,#2646,#2647,#2648));
#2640 = ORIENTED_EDGE('',*,*,#2641,.T.);
#2641 = EDGE_CURVE('',#312,#1205,#2642,.T.);
#2642 = LINE('',#2643,#2644);
#2643 = CARTESIAN_POINT('',(78.671875,-90.421875,0.));
#2644 = VECTOR('',#2645,1.);
#2645 = DIRECTION('',(0.,0.,1.));
#2646 = ORIENTED_EDGE('',*,*,#1204,.T.);
#2647 = ORIENTED_EDGE('',*,*,#2607,.F.);
#2648 = ORIENTED_EDGE('',*,*,#311,.F.);
#2649 = PLANE('',#2650);
#2650 = AXIS2_PLACEMENT_3D('',#2651,#2652,#2653);
#2651 = CARTESIAN_POINT('',(78.671875,-90.421875,0.));
#2652 = DIRECTION('',(-0.413802944301,0.910366477463,0.));
#2653 = DIRECTION('',(0.910366477463,0.413802944301,0.));
#2654 = ADVANCED_FACE('',(#2655),#2666,.T.);
#2655 = FACE_BOUND('',#2656,.T.);
#2656 = EDGE_LOOP('',(#2657,#2658,#2659,#2665));
#2657 = ORIENTED_EDGE('',*,*,#2626,.T.);
#2658 = ORIENTED_EDGE('',*,*,#1700,.T.);
#2659 = ORIENTED_EDGE('',*,*,#2660,.F.);
#2660 = EDGE_CURVE('',#800,#1693,#2661,.T.);
#2661 = LINE('',#2662,#2663);
#2662 = CARTESIAN_POINT('',(122.453125,-92.296875,0.));
#2663 = VECTOR('',#2664,1.);
#2664 = DIRECTION('',(0.,0.,1.));
#2665 = ORIENTED_EDGE('',*,*,#807,.F.);
#2666 = PLANE('',#2667);
#2667 = AXIS2_PLACEMENT_3D('',#2668,#2669,#2670);
#2668 = CARTESIAN_POINT('',(122.3125,-91.6875,0.));
#2669 = DIRECTION('',(0.974391195695,0.224859506699,-0.));
#2670 = DIRECTION('',(0.224859506699,-0.974391195695,0.));
#2671 = ADVANCED_FACE('',(#2672),#2683,.T.);
#2672 = FACE_BOUND('',#2673,.T.);
#2673 = EDGE_LOOP('',(#2674,#2680,#2681,#2682));
#2674 = ORIENTED_EDGE('',*,*,#2675,.T.);
#2675 = EDGE_CURVE('',#320,#1213,#2676,.T.);
#2676 = LINE('',#2677,#2678);
#2677 = CARTESIAN_POINT('',(78.25,-90.75,0.));
#2678 = VECTOR('',#2679,1.);
#2679 = DIRECTION('',(0.,0.,1.));
#2680 = ORIENTED_EDGE('',*,*,#1212,.T.);
#2681 = ORIENTED_EDGE('',*,*,#2641,.F.);
#2682 = ORIENTED_EDGE('',*,*,#319,.F.);
#2683 = PLANE('',#2684);
#2684 = AXIS2_PLACEMENT_3D('',#2685,#2686,#2687);
#2685 = CARTESIAN_POINT('',(78.25,-90.75,0.));
#2686 = DIRECTION('',(-0.613940613515,0.789352217376,0.));
#2687 = DIRECTION('',(0.789352217376,0.613940613515,0.));
#2688 = ADVANCED_FACE('',(#2689),#2700,.T.);
#2689 = FACE_BOUND('',#2690,.T.);
#2690 = EDGE_LOOP('',(#2691,#2692,#2693,#2699));
#2691 = ORIENTED_EDGE('',*,*,#2660,.T.);
#2692 = ORIENTED_EDGE('',*,*,#1692,.T.);
#2693 = ORIENTED_EDGE('',*,*,#2694,.F.);
#2694 = EDGE_CURVE('',#792,#1685,#2695,.T.);
#2695 = LINE('',#2696,#2697);
#2696 = CARTESIAN_POINT('',(122.5,-93.,0.));
#2697 = VECTOR('',#2698,1.);
#2698 = DIRECTION('',(0.,0.,1.));
#2699 = ORIENTED_EDGE('',*,*,#799,.F.);
#2700 = PLANE('',#2701);
#2701 = AXIS2_PLACEMENT_3D('',#2702,#2703,#2704);
#2702 = CARTESIAN_POINT('',(122.453125,-92.296875,0.));
#2703 = DIRECTION('',(0.997785157857,6.651901052377E-02,-0.));
#2704 = DIRECTION('',(6.651901052377E-02,-0.997785157857,0.));
#2705 = ADVANCED_FACE('',(#2706),#2717,.T.);
#2706 = FACE_BOUND('',#2707,.T.);
#2707 = EDGE_LOOP('',(#2708,#2714,#2715,#2716));
#2708 = ORIENTED_EDGE('',*,*,#2709,.T.);
#2709 = EDGE_CURVE('',#328,#1221,#2710,.T.);
#2710 = LINE('',#2711,#2712);
#2711 = CARTESIAN_POINT('',(77.921875,-91.171875,0.));
#2712 = VECTOR('',#2713,1.);
#2713 = DIRECTION('',(0.,0.,1.));
#2714 = ORIENTED_EDGE('',*,*,#1220,.T.);
#2715 = ORIENTED_EDGE('',*,*,#2675,.F.);
#2716 = ORIENTED_EDGE('',*,*,#327,.F.);
#2717 = PLANE('',#2718);
#2718 = AXIS2_PLACEMENT_3D('',#2719,#2720,#2721);
#2719 = CARTESIAN_POINT('',(77.921875,-91.171875,0.));
#2720 = DIRECTION('',(-0.789352217376,0.613940613515,0.));
#2721 = DIRECTION('',(0.613940613515,0.789352217376,0.));
#2722 = ADVANCED_FACE('',(#2723),#2734,.T.);
#2723 = FACE_BOUND('',#2724,.T.);
#2724 = EDGE_LOOP('',(#2725,#2726,#2727,#2733));
#2725 = ORIENTED_EDGE('',*,*,#2694,.T.);
#2726 = ORIENTED_EDGE('',*,*,#1684,.T.);
#2727 = ORIENTED_EDGE('',*,*,#2728,.F.);
#2728 = EDGE_CURVE('',#784,#1677,#2729,.T.);
#2729 = LINE('',#2730,#2731);
#2730 = CARTESIAN_POINT('',(122.5,-147.,0.));
#2731 = VECTOR('',#2732,1.);
#2732 = DIRECTION('',(0.,0.,1.));
#2733 = ORIENTED_EDGE('',*,*,#791,.F.);
#2734 = PLANE('',#2735);
#2735 = AXIS2_PLACEMENT_3D('',#2736,#2737,#2738);
#2736 = CARTESIAN_POINT('',(122.5,-93.,0.));
#2737 = DIRECTION('',(1.,0.,-0.));
#2738 = DIRECTION('',(0.,-1.,0.));
#2739 = ADVANCED_FACE('',(#2740),#2751,.T.);
#2740 = FACE_BOUND('',#2741,.T.);
#2741 = EDGE_LOOP('',(#2742,#2748,#2749,#2750));
#2742 = ORIENTED_EDGE('',*,*,#2743,.T.);
#2743 = EDGE_CURVE('',#336,#1229,#2744,.T.);
#2744 = LINE('',#2745,#2746);
#2745 = CARTESIAN_POINT('',(77.6875,-91.6875,0.));
#2746 = VECTOR('',#2747,1.);
#2747 = DIRECTION('',(0.,0.,1.));
#2748 = ORIENTED_EDGE('',*,*,#1228,.T.);
#2749 = ORIENTED_EDGE('',*,*,#2709,.F.);
#2750 = ORIENTED_EDGE('',*,*,#335,.F.);
#2751 = PLANE('',#2752);
#2752 = AXIS2_PLACEMENT_3D('',#2753,#2754,#2755);
#2753 = CARTESIAN_POINT('',(77.6875,-91.6875,0.));
#2754 = DIRECTION('',(-0.910366477463,0.413802944301,0.));
#2755 = DIRECTION('',(0.413802944301,0.910366477463,0.));
#2756 = ADVANCED_FACE('',(#2757),#2768,.T.);
#2757 = FACE_BOUND('',#2758,.T.);
#2758 = EDGE_LOOP('',(#2759,#2760,#2761,#2767));
#2759 = ORIENTED_EDGE('',*,*,#2728,.T.);
#2760 = ORIENTED_EDGE('',*,*,#1676,.T.);
#2761 = ORIENTED_EDGE('',*,*,#2762,.F.);
#2762 = EDGE_CURVE('',#776,#1669,#2763,.T.);
#2763 = LINE('',#2764,#2765);
#2764 = CARTESIAN_POINT('',(122.453125,-147.703125,0.));
#2765 = VECTOR('',#2766,1.);
#2766 = DIRECTION('',(0.,0.,1.));
#2767 = ORIENTED_EDGE('',*,*,#783,.F.);
#2768 = PLANE('',#2769);
#2769 = AXIS2_PLACEMENT_3D('',#2770,#2771,#2772);
#2770 = CARTESIAN_POINT('',(122.5,-147.,0.));
#2771 = DIRECTION('',(0.997785157857,-6.651901052377E-02,0.));
#2772 = DIRECTION('',(-6.651901052377E-02,-0.997785157857,0.));
#2773 = ADVANCED_FACE('',(#2774),#2785,.T.);
#2774 = FACE_BOUND('',#2775,.T.);
#2775 = EDGE_LOOP('',(#2776,#2782,#2783,#2784));
#2776 = ORIENTED_EDGE('',*,*,#2777,.T.);
#2777 = EDGE_CURVE('',#344,#1237,#2778,.T.);
#2778 = LINE('',#2779,#2780);
#2779 = CARTESIAN_POINT('',(77.546875,-92.296875,0.));
#2780 = VECTOR('',#2781,1.);
#2781 = DIRECTION('',(0.,0.,1.));
#2782 = ORIENTED_EDGE('',*,*,#1236,.T.);
#2783 = ORIENTED_EDGE('',*,*,#2743,.F.);
#2784 = ORIENTED_EDGE('',*,*,#343,.F.);
#2785 = PLANE('',#2786);
#2786 = AXIS2_PLACEMENT_3D('',#2787,#2788,#2789);
#2787 = CARTESIAN_POINT('',(77.546875,-92.296875,0.));
#2788 = DIRECTION('',(-0.974391195695,0.224859506699,0.));
#2789 = DIRECTION('',(0.224859506699,0.974391195695,0.));
#2790 = ADVANCED_FACE('',(#2791),#2802,.T.);
#2791 = FACE_BOUND('',#2792,.T.);
#2792 = EDGE_LOOP('',(#2793,#2794,#2795,#2801));
#2793 = ORIENTED_EDGE('',*,*,#2762,.T.);
#2794 = ORIENTED_EDGE('',*,*,#1668,.T.);
#2795 = ORIENTED_EDGE('',*,*,#2796,.F.);
#2796 = EDGE_CURVE('',#768,#1661,#2797,.T.);
#2797 = LINE('',#2798,#2799);
#2798 = CARTESIAN_POINT('',(122.3125,-148.3125,0.));
#2799 = VECTOR('',#2800,1.);
#2800 = DIRECTION('',(0.,0.,1.));
#2801 = ORIENTED_EDGE('',*,*,#775,.F.);
#2802 = PLANE('',#2803);
#2803 = AXIS2_PLACEMENT_3D('',#2804,#2805,#2806);
#2804 = CARTESIAN_POINT('',(122.453125,-147.703125,0.));
#2805 = DIRECTION('',(0.974391195695,-0.224859506699,0.));
#2806 = DIRECTION('',(-0.224859506699,-0.974391195695,0.));
#2807 = ADVANCED_FACE('',(#2808),#2819,.T.);
#2808 = FACE_BOUND('',#2809,.T.);
#2809 = EDGE_LOOP('',(#2810,#2816,#2817,#2818));
#2810 = ORIENTED_EDGE('',*,*,#2811,.T.);
#2811 = EDGE_CURVE('',#352,#1245,#2812,.T.);
#2812 = LINE('',#2813,#2814);
#2813 = CARTESIAN_POINT('',(77.5,-93.,0.));
#2814 = VECTOR('',#2815,1.);
#2815 = DIRECTION('',(0.,0.,1.));
#2816 = ORIENTED_EDGE('',*,*,#1244,.T.);
#2817 = ORIENTED_EDGE('',*,*,#2777,.F.);
#2818 = ORIENTED_EDGE('',*,*,#351,.F.);
#2819 = PLANE('',#2820);
#2820 = AXIS2_PLACEMENT_3D('',#2821,#2822,#2823);
#2821 = CARTESIAN_POINT('',(77.5,-93.,0.));
#2822 = DIRECTION('',(-0.997785157857,6.651901052377E-02,0.));
#2823 = DIRECTION('',(6.651901052377E-02,0.997785157857,0.));
#2824 = ADVANCED_FACE('',(#2825),#2836,.T.);
#2825 = FACE_BOUND('',#2826,.T.);
#2826 = EDGE_LOOP('',(#2827,#2828,#2829,#2835));
#2827 = ORIENTED_EDGE('',*,*,#2796,.T.);
#2828 = ORIENTED_EDGE('',*,*,#1660,.T.);
#2829 = ORIENTED_EDGE('',*,*,#2830,.F.);
#2830 = EDGE_CURVE('',#760,#1653,#2831,.T.);
#2831 = LINE('',#2832,#2833);
#2832 = CARTESIAN_POINT('',(122.078125,-148.828125,0.));
#2833 = VECTOR('',#2834,1.);
#2834 = DIRECTION('',(0.,0.,1.));
#2835 = ORIENTED_EDGE('',*,*,#767,.F.);
#2836 = PLANE('',#2837);
#2837 = AXIS2_PLACEMENT_3D('',#2838,#2839,#2840);
#2838 = CARTESIAN_POINT('',(122.3125,-148.3125,0.));
#2839 = DIRECTION('',(0.910366477463,-0.413802944301,0.));
#2840 = DIRECTION('',(-0.413802944301,-0.910366477463,0.));
#2841 = ADVANCED_FACE('',(#2842),#2853,.T.);
#2842 = FACE_BOUND('',#2843,.T.);
#2843 = EDGE_LOOP('',(#2844,#2850,#2851,#2852));
#2844 = ORIENTED_EDGE('',*,*,#2845,.T.);
#2845 = EDGE_CURVE('',#360,#1253,#2846,.T.);
#2846 = LINE('',#2847,#2848);
#2847 = CARTESIAN_POINT('',(77.5,-147.,0.));
#2848 = VECTOR('',#2849,1.);
#2849 = DIRECTION('',(0.,0.,1.));
#2850 = ORIENTED_EDGE('',*,*,#1252,.T.);
#2851 = ORIENTED_EDGE('',*,*,#2811,.F.);
#2852 = ORIENTED_EDGE('',*,*,#359,.F.);
#2853 = PLANE('',#2854);
#2854 = AXIS2_PLACEMENT_3D('',#2855,#2856,#2857);
#2855 = CARTESIAN_POINT('',(77.5,-147.,0.));
#2856 = DIRECTION('',(-1.,0.,0.));
#2857 = DIRECTION('',(0.,1.,0.));
#2858 = ADVANCED_FACE('',(#2859),#2870,.T.);
#2859 = FACE_BOUND('',#2860,.T.);
#2860 = EDGE_LOOP('',(#2861,#2862,#2863,#2869));
#2861 = ORIENTED_EDGE('',*,*,#2830,.T.);
#2862 = ORIENTED_EDGE('',*,*,#1652,.T.);
#2863 = ORIENTED_EDGE('',*,*,#2864,.F.);
#2864 = EDGE_CURVE('',#752,#1645,#2865,.T.);
#2865 = LINE('',#2866,#2867);
#2866 = CARTESIAN_POINT('',(121.75,-149.25,0.));
#2867 = VECTOR('',#2868,1.);
#2868 = DIRECTION('',(0.,0.,1.));
#2869 = ORIENTED_EDGE('',*,*,#759,.F.);
#2870 = PLANE('',#2871);
#2871 = AXIS2_PLACEMENT_3D('',#2872,#2873,#2874);
#2872 = CARTESIAN_POINT('',(122.078125,-148.828125,0.));
#2873 = DIRECTION('',(0.789352217376,-0.613940613515,0.));
#2874 = DIRECTION('',(-0.613940613515,-0.789352217376,0.));
#2875 = ADVANCED_FACE('',(#2876),#2887,.T.);
#2876 = FACE_BOUND('',#2877,.T.);
#2877 = EDGE_LOOP('',(#2878,#2884,#2885,#2886));
#2878 = ORIENTED_EDGE('',*,*,#2879,.T.);
#2879 = EDGE_CURVE('',#368,#1261,#2880,.T.);
#2880 = LINE('',#2881,#2882);
#2881 = CARTESIAN_POINT('',(77.546875,-147.703125,0.));
#2882 = VECTOR('',#2883,1.);
#2883 = DIRECTION('',(0.,0.,1.));
#2884 = ORIENTED_EDGE('',*,*,#1260,.T.);
#2885 = ORIENTED_EDGE('',*,*,#2845,.F.);
#2886 = ORIENTED_EDGE('',*,*,#367,.F.);
#2887 = PLANE('',#2888);
#2888 = AXIS2_PLACEMENT_3D('',#2889,#2890,#2891);
#2889 = CARTESIAN_POINT('',(77.546875,-147.703125,0.));
#2890 = DIRECTION('',(-0.997785157857,-6.651901052377E-02,0.));
#2891 = DIRECTION('',(-6.651901052377E-02,0.997785157857,0.));
#2892 = ADVANCED_FACE('',(#2893),#2904,.T.);
#2893 = FACE_BOUND('',#2894,.T.);
#2894 = EDGE_LOOP('',(#2895,#2896,#2897,#2903));
#2895 = ORIENTED_EDGE('',*,*,#2864,.T.);
#2896 = ORIENTED_EDGE('',*,*,#1644,.T.);
#2897 = ORIENTED_EDGE('',*,*,#2898,.F.);
#2898 = EDGE_CURVE('',#744,#1637,#2899,.T.);
#2899 = LINE('',#2900,#2901);
#2900 = CARTESIAN_POINT('',(121.328125,-149.578125,0.));
#2901 = VECTOR('',#2902,1.);
#2902 = DIRECTION('',(0.,0.,1.));
#2903 = ORIENTED_EDGE('',*,*,#751,.F.);
#2904 = PLANE('',#2905);
#2905 = AXIS2_PLACEMENT_3D('',#2906,#2907,#2908);
#2906 = CARTESIAN_POINT('',(121.75,-149.25,0.));
#2907 = DIRECTION('',(0.613940613515,-0.789352217376,0.));
#2908 = DIRECTION('',(-0.789352217376,-0.613940613515,0.));
#2909 = ADVANCED_FACE('',(#2910),#2921,.T.);
#2910 = FACE_BOUND('',#2911,.T.);
#2911 = EDGE_LOOP('',(#2912,#2918,#2919,#2920));
#2912 = ORIENTED_EDGE('',*,*,#2913,.T.);
#2913 = EDGE_CURVE('',#376,#1269,#2914,.T.);
#2914 = LINE('',#2915,#2916);
#2915 = CARTESIAN_POINT('',(77.6875,-148.3125,0.));
#2916 = VECTOR('',#2917,1.);
#2917 = DIRECTION('',(0.,0.,1.));
#2918 = ORIENTED_EDGE('',*,*,#1268,.T.);
#2919 = ORIENTED_EDGE('',*,*,#2879,.F.);
#2920 = ORIENTED_EDGE('',*,*,#375,.F.);
#2921 = PLANE('',#2922);
#2922 = AXIS2_PLACEMENT_3D('',#2923,#2924,#2925);
#2923 = CARTESIAN_POINT('',(77.6875,-148.3125,0.));
#2924 = DIRECTION('',(-0.974391195695,-0.224859506699,0.));
#2925 = DIRECTION('',(-0.224859506699,0.974391195695,0.));
#2926 = ADVANCED_FACE('',(#2927),#2938,.T.);
#2927 = FACE_BOUND('',#2928,.T.);
#2928 = EDGE_LOOP('',(#2929,#2930,#2931,#2937));
#2929 = ORIENTED_EDGE('',*,*,#2898,.T.);
#2930 = ORIENTED_EDGE('',*,*,#1636,.T.);
#2931 = ORIENTED_EDGE('',*,*,#2932,.F.);
#2932 = EDGE_CURVE('',#736,#1629,#2933,.T.);
#2933 = LINE('',#2934,#2935);
#2934 = CARTESIAN_POINT('',(120.8125,-149.8125,0.));
#2935 = VECTOR('',#2936,1.);
#2936 = DIRECTION('',(0.,0.,1.));
#2937 = ORIENTED_EDGE('',*,*,#743,.F.);
#2938 = PLANE('',#2939);
#2939 = AXIS2_PLACEMENT_3D('',#2940,#2941,#2942);
#2940 = CARTESIAN_POINT('',(121.328125,-149.578125,0.));
#2941 = DIRECTION('',(0.413802944301,-0.910366477463,0.));
#2942 = DIRECTION('',(-0.910366477463,-0.413802944301,0.));
#2943 = ADVANCED_FACE('',(#2944),#2955,.T.);
#2944 = FACE_BOUND('',#2945,.T.);
#2945 = EDGE_LOOP('',(#2946,#2952,#2953,#2954));
#2946 = ORIENTED_EDGE('',*,*,#2947,.T.);
#2947 = EDGE_CURVE('',#384,#1277,#2948,.T.);
#2948 = LINE('',#2949,#2950);
#2949 = CARTESIAN_POINT('',(77.921875,-148.828125,0.));
#2950 = VECTOR('',#2951,1.);
#2951 = DIRECTION('',(0.,0.,1.));
#2952 = ORIENTED_EDGE('',*,*,#1276,.T.);
#2953 = ORIENTED_EDGE('',*,*,#2913,.F.);
#2954 = ORIENTED_EDGE('',*,*,#383,.F.);
#2955 = PLANE('',#2956);
#2956 = AXIS2_PLACEMENT_3D('',#2957,#2958,#2959);
#2957 = CARTESIAN_POINT('',(77.921875,-148.828125,0.));
#2958 = DIRECTION('',(-0.910366477463,-0.413802944301,0.));
#2959 = DIRECTION('',(-0.413802944301,0.910366477463,0.));
#2960 = ADVANCED_FACE('',(#2961),#2972,.T.);
#2961 = FACE_BOUND('',#2962,.T.);
#2962 = EDGE_LOOP('',(#2963,#2964,#2965,#2971));
#2963 = ORIENTED_EDGE('',*,*,#2932,.T.);
#2964 = ORIENTED_EDGE('',*,*,#1628,.T.);
#2965 = ORIENTED_EDGE('',*,*,#2966,.F.);
#2966 = EDGE_CURVE('',#728,#1621,#2967,.T.);
#2967 = LINE('',#2968,#2969);
#2968 = CARTESIAN_POINT('',(120.203125,-149.953125,0.));
#2969 = VECTOR('',#2970,1.);
#2970 = DIRECTION('',(0.,0.,1.));
#2971 = ORIENTED_EDGE('',*,*,#735,.F.);
#2972 = PLANE('',#2973);
#2973 = AXIS2_PLACEMENT_3D('',#2974,#2975,#2976);
#2974 = CARTESIAN_POINT('',(120.8125,-149.8125,0.));
#2975 = DIRECTION('',(0.224859506699,-0.974391195695,0.));
#2976 = DIRECTION('',(-0.974391195695,-0.224859506699,0.));
#2977 = ADVANCED_FACE('',(#2978),#2989,.T.);
#2978 = FACE_BOUND('',#2979,.T.);
#2979 = EDGE_LOOP('',(#2980,#2986,#2987,#2988));
#2980 = ORIENTED_EDGE('',*,*,#2981,.T.);
#2981 = EDGE_CURVE('',#392,#1285,#2982,.T.);
#2982 = LINE('',#2983,#2984);
#2983 = CARTESIAN_POINT('',(78.25,-149.25,0.));
#2984 = VECTOR('',#2985,1.);
#2985 = DIRECTION('',(0.,0.,1.));
#2986 = ORIENTED_EDGE('',*,*,#1284,.T.);
#2987 = ORIENTED_EDGE('',*,*,#2947,.F.);
#2988 = ORIENTED_EDGE('',*,*,#391,.F.);
#2989 = PLANE('',#2990);
#2990 = AXIS2_PLACEMENT_3D('',#2991,#2992,#2993);
#2991 = CARTESIAN_POINT('',(78.25,-149.25,0.));
#2992 = DIRECTION('',(-0.789352217376,-0.613940613515,0.));
#2993 = DIRECTION('',(-0.613940613515,0.789352217376,0.));
#2994 = ADVANCED_FACE('',(#2995),#3006,.T.);
#2995 = FACE_BOUND('',#2996,.T.);
#2996 = EDGE_LOOP('',(#2997,#2998,#2999,#3005));
#2997 = ORIENTED_EDGE('',*,*,#2966,.T.);
#2998 = ORIENTED_EDGE('',*,*,#1620,.T.);
#2999 = ORIENTED_EDGE('',*,*,#3000,.F.);
#3000 = EDGE_CURVE('',#720,#1613,#3001,.T.);
#3001 = LINE('',#3002,#3003);
#3002 = CARTESIAN_POINT('',(119.5,-150.,0.));
#3003 = VECTOR('',#3004,1.);
#3004 = DIRECTION('',(0.,0.,1.));
#3005 = ORIENTED_EDGE('',*,*,#727,.F.);
#3006 = PLANE('',#3007);
#3007 = AXIS2_PLACEMENT_3D('',#3008,#3009,#3010);
#3008 = CARTESIAN_POINT('',(120.203125,-149.953125,0.));
#3009 = DIRECTION('',(6.651901052377E-02,-0.997785157857,0.));
#3010 = DIRECTION('',(-0.997785157857,-6.651901052377E-02,0.));
#3011 = ADVANCED_FACE('',(#3012),#3023,.T.);
#3012 = FACE_BOUND('',#3013,.T.);
#3013 = EDGE_LOOP('',(#3014,#3020,#3021,#3022));
#3014 = ORIENTED_EDGE('',*,*,#3015,.T.);
#3015 = EDGE_CURVE('',#400,#1293,#3016,.T.);
#3016 = LINE('',#3017,#3018);
#3017 = CARTESIAN_POINT('',(78.671875,-149.578125,0.));
#3018 = VECTOR('',#3019,1.);
#3019 = DIRECTION('',(0.,0.,1.));
#3020 = ORIENTED_EDGE('',*,*,#1292,.T.);
#3021 = ORIENTED_EDGE('',*,*,#2981,.F.);
#3022 = ORIENTED_EDGE('',*,*,#399,.F.);
#3023 = PLANE('',#3024);
#3024 = AXIS2_PLACEMENT_3D('',#3025,#3026,#3027);
#3025 = CARTESIAN_POINT('',(78.671875,-149.578125,0.));
#3026 = DIRECTION('',(-0.613940613515,-0.789352217376,0.));
#3027 = DIRECTION('',(-0.789352217376,0.613940613515,0.));
#3028 = ADVANCED_FACE('',(#3029),#3040,.T.);
#3029 = FACE_BOUND('',#3030,.T.);
#3030 = EDGE_LOOP('',(#3031,#3032,#3033,#3039));
#3031 = ORIENTED_EDGE('',*,*,#3000,.T.);
#3032 = ORIENTED_EDGE('',*,*,#1612,.T.);
#3033 = ORIENTED_EDGE('',*,*,#3034,.F.);
#3034 = EDGE_CURVE('',#712,#1605,#3035,.T.);
#3035 = LINE('',#3036,#3037);
#3036 = CARTESIAN_POINT('',(112.5,-150.,0.));
#3037 = VECTOR('',#3038,1.);
#3038 = DIRECTION('',(0.,0.,1.));
#3039 = ORIENTED_EDGE('',*,*,#719,.F.);
#3040 = PLANE('',#3041);
#3041 = AXIS2_PLACEMENT_3D('',#3042,#3043,#3044);
#3042 = CARTESIAN_POINT('',(119.5,-150.,0.));
#3043 = DIRECTION('',(0.,-1.,0.));
#3044 = DIRECTION('',(-1.,0.,0.));
#3045 = ADVANCED_FACE('',(#3046),#3057,.T.);
#3046 = FACE_BOUND('',#3047,.T.);
#3047 = EDGE_LOOP('',(#3048,#3054,#3055,#3056));
#3048 = ORIENTED_EDGE('',*,*,#3049,.T.);
#3049 = EDGE_CURVE('',#408,#1301,#3050,.T.);
#3050 = LINE('',#3051,#3052);
#3051 = CARTESIAN_POINT('',(79.1875,-149.8125,0.));
#3052 = VECTOR('',#3053,1.);
#3053 = DIRECTION('',(0.,0.,1.));
#3054 = ORIENTED_EDGE('',*,*,#1300,.T.);
#3055 = ORIENTED_EDGE('',*,*,#3015,.F.);
#3056 = ORIENTED_EDGE('',*,*,#407,.F.);
#3057 = PLANE('',#3058);
#3058 = AXIS2_PLACEMENT_3D('',#3059,#3060,#3061);
#3059 = CARTESIAN_POINT('',(79.1875,-149.8125,0.));
#3060 = DIRECTION('',(-0.413802944301,-0.910366477463,0.));
#3061 = DIRECTION('',(-0.910366477463,0.413802944301,0.));
#3062 = ADVANCED_FACE('',(#3063),#3074,.T.);
#3063 = FACE_BOUND('',#3064,.T.);
#3064 = EDGE_LOOP('',(#3065,#3066,#3067,#3073));
#3065 = ORIENTED_EDGE('',*,*,#3034,.T.);
#3066 = ORIENTED_EDGE('',*,*,#1604,.T.);
#3067 = ORIENTED_EDGE('',*,*,#3068,.F.);
#3068 = EDGE_CURVE('',#704,#1597,#3069,.T.);
#3069 = LINE('',#3070,#3071);
#3070 = CARTESIAN_POINT('',(111.328125,-150.078125,0.));
#3071 = VECTOR('',#3072,1.);
#3072 = DIRECTION('',(0.,0.,1.));
#3073 = ORIENTED_EDGE('',*,*,#711,.F.);
#3074 = PLANE('',#3075);
#3075 = AXIS2_PLACEMENT_3D('',#3076,#3077,#3078);
#3076 = CARTESIAN_POINT('',(112.5,-150.,0.));
#3077 = DIRECTION('',(6.651901052377E-02,-0.997785157857,0.));
#3078 = DIRECTION('',(-0.997785157857,-6.651901052377E-02,0.));
#3079 = ADVANCED_FACE('',(#3080),#3091,.T.);
#3080 = FACE_BOUND('',#3081,.T.);
#3081 = EDGE_LOOP('',(#3082,#3088,#3089,#3090));
#3082 = ORIENTED_EDGE('',*,*,#3083,.T.);
#3083 = EDGE_CURVE('',#416,#1309,#3084,.T.);
#3084 = LINE('',#3085,#3086);
#3085 = CARTESIAN_POINT('',(79.796875,-149.953125,0.));
#3086 = VECTOR('',#3087,1.);
#3087 = DIRECTION('',(0.,0.,1.));
#3088 = ORIENTED_EDGE('',*,*,#1308,.T.);
#3089 = ORIENTED_EDGE('',*,*,#3049,.F.);
#3090 = ORIENTED_EDGE('',*,*,#415,.F.);
#3091 = PLANE('',#3092);
#3092 = AXIS2_PLACEMENT_3D('',#3093,#3094,#3095);
#3093 = CARTESIAN_POINT('',(79.796875,-149.953125,0.));
#3094 = DIRECTION('',(-0.224859506699,-0.974391195695,0.));
#3095 = DIRECTION('',(-0.974391195695,0.224859506699,0.));
#3096 = ADVANCED_FACE('',(#3097),#3108,.T.);
#3097 = FACE_BOUND('',#3098,.T.);
#3098 = EDGE_LOOP('',(#3099,#3100,#3101,#3107));
#3099 = ORIENTED_EDGE('',*,*,#3068,.T.);
#3100 = ORIENTED_EDGE('',*,*,#1596,.T.);
#3101 = ORIENTED_EDGE('',*,*,#3102,.F.);
#3102 = EDGE_CURVE('',#696,#1589,#3103,.T.);
#3103 = LINE('',#3104,#3105);
#3104 = CARTESIAN_POINT('',(110.3125,-150.3125,0.));
#3105 = VECTOR('',#3106,1.);
#3106 = DIRECTION('',(0.,0.,1.));
#3107 = ORIENTED_EDGE('',*,*,#703,.F.);
#3108 = PLANE('',#3109);
#3109 = AXIS2_PLACEMENT_3D('',#3110,#3111,#3112);
#3110 = CARTESIAN_POINT('',(111.328125,-150.078125,0.));
#3111 = DIRECTION('',(0.224859506699,-0.974391195695,0.));
#3112 = DIRECTION('',(-0.974391195695,-0.224859506699,0.));
#3113 = ADVANCED_FACE('',(#3114),#3125,.T.);
#3114 = FACE_BOUND('',#3115,.T.);
#3115 = EDGE_LOOP('',(#3116,#3122,#3123,#3124));
#3116 = ORIENTED_EDGE('',*,*,#3117,.T.);
#3117 = EDGE_CURVE('',#424,#1317,#3118,.T.);
#3118 = LINE('',#3119,#3120);
#3119 = CARTESIAN_POINT('',(80.5,-150.,0.));
#3120 = VECTOR('',#3121,1.);
#3121 = DIRECTION('',(0.,0.,1.));
#3122 = ORIENTED_EDGE('',*,*,#1316,.T.);
#3123 = ORIENTED_EDGE('',*,*,#3083,.F.);
#3124 = ORIENTED_EDGE('',*,*,#423,.F.);
#3125 = PLANE('',#3126);
#3126 = AXIS2_PLACEMENT_3D('',#3127,#3128,#3129);
#3127 = CARTESIAN_POINT('',(80.5,-150.,0.));
#3128 = DIRECTION('',(-6.651901052377E-02,-0.997785157857,0.));
#3129 = DIRECTION('',(-0.997785157857,6.651901052377E-02,0.));
#3130 = ADVANCED_FACE('',(#3131),#3142,.T.);
#3131 = FACE_BOUND('',#3132,.T.);
#3132 = EDGE_LOOP('',(#3133,#3134,#3135,#3141));
#3133 = ORIENTED_EDGE('',*,*,#3102,.T.);
#3134 = ORIENTED_EDGE('',*,*,#1588,.T.);
#3135 = ORIENTED_EDGE('',*,*,#3136,.F.);
#3136 = EDGE_CURVE('',#688,#1581,#3137,.T.);
#3137 = LINE('',#3138,#3139);
#3138 = CARTESIAN_POINT('',(109.453125,-150.703125,0.));
#3139 = VECTOR('',#3140,1.);
#3140 = DIRECTION('',(0.,0.,1.));
#3141 = ORIENTED_EDGE('',*,*,#695,.F.);
#3142 = PLANE('',#3143);
#3143 = AXIS2_PLACEMENT_3D('',#3144,#3145,#3146);
#3144 = CARTESIAN_POINT('',(110.3125,-150.3125,0.));
#3145 = DIRECTION('',(0.413802944301,-0.910366477463,0.));
#3146 = DIRECTION('',(-0.910366477463,-0.413802944301,0.));
#3147 = ADVANCED_FACE('',(#3148),#3159,.T.);
#3148 = FACE_BOUND('',#3149,.T.);
#3149 = EDGE_LOOP('',(#3150,#3156,#3157,#3158));
#3150 = ORIENTED_EDGE('',*,*,#3151,.T.);
#3151 = EDGE_CURVE('',#432,#1325,#3152,.T.);
#3152 = LINE('',#3153,#3154);
#3153 = CARTESIAN_POINT('',(87.5,-150.,0.));
#3154 = VECTOR('',#3155,1.);
#3155 = DIRECTION('',(0.,0.,1.));
#3156 = ORIENTED_EDGE('',*,*,#1324,.T.);
#3157 = ORIENTED_EDGE('',*,*,#3117,.F.);
#3158 = ORIENTED_EDGE('',*,*,#431,.F.);
#3159 = PLANE('',#3160);
#3160 = AXIS2_PLACEMENT_3D('',#3161,#3162,#3163);
#3161 = CARTESIAN_POINT('',(87.5,-150.,0.));
#3162 = DIRECTION('',(0.,-1.,0.));
#3163 = DIRECTION('',(-1.,0.,0.));
#3164 = ADVANCED_FACE('',(#3165),#3176,.T.);
#3165 = FACE_BOUND('',#3166,.T.);
#3166 = EDGE_LOOP('',(#3167,#3168,#3169,#3175));
#3167 = ORIENTED_EDGE('',*,*,#3136,.T.);
#3168 = ORIENTED_EDGE('',*,*,#1580,.T.);
#3169 = ORIENTED_EDGE('',*,*,#3170,.F.);
#3170 = EDGE_CURVE('',#680,#1573,#3171,.T.);
#3171 = LINE('',#3172,#3173);
#3172 = CARTESIAN_POINT('',(108.75,-151.25,0.));
#3173 = VECTOR('',#3174,1.);
#3174 = DIRECTION('',(0.,0.,1.));
#3175 = ORIENTED_EDGE('',*,*,#687,.F.);
#3176 = PLANE('',#3177);
#3177 = AXIS2_PLACEMENT_3D('',#3178,#3179,#3180);
#3178 = CARTESIAN_POINT('',(109.453125,-150.703125,0.));
#3179 = DIRECTION('',(0.613940613515,-0.789352217376,0.));
#3180 = DIRECTION('',(-0.789352217376,-0.613940613515,0.));
#3181 = ADVANCED_FACE('',(#3182),#3193,.T.);
#3182 = FACE_BOUND('',#3183,.T.);
#3183 = EDGE_LOOP('',(#3184,#3190,#3191,#3192));
#3184 = ORIENTED_EDGE('',*,*,#3185,.T.);
#3185 = EDGE_CURVE('',#440,#1333,#3186,.T.);
#3186 = LINE('',#3187,#3188);
#3187 = CARTESIAN_POINT('',(88.671875,-150.078125,0.));
#3188 = VECTOR('',#3189,1.);
#3189 = DIRECTION('',(0.,0.,1.));
#3190 = ORIENTED_EDGE('',*,*,#1332,.T.);
#3191 = ORIENTED_EDGE('',*,*,#3151,.F.);
#3192 = ORIENTED_EDGE('',*,*,#439,.F.);
#3193 = PLANE('',#3194);
#3194 = AXIS2_PLACEMENT_3D('',#3195,#3196,#3197);
#3195 = CARTESIAN_POINT('',(88.671875,-150.078125,0.));
#3196 = DIRECTION('',(-6.651901052377E-02,-0.997785157857,0.));
#3197 = DIRECTION('',(-0.997785157857,6.651901052377E-02,0.));
#3198 = ADVANCED_FACE('',(#3199),#3210,.T.);
#3199 = FACE_BOUND('',#3200,.T.);
#3200 = EDGE_LOOP('',(#3201,#3202,#3203,#3209));
#3201 = ORIENTED_EDGE('',*,*,#3170,.T.);
#3202 = ORIENTED_EDGE('',*,*,#1572,.T.);
#3203 = ORIENTED_EDGE('',*,*,#3204,.F.);
#3204 = EDGE_CURVE('',#672,#1565,#3205,.T.);
#3205 = LINE('',#3206,#3207);
#3206 = CARTESIAN_POINT('',(108.203125,-151.953125,0.));
#3207 = VECTOR('',#3208,1.);
#3208 = DIRECTION('',(0.,0.,1.));
#3209 = ORIENTED_EDGE('',*,*,#679,.F.);
#3210 = PLANE('',#3211);
#3211 = AXIS2_PLACEMENT_3D('',#3212,#3213,#3214);
#3212 = CARTESIAN_POINT('',(108.75,-151.25,0.));
#3213 = DIRECTION('',(0.789352217376,-0.613940613515,0.));
#3214 = DIRECTION('',(-0.613940613515,-0.789352217376,0.));
#3215 = ADVANCED_FACE('',(#3216),#3227,.T.);
#3216 = FACE_BOUND('',#3217,.T.);
#3217 = EDGE_LOOP('',(#3218,#3224,#3225,#3226));
#3218 = ORIENTED_EDGE('',*,*,#3219,.T.);
#3219 = EDGE_CURVE('',#448,#1341,#3220,.T.);
#3220 = LINE('',#3221,#3222);
#3221 = CARTESIAN_POINT('',(89.6875,-150.3125,0.));
#3222 = VECTOR('',#3223,1.);
#3223 = DIRECTION('',(0.,0.,1.));
#3224 = ORIENTED_EDGE('',*,*,#1340,.T.);
#3225 = ORIENTED_EDGE('',*,*,#3185,.F.);
#3226 = ORIENTED_EDGE('',*,*,#447,.F.);
#3227 = PLANE('',#3228);
#3228 = AXIS2_PLACEMENT_3D('',#3229,#3230,#3231);
#3229 = CARTESIAN_POINT('',(89.6875,-150.3125,0.));
#3230 = DIRECTION('',(-0.224859506699,-0.974391195695,0.));
#3231 = DIRECTION('',(-0.974391195695,0.224859506699,0.));
#3232 = ADVANCED_FACE('',(#3233),#3244,.T.);
#3233 = FACE_BOUND('',#3234,.T.);
#3234 = EDGE_LOOP('',(#3235,#3236,#3237,#3243));
#3235 = ORIENTED_EDGE('',*,*,#3204,.T.);
#3236 = ORIENTED_EDGE('',*,*,#1564,.T.);
#3237 = ORIENTED_EDGE('',*,*,#3238,.F.);
#3238 = EDGE_CURVE('',#664,#1557,#3239,.T.);
#3239 = LINE('',#3240,#3241);
#3240 = CARTESIAN_POINT('',(107.8125,-152.8125,0.));
#3241 = VECTOR('',#3242,1.);
#3242 = DIRECTION('',(0.,0.,1.));
#3243 = ORIENTED_EDGE('',*,*,#671,.F.);
#3244 = PLANE('',#3245);
#3245 = AXIS2_PLACEMENT_3D('',#3246,#3247,#3248);
#3246 = CARTESIAN_POINT('',(108.203125,-151.953125,0.));
#3247 = DIRECTION('',(0.910366477463,-0.413802944301,0.));
#3248 = DIRECTION('',(-0.413802944301,-0.910366477463,0.));
#3249 = ADVANCED_FACE('',(#3250),#3261,.T.);
#3250 = FACE_BOUND('',#3251,.T.);
#3251 = EDGE_LOOP('',(#3252,#3258,#3259,#3260));
#3252 = ORIENTED_EDGE('',*,*,#3253,.T.);
#3253 = EDGE_CURVE('',#456,#1349,#3254,.T.);
#3254 = LINE('',#3255,#3256);
#3255 = CARTESIAN_POINT('',(90.546875,-150.703125,0.));
#3256 = VECTOR('',#3257,1.);
#3257 = DIRECTION('',(0.,0.,1.));
#3258 = ORIENTED_EDGE('',*,*,#1348,.T.);
#3259 = ORIENTED_EDGE('',*,*,#3219,.F.);
#3260 = ORIENTED_EDGE('',*,*,#455,.F.);
#3261 = PLANE('',#3262);
#3262 = AXIS2_PLACEMENT_3D('',#3263,#3264,#3265);
#3263 = CARTESIAN_POINT('',(90.546875,-150.703125,0.));
#3264 = DIRECTION('',(-0.413802944301,-0.910366477463,0.));
#3265 = DIRECTION('',(-0.910366477463,0.413802944301,0.));
#3266 = ADVANCED_FACE('',(#3267),#3278,.T.);
#3267 = FACE_BOUND('',#3268,.T.);
#3268 = EDGE_LOOP('',(#3269,#3270,#3271,#3277));
#3269 = ORIENTED_EDGE('',*,*,#3238,.T.);
#3270 = ORIENTED_EDGE('',*,*,#1556,.T.);
#3271 = ORIENTED_EDGE('',*,*,#3272,.F.);
#3272 = EDGE_CURVE('',#656,#1549,#3273,.T.);
#3273 = LINE('',#3274,#3275);
#3274 = CARTESIAN_POINT('',(107.578125,-153.828125,0.));
#3275 = VECTOR('',#3276,1.);
#3276 = DIRECTION('',(0.,0.,1.));
#3277 = ORIENTED_EDGE('',*,*,#663,.F.);
#3278 = PLANE('',#3279);
#3279 = AXIS2_PLACEMENT_3D('',#3280,#3281,#3282);
#3280 = CARTESIAN_POINT('',(107.8125,-152.8125,0.));
#3281 = DIRECTION('',(0.974391195695,-0.224859506699,0.));
#3282 = DIRECTION('',(-0.224859506699,-0.974391195695,0.));
#3283 = ADVANCED_FACE('',(#3284),#3295,.T.);
#3284 = FACE_BOUND('',#3285,.T.);
#3285 = EDGE_LOOP('',(#3286,#3292,#3293,#3294));
#3286 = ORIENTED_EDGE('',*,*,#3287,.T.);
#3287 = EDGE_CURVE('',#464,#1357,#3288,.T.);
#3288 = LINE('',#3289,#3290);
#3289 = CARTESIAN_POINT('',(91.25,-151.25,0.));
#3290 = VECTOR('',#3291,1.);
#3291 = DIRECTION('',(0.,0.,1.));
#3292 = ORIENTED_EDGE('',*,*,#1356,.T.);
#3293 = ORIENTED_EDGE('',*,*,#3253,.F.);
#3294 = ORIENTED_EDGE('',*,*,#463,.F.);
#3295 = PLANE('',#3296);
#3296 = AXIS2_PLACEMENT_3D('',#3297,#3298,#3299);
#3297 = CARTESIAN_POINT('',(91.25,-151.25,0.));
#3298 = DIRECTION('',(-0.613940613515,-0.789352217376,0.));
#3299 = DIRECTION('',(-0.789352217376,0.613940613515,0.));
#3300 = ADVANCED_FACE('',(#3301),#3312,.T.);
#3301 = FACE_BOUND('',#3302,.T.);
#3302 = EDGE_LOOP('',(#3303,#3304,#3305,#3311));
#3303 = ORIENTED_EDGE('',*,*,#3272,.T.);
#3304 = ORIENTED_EDGE('',*,*,#1548,.T.);
#3305 = ORIENTED_EDGE('',*,*,#3306,.F.);
#3306 = EDGE_CURVE('',#648,#1541,#3307,.T.);
#3307 = LINE('',#3308,#3309);
#3308 = CARTESIAN_POINT('',(107.5,-155.,0.));
#3309 = VECTOR('',#3310,1.);
#3310 = DIRECTION('',(0.,0.,1.));
#3311 = ORIENTED_EDGE('',*,*,#655,.F.);
#3312 = PLANE('',#3313);
#3313 = AXIS2_PLACEMENT_3D('',#3314,#3315,#3316);
#3314 = CARTESIAN_POINT('',(107.578125,-153.828125,0.));
#3315 = DIRECTION('',(0.997785157857,-6.651901052377E-02,0.));
#3316 = DIRECTION('',(-6.651901052377E-02,-0.997785157857,0.));
#3317 = ADVANCED_FACE('',(#3318),#3329,.T.);
#3318 = FACE_BOUND('',#3319,.T.);
#3319 = EDGE_LOOP('',(#3320,#3326,#3327,#3328));
#3320 = ORIENTED_EDGE('',*,*,#3321,.T.);
#3321 = EDGE_CURVE('',#472,#1365,#3322,.T.);
#3322 = LINE('',#3323,#3324);
#3323 = CARTESIAN_POINT('',(91.796875,-151.953125,0.));
#3324 = VECTOR('',#3325,1.);
#3325 = DIRECTION('',(0.,0.,1.));
#3326 = ORIENTED_EDGE('',*,*,#1364,.T.);
#3327 = ORIENTED_EDGE('',*,*,#3287,.F.);
#3328 = ORIENTED_EDGE('',*,*,#471,.F.);
#3329 = PLANE('',#3330);
#3330 = AXIS2_PLACEMENT_3D('',#3331,#3332,#3333);
#3331 = CARTESIAN_POINT('',(91.796875,-151.953125,0.));
#3332 = DIRECTION('',(-0.789352217376,-0.613940613515,0.));
#3333 = DIRECTION('',(-0.613940613515,0.789352217376,0.));
#3334 = ADVANCED_FACE('',(#3335),#3346,.T.);
#3335 = FACE_BOUND('',#3336,.T.);
#3336 = EDGE_LOOP('',(#3337,#3338,#3339,#3345));
#3337 = ORIENTED_EDGE('',*,*,#3306,.T.);
#3338 = ORIENTED_EDGE('',*,*,#1540,.T.);
#3339 = ORIENTED_EDGE('',*,*,#3340,.F.);
#3340 = EDGE_CURVE('',#640,#1533,#3341,.T.);
#3341 = LINE('',#3342,#3343);
#3342 = CARTESIAN_POINT('',(107.5,-163.,0.));
#3343 = VECTOR('',#3344,1.);
#3344 = DIRECTION('',(0.,0.,1.));
#3345 = ORIENTED_EDGE('',*,*,#647,.F.);
#3346 = PLANE('',#3347);
#3347 = AXIS2_PLACEMENT_3D('',#3348,#3349,#3350);
#3348 = CARTESIAN_POINT('',(107.5,-155.,0.));
#3349 = DIRECTION('',(1.,0.,-0.));
#3350 = DIRECTION('',(0.,-1.,0.));
#3351 = ADVANCED_FACE('',(#3352),#3363,.T.);
#3352 = FACE_BOUND('',#3353,.T.);
#3353 = EDGE_LOOP('',(#3354,#3360,#3361,#3362));
#3354 = ORIENTED_EDGE('',*,*,#3355,.T.);
#3355 = EDGE_CURVE('',#480,#1373,#3356,.T.);
#3356 = LINE('',#3357,#3358);
#3357 = CARTESIAN_POINT('',(92.1875,-152.8125,0.));
#3358 = VECTOR('',#3359,1.);
#3359 = DIRECTION('',(0.,0.,1.));
#3360 = ORIENTED_EDGE('',*,*,#1372,.T.);
#3361 = ORIENTED_EDGE('',*,*,#3321,.F.);
#3362 = ORIENTED_EDGE('',*,*,#479,.F.);
#3363 = PLANE('',#3364);
#3364 = AXIS2_PLACEMENT_3D('',#3365,#3366,#3367);
#3365 = CARTESIAN_POINT('',(92.1875,-152.8125,0.));
#3366 = DIRECTION('',(-0.910366477463,-0.413802944301,0.));
#3367 = DIRECTION('',(-0.413802944301,0.910366477463,0.));
#3368 = ADVANCED_FACE('',(#3369),#3380,.T.);
#3369 = FACE_BOUND('',#3370,.T.);
#3370 = EDGE_LOOP('',(#3371,#3372,#3373,#3379));
#3371 = ORIENTED_EDGE('',*,*,#3340,.T.);
#3372 = ORIENTED_EDGE('',*,*,#1532,.T.);
#3373 = ORIENTED_EDGE('',*,*,#3374,.F.);
#3374 = EDGE_CURVE('',#632,#1525,#3375,.T.);
#3375 = LINE('',#3376,#3377);
#3376 = CARTESIAN_POINT('',(107.453125,-163.703125,0.));
#3377 = VECTOR('',#3378,1.);
#3378 = DIRECTION('',(0.,0.,1.));
#3379 = ORIENTED_EDGE('',*,*,#639,.F.);
#3380 = PLANE('',#3381);
#3381 = AXIS2_PLACEMENT_3D('',#3382,#3383,#3384);
#3382 = CARTESIAN_POINT('',(107.5,-163.,0.));
#3383 = DIRECTION('',(0.997785157857,-6.651901052377E-02,0.));
#3384 = DIRECTION('',(-6.651901052377E-02,-0.997785157857,0.));
#3385 = ADVANCED_FACE('',(#3386),#3397,.T.);
#3386 = FACE_BOUND('',#3387,.T.);
#3387 = EDGE_LOOP('',(#3388,#3394,#3395,#3396));
#3388 = ORIENTED_EDGE('',*,*,#3389,.T.);
#3389 = EDGE_CURVE('',#488,#1381,#3390,.T.);
#3390 = LINE('',#3391,#3392);
#3391 = CARTESIAN_POINT('',(92.421875,-153.828125,0.));
#3392 = VECTOR('',#3393,1.);
#3393 = DIRECTION('',(0.,0.,1.));
#3394 = ORIENTED_EDGE('',*,*,#1380,.T.);
#3395 = ORIENTED_EDGE('',*,*,#3355,.F.);
#3396 = ORIENTED_EDGE('',*,*,#487,.F.);
#3397 = PLANE('',#3398);
#3398 = AXIS2_PLACEMENT_3D('',#3399,#3400,#3401);
#3399 = CARTESIAN_POINT('',(92.421875,-153.828125,0.));
#3400 = DIRECTION('',(-0.974391195695,-0.224859506699,0.));
#3401 = DIRECTION('',(-0.224859506699,0.974391195695,0.));
#3402 = ADVANCED_FACE('',(#3403),#3414,.T.);
#3403 = FACE_BOUND('',#3404,.T.);
#3404 = EDGE_LOOP('',(#3405,#3406,#3407,#3413));
#3405 = ORIENTED_EDGE('',*,*,#3374,.T.);
#3406 = ORIENTED_EDGE('',*,*,#1524,.T.);
#3407 = ORIENTED_EDGE('',*,*,#3408,.F.);
#3408 = EDGE_CURVE('',#624,#1517,#3409,.T.);
#3409 = LINE('',#3410,#3411);
#3410 = CARTESIAN_POINT('',(107.3125,-164.3125,0.));
#3411 = VECTOR('',#3412,1.);
#3412 = DIRECTION('',(0.,0.,1.));
#3413 = ORIENTED_EDGE('',*,*,#631,.F.);
#3414 = PLANE('',#3415);
#3415 = AXIS2_PLACEMENT_3D('',#3416,#3417,#3418);
#3416 = CARTESIAN_POINT('',(107.453125,-163.703125,0.));
#3417 = DIRECTION('',(0.974391195695,-0.224859506699,0.));
#3418 = DIRECTION('',(-0.224859506699,-0.974391195695,0.));
#3419 = ADVANCED_FACE('',(#3420),#3431,.T.);
#3420 = FACE_BOUND('',#3421,.T.);
#3421 = EDGE_LOOP('',(#3422,#3428,#3429,#3430));
#3422 = ORIENTED_EDGE('',*,*,#3423,.T.);
#3423 = EDGE_CURVE('',#496,#1389,#3424,.T.);
#3424 = LINE('',#3425,#3426);
#3425 = CARTESIAN_POINT('',(92.5,-155.,0.));
#3426 = VECTOR('',#3427,1.);
#3427 = DIRECTION('',(0.,0.,1.));
#3428 = ORIENTED_EDGE('',*,*,#1388,.T.);
#3429 = ORIENTED_EDGE('',*,*,#3389,.F.);
#3430 = ORIENTED_EDGE('',*,*,#495,.F.);
#3431 = PLANE('',#3432);
#3432 = AXIS2_PLACEMENT_3D('',#3433,#3434,#3435);
#3433 = CARTESIAN_POINT('',(92.5,-155.,0.));
#3434 = DIRECTION('',(-0.997785157857,-6.651901052377E-02,0.));
#3435 = DIRECTION('',(-6.651901052377E-02,0.997785157857,0.));
#3436 = ADVANCED_FACE('',(#3437),#3448,.T.);
#3437 = FACE_BOUND('',#3438,.T.);
#3438 = EDGE_LOOP('',(#3439,#3440,#3441,#3447));
#3439 = ORIENTED_EDGE('',*,*,#3408,.T.);
#3440 = ORIENTED_EDGE('',*,*,#1516,.T.);
#3441 = ORIENTED_EDGE('',*,*,#3442,.F.);
#3442 = EDGE_CURVE('',#616,#1509,#3443,.T.);
#3443 = LINE('',#3444,#3445);
#3444 = CARTESIAN_POINT('',(107.078125,-164.828125,0.));
#3445 = VECTOR('',#3446,1.);
#3446 = DIRECTION('',(0.,0.,1.));
#3447 = ORIENTED_EDGE('',*,*,#623,.F.);
#3448 = PLANE('',#3449);
#3449 = AXIS2_PLACEMENT_3D('',#3450,#3451,#3452);
#3450 = CARTESIAN_POINT('',(107.3125,-164.3125,0.));
#3451 = DIRECTION('',(0.910366477463,-0.413802944301,0.));
#3452 = DIRECTION('',(-0.413802944301,-0.910366477463,0.));
#3453 = ADVANCED_FACE('',(#3454),#3465,.T.);
#3454 = FACE_BOUND('',#3455,.T.);
#3455 = EDGE_LOOP('',(#3456,#3462,#3463,#3464));
#3456 = ORIENTED_EDGE('',*,*,#3457,.T.);
#3457 = EDGE_CURVE('',#504,#1397,#3458,.T.);
#3458 = LINE('',#3459,#3460);
#3459 = CARTESIAN_POINT('',(92.5,-163.,0.));
#3460 = VECTOR('',#3461,1.);
#3461 = DIRECTION('',(0.,0.,1.));
#3462 = ORIENTED_EDGE('',*,*,#1396,.T.);
#3463 = ORIENTED_EDGE('',*,*,#3423,.F.);
#3464 = ORIENTED_EDGE('',*,*,#503,.F.);
#3465 = PLANE('',#3466);
#3466 = AXIS2_PLACEMENT_3D('',#3467,#3468,#3469);
#3467 = CARTESIAN_POINT('',(92.5,-163.,0.));
#3468 = DIRECTION('',(-1.,0.,0.));
#3469 = DIRECTION('',(0.,1.,0.));
#3470 = ADVANCED_FACE('',(#3471),#3482,.T.);
#3471 = FACE_BOUND('',#3472,.T.);
#3472 = EDGE_LOOP('',(#3473,#3474,#3475,#3481));
#3473 = ORIENTED_EDGE('',*,*,#3442,.T.);
#3474 = ORIENTED_EDGE('',*,*,#1508,.T.);
#3475 = ORIENTED_EDGE('',*,*,#3476,.F.);
#3476 = EDGE_CURVE('',#608,#1501,#3477,.T.);
#3477 = LINE('',#3478,#3479);
#3478 = CARTESIAN_POINT('',(106.75,-165.25,0.));
#3479 = VECTOR('',#3480,1.);
#3480 = DIRECTION('',(0.,0.,1.));
#3481 = ORIENTED_EDGE('',*,*,#615,.F.);
#3482 = PLANE('',#3483);
#3483 = AXIS2_PLACEMENT_3D('',#3484,#3485,#3486);
#3484 = CARTESIAN_POINT('',(107.078125,-164.828125,0.));
#3485 = DIRECTION('',(0.789352217376,-0.613940613515,0.));
#3486 = DIRECTION('',(-0.613940613515,-0.789352217376,0.));
#3487 = ADVANCED_FACE('',(#3488),#3499,.T.);
#3488 = FACE_BOUND('',#3489,.T.);
#3489 = EDGE_LOOP('',(#3490,#3496,#3497,#3498));
#3490 = ORIENTED_EDGE('',*,*,#3491,.T.);
#3491 = EDGE_CURVE('',#512,#1405,#3492,.T.);
#3492 = LINE('',#3493,#3494);
#3493 = CARTESIAN_POINT('',(92.546875,-163.703125,0.));
#3494 = VECTOR('',#3495,1.);
#3495 = DIRECTION('',(0.,0.,1.));
#3496 = ORIENTED_EDGE('',*,*,#1404,.T.);
#3497 = ORIENTED_EDGE('',*,*,#3457,.F.);
#3498 = ORIENTED_EDGE('',*,*,#511,.F.);
#3499 = PLANE('',#3500);
#3500 = AXIS2_PLACEMENT_3D('',#3501,#3502,#3503);
#3501 = CARTESIAN_POINT('',(92.546875,-163.703125,0.));
#3502 = DIRECTION('',(-0.997785157857,-6.651901052377E-02,0.));
#3503 = DIRECTION('',(-6.651901052377E-02,0.997785157857,0.));
#3504 = ADVANCED_FACE('',(#3505),#3516,.T.);
#3505 = FACE_BOUND('',#3506,.T.);
#3506 = EDGE_LOOP('',(#3507,#3508,#3509,#3515));
#3507 = ORIENTED_EDGE('',*,*,#3476,.T.);
#3508 = ORIENTED_EDGE('',*,*,#1500,.T.);
#3509 = ORIENTED_EDGE('',*,*,#3510,.F.);
#3510 = EDGE_CURVE('',#600,#1493,#3511,.T.);
#3511 = LINE('',#3512,#3513);
#3512 = CARTESIAN_POINT('',(106.328125,-165.578125,0.));
#3513 = VECTOR('',#3514,1.);
#3514 = DIRECTION('',(0.,0.,1.));
#3515 = ORIENTED_EDGE('',*,*,#607,.F.);
#3516 = PLANE('',#3517);
#3517 = AXIS2_PLACEMENT_3D('',#3518,#3519,#3520);
#3518 = CARTESIAN_POINT('',(106.75,-165.25,0.));
#3519 = DIRECTION('',(0.613940613515,-0.789352217376,0.));
#3520 = DIRECTION('',(-0.789352217376,-0.613940613515,0.));
#3521 = ADVANCED_FACE('',(#3522),#3533,.T.);
#3522 = FACE_BOUND('',#3523,.T.);
#3523 = EDGE_LOOP('',(#3524,#3530,#3531,#3532));
#3524 = ORIENTED_EDGE('',*,*,#3525,.T.);
#3525 = EDGE_CURVE('',#520,#1413,#3526,.T.);
#3526 = LINE('',#3527,#3528);
#3527 = CARTESIAN_POINT('',(92.6875,-164.3125,0.));
#3528 = VECTOR('',#3529,1.);
#3529 = DIRECTION('',(0.,0.,1.));
#3530 = ORIENTED_EDGE('',*,*,#1412,.T.);
#3531 = ORIENTED_EDGE('',*,*,#3491,.F.);
#3532 = ORIENTED_EDGE('',*,*,#519,.F.);
#3533 = PLANE('',#3534);
#3534 = AXIS2_PLACEMENT_3D('',#3535,#3536,#3537);
#3535 = CARTESIAN_POINT('',(92.6875,-164.3125,0.));
#3536 = DIRECTION('',(-0.974391195695,-0.224859506699,0.));
#3537 = DIRECTION('',(-0.224859506699,0.974391195695,0.));
#3538 = ADVANCED_FACE('',(#3539),#3550,.T.);
#3539 = FACE_BOUND('',#3540,.T.);
#3540 = EDGE_LOOP('',(#3541,#3542,#3543,#3549));
#3541 = ORIENTED_EDGE('',*,*,#3510,.T.);
#3542 = ORIENTED_EDGE('',*,*,#1492,.T.);
#3543 = ORIENTED_EDGE('',*,*,#3544,.F.);
#3544 = EDGE_CURVE('',#592,#1485,#3545,.T.);
#3545 = LINE('',#3546,#3547);
#3546 = CARTESIAN_POINT('',(105.8125,-165.8125,0.));
#3547 = VECTOR('',#3548,1.);
#3548 = DIRECTION('',(0.,0.,1.));
#3549 = ORIENTED_EDGE('',*,*,#599,.F.);
#3550 = PLANE('',#3551);
#3551 = AXIS2_PLACEMENT_3D('',#3552,#3553,#3554);
#3552 = CARTESIAN_POINT('',(106.328125,-165.578125,0.));
#3553 = DIRECTION('',(0.413802944301,-0.910366477463,0.));
#3554 = DIRECTION('',(-0.910366477463,-0.413802944301,0.));
#3555 = ADVANCED_FACE('',(#3556),#3567,.T.);
#3556 = FACE_BOUND('',#3557,.T.);
#3557 = EDGE_LOOP('',(#3558,#3564,#3565,#3566));
#3558 = ORIENTED_EDGE('',*,*,#3559,.T.);
#3559 = EDGE_CURVE('',#528,#1421,#3560,.T.);
#3560 = LINE('',#3561,#3562);
#3561 = CARTESIAN_POINT('',(92.921875,-164.828125,0.));
#3562 = VECTOR('',#3563,1.);
#3563 = DIRECTION('',(0.,0.,1.));
#3564 = ORIENTED_EDGE('',*,*,#1420,.T.);
#3565 = ORIENTED_EDGE('',*,*,#3525,.F.);
#3566 = ORIENTED_EDGE('',*,*,#527,.F.);
#3567 = PLANE('',#3568);
#3568 = AXIS2_PLACEMENT_3D('',#3569,#3570,#3571);
#3569 = CARTESIAN_POINT('',(92.921875,-164.828125,0.));
#3570 = DIRECTION('',(-0.910366477463,-0.413802944301,0.));
#3571 = DIRECTION('',(-0.413802944301,0.910366477463,0.));
#3572 = ADVANCED_FACE('',(#3573),#3584,.T.);
#3573 = FACE_BOUND('',#3574,.T.);
#3574 = EDGE_LOOP('',(#3575,#3576,#3577,#3583));
#3575 = ORIENTED_EDGE('',*,*,#3544,.T.);
#3576 = ORIENTED_EDGE('',*,*,#1484,.T.);
#3577 = ORIENTED_EDGE('',*,*,#3578,.F.);
#3578 = EDGE_CURVE('',#584,#1477,#3579,.T.);
#3579 = LINE('',#3580,#3581);
#3580 = CARTESIAN_POINT('',(105.203125,-165.953125,0.));
#3581 = VECTOR('',#3582,1.);
#3582 = DIRECTION('',(0.,0.,1.));
#3583 = ORIENTED_EDGE('',*,*,#591,.F.);
#3584 = PLANE('',#3585);
#3585 = AXIS2_PLACEMENT_3D('',#3586,#3587,#3588);
#3586 = CARTESIAN_POINT('',(105.8125,-165.8125,0.));
#3587 = DIRECTION('',(0.224859506699,-0.974391195695,0.));
#3588 = DIRECTION('',(-0.974391195695,-0.224859506699,0.));
#3589 = ADVANCED_FACE('',(#3590),#3601,.T.);
#3590 = FACE_BOUND('',#3591,.T.);
#3591 = EDGE_LOOP('',(#3592,#3598,#3599,#3600));
#3592 = ORIENTED_EDGE('',*,*,#3593,.T.);
#3593 = EDGE_CURVE('',#536,#1429,#3594,.T.);
#3594 = LINE('',#3595,#3596);
#3595 = CARTESIAN_POINT('',(93.25,-165.25,0.));
#3596 = VECTOR('',#3597,1.);
#3597 = DIRECTION('',(0.,0.,1.));
#3598 = ORIENTED_EDGE('',*,*,#1428,.T.);
#3599 = ORIENTED_EDGE('',*,*,#3559,.F.);
#3600 = ORIENTED_EDGE('',*,*,#535,.F.);
#3601 = PLANE('',#3602);
#3602 = AXIS2_PLACEMENT_3D('',#3603,#3604,#3605);
#3603 = CARTESIAN_POINT('',(93.25,-165.25,0.));
#3604 = DIRECTION('',(-0.789352217376,-0.613940613515,0.));
#3605 = DIRECTION('',(-0.613940613515,0.789352217376,0.));
#3606 = ADVANCED_FACE('',(#3607),#3618,.T.);
#3607 = FACE_BOUND('',#3608,.T.);
#3608 = EDGE_LOOP('',(#3609,#3610,#3611,#3617));
#3609 = ORIENTED_EDGE('',*,*,#3578,.T.);
#3610 = ORIENTED_EDGE('',*,*,#1476,.T.);
#3611 = ORIENTED_EDGE('',*,*,#3612,.F.);
#3612 = EDGE_CURVE('',#576,#1469,#3613,.T.);
#3613 = LINE('',#3614,#3615);
#3614 = CARTESIAN_POINT('',(104.5,-166.,0.));
#3615 = VECTOR('',#3616,1.);
#3616 = DIRECTION('',(0.,0.,1.));
#3617 = ORIENTED_EDGE('',*,*,#583,.F.);
#3618 = PLANE('',#3619);
#3619 = AXIS2_PLACEMENT_3D('',#3620,#3621,#3622);
#3620 = CARTESIAN_POINT('',(105.203125,-165.953125,0.));
#3621 = DIRECTION('',(6.651901052377E-02,-0.997785157857,0.));
#3622 = DIRECTION('',(-0.997785157857,-6.651901052377E-02,0.));
#3623 = ADVANCED_FACE('',(#3624),#3635,.T.);
#3624 = FACE_BOUND('',#3625,.T.);
#3625 = EDGE_LOOP('',(#3626,#3632,#3633,#3634));
#3626 = ORIENTED_EDGE('',*,*,#3627,.T.);
#3627 = EDGE_CURVE('',#544,#1437,#3628,.T.);
#3628 = LINE('',#3629,#3630);
#3629 = CARTESIAN_POINT('',(93.671875,-165.578125,0.));
#3630 = VECTOR('',#3631,1.);
#3631 = DIRECTION('',(0.,0.,1.));
#3632 = ORIENTED_EDGE('',*,*,#1436,.T.);
#3633 = ORIENTED_EDGE('',*,*,#3593,.F.);
#3634 = ORIENTED_EDGE('',*,*,#543,.F.);
#3635 = PLANE('',#3636);
#3636 = AXIS2_PLACEMENT_3D('',#3637,#3638,#3639);
#3637 = CARTESIAN_POINT('',(93.671875,-165.578125,0.));
#3638 = DIRECTION('',(-0.613940613515,-0.789352217376,0.));
#3639 = DIRECTION('',(-0.789352217376,0.613940613515,0.));
#3640 = ADVANCED_FACE('',(#3641),#3652,.T.);
#3641 = FACE_BOUND('',#3642,.T.);
#3642 = EDGE_LOOP('',(#3643,#3644,#3645,#3651));
#3643 = ORIENTED_EDGE('',*,*,#3612,.T.);
#3644 = ORIENTED_EDGE('',*,*,#1468,.T.);
#3645 = ORIENTED_EDGE('',*,*,#3646,.F.);
#3646 = EDGE_CURVE('',#568,#1461,#3647,.T.);
#3647 = LINE('',#3648,#3649);
#3648 = CARTESIAN_POINT('',(95.5,-166.,0.));
#3649 = VECTOR('',#3650,1.);
#3650 = DIRECTION('',(0.,0.,1.));
#3651 = ORIENTED_EDGE('',*,*,#575,.F.);
#3652 = PLANE('',#3653);
#3653 = AXIS2_PLACEMENT_3D('',#3654,#3655,#3656);
#3654 = CARTESIAN_POINT('',(104.5,-166.,0.));
#3655 = DIRECTION('',(0.,-1.,0.));
#3656 = DIRECTION('',(-1.,0.,0.));
#3657 = ADVANCED_FACE('',(#3658),#3669,.T.);
#3658 = FACE_BOUND('',#3659,.T.);
#3659 = EDGE_LOOP('',(#3660,#3666,#3667,#3668));
#3660 = ORIENTED_EDGE('',*,*,#3661,.T.);
#3661 = EDGE_CURVE('',#552,#1445,#3662,.T.);
#3662 = LINE('',#3663,#3664);
#3663 = CARTESIAN_POINT('',(94.1875,-165.8125,0.));
#3664 = VECTOR('',#3665,1.);
#3665 = DIRECTION('',(0.,0.,1.));
#3666 = ORIENTED_EDGE('',*,*,#1444,.T.);
#3667 = ORIENTED_EDGE('',*,*,#3627,.F.);
#3668 = ORIENTED_EDGE('',*,*,#551,.F.);
#3669 = PLANE('',#3670);
#3670 = AXIS2_PLACEMENT_3D('',#3671,#3672,#3673);
#3671 = CARTESIAN_POINT('',(94.1875,-165.8125,0.));
#3672 = DIRECTION('',(-0.413802944301,-0.910366477463,0.));
#3673 = DIRECTION('',(-0.910366477463,0.413802944301,0.));
#3674 = ADVANCED_FACE('',(#3675),#3686,.T.);
#3675 = FACE_BOUND('',#3676,.T.);
#3676 = EDGE_LOOP('',(#3677,#3678,#3679,#3685));
#3677 = ORIENTED_EDGE('',*,*,#3646,.T.);
#3678 = ORIENTED_EDGE('',*,*,#1460,.T.);
#3679 = ORIENTED_EDGE('',*,*,#3680,.F.);
#3680 = EDGE_CURVE('',#560,#1453,#3681,.T.);
#3681 = LINE('',#3682,#3683);
#3682 = CARTESIAN_POINT('',(94.796875,-165.953125,0.));
#3683 = VECTOR('',#3684,1.);
#3684 = DIRECTION('',(0.,0.,1.));
#3685 = ORIENTED_EDGE('',*,*,#567,.F.);
#3686 = PLANE('',#3687);
#3687 = AXIS2_PLACEMENT_3D('',#3688,#3689,#3690);
#3688 = CARTESIAN_POINT('',(95.5,-166.,0.));
#3689 = DIRECTION('',(-6.651901052377E-02,-0.997785157857,0.));
#3690 = DIRECTION('',(-0.997785157857,6.651901052377E-02,0.));
#3691 = ADVANCED_FACE('',(#3692),#3698,.T.);
#3692 = FACE_BOUND('',#3693,.T.);
#3693 = EDGE_LOOP('',(#3694,#3695,#3696,#3697));
#3694 = ORIENTED_EDGE('',*,*,#3680,.T.);
#3695 = ORIENTED_EDGE('',*,*,#1452,.T.);
#3696 = ORIENTED_EDGE('',*,*,#3661,.F.);
#3697 = ORIENTED_EDGE('',*,*,#559,.F.);
#3698 = PLANE('',#3699);
#3699 = AXIS2_PLACEMENT_3D('',#3700,#3701,#3702);
#3700 = CARTESIAN_POINT('',(94.796875,-165.953125,0.));
#3701 = DIRECTION('',(-0.224859506699,-0.974391195695,0.));
#3702 = DIRECTION('',(-0.974391195695,0.224859506699,0.));
#3703 = ADVANCED_FACE('',(#3704),#3715,.F.);
#3704 = FACE_BOUND('',#3705,.T.);
#3705 = EDGE_LOOP('',(#3706,#3707,#3713,#3714));
#3706 = ORIENTED_EDGE('',*,*,#984,.T.);
#3707 = ORIENTED_EDGE('',*,*,#3708,.T.);
#3708 = EDGE_CURVE('',#985,#1878,#3709,.T.);
#3709 = LINE('',#3710,#3711);
#3710 = CARTESIAN_POINT('',(81.5,-147.65,-4.6E-02));
#3711 = VECTOR('',#3712,1.);
#3712 = DIRECTION('',(0.,0.,1.));
#3713 = ORIENTED_EDGE('',*,*,#1877,.F.);
#3714 = ORIENTED_EDGE('',*,*,#3708,.F.);
#3715 = CYLINDRICAL_SURFACE('',#3716,1.65);
#3716 = AXIS2_PLACEMENT_3D('',#3717,#3718,#3719);
#3717 = CARTESIAN_POINT('',(81.5,-146.,-4.6E-02));
#3718 = DIRECTION('',(-0.,-0.,-1.));
#3719 = DIRECTION('',(-0.,-1.,0.));
#3720 = ADVANCED_FACE('',(#3721),#3732,.F.);
#3721 = FACE_BOUND('',#3722,.T.);
#3722 = EDGE_LOOP('',(#3723,#3724,#3730,#3731));
#3723 = ORIENTED_EDGE('',*,*,#995,.T.);
#3724 = ORIENTED_EDGE('',*,*,#3725,.T.);
#3725 = EDGE_CURVE('',#996,#1889,#3726,.T.);
#3726 = LINE('',#3727,#3728);
#3727 = CARTESIAN_POINT('',(118.5,-147.65,-4.6E-02));
#3728 = VECTOR('',#3729,1.);
#3729 = DIRECTION('',(0.,0.,1.));
#3730 = ORIENTED_EDGE('',*,*,#1888,.F.);
#3731 = ORIENTED_EDGE('',*,*,#3725,.F.);
#3732 = CYLINDRICAL_SURFACE('',#3733,1.65);
#3733 = AXIS2_PLACEMENT_3D('',#3734,#3735,#3736);
#3734 = CARTESIAN_POINT('',(118.5,-146.,-4.6E-02));
#3735 = DIRECTION('',(-0.,-0.,-1.));
#3736 = DIRECTION('',(-0.,-1.,0.));
#3737 = ADVANCED_FACE('',(#3738),#3749,.F.);
#3738 = FACE_BOUND('',#3739,.T.);
#3739 = EDGE_LOOP('',(#3740,#3741,#3747,#3748));
#3740 = ORIENTED_EDGE('',*,*,#1006,.T.);
#3741 = ORIENTED_EDGE('',*,*,#3742,.T.);
#3742 = EDGE_CURVE('',#1007,#1900,#3743,.T.);
#3743 = LINE('',#3744,#3745);
#3744 = CARTESIAN_POINT('',(81.5,-95.65,-4.6E-02));
#3745 = VECTOR('',#3746,1.);
#3746 = DIRECTION('',(0.,0.,1.));
#3747 = ORIENTED_EDGE('',*,*,#1899,.F.);
#3748 = ORIENTED_EDGE('',*,*,#3742,.F.);
#3749 = CYLINDRICAL_SURFACE('',#3750,1.65);
#3750 = AXIS2_PLACEMENT_3D('',#3751,#3752,#3753);
#3751 = CARTESIAN_POINT('',(81.5,-94.,-4.6E-02));
#3752 = DIRECTION('',(-0.,-0.,-1.));
#3753 = DIRECTION('',(-0.,-1.,0.));
#3754 = ADVANCED_FACE('',(#3755),#3766,.F.);
#3755 = FACE_BOUND('',#3756,.T.);
#3756 = EDGE_LOOP('',(#3757,#3758,#3764,#3765));
#3757 = ORIENTED_EDGE('',*,*,#1017,.T.);
#3758 = ORIENTED_EDGE('',*,*,#3759,.T.);
#3759 = EDGE_CURVE('',#1018,#1911,#3760,.T.);
#3760 = LINE('',#3761,#3762);
#3761 = CARTESIAN_POINT('',(118.5,-95.65,-4.6E-02));
#3762 = VECTOR('',#3763,1.);
#3763 = DIRECTION('',(0.,0.,1.));
#3764 = ORIENTED_EDGE('',*,*,#1910,.F.);
#3765 = ORIENTED_EDGE('',*,*,#3759,.F.);
#3766 = CYLINDRICAL_SURFACE('',#3767,1.65);
#3767 = AXIS2_PLACEMENT_3D('',#3768,#3769,#3770);
#3768 = CARTESIAN_POINT('',(118.5,-94.,-4.6E-02));
#3769 = DIRECTION('',(-0.,-0.,-1.));
#3770 = DIRECTION('',(-0.,-1.,0.));
#3771 = ( GEOMETRIC_REPRESENTATION_CONTEXT(3) 
GLOBAL_UNCERTAINTY_ASSIGNED_CONTEXT((#3775)) 
GLOBAL_UNIT_ASSIGNED_CONTEXT((#3772,#3773,#3774)) REPRESENTATION_CONTEXT
('Context #1','3D Context with UNIT and UNCERTAINTY') );
#3772 = ( LENGTH_UNIT() NAMED_UNIT(*) SI_UNIT(.MILLI.,.METRE.) );
#3773 = ( NAMED_UNIT(*) PLANE_ANGLE_UNIT() SI_UNIT($,.RADIAN.) );
#3774 = ( NAMED_UNIT(*) SI_UNIT($,.STERADIAN.) SOLID_ANGLE_UNIT() );
#3775 = UNCERTAINTY_MEASURE_WITH_UNIT(LENGTH_MEASURE(1.E-07),#3772,
  'distance_accuracy_value','confusion accuracy');
#3776 = CONTEXT_DEPENDENT_SHAPE_REPRESENTATION(#3777,#3779);
#3777 = ( REPRESENTATION_RELATIONSHIP('','',#32,#10) 
REPRESENTATION_RELATIONSHIP_WITH_TRANSFORMATION(#3778) 
SHAPE_REPRESENTATION_RELATIONSHIP() );
#3778 = ITEM_DEFINED_TRANSFORMATION('','',#11,#15);
#3779 = PRODUCT_DEFINITION_SHAPE('Placement','Placement of an item',
  #3780);
#3780 = NEXT_ASSEMBLY_USAGE_OCCURRENCE('1','=>[0:1:1:2]','',#5,#27,$);
#3781 = PRODUCT_RELATED_PRODUCT_CATEGORY('part',$,(#29));
#3782 = MECHANICAL_DESIGN_GEOMETRIC_PRESENTATION_REPRESENTATION('',(
    #3783),#3771);
#3783 = STYLED_ITEM('color',(#3784),#33);
#3784 = PRESENTATION_STYLE_ASSIGNMENT((#3785));
#3785 = SURFACE_STYLE_USAGE(.BOTH.,#3786);
#3786 = SURFACE_SIDE_STYLE('',(#3787));
#3787 = SURFACE_STYLE_FILL_AREA(#3788);
#3788 = FILL_AREA_STYLE('',(#3789));
#3789 = FILL_AREA_STYLE_COLOUR('',#3790);
#3790 = COLOUR_RGB('',0.277846546019,0.436627062838,0.370214030736);
ENDSEC;
END-ISO-10303-21;
