ISO-10303-21;
HEADER;
FILE_DESCRIPTION(('Open CASCADE Model'),'2;1');
FILE_NAME('Open CASCADE Shape Model','2026-08-25T20:31:23',('Author'),(
    'Open CASCADE'),'Open CASCADE STEP processor 7.9','Open CASCADE 7.9'
  ,'Unknown');
FILE_SCHEMA(('AUTOMOTIVE_DESIGN { 1 0 10303 214 1 1 1 1 }'));
ENDSEC;
DATA;
#1 = APPLICATION_PROTOCOL_DEFINITION('international standard',
  'automotive_design',2000,#2);
#2 = APPLICATION_CONTEXT(
  'core data for automotive mechanical design processes');
#3 = SHAPE_DEFINITION_REPRESENTATION(#4,#10);
#4 = PRODUCT_DEFINITION_SHAPE('','',#5);
#5 = PRODUCT_DEFINITION('design','',#6,#9);
#6 = PRODUCT_DEFINITION_FORMATION('','',#7);
#7 = PRODUCT('CC1101 433MHz Coil Module','CC1101 433MHz Coil Module','',
  (#8));
#8 = PRODUCT_CONTEXT('',#2,'mechanical');
#9 = PRODUCT_DEFINITION_CONTEXT('part definition',#2,'design');
#10 = SHAPE_REPRESENTATION('',(#11,#15,#19,#23,#27,#31,#35,#39,#43,#47,
    #51,#55,#59,#63,#67,#71,#75,#79,#83,#87,#91,#95,#99,#103,#107,#111),
  #115);
#11 = AXIS2_PLACEMENT_3D('',#12,#13,#14);
#12 = CARTESIAN_POINT('',(0.,0.,0.));
#13 = DIRECTION('',(0.,0.,1.));
#14 = DIRECTION('',(1.,0.,-0.));
#15 = AXIS2_PLACEMENT_3D('',#16,#17,#18);
#16 = CARTESIAN_POINT('',(0.,0.,0.));
#17 = DIRECTION('',(0.,0.,1.));
#18 = DIRECTION('',(1.,0.,-0.));
#19 = AXIS2_PLACEMENT_3D('',#20,#21,#22);
#20 = CARTESIAN_POINT('',(0.,0.,0.));
#21 = DIRECTION('',(0.,0.,1.));
#22 = DIRECTION('',(1.,0.,-0.));
#23 = AXIS2_PLACEMENT_3D('',#24,#25,#26);
#24 = CARTESIAN_POINT('',(0.,0.,0.));
#25 = DIRECTION('',(0.,0.,1.));
#26 = DIRECTION('',(1.,0.,-0.));
#27 = AXIS2_PLACEMENT_3D('',#28,#29,#30);
#28 = CARTESIAN_POINT('',(0.,0.,0.));
#29 = DIRECTION('',(0.,0.,1.));
#30 = DIRECTION('',(1.,0.,-0.));
#31 = AXIS2_PLACEMENT_3D('',#32,#33,#34);
#32 = CARTESIAN_POINT('',(0.,0.,0.));
#33 = DIRECTION('',(0.,0.,1.));
#34 = DIRECTION('',(1.,0.,-0.));
#35 = AXIS2_PLACEMENT_3D('',#36,#37,#38);
#36 = CARTESIAN_POINT('',(0.,0.,0.));
#37 = DIRECTION('',(0.,0.,1.));
#38 = DIRECTION('',(1.,0.,-0.));
#39 = AXIS2_PLACEMENT_3D('',#40,#41,#42);
#40 = CARTESIAN_POINT('',(0.,0.,0.));
#41 = DIRECTION('',(0.,0.,1.));
#42 = DIRECTION('',(1.,0.,-0.));
#43 = AXIS2_PLACEMENT_3D('',#44,#45,#46);
#44 = CARTESIAN_POINT('',(0.,0.,0.));
#45 = DIRECTION('',(0.,0.,1.));
#46 = DIRECTION('',(1.,0.,-0.));
#47 = AXIS2_PLACEMENT_3D('',#48,#49,#50);
#48 = CARTESIAN_POINT('',(0.,0.,0.));
#49 = DIRECTION('',(0.,0.,1.));
#50 = DIRECTION('',(1.,0.,-0.));
#51 = AXIS2_PLACEMENT_3D('',#52,#53,#54);
#52 = CARTESIAN_POINT('',(0.,0.,0.));
#53 = DIRECTION('',(0.,0.,1.));
#54 = DIRECTION('',(1.,0.,-0.));
#55 = AXIS2_PLACEMENT_3D('',#56,#57,#58);
#56 = CARTESIAN_POINT('',(0.,0.,0.));
#57 = DIRECTION('',(0.,0.,1.));
#58 = DIRECTION('',(1.,0.,-0.));
#59 = AXIS2_PLACEMENT_3D('',#60,#61,#62);
#60 = CARTESIAN_POINT('',(0.,0.,0.));
#61 = DIRECTION('',(0.,0.,1.));
#62 = DIRECTION('',(1.,0.,-0.));
#63 = AXIS2_PLACEMENT_3D('',#64,#65,#66);
#64 = CARTESIAN_POINT('',(0.,0.,0.));
#65 = DIRECTION('',(0.,0.,1.));
#66 = DIRECTION('',(1.,0.,-0.));
#67 = AXIS2_PLACEMENT_3D('',#68,#69,#70);
#68 = CARTESIAN_POINT('',(0.,0.,0.));
#69 = DIRECTION('',(0.,0.,1.));
#70 = DIRECTION('',(1.,0.,-0.));
#71 = AXIS2_PLACEMENT_3D('',#72,#73,#74);
#72 = CARTESIAN_POINT('',(0.,0.,0.));
#73 = DIRECTION('',(0.,0.,1.));
#74 = DIRECTION('',(1.,0.,-0.));
#75 = AXIS2_PLACEMENT_3D('',#76,#77,#78);
#76 = CARTESIAN_POINT('',(0.,0.,0.));
#77 = DIRECTION('',(0.,0.,1.));
#78 = DIRECTION('',(1.,0.,-0.));
#79 = AXIS2_PLACEMENT_3D('',#80,#81,#82);
#80 = CARTESIAN_POINT('',(0.,0.,0.));
#81 = DIRECTION('',(0.,0.,1.));
#82 = DIRECTION('',(1.,0.,-0.));
#83 = AXIS2_PLACEMENT_3D('',#84,#85,#86);
#84 = CARTESIAN_POINT('',(0.,0.,0.));
#85 = DIRECTION('',(0.,0.,1.));
#86 = DIRECTION('',(1.,0.,-0.));
#87 = AXIS2_PLACEMENT_3D('',#88,#89,#90);
#88 = CARTESIAN_POINT('',(0.,0.,0.));
#89 = DIRECTION('',(0.,0.,1.));
#90 = DIRECTION('',(1.,0.,-0.));
#91 = AXIS2_PLACEMENT_3D('',#92,#93,#94);
#92 = CARTESIAN_POINT('',(0.,0.,0.));
#93 = DIRECTION('',(0.,0.,1.));
#94 = DIRECTION('',(1.,0.,-0.));
#95 = AXIS2_PLACEMENT_3D('',#96,#97,#98);
#96 = CARTESIAN_POINT('',(0.,0.,0.));
#97 = DIRECTION('',(0.,0.,1.));
#98 = DIRECTION('',(1.,0.,-0.));
#99 = AXIS2_PLACEMENT_3D('',#100,#101,#102);
#100 = CARTESIAN_POINT('',(0.,0.,0.));
#101 = DIRECTION('',(0.,0.,1.));
#102 = DIRECTION('',(1.,0.,-0.));
#103 = AXIS2_PLACEMENT_3D('',#104,#105,#106);
#104 = CARTESIAN_POINT('',(0.,0.,0.));
#105 = DIRECTION('',(0.,0.,1.));
#106 = DIRECTION('',(1.,0.,-0.));
#107 = AXIS2_PLACEMENT_3D('',#108,#109,#110);
#108 = CARTESIAN_POINT('',(0.,0.,0.));
#109 = DIRECTION('',(0.,0.,1.));
#110 = DIRECTION('',(1.,0.,-0.));
#111 = AXIS2_PLACEMENT_3D('',#112,#113,#114);
#112 = CARTESIAN_POINT('',(0.,0.,0.));
#113 = DIRECTION('',(0.,0.,1.));
#114 = DIRECTION('',(1.,0.,-0.));
#115 = ( GEOMETRIC_REPRESENTATION_CONTEXT(3) 
GLOBAL_UNCERTAINTY_ASSIGNED_CONTEXT((#119)) GLOBAL_UNIT_ASSIGNED_CONTEXT
((#116,#117,#118)) REPRESENTATION_CONTEXT('Context #1',
  '3D Context with UNIT and UNCERTAINTY') );
#116 = ( LENGTH_UNIT() NAMED_UNIT(*) SI_UNIT(.MILLI.,.METRE.) );
#117 = ( NAMED_UNIT(*) PLANE_ANGLE_UNIT() SI_UNIT($,.RADIAN.) );
#118 = ( NAMED_UNIT(*) SI_UNIT($,.STERADIAN.) SOLID_ANGLE_UNIT() );
#119 = UNCERTAINTY_MEASURE_WITH_UNIT(LENGTH_MEASURE(5.E-07),#116,
  'distance_accuracy_value','confusion accuracy');
#120 = PRODUCT_RELATED_PRODUCT_CATEGORY('part',$,(#7));
#121 = SHAPE_DEFINITION_REPRESENTATION(#122,#128);
#122 = PRODUCT_DEFINITION_SHAPE('','',#123);
#123 = PRODUCT_DEFINITION('design','',#124,#127);
#124 = PRODUCT_DEFINITION_FORMATION('','',#125);
#125 = PRODUCT('PCB','PCB','',(#126));
#126 = PRODUCT_CONTEXT('',#2,'mechanical');
#127 = PRODUCT_DEFINITION_CONTEXT('part definition',#2,'design');
#128 = ADVANCED_BREP_SHAPE_REPRESENTATION('',(#11,#129),#643);
#129 = MANIFOLD_SOLID_BREP('',#130);
#130 = CLOSED_SHELL('',(#131,#251,#327,#446,#495,#582,#589,#616));
#131 = ADVANCED_FACE('',(#132),#146,.F.);
#132 = FACE_BOUND('',#133,.F.);
#133 = EDGE_LOOP('',(#134,#169,#197,#225));
#134 = ORIENTED_EDGE('',*,*,#135,.F.);
#135 = EDGE_CURVE('',#136,#138,#140,.T.);
#136 = VERTEX_POINT('',#137);
#137 = CARTESIAN_POINT('',(-2.8,-7.5,0.));
#138 = VERTEX_POINT('',#139);
#139 = CARTESIAN_POINT('',(-2.8,-7.5,1.));
#140 = SURFACE_CURVE('',#141,(#145,#157),.PCURVE_S1.);
#141 = LINE('',#142,#143);
#142 = CARTESIAN_POINT('',(-2.8,-7.5,0.));
#143 = VECTOR('',#144,1.);
#144 = DIRECTION('',(0.,0.,1.));
#145 = PCURVE('',#146,#151);
#146 = PLANE('',#147);
#147 = AXIS2_PLACEMENT_3D('',#148,#149,#150);
#148 = CARTESIAN_POINT('',(-2.8,-7.5,0.));
#149 = DIRECTION('',(1.,0.,0.));
#150 = DIRECTION('',(0.,0.,1.));
#151 = DEFINITIONAL_REPRESENTATION('',(#152),#156);
#152 = LINE('',#153,#154);
#153 = CARTESIAN_POINT('',(0.,0.));
#154 = VECTOR('',#155,1.);
#155 = DIRECTION('',(1.,0.));
#156 = ( GEOMETRIC_REPRESENTATION_CONTEXT(2) 
PARAMETRIC_REPRESENTATION_CONTEXT() REPRESENTATION_CONTEXT('2D SPACE',''
  ) );
#157 = PCURVE('',#158,#163);
#158 = PLANE('',#159);
#159 = AXIS2_PLACEMENT_3D('',#160,#161,#162);
#160 = CARTESIAN_POINT('',(-2.8,-7.5,0.));
#161 = DIRECTION('',(0.,1.,0.));
#162 = DIRECTION('',(0.,0.,1.));
#163 = DEFINITIONAL_REPRESENTATION('',(#164),#168);
#164 = LINE('',#165,#166);
#165 = CARTESIAN_POINT('',(0.,0.));
#166 = VECTOR('',#167,1.);
#167 = DIRECTION('',(1.,0.));
#168 = ( GEOMETRIC_REPRESENTATION_CONTEXT(2) 
PARAMETRIC_REPRESENTATION_CONTEXT() REPRESENTATION_CONTEXT('2D SPACE',''
  ) );
#169 = ORIENTED_EDGE('',*,*,#170,.T.);
#170 = EDGE_CURVE('',#136,#171,#173,.T.);
#171 = VERTEX_POINT('',#172);
#172 = CARTESIAN_POINT('',(-2.8,7.5,0.));
#173 = SURFACE_CURVE('',#174,(#178,#185),.PCURVE_S1.);
#174 = LINE('',#175,#176);
#175 = CARTESIAN_POINT('',(-2.8,-7.5,0.));
#176 = VECTOR('',#177,1.);
#177 = DIRECTION('',(0.,1.,0.));
#178 = PCURVE('',#146,#179);
#179 = DEFINITIONAL_REPRESENTATION('',(#180),#184);
#180 = LINE('',#181,#182);
#181 = CARTESIAN_POINT('',(0.,0.));
#182 = VECTOR('',#183,1.);
#183 = DIRECTION('',(0.,-1.));
#184 = ( GEOMETRIC_REPRESENTATION_CONTEXT(2) 
PARAMETRIC_REPRESENTATION_CONTEXT() REPRESENTATION_CONTEXT('2D SPACE',''
  ) );
#185 = PCURVE('',#186,#191);
#186 = PLANE('',#187);
#187 = AXIS2_PLACEMENT_3D('',#188,#189,#190);
#188 = CARTESIAN_POINT('',(-2.8,-7.5,0.));
#189 = DIRECTION('',(0.,0.,1.));
#190 = DIRECTION('',(1.,0.,0.));
#191 = DEFINITIONAL_REPRESENTATION('',(#192),#196);
#192 = LINE('',#193,#194);
#193 = CARTESIAN_POINT('',(0.,0.));
#194 = VECTOR('',#195,1.);
#195 = DIRECTION('',(0.,1.));
#196 = ( GEOMETRIC_REPRESENTATION_CONTEXT(2) 
PARAMETRIC_REPRESENTATION_CONTEXT() REPRESENTATION_CONTEXT('2D SPACE',''
  ) );
#197 = ORIENTED_EDGE('',*,*,#198,.T.);
#198 = EDGE_CURVE('',#171,#199,#201,.T.);
#199 = VERTEX_POINT('',#200);
#200 = CARTESIAN_POINT('',(-2.8,7.5,1.));
#201 = SURFACE_CURVE('',#202,(#206,#213),.PCURVE_S1.);
#202 = LINE('',#203,#204);
#203 = CARTESIAN_POINT('',(-2.8,7.5,0.));
#204 = VECTOR('',#205,1.);
#205 = DIRECTION('',(0.,0.,1.));
#206 = PCURVE('',#146,#207);
#207 = DEFINITIONAL_REPRESENTATION('',(#208),#212);
#208 = LINE('',#209,#210);
#209 = CARTESIAN_POINT('',(0.,-15.));
#210 = VECTOR('',#211,1.);
#211 = DIRECTION('',(1.,0.));
#212 = ( GEOMETRIC_REPRESENTATION_CONTEXT(2) 
PARAMETRIC_REPRESENTATION_CONTEXT() REPRESENTATION_CONTEXT('2D SPACE',''
  ) );
#213 = PCURVE('',#214,#219);
#214 = PLANE('',#215);
#215 = AXIS2_PLACEMENT_3D('',#216,#217,#218);
#216 = CARTESIAN_POINT('',(-2.8,7.5,0.));
#217 = DIRECTION('',(0.,1.,0.));
#218 = DIRECTION('',(0.,0.,1.));
#219 = DEFINITIONAL_REPRESENTATION('',(#220),#224);
#220 = LINE('',#221,#222);
#221 = CARTESIAN_POINT('',(0.,0.));
#222 = VECTOR('',#223,1.);
#223 = DIRECTION('',(1.,0.));
#224 = ( GEOMETRIC_REPRESENTATION_CONTEXT(2) 
PARAMETRIC_REPRESENTATION_CONTEXT() REPRESENTATION_CONTEXT('2D SPACE',''
  ) );
#225 = ORIENTED_EDGE('',*,*,#226,.F.);
#226 = EDGE_CURVE('',#138,#199,#227,.T.);
#227 = SURFACE_CURVE('',#228,(#232,#239),.PCURVE_S1.);
#228 = LINE('',#229,#230);
#229 = CARTESIAN_POINT('',(-2.8,-7.5,1.));
#230 = VECTOR('',#231,1.);
#231 = DIRECTION('',(0.,1.,0.));
#232 = PCURVE('',#146,#233);
#233 = DEFINITIONAL_REPRESENTATION('',(#234),#238);
#234 = LINE('',#235,#236);
#235 = CARTESIAN_POINT('',(1.,0.));
#236 = VECTOR('',#237,1.);
#237 = DIRECTION('',(0.,-1.));
#238 = ( GEOMETRIC_REPRESENTATION_CONTEXT(2) 
PARAMETRIC_REPRESENTATION_CONTEXT() REPRESENTATION_CONTEXT('2D SPACE',''
  ) );
#239 = PCURVE('',#240,#245);
#240 = PLANE('',#241);
#241 = AXIS2_PLACEMENT_3D('',#242,#243,#244);
#242 = CARTESIAN_POINT('',(-2.8,-7.5,1.));
#243 = DIRECTION('',(0.,0.,1.));
#244 = DIRECTION('',(1.,0.,0.));
#245 = DEFINITIONAL_REPRESENTATION('',(#246),#250);
#246 = LINE('',#247,#248);
#247 = CARTESIAN_POINT('',(0.,0.));
#248 = VECTOR('',#249,1.);
#249 = DIRECTION('',(0.,1.));
#250 = ( GEOMETRIC_REPRESENTATION_CONTEXT(2) 
PARAMETRIC_REPRESENTATION_CONTEXT() REPRESENTATION_CONTEXT('2D SPACE',''
  ) );
#251 = ADVANCED_FACE('',(#252),#158,.F.);
#252 = FACE_BOUND('',#253,.F.);
#253 = EDGE_LOOP('',(#254,#277,#278,#301));
#254 = ORIENTED_EDGE('',*,*,#255,.F.);
#255 = EDGE_CURVE('',#136,#256,#258,.T.);
#256 = VERTEX_POINT('',#257);
#257 = CARTESIAN_POINT('',(25.2,-7.5,0.));
#258 = SURFACE_CURVE('',#259,(#263,#270),.PCURVE_S1.);
#259 = LINE('',#260,#261);
#260 = CARTESIAN_POINT('',(-2.8,-7.5,0.));
#261 = VECTOR('',#262,1.);
#262 = DIRECTION('',(1.,0.,0.));
#263 = PCURVE('',#158,#264);
#264 = DEFINITIONAL_REPRESENTATION('',(#265),#269);
#265 = LINE('',#266,#267);
#266 = CARTESIAN_POINT('',(0.,0.));
#267 = VECTOR('',#268,1.);
#268 = DIRECTION('',(0.,1.));
#269 = ( GEOMETRIC_REPRESENTATION_CONTEXT(2) 
PARAMETRIC_REPRESENTATION_CONTEXT() REPRESENTATION_CONTEXT('2D SPACE',''
  ) );
#270 = PCURVE('',#186,#271);
#271 = DEFINITIONAL_REPRESENTATION('',(#272),#276);
#272 = LINE('',#273,#274);
#273 = CARTESIAN_POINT('',(0.,0.));
#274 = VECTOR('',#275,1.);
#275 = DIRECTION('',(1.,0.));
#276 = ( GEOMETRIC_REPRESENTATION_CONTEXT(2) 
PARAMETRIC_REPRESENTATION_CONTEXT() REPRESENTATION_CONTEXT('2D SPACE',''
  ) );
#277 = ORIENTED_EDGE('',*,*,#135,.T.);
#278 = ORIENTED_EDGE('',*,*,#279,.T.);
#279 = EDGE_CURVE('',#138,#280,#282,.T.);
#280 = VERTEX_POINT('',#281);
#281 = CARTESIAN_POINT('',(25.2,-7.5,1.));
#282 = SURFACE_CURVE('',#283,(#287,#294),.PCURVE_S1.);
#283 = LINE('',#284,#285);
#284 = CARTESIAN_POINT('',(-2.8,-7.5,1.));
#285 = VECTOR('',#286,1.);
#286 = DIRECTION('',(1.,0.,0.));
#287 = PCURVE('',#158,#288);
#288 = DEFINITIONAL_REPRESENTATION('',(#289),#293);
#289 = LINE('',#290,#291);
#290 = CARTESIAN_POINT('',(1.,0.));
#291 = VECTOR('',#292,1.);
#292 = DIRECTION('',(0.,1.));
#293 = ( GEOMETRIC_REPRESENTATION_CONTEXT(2) 
PARAMETRIC_REPRESENTATION_CONTEXT() REPRESENTATION_CONTEXT('2D SPACE',''
  ) );
#294 = PCURVE('',#240,#295);
#295 = DEFINITIONAL_REPRESENTATION('',(#296),#300);
#296 = LINE('',#297,#298);
#297 = CARTESIAN_POINT('',(0.,0.));
#298 = VECTOR('',#299,1.);
#299 = DIRECTION('',(1.,0.));
#300 = ( GEOMETRIC_REPRESENTATION_CONTEXT(2) 
PARAMETRIC_REPRESENTATION_CONTEXT() REPRESENTATION_CONTEXT('2D SPACE',''
  ) );
#301 = ORIENTED_EDGE('',*,*,#302,.F.);
#302 = EDGE_CURVE('',#256,#280,#303,.T.);
#303 = SURFACE_CURVE('',#304,(#308,#315),.PCURVE_S1.);
#304 = LINE('',#305,#306);
#305 = CARTESIAN_POINT('',(25.2,-7.5,0.));
#306 = VECTOR('',#307,1.);
#307 = DIRECTION('',(0.,0.,1.));
#308 = PCURVE('',#158,#309);
#309 = DEFINITIONAL_REPRESENTATION('',(#310),#314);
#310 = LINE('',#311,#312);
#311 = CARTESIAN_POINT('',(0.,28.));
#312 = VECTOR('',#313,1.);
#313 = DIRECTION('',(1.,0.));
#314 = ( GEOMETRIC_REPRESENTATION_CONTEXT(2) 
PARAMETRIC_REPRESENTATION_CONTEXT() REPRESENTATION_CONTEXT('2D SPACE',''
  ) );
#315 = PCURVE('',#316,#321);
#316 = PLANE('',#317);
#317 = AXIS2_PLACEMENT_3D('',#318,#319,#320);
#318 = CARTESIAN_POINT('',(25.2,-7.5,0.));
#319 = DIRECTION('',(1.,0.,0.));
#320 = DIRECTION('',(0.,0.,1.));
#321 = DEFINITIONAL_REPRESENTATION('',(#322),#326);
#322 = LINE('',#323,#324);
#323 = CARTESIAN_POINT('',(0.,0.));
#324 = VECTOR('',#325,1.);
#325 = DIRECTION('',(1.,0.));
#326 = ( GEOMETRIC_REPRESENTATION_CONTEXT(2) 
PARAMETRIC_REPRESENTATION_CONTEXT() REPRESENTATION_CONTEXT('2D SPACE',''
  ) );
#327 = ADVANCED_FACE('',(#328,#376,#411),#240,.T.);
#328 = FACE_BOUND('',#329,.T.);
#329 = EDGE_LOOP('',(#330,#331,#332,#355));
#330 = ORIENTED_EDGE('',*,*,#226,.F.);
#331 = ORIENTED_EDGE('',*,*,#279,.T.);
#332 = ORIENTED_EDGE('',*,*,#333,.T.);
#333 = EDGE_CURVE('',#280,#334,#336,.T.);
#334 = VERTEX_POINT('',#335);
#335 = CARTESIAN_POINT('',(25.2,7.5,1.));
#336 = SURFACE_CURVE('',#337,(#341,#348),.PCURVE_S1.);
#337 = LINE('',#338,#339);
#338 = CARTESIAN_POINT('',(25.2,-7.5,1.));
#339 = VECTOR('',#340,1.);
#340 = DIRECTION('',(0.,1.,0.));
#341 = PCURVE('',#240,#342);
#342 = DEFINITIONAL_REPRESENTATION('',(#343),#347);
#343 = LINE('',#344,#345);
#344 = CARTESIAN_POINT('',(28.,0.));
#345 = VECTOR('',#346,1.);
#346 = DIRECTION('',(0.,1.));
#347 = ( GEOMETRIC_REPRESENTATION_CONTEXT(2) 
PARAMETRIC_REPRESENTATION_CONTEXT() REPRESENTATION_CONTEXT('2D SPACE',''
  ) );
#348 = PCURVE('',#316,#349);
#349 = DEFINITIONAL_REPRESENTATION('',(#350),#354);
#350 = LINE('',#351,#352);
#351 = CARTESIAN_POINT('',(1.,0.));
#352 = VECTOR('',#353,1.);
#353 = DIRECTION('',(0.,-1.));
#354 = ( GEOMETRIC_REPRESENTATION_CONTEXT(2) 
PARAMETRIC_REPRESENTATION_CONTEXT() REPRESENTATION_CONTEXT('2D SPACE',''
  ) );
#355 = ORIENTED_EDGE('',*,*,#356,.F.);
#356 = EDGE_CURVE('',#199,#334,#357,.T.);
#357 = SURFACE_CURVE('',#358,(#362,#369),.PCURVE_S1.);
#358 = LINE('',#359,#360);
#359 = CARTESIAN_POINT('',(-2.8,7.5,1.));
#360 = VECTOR('',#361,1.);
#361 = DIRECTION('',(1.,0.,0.));
#362 = PCURVE('',#240,#363);
#363 = DEFINITIONAL_REPRESENTATION('',(#364),#368);
#364 = LINE('',#365,#366);
#365 = CARTESIAN_POINT('',(0.,15.));
#366 = VECTOR('',#367,1.);
#367 = DIRECTION('',(1.,0.));
#368 = ( GEOMETRIC_REPRESENTATION_CONTEXT(2) 
PARAMETRIC_REPRESENTATION_CONTEXT() REPRESENTATION_CONTEXT('2D SPACE',''
  ) );
#369 = PCURVE('',#214,#370);
#370 = DEFINITIONAL_REPRESENTATION('',(#371),#375);
#371 = LINE('',#372,#373);
#372 = CARTESIAN_POINT('',(1.,0.));
#373 = VECTOR('',#374,1.);
#374 = DIRECTION('',(0.,1.));
#375 = ( GEOMETRIC_REPRESENTATION_CONTEXT(2) 
PARAMETRIC_REPRESENTATION_CONTEXT() REPRESENTATION_CONTEXT('2D SPACE',''
  ) );
#376 = FACE_BOUND('',#377,.T.);
#377 = EDGE_LOOP('',(#378));
#378 = ORIENTED_EDGE('',*,*,#379,.T.);
#379 = EDGE_CURVE('',#380,#380,#382,.T.);
#380 = VERTEX_POINT('',#381);
#381 = CARTESIAN_POINT('',(19.6,-4.9,1.));
#382 = SURFACE_CURVE('',#383,(#388,#399),.PCURVE_S1.);
#383 = CIRCLE('',#384,1.4);
#384 = AXIS2_PLACEMENT_3D('',#385,#386,#387);
#385 = CARTESIAN_POINT('',(21.,-4.9,1.));
#386 = DIRECTION('',(0.,0.,-1.));
#387 = DIRECTION('',(-1.,0.,0.));
#388 = PCURVE('',#240,#389);
#389 = DEFINITIONAL_REPRESENTATION('',(#390),#398);
#390 = ( BOUNDED_CURVE() B_SPLINE_CURVE(2,(#391,#392,#393,#394,#395,#396
,#397),.UNSPECIFIED.,.T.,.F.) B_SPLINE_CURVE_WITH_KNOTS((1,2,2,2,2,1),(
    -2.094395102393,0.,2.094395102393,4.188790204786,6.28318530718,
8.377580409573),.UNSPECIFIED.) CURVE() GEOMETRIC_REPRESENTATION_ITEM() 
RATIONAL_B_SPLINE_CURVE((1.,0.5,1.,0.5,1.,0.5,1.)) REPRESENTATION_ITEM(
  '') );
#391 = CARTESIAN_POINT('',(22.4,2.6));
#392 = CARTESIAN_POINT('',(22.4,5.024871130596));
#393 = CARTESIAN_POINT('',(24.5,3.812435565298));
#394 = CARTESIAN_POINT('',(26.6,2.6));
#395 = CARTESIAN_POINT('',(24.5,1.387564434702));
#396 = CARTESIAN_POINT('',(22.4,0.175128869404));
#397 = CARTESIAN_POINT('',(22.4,2.6));
#398 = ( GEOMETRIC_REPRESENTATION_CONTEXT(2) 
PARAMETRIC_REPRESENTATION_CONTEXT() REPRESENTATION_CONTEXT('2D SPACE',''
  ) );
#399 = PCURVE('',#400,#405);
#400 = CYLINDRICAL_SURFACE('',#401,1.4);
#401 = AXIS2_PLACEMENT_3D('',#402,#403,#404);
#402 = CARTESIAN_POINT('',(21.,-4.9,1.));
#403 = DIRECTION('',(0.,0.,-1.));
#404 = DIRECTION('',(-1.,0.,0.));
#405 = DEFINITIONAL_REPRESENTATION('',(#406),#410);
#406 = LINE('',#407,#408);
#407 = CARTESIAN_POINT('',(0.,0.));
#408 = VECTOR('',#409,1.);
#409 = DIRECTION('',(1.,0.));
#410 = ( GEOMETRIC_REPRESENTATION_CONTEXT(2) 
PARAMETRIC_REPRESENTATION_CONTEXT() REPRESENTATION_CONTEXT('2D SPACE',''
  ) );
#411 = FACE_BOUND('',#412,.T.);
#412 = EDGE_LOOP('',(#413));
#413 = ORIENTED_EDGE('',*,*,#414,.T.);
#414 = EDGE_CURVE('',#415,#415,#417,.T.);
#415 = VERTEX_POINT('',#416);
#416 = CARTESIAN_POINT('',(19.6,4.9,1.));
#417 = SURFACE_CURVE('',#418,(#423,#434),.PCURVE_S1.);
#418 = CIRCLE('',#419,1.4);
#419 = AXIS2_PLACEMENT_3D('',#420,#421,#422);
#420 = CARTESIAN_POINT('',(21.,4.9,1.));
#421 = DIRECTION('',(0.,0.,-1.));
#422 = DIRECTION('',(-1.,0.,0.));
#423 = PCURVE('',#240,#424);
#424 = DEFINITIONAL_REPRESENTATION('',(#425),#433);
#425 = ( BOUNDED_CURVE() B_SPLINE_CURVE(2,(#426,#427,#428,#429,#430,#431
,#432),.UNSPECIFIED.,.T.,.F.) B_SPLINE_CURVE_WITH_KNOTS((1,2,2,2,2,1),(
    -2.094395102393,0.,2.094395102393,4.188790204786,6.28318530718,
8.377580409573),.UNSPECIFIED.) CURVE() GEOMETRIC_REPRESENTATION_ITEM() 
RATIONAL_B_SPLINE_CURVE((1.,0.5,1.,0.5,1.,0.5,1.)) REPRESENTATION_ITEM(
  '') );
#426 = CARTESIAN_POINT('',(22.4,12.4));
#427 = CARTESIAN_POINT('',(22.4,14.824871130596));
#428 = CARTESIAN_POINT('',(24.5,13.612435565298));
#429 = CARTESIAN_POINT('',(26.6,12.4));
#430 = CARTESIAN_POINT('',(24.5,11.187564434702));
#431 = CARTESIAN_POINT('',(22.4,9.975128869404));
#432 = CARTESIAN_POINT('',(22.4,12.4));
#433 = ( GEOMETRIC_REPRESENTATION_CONTEXT(2) 
PARAMETRIC_REPRESENTATION_CONTEXT() REPRESENTATION_CONTEXT('2D SPACE',''
  ) );
#434 = PCURVE('',#435,#440);
#435 = CYLINDRICAL_SURFACE('',#436,1.4);
#436 = AXIS2_PLACEMENT_3D('',#437,#438,#439);
#437 = CARTESIAN_POINT('',(21.,4.9,1.));
#438 = DIRECTION('',(0.,0.,-1.));
#439 = DIRECTION('',(-1.,0.,0.));
#440 = DEFINITIONAL_REPRESENTATION('',(#441),#445);
#441 = LINE('',#442,#443);
#442 = CARTESIAN_POINT('',(0.,0.));
#443 = VECTOR('',#444,1.);
#444 = DIRECTION('',(1.,0.));
#445 = ( GEOMETRIC_REPRESENTATION_CONTEXT(2) 
PARAMETRIC_REPRESENTATION_CONTEXT() REPRESENTATION_CONTEXT('2D SPACE',''
  ) );
#446 = ADVANCED_FACE('',(#447),#214,.T.);
#447 = FACE_BOUND('',#448,.T.);
#448 = EDGE_LOOP('',(#449,#472,#473,#474));
#449 = ORIENTED_EDGE('',*,*,#450,.F.);
#450 = EDGE_CURVE('',#171,#451,#453,.T.);
#451 = VERTEX_POINT('',#452);
#452 = CARTESIAN_POINT('',(25.2,7.5,0.));
#453 = SURFACE_CURVE('',#454,(#458,#465),.PCURVE_S1.);
#454 = LINE('',#455,#456);
#455 = CARTESIAN_POINT('',(-2.8,7.5,0.));
#456 = VECTOR('',#457,1.);
#457 = DIRECTION('',(1.,0.,0.));
#458 = PCURVE('',#214,#459);
#459 = DEFINITIONAL_REPRESENTATION('',(#460),#464);
#460 = LINE('',#461,#462);
#461 = CARTESIAN_POINT('',(0.,0.));
#462 = VECTOR('',#463,1.);
#463 = DIRECTION('',(0.,1.));
#464 = ( GEOMETRIC_REPRESENTATION_CONTEXT(2) 
PARAMETRIC_REPRESENTATION_CONTEXT() REPRESENTATION_CONTEXT('2D SPACE',''
  ) );
#465 = PCURVE('',#186,#466);
#466 = DEFINITIONAL_REPRESENTATION('',(#467),#471);
#467 = LINE('',#468,#469);
#468 = CARTESIAN_POINT('',(0.,15.));
#469 = VECTOR('',#470,1.);
#470 = DIRECTION('',(1.,0.));
#471 = ( GEOMETRIC_REPRESENTATION_CONTEXT(2) 
PARAMETRIC_REPRESENTATION_CONTEXT() REPRESENTATION_CONTEXT('2D SPACE',''
  ) );
#472 = ORIENTED_EDGE('',*,*,#198,.T.);
#473 = ORIENTED_EDGE('',*,*,#356,.T.);
#474 = ORIENTED_EDGE('',*,*,#475,.F.);
#475 = EDGE_CURVE('',#451,#334,#476,.T.);
#476 = SURFACE_CURVE('',#477,(#481,#488),.PCURVE_S1.);
#477 = LINE('',#478,#479);
#478 = CARTESIAN_POINT('',(25.2,7.5,0.));
#479 = VECTOR('',#480,1.);
#480 = DIRECTION('',(0.,0.,1.));
#481 = PCURVE('',#214,#482);
#482 = DEFINITIONAL_REPRESENTATION('',(#483),#487);
#483 = LINE('',#484,#485);
#484 = CARTESIAN_POINT('',(0.,28.));
#485 = VECTOR('',#486,1.);
#486 = DIRECTION('',(1.,0.));
#487 = ( GEOMETRIC_REPRESENTATION_CONTEXT(2) 
PARAMETRIC_REPRESENTATION_CONTEXT() REPRESENTATION_CONTEXT('2D SPACE',''
  ) );
#488 = PCURVE('',#316,#489);
#489 = DEFINITIONAL_REPRESENTATION('',(#490),#494);
#490 = LINE('',#491,#492);
#491 = CARTESIAN_POINT('',(0.,-15.));
#492 = VECTOR('',#493,1.);
#493 = DIRECTION('',(1.,0.));
#494 = ( GEOMETRIC_REPRESENTATION_CONTEXT(2) 
PARAMETRIC_REPRESENTATION_CONTEXT() REPRESENTATION_CONTEXT('2D SPACE',''
  ) );
#495 = ADVANCED_FACE('',(#496,#522,#552),#186,.F.);
#496 = FACE_BOUND('',#497,.F.);
#497 = EDGE_LOOP('',(#498,#499,#500,#521));
#498 = ORIENTED_EDGE('',*,*,#170,.F.);
#499 = ORIENTED_EDGE('',*,*,#255,.T.);
#500 = ORIENTED_EDGE('',*,*,#501,.T.);
#501 = EDGE_CURVE('',#256,#451,#502,.T.);
#502 = SURFACE_CURVE('',#503,(#507,#514),.PCURVE_S1.);
#503 = LINE('',#504,#505);
#504 = CARTESIAN_POINT('',(25.2,-7.5,0.));
#505 = VECTOR('',#506,1.);
#506 = DIRECTION('',(0.,1.,0.));
#507 = PCURVE('',#186,#508);
#508 = DEFINITIONAL_REPRESENTATION('',(#509),#513);
#509 = LINE('',#510,#511);
#510 = CARTESIAN_POINT('',(28.,0.));
#511 = VECTOR('',#512,1.);
#512 = DIRECTION('',(0.,1.));
#513 = ( GEOMETRIC_REPRESENTATION_CONTEXT(2) 
PARAMETRIC_REPRESENTATION_CONTEXT() REPRESENTATION_CONTEXT('2D SPACE',''
  ) );
#514 = PCURVE('',#316,#515);
#515 = DEFINITIONAL_REPRESENTATION('',(#516),#520);
#516 = LINE('',#517,#518);
#517 = CARTESIAN_POINT('',(0.,0.));
#518 = VECTOR('',#519,1.);
#519 = DIRECTION('',(0.,-1.));
#520 = ( GEOMETRIC_REPRESENTATION_CONTEXT(2) 
PARAMETRIC_REPRESENTATION_CONTEXT() REPRESENTATION_CONTEXT('2D SPACE',''
  ) );
#521 = ORIENTED_EDGE('',*,*,#450,.F.);
#522 = FACE_BOUND('',#523,.F.);
#523 = EDGE_LOOP('',(#524));
#524 = ORIENTED_EDGE('',*,*,#525,.T.);
#525 = EDGE_CURVE('',#526,#526,#528,.T.);
#526 = VERTEX_POINT('',#527);
#527 = CARTESIAN_POINT('',(19.6,-4.9,0.));
#528 = SURFACE_CURVE('',#529,(#534,#545),.PCURVE_S1.);
#529 = CIRCLE('',#530,1.4);
#530 = AXIS2_PLACEMENT_3D('',#531,#532,#533);
#531 = CARTESIAN_POINT('',(21.,-4.9,0.));
#532 = DIRECTION('',(0.,0.,-1.));
#533 = DIRECTION('',(-1.,0.,0.));
#534 = PCURVE('',#186,#535);
#535 = DEFINITIONAL_REPRESENTATION('',(#536),#544);
#536 = ( BOUNDED_CURVE() B_SPLINE_CURVE(2,(#537,#538,#539,#540,#541,#542
,#543),.UNSPECIFIED.,.T.,.F.) B_SPLINE_CURVE_WITH_KNOTS((1,2,2,2,2,1),(
    -2.094395102393,0.,2.094395102393,4.188790204786,6.28318530718,
8.377580409573),.UNSPECIFIED.) CURVE() GEOMETRIC_REPRESENTATION_ITEM() 
RATIONAL_B_SPLINE_CURVE((1.,0.5,1.,0.5,1.,0.5,1.)) REPRESENTATION_ITEM(
  '') );
#537 = CARTESIAN_POINT('',(22.4,2.6));
#538 = CARTESIAN_POINT('',(22.4,5.024871130596));
#539 = CARTESIAN_POINT('',(24.5,3.812435565298));
#540 = CARTESIAN_POINT('',(26.6,2.6));
#541 = CARTESIAN_POINT('',(24.5,1.387564434702));
#542 = CARTESIAN_POINT('',(22.4,0.175128869404));
#543 = CARTESIAN_POINT('',(22.4,2.6));
#544 = ( GEOMETRIC_REPRESENTATION_CONTEXT(2) 
PARAMETRIC_REPRESENTATION_CONTEXT() REPRESENTATION_CONTEXT('2D SPACE',''
  ) );
#545 = PCURVE('',#400,#546);
#546 = DEFINITIONAL_REPRESENTATION('',(#547),#551);
#547 = LINE('',#548,#549);
#548 = CARTESIAN_POINT('',(0.,1.));
#549 = VECTOR('',#550,1.);
#550 = DIRECTION('',(1.,0.));
#551 = ( GEOMETRIC_REPRESENTATION_CONTEXT(2) 
PARAMETRIC_REPRESENTATION_CONTEXT() REPRESENTATION_CONTEXT('2D SPACE',''
  ) );
#552 = FACE_BOUND('',#553,.F.);
#553 = EDGE_LOOP('',(#554));
#554 = ORIENTED_EDGE('',*,*,#555,.T.);
#555 = EDGE_CURVE('',#556,#556,#558,.T.);
#556 = VERTEX_POINT('',#557);
#557 = CARTESIAN_POINT('',(19.6,4.9,0.));
#558 = SURFACE_CURVE('',#559,(#564,#575),.PCURVE_S1.);
#559 = CIRCLE('',#560,1.4);
#560 = AXIS2_PLACEMENT_3D('',#561,#562,#563);
#561 = CARTESIAN_POINT('',(21.,4.9,0.));
#562 = DIRECTION('',(0.,0.,-1.));
#563 = DIRECTION('',(-1.,0.,0.));
#564 = PCURVE('',#186,#565);
#565 = DEFINITIONAL_REPRESENTATION('',(#566),#574);
#566 = ( BOUNDED_CURVE() B_SPLINE_CURVE(2,(#567,#568,#569,#570,#571,#572
,#573),.UNSPECIFIED.,.T.,.F.) B_SPLINE_CURVE_WITH_KNOTS((1,2,2,2,2,1),(
    -2.094395102393,0.,2.094395102393,4.188790204786,6.28318530718,
8.377580409573),.UNSPECIFIED.) CURVE() GEOMETRIC_REPRESENTATION_ITEM() 
RATIONAL_B_SPLINE_CURVE((1.,0.5,1.,0.5,1.,0.5,1.)) REPRESENTATION_ITEM(
  '') );
#567 = CARTESIAN_POINT('',(22.4,12.4));
#568 = CARTESIAN_POINT('',(22.4,14.824871130596));
#569 = CARTESIAN_POINT('',(24.5,13.612435565298));
#570 = CARTESIAN_POINT('',(26.6,12.4));
#571 = CARTESIAN_POINT('',(24.5,11.187564434702));
#572 = CARTESIAN_POINT('',(22.4,9.975128869404));
#573 = CARTESIAN_POINT('',(22.4,12.4));
#574 = ( GEOMETRIC_REPRESENTATION_CONTEXT(2) 
PARAMETRIC_REPRESENTATION_CONTEXT() REPRESENTATION_CONTEXT('2D SPACE',''
  ) );
#575 = PCURVE('',#435,#576);
#576 = DEFINITIONAL_REPRESENTATION('',(#577),#581);
#577 = LINE('',#578,#579);
#578 = CARTESIAN_POINT('',(0.,1.));
#579 = VECTOR('',#580,1.);
#580 = DIRECTION('',(1.,0.));
#581 = ( GEOMETRIC_REPRESENTATION_CONTEXT(2) 
PARAMETRIC_REPRESENTATION_CONTEXT() REPRESENTATION_CONTEXT('2D SPACE',''
  ) );
#582 = ADVANCED_FACE('',(#583),#316,.T.);
#583 = FACE_BOUND('',#584,.T.);
#584 = EDGE_LOOP('',(#585,#586,#587,#588));
#585 = ORIENTED_EDGE('',*,*,#302,.F.);
#586 = ORIENTED_EDGE('',*,*,#501,.T.);
#587 = ORIENTED_EDGE('',*,*,#475,.T.);
#588 = ORIENTED_EDGE('',*,*,#333,.F.);
#589 = ADVANCED_FACE('',(#590),#400,.F.);
#590 = FACE_BOUND('',#591,.F.);
#591 = EDGE_LOOP('',(#592,#593,#614,#615));
#592 = ORIENTED_EDGE('',*,*,#525,.F.);
#593 = ORIENTED_EDGE('',*,*,#594,.F.);
#594 = EDGE_CURVE('',#380,#526,#595,.T.);
#595 = SEAM_CURVE('',#596,(#600,#607),.PCURVE_S1.);
#596 = LINE('',#597,#598);
#597 = CARTESIAN_POINT('',(19.6,-4.9,1.));
#598 = VECTOR('',#599,1.);
#599 = DIRECTION('',(0.,0.,-1.));
#600 = PCURVE('',#400,#601);
#601 = DEFINITIONAL_REPRESENTATION('',(#602),#606);
#602 = LINE('',#603,#604);
#603 = CARTESIAN_POINT('',(6.28318530718,-0.));
#604 = VECTOR('',#605,1.);
#605 = DIRECTION('',(0.,1.));
#606 = ( GEOMETRIC_REPRESENTATION_CONTEXT(2) 
PARAMETRIC_REPRESENTATION_CONTEXT() REPRESENTATION_CONTEXT('2D SPACE',''
  ) );
#607 = PCURVE('',#400,#608);
#608 = DEFINITIONAL_REPRESENTATION('',(#609),#613);
#609 = LINE('',#610,#611);
#610 = CARTESIAN_POINT('',(0.,-0.));
#611 = VECTOR('',#612,1.);
#612 = DIRECTION('',(0.,1.));
#613 = ( GEOMETRIC_REPRESENTATION_CONTEXT(2) 
PARAMETRIC_REPRESENTATION_CONTEXT() REPRESENTATION_CONTEXT('2D SPACE',''
  ) );
#614 = ORIENTED_EDGE('',*,*,#379,.T.);
#615 = ORIENTED_EDGE('',*,*,#594,.T.);
#616 = ADVANCED_FACE('',(#617),#435,.F.);
#617 = FACE_BOUND('',#618,.F.);
#618 = EDGE_LOOP('',(#619,#620,#641,#642));
#619 = ORIENTED_EDGE('',*,*,#555,.F.);
#620 = ORIENTED_EDGE('',*,*,#621,.F.);
#621 = EDGE_CURVE('',#415,#556,#622,.T.);
#622 = SEAM_CURVE('',#623,(#627,#634),.PCURVE_S1.);
#623 = LINE('',#624,#625);
#624 = CARTESIAN_POINT('',(19.6,4.9,1.));
#625 = VECTOR('',#626,1.);
#626 = DIRECTION('',(0.,0.,-1.));
#627 = PCURVE('',#435,#628);
#628 = DEFINITIONAL_REPRESENTATION('',(#629),#633);
#629 = LINE('',#630,#631);
#630 = CARTESIAN_POINT('',(6.28318530718,-0.));
#631 = VECTOR('',#632,1.);
#632 = DIRECTION('',(0.,1.));
#633 = ( GEOMETRIC_REPRESENTATION_CONTEXT(2) 
PARAMETRIC_REPRESENTATION_CONTEXT() REPRESENTATION_CONTEXT('2D SPACE',''
  ) );
#634 = PCURVE('',#435,#635);
#635 = DEFINITIONAL_REPRESENTATION('',(#636),#640);
#636 = LINE('',#637,#638);
#637 = CARTESIAN_POINT('',(0.,-0.));
#638 = VECTOR('',#639,1.);
#639 = DIRECTION('',(0.,1.));
#640 = ( GEOMETRIC_REPRESENTATION_CONTEXT(2) 
PARAMETRIC_REPRESENTATION_CONTEXT() REPRESENTATION_CONTEXT('2D SPACE',''
  ) );
#641 = ORIENTED_EDGE('',*,*,#414,.T.);
#642 = ORIENTED_EDGE('',*,*,#621,.T.);
#643 = ( GEOMETRIC_REPRESENTATION_CONTEXT(3) 
GLOBAL_UNCERTAINTY_ASSIGNED_CONTEXT((#647)) GLOBAL_UNIT_ASSIGNED_CONTEXT
((#644,#645,#646)) REPRESENTATION_CONTEXT('Context #1',
  '3D Context with UNIT and UNCERTAINTY') );
#644 = ( LENGTH_UNIT() NAMED_UNIT(*) SI_UNIT(.MILLI.,.METRE.) );
#645 = ( NAMED_UNIT(*) PLANE_ANGLE_UNIT() SI_UNIT($,.RADIAN.) );
#646 = ( NAMED_UNIT(*) SI_UNIT($,.STERADIAN.) SOLID_ANGLE_UNIT() );
#647 = UNCERTAINTY_MEASURE_WITH_UNIT(LENGTH_MEASURE(1.E-07),#644,
  'distance_accuracy_value','confusion accuracy');
#648 = CONTEXT_DEPENDENT_SHAPE_REPRESENTATION(#649,#651);
#649 = ( REPRESENTATION_RELATIONSHIP('','',#128,#10) 
REPRESENTATION_RELATIONSHIP_WITH_TRANSFORMATION(#650) 
SHAPE_REPRESENTATION_RELATIONSHIP() );
#650 = ITEM_DEFINED_TRANSFORMATION('','',#11,#15);
#651 = PRODUCT_DEFINITION_SHAPE('Placement','Placement of an item',#652
  );
#652 = NEXT_ASSEMBLY_USAGE_OCCURRENCE('1','PCB','',#5,#123,$);
#653 = PRODUCT_RELATED_PRODUCT_CATEGORY('part',$,(#125));
#654 = SHAPE_DEFINITION_REPRESENTATION(#655,#661);
#655 = PRODUCT_DEFINITION_SHAPE('','',#656);
#656 = PRODUCT_DEFINITION('design','',#657,#660);
#657 = PRODUCT_DEFINITION_FORMATION('','',#658);
#658 = PRODUCT('CC1101','CC1101','',(#659));
#659 = PRODUCT_CONTEXT('',#2,'mechanical');
#660 = PRODUCT_DEFINITION_CONTEXT('part definition',#2,'design');
#661 = ADVANCED_BREP_SHAPE_REPRESENTATION('',(#11,#662),#992);
#662 = MANIFOLD_SOLID_BREP('',#663);
#663 = CLOSED_SHELL('',(#664,#784,#884,#931,#978,#985));
#664 = ADVANCED_FACE('',(#665),#679,.F.);
#665 = FACE_BOUND('',#666,.F.);
#666 = EDGE_LOOP('',(#667,#702,#730,#758));
#667 = ORIENTED_EDGE('',*,*,#668,.F.);
#668 = EDGE_CURVE('',#669,#671,#673,.T.);
#669 = VERTEX_POINT('',#670);
#670 = CARTESIAN_POINT('',(6.1,-3.1,1.));
#671 = VERTEX_POINT('',#672);
#672 = CARTESIAN_POINT('',(6.1,-3.1,2.));
#673 = SURFACE_CURVE('',#674,(#678,#690),.PCURVE_S1.);
#674 = LINE('',#675,#676);
#675 = CARTESIAN_POINT('',(6.1,-3.1,1.));
#676 = VECTOR('',#677,1.);
#677 = DIRECTION('',(0.,0.,1.));
#678 = PCURVE('',#679,#684);
#679 = PLANE('',#680);
#680 = AXIS2_PLACEMENT_3D('',#681,#682,#683);
#681 = CARTESIAN_POINT('',(6.1,-3.1,1.));
#682 = DIRECTION('',(1.,0.,0.));
#683 = DIRECTION('',(0.,0.,1.));
#684 = DEFINITIONAL_REPRESENTATION('',(#685),#689);
#685 = LINE('',#686,#687);
#686 = CARTESIAN_POINT('',(0.,0.));
#687 = VECTOR('',#688,1.);
#688 = DIRECTION('',(1.,0.));
#689 = ( GEOMETRIC_REPRESENTATION_CONTEXT(2) 
PARAMETRIC_REPRESENTATION_CONTEXT() REPRESENTATION_CONTEXT('2D SPACE',''
  ) );
#690 = PCURVE('',#691,#696);
#691 = PLANE('',#692);
#692 = AXIS2_PLACEMENT_3D('',#693,#694,#695);
#693 = CARTESIAN_POINT('',(6.1,-3.1,1.));
#694 = DIRECTION('',(0.,1.,0.));
#695 = DIRECTION('',(0.,0.,1.));
#696 = DEFINITIONAL_REPRESENTATION('',(#697),#701);
#697 = LINE('',#698,#699);
#698 = CARTESIAN_POINT('',(0.,0.));
#699 = VECTOR('',#700,1.);
#700 = DIRECTION('',(1.,0.));
#701 = ( GEOMETRIC_REPRESENTATION_CONTEXT(2) 
PARAMETRIC_REPRESENTATION_CONTEXT() REPRESENTATION_CONTEXT('2D SPACE',''
  ) );
#702 = ORIENTED_EDGE('',*,*,#703,.T.);
#703 = EDGE_CURVE('',#669,#704,#706,.T.);
#704 = VERTEX_POINT('',#705);
#705 = CARTESIAN_POINT('',(6.1,3.1,1.));
#706 = SURFACE_CURVE('',#707,(#711,#718),.PCURVE_S1.);
#707 = LINE('',#708,#709);
#708 = CARTESIAN_POINT('',(6.1,-3.1,1.));
#709 = VECTOR('',#710,1.);
#710 = DIRECTION('',(0.,1.,0.));
#711 = PCURVE('',#679,#712);
#712 = DEFINITIONAL_REPRESENTATION('',(#713),#717);
#713 = LINE('',#714,#715);
#714 = CARTESIAN_POINT('',(0.,0.));
#715 = VECTOR('',#716,1.);
#716 = DIRECTION('',(0.,-1.));
#717 = ( GEOMETRIC_REPRESENTATION_CONTEXT(2) 
PARAMETRIC_REPRESENTATION_CONTEXT() REPRESENTATION_CONTEXT('2D SPACE',''
  ) );
#718 = PCURVE('',#719,#724);
#719 = PLANE('',#720);
#720 = AXIS2_PLACEMENT_3D('',#721,#722,#723);
#721 = CARTESIAN_POINT('',(6.1,-3.1,1.));
#722 = DIRECTION('',(0.,0.,1.));
#723 = DIRECTION('',(1.,0.,0.));
#724 = DEFINITIONAL_REPRESENTATION('',(#725),#729);
#725 = LINE('',#726,#727);
#726 = CARTESIAN_POINT('',(0.,0.));
#727 = VECTOR('',#728,1.);
#728 = DIRECTION('',(0.,1.));
#729 = ( GEOMETRIC_REPRESENTATION_CONTEXT(2) 
PARAMETRIC_REPRESENTATION_CONTEXT() REPRESENTATION_CONTEXT('2D SPACE',''
  ) );
#730 = ORIENTED_EDGE('',*,*,#731,.T.);
#731 = EDGE_CURVE('',#704,#732,#734,.T.);
#732 = VERTEX_POINT('',#733);
#733 = CARTESIAN_POINT('',(6.1,3.1,2.));
#734 = SURFACE_CURVE('',#735,(#739,#746),.PCURVE_S1.);
#735 = LINE('',#736,#737);
#736 = CARTESIAN_POINT('',(6.1,3.1,1.));
#737 = VECTOR('',#738,1.);
#738 = DIRECTION('',(0.,0.,1.));
#739 = PCURVE('',#679,#740);
#740 = DEFINITIONAL_REPRESENTATION('',(#741),#745);
#741 = LINE('',#742,#743);
#742 = CARTESIAN_POINT('',(0.,-6.2));
#743 = VECTOR('',#744,1.);
#744 = DIRECTION('',(1.,0.));
#745 = ( GEOMETRIC_REPRESENTATION_CONTEXT(2) 
PARAMETRIC_REPRESENTATION_CONTEXT() REPRESENTATION_CONTEXT('2D SPACE',''
  ) );
#746 = PCURVE('',#747,#752);
#747 = PLANE('',#748);
#748 = AXIS2_PLACEMENT_3D('',#749,#750,#751);
#749 = CARTESIAN_POINT('',(6.1,3.1,1.));
#750 = DIRECTION('',(0.,1.,0.));
#751 = DIRECTION('',(0.,0.,1.));
#752 = DEFINITIONAL_REPRESENTATION('',(#753),#757);
#753 = LINE('',#754,#755);
#754 = CARTESIAN_POINT('',(0.,0.));
#755 = VECTOR('',#756,1.);
#756 = DIRECTION('',(1.,0.));
#757 = ( GEOMETRIC_REPRESENTATION_CONTEXT(2) 
PARAMETRIC_REPRESENTATION_CONTEXT() REPRESENTATION_CONTEXT('2D SPACE',''
  ) );
#758 = ORIENTED_EDGE('',*,*,#759,.F.);
#759 = EDGE_CURVE('',#671,#732,#760,.T.);
#760 = SURFACE_CURVE('',#761,(#765,#772),.PCURVE_S1.);
#761 = LINE('',#762,#763);
#762 = CARTESIAN_POINT('',(6.1,-3.1,2.));
#763 = VECTOR('',#764,1.);
#764 = DIRECTION('',(0.,1.,0.));
#765 = PCURVE('',#679,#766);
#766 = DEFINITIONAL_REPRESENTATION('',(#767),#771);
#767 = LINE('',#768,#769);
#768 = CARTESIAN_POINT('',(1.,0.));
#769 = VECTOR('',#770,1.);
#770 = DIRECTION('',(0.,-1.));
#771 = ( GEOMETRIC_REPRESENTATION_CONTEXT(2) 
PARAMETRIC_REPRESENTATION_CONTEXT() REPRESENTATION_CONTEXT('2D SPACE',''
  ) );
#772 = PCURVE('',#773,#778);
#773 = PLANE('',#774);
#774 = AXIS2_PLACEMENT_3D('',#775,#776,#777);
#775 = CARTESIAN_POINT('',(6.1,-3.1,2.));
#776 = DIRECTION('',(0.,0.,1.));
#777 = DIRECTION('',(1.,0.,0.));
#778 = DEFINITIONAL_REPRESENTATION('',(#779),#783);
#779 = LINE('',#780,#781);
#780 = CARTESIAN_POINT('',(0.,0.));
#781 = VECTOR('',#782,1.);
#782 = DIRECTION('',(0.,1.));
#783 = ( GEOMETRIC_REPRESENTATION_CONTEXT(2) 
PARAMETRIC_REPRESENTATION_CONTEXT() REPRESENTATION_CONTEXT('2D SPACE',''
  ) );
#784 = ADVANCED_FACE('',(#785),#799,.T.);
#785 = FACE_BOUND('',#786,.T.);
#786 = EDGE_LOOP('',(#787,#817,#840,#863));
#787 = ORIENTED_EDGE('',*,*,#788,.F.);
#788 = EDGE_CURVE('',#789,#791,#793,.T.);
#789 = VERTEX_POINT('',#790);
#790 = CARTESIAN_POINT('',(12.3,-3.1,1.));
#791 = VERTEX_POINT('',#792);
#792 = CARTESIAN_POINT('',(12.3,-3.1,2.));
#793 = SURFACE_CURVE('',#794,(#798,#810),.PCURVE_S1.);
#794 = LINE('',#795,#796);
#795 = CARTESIAN_POINT('',(12.3,-3.1,1.));
#796 = VECTOR('',#797,1.);
#797 = DIRECTION('',(0.,0.,1.));
#798 = PCURVE('',#799,#804);
#799 = PLANE('',#800);
#800 = AXIS2_PLACEMENT_3D('',#801,#802,#803);
#801 = CARTESIAN_POINT('',(12.3,-3.1,1.));
#802 = DIRECTION('',(1.,0.,0.));
#803 = DIRECTION('',(0.,0.,1.));
#804 = DEFINITIONAL_REPRESENTATION('',(#805),#809);
#805 = LINE('',#806,#807);
#806 = CARTESIAN_POINT('',(0.,0.));
#807 = VECTOR('',#808,1.);
#808 = DIRECTION('',(1.,0.));
#809 = ( GEOMETRIC_REPRESENTATION_CONTEXT(2) 
PARAMETRIC_REPRESENTATION_CONTEXT() REPRESENTATION_CONTEXT('2D SPACE',''
  ) );
#810 = PCURVE('',#691,#811);
#811 = DEFINITIONAL_REPRESENTATION('',(#812),#816);
#812 = LINE('',#813,#814);
#813 = CARTESIAN_POINT('',(0.,6.2));
#814 = VECTOR('',#815,1.);
#815 = DIRECTION('',(1.,0.));
#816 = ( GEOMETRIC_REPRESENTATION_CONTEXT(2) 
PARAMETRIC_REPRESENTATION_CONTEXT() REPRESENTATION_CONTEXT('2D SPACE',''
  ) );
#817 = ORIENTED_EDGE('',*,*,#818,.T.);
#818 = EDGE_CURVE('',#789,#819,#821,.T.);
#819 = VERTEX_POINT('',#820);
#820 = CARTESIAN_POINT('',(12.3,3.1,1.));
#821 = SURFACE_CURVE('',#822,(#826,#833),.PCURVE_S1.);
#822 = LINE('',#823,#824);
#823 = CARTESIAN_POINT('',(12.3,-3.1,1.));
#824 = VECTOR('',#825,1.);
#825 = DIRECTION('',(0.,1.,0.));
#826 = PCURVE('',#799,#827);
#827 = DEFINITIONAL_REPRESENTATION('',(#828),#832);
#828 = LINE('',#829,#830);
#829 = CARTESIAN_POINT('',(0.,0.));
#830 = VECTOR('',#831,1.);
#831 = DIRECTION('',(0.,-1.));
#832 = ( GEOMETRIC_REPRESENTATION_CONTEXT(2) 
PARAMETRIC_REPRESENTATION_CONTEXT() REPRESENTATION_CONTEXT('2D SPACE',''
  ) );
#833 = PCURVE('',#719,#834);
#834 = DEFINITIONAL_REPRESENTATION('',(#835),#839);
#835 = LINE('',#836,#837);
#836 = CARTESIAN_POINT('',(6.2,0.));
#837 = VECTOR('',#838,1.);
#838 = DIRECTION('',(0.,1.));
#839 = ( GEOMETRIC_REPRESENTATION_CONTEXT(2) 
PARAMETRIC_REPRESENTATION_CONTEXT() REPRESENTATION_CONTEXT('2D SPACE',''
  ) );
#840 = ORIENTED_EDGE('',*,*,#841,.T.);
#841 = EDGE_CURVE('',#819,#842,#844,.T.);
#842 = VERTEX_POINT('',#843);
#843 = CARTESIAN_POINT('',(12.3,3.1,2.));
#844 = SURFACE_CURVE('',#845,(#849,#856),.PCURVE_S1.);
#845 = LINE('',#846,#847);
#846 = CARTESIAN_POINT('',(12.3,3.1,1.));
#847 = VECTOR('',#848,1.);
#848 = DIRECTION('',(0.,0.,1.));
#849 = PCURVE('',#799,#850);
#850 = DEFINITIONAL_REPRESENTATION('',(#851),#855);
#851 = LINE('',#852,#853);
#852 = CARTESIAN_POINT('',(0.,-6.2));
#853 = VECTOR('',#854,1.);
#854 = DIRECTION('',(1.,0.));
#855 = ( GEOMETRIC_REPRESENTATION_CONTEXT(2) 
PARAMETRIC_REPRESENTATION_CONTEXT() REPRESENTATION_CONTEXT('2D SPACE',''
  ) );
#856 = PCURVE('',#747,#857);
#857 = DEFINITIONAL_REPRESENTATION('',(#858),#862);
#858 = LINE('',#859,#860);
#859 = CARTESIAN_POINT('',(0.,6.2));
#860 = VECTOR('',#861,1.);
#861 = DIRECTION('',(1.,0.));
#862 = ( GEOMETRIC_REPRESENTATION_CONTEXT(2) 
PARAMETRIC_REPRESENTATION_CONTEXT() REPRESENTATION_CONTEXT('2D SPACE',''
  ) );
#863 = ORIENTED_EDGE('',*,*,#864,.F.);
#864 = EDGE_CURVE('',#791,#842,#865,.T.);
#865 = SURFACE_CURVE('',#866,(#870,#877),.PCURVE_S1.);
#866 = LINE('',#867,#868);
#867 = CARTESIAN_POINT('',(12.3,-3.1,2.));
#868 = VECTOR('',#869,1.);
#869 = DIRECTION('',(0.,1.,0.));
#870 = PCURVE('',#799,#871);
#871 = DEFINITIONAL_REPRESENTATION('',(#872),#876);
#872 = LINE('',#873,#874);
#873 = CARTESIAN_POINT('',(1.,0.));
#874 = VECTOR('',#875,1.);
#875 = DIRECTION('',(0.,-1.));
#876 = ( GEOMETRIC_REPRESENTATION_CONTEXT(2) 
PARAMETRIC_REPRESENTATION_CONTEXT() REPRESENTATION_CONTEXT('2D SPACE',''
  ) );
#877 = PCURVE('',#773,#878);
#878 = DEFINITIONAL_REPRESENTATION('',(#879),#883);
#879 = LINE('',#880,#881);
#880 = CARTESIAN_POINT('',(6.2,0.));
#881 = VECTOR('',#882,1.);
#882 = DIRECTION('',(0.,1.));
#883 = ( GEOMETRIC_REPRESENTATION_CONTEXT(2) 
PARAMETRIC_REPRESENTATION_CONTEXT() REPRESENTATION_CONTEXT('2D SPACE',''
  ) );
#884 = ADVANCED_FACE('',(#885),#691,.F.);
#885 = FACE_BOUND('',#886,.F.);
#886 = EDGE_LOOP('',(#887,#908,#909,#930));
#887 = ORIENTED_EDGE('',*,*,#888,.F.);
#888 = EDGE_CURVE('',#669,#789,#889,.T.);
#889 = SURFACE_CURVE('',#890,(#894,#901),.PCURVE_S1.);
#890 = LINE('',#891,#892);
#891 = CARTESIAN_POINT('',(6.1,-3.1,1.));
#892 = VECTOR('',#893,1.);
#893 = DIRECTION('',(1.,0.,0.));
#894 = PCURVE('',#691,#895);
#895 = DEFINITIONAL_REPRESENTATION('',(#896),#900);
#896 = LINE('',#897,#898);
#897 = CARTESIAN_POINT('',(0.,0.));
#898 = VECTOR('',#899,1.);
#899 = DIRECTION('',(0.,1.));
#900 = ( GEOMETRIC_REPRESENTATION_CONTEXT(2) 
PARAMETRIC_REPRESENTATION_CONTEXT() REPRESENTATION_CONTEXT('2D SPACE',''
  ) );
#901 = PCURVE('',#719,#902);
#902 = DEFINITIONAL_REPRESENTATION('',(#903),#907);
#903 = LINE('',#904,#905);
#904 = CARTESIAN_POINT('',(0.,0.));
#905 = VECTOR('',#906,1.);
#906 = DIRECTION('',(1.,0.));
#907 = ( GEOMETRIC_REPRESENTATION_CONTEXT(2) 
PARAMETRIC_REPRESENTATION_CONTEXT() REPRESENTATION_CONTEXT('2D SPACE',''
  ) );
#908 = ORIENTED_EDGE('',*,*,#668,.T.);
#909 = ORIENTED_EDGE('',*,*,#910,.T.);
#910 = EDGE_CURVE('',#671,#791,#911,.T.);
#911 = SURFACE_CURVE('',#912,(#916,#923),.PCURVE_S1.);
#912 = LINE('',#913,#914);
#913 = CARTESIAN_POINT('',(6.1,-3.1,2.));
#914 = VECTOR('',#915,1.);
#915 = DIRECTION('',(1.,0.,0.));
#916 = PCURVE('',#691,#917);
#917 = DEFINITIONAL_REPRESENTATION('',(#918),#922);
#918 = LINE('',#919,#920);
#919 = CARTESIAN_POINT('',(1.,0.));
#920 = VECTOR('',#921,1.);
#921 = DIRECTION('',(0.,1.));
#922 = ( GEOMETRIC_REPRESENTATION_CONTEXT(2) 
PARAMETRIC_REPRESENTATION_CONTEXT() REPRESENTATION_CONTEXT('2D SPACE',''
  ) );
#923 = PCURVE('',#773,#924);
#924 = DEFINITIONAL_REPRESENTATION('',(#925),#929);
#925 = LINE('',#926,#927);
#926 = CARTESIAN_POINT('',(0.,0.));
#927 = VECTOR('',#928,1.);
#928 = DIRECTION('',(1.,0.));
#929 = ( GEOMETRIC_REPRESENTATION_CONTEXT(2) 
PARAMETRIC_REPRESENTATION_CONTEXT() REPRESENTATION_CONTEXT('2D SPACE',''
  ) );
#930 = ORIENTED_EDGE('',*,*,#788,.F.);
#931 = ADVANCED_FACE('',(#932),#747,.T.);
#932 = FACE_BOUND('',#933,.T.);
#933 = EDGE_LOOP('',(#934,#955,#956,#977));
#934 = ORIENTED_EDGE('',*,*,#935,.F.);
#935 = EDGE_CURVE('',#704,#819,#936,.T.);
#936 = SURFACE_CURVE('',#937,(#941,#948),.PCURVE_S1.);
#937 = LINE('',#938,#939);
#938 = CARTESIAN_POINT('',(6.1,3.1,1.));
#939 = VECTOR('',#940,1.);
#940 = DIRECTION('',(1.,0.,0.));
#941 = PCURVE('',#747,#942);
#942 = DEFINITIONAL_REPRESENTATION('',(#943),#947);
#943 = LINE('',#944,#945);
#944 = CARTESIAN_POINT('',(0.,0.));
#945 = VECTOR('',#946,1.);
#946 = DIRECTION('',(0.,1.));
#947 = ( GEOMETRIC_REPRESENTATION_CONTEXT(2) 
PARAMETRIC_REPRESENTATION_CONTEXT() REPRESENTATION_CONTEXT('2D SPACE',''
  ) );
#948 = PCURVE('',#719,#949);
#949 = DEFINITIONAL_REPRESENTATION('',(#950),#954);
#950 = LINE('',#951,#952);
#951 = CARTESIAN_POINT('',(0.,6.2));
#952 = VECTOR('',#953,1.);
#953 = DIRECTION('',(1.,0.));
#954 = ( GEOMETRIC_REPRESENTATION_CONTEXT(2) 
PARAMETRIC_REPRESENTATION_CONTEXT() REPRESENTATION_CONTEXT('2D SPACE',''
  ) );
#955 = ORIENTED_EDGE('',*,*,#731,.T.);
#956 = ORIENTED_EDGE('',*,*,#957,.T.);
#957 = EDGE_CURVE('',#732,#842,#958,.T.);
#958 = SURFACE_CURVE('',#959,(#963,#970),.PCURVE_S1.);
#959 = LINE('',#960,#961);
#960 = CARTESIAN_POINT('',(6.1,3.1,2.));
#961 = VECTOR('',#962,1.);
#962 = DIRECTION('',(1.,0.,0.));
#963 = PCURVE('',#747,#964);
#964 = DEFINITIONAL_REPRESENTATION('',(#965),#969);
#965 = LINE('',#966,#967);
#966 = CARTESIAN_POINT('',(1.,0.));
#967 = VECTOR('',#968,1.);
#968 = DIRECTION('',(0.,1.));
#969 = ( GEOMETRIC_REPRESENTATION_CONTEXT(2) 
PARAMETRIC_REPRESENTATION_CONTEXT() REPRESENTATION_CONTEXT('2D SPACE',''
  ) );
#970 = PCURVE('',#773,#971);
#971 = DEFINITIONAL_REPRESENTATION('',(#972),#976);
#972 = LINE('',#973,#974);
#973 = CARTESIAN_POINT('',(0.,6.2));
#974 = VECTOR('',#975,1.);
#975 = DIRECTION('',(1.,0.));
#976 = ( GEOMETRIC_REPRESENTATION_CONTEXT(2) 
PARAMETRIC_REPRESENTATION_CONTEXT() REPRESENTATION_CONTEXT('2D SPACE',''
  ) );
#977 = ORIENTED_EDGE('',*,*,#841,.F.);
#978 = ADVANCED_FACE('',(#979),#719,.F.);
#979 = FACE_BOUND('',#980,.F.);
#980 = EDGE_LOOP('',(#981,#982,#983,#984));
#981 = ORIENTED_EDGE('',*,*,#703,.F.);
#982 = ORIENTED_EDGE('',*,*,#888,.T.);
#983 = ORIENTED_EDGE('',*,*,#818,.T.);
#984 = ORIENTED_EDGE('',*,*,#935,.F.);
#985 = ADVANCED_FACE('',(#986),#773,.T.);
#986 = FACE_BOUND('',#987,.T.);
#987 = EDGE_LOOP('',(#988,#989,#990,#991));
#988 = ORIENTED_EDGE('',*,*,#759,.F.);
#989 = ORIENTED_EDGE('',*,*,#910,.T.);
#990 = ORIENTED_EDGE('',*,*,#864,.T.);
#991 = ORIENTED_EDGE('',*,*,#957,.F.);
#992 = ( GEOMETRIC_REPRESENTATION_CONTEXT(3) 
GLOBAL_UNCERTAINTY_ASSIGNED_CONTEXT((#996)) GLOBAL_UNIT_ASSIGNED_CONTEXT
((#993,#994,#995)) REPRESENTATION_CONTEXT('Context #1',
  '3D Context with UNIT and UNCERTAINTY') );
#993 = ( LENGTH_UNIT() NAMED_UNIT(*) SI_UNIT(.MILLI.,.METRE.) );
#994 = ( NAMED_UNIT(*) PLANE_ANGLE_UNIT() SI_UNIT($,.RADIAN.) );
#995 = ( NAMED_UNIT(*) SI_UNIT($,.STERADIAN.) SOLID_ANGLE_UNIT() );
#996 = UNCERTAINTY_MEASURE_WITH_UNIT(LENGTH_MEASURE(1.E-07),#993,
  'distance_accuracy_value','confusion accuracy');
#997 = CONTEXT_DEPENDENT_SHAPE_REPRESENTATION(#998,#1000);
#998 = ( REPRESENTATION_RELATIONSHIP('','',#661,#10) 
REPRESENTATION_RELATIONSHIP_WITH_TRANSFORMATION(#999) 
SHAPE_REPRESENTATION_RELATIONSHIP() );
#999 = ITEM_DEFINED_TRANSFORMATION('','',#11,#19);
#1000 = PRODUCT_DEFINITION_SHAPE('Placement','Placement of an item',
  #1001);
#1001 = NEXT_ASSEMBLY_USAGE_OCCURRENCE('2','CC1101','',#5,#656,$);
#1002 = PRODUCT_RELATED_PRODUCT_CATEGORY('part',$,(#658));
#1003 = SHAPE_DEFINITION_REPRESENTATION(#1004,#1010);
#1004 = PRODUCT_DEFINITION_SHAPE('','',#1005);
#1005 = PRODUCT_DEFINITION('design','',#1006,#1009);
#1006 = PRODUCT_DEFINITION_FORMATION('','',#1007);
#1007 = PRODUCT('Crystal','Crystal','',(#1008));
#1008 = PRODUCT_CONTEXT('',#2,'mechanical');
#1009 = PRODUCT_DEFINITION_CONTEXT('part definition',#2,'design');
#1010 = ADVANCED_BREP_SHAPE_REPRESENTATION('',(#11,#1011),#1341);
#1011 = MANIFOLD_SOLID_BREP('',#1012);
#1012 = CLOSED_SHELL('',(#1013,#1133,#1233,#1280,#1327,#1334));
#1013 = ADVANCED_FACE('',(#1014),#1028,.F.);
#1014 = FACE_BOUND('',#1015,.F.);
#1015 = EDGE_LOOP('',(#1016,#1051,#1079,#1107));
#1016 = ORIENTED_EDGE('',*,*,#1017,.F.);
#1017 = EDGE_CURVE('',#1018,#1020,#1022,.T.);
#1018 = VERTEX_POINT('',#1019);
#1019 = CARTESIAN_POINT('',(13.5,-4.85,1.));
#1020 = VERTEX_POINT('',#1021);
#1021 = CARTESIAN_POINT('',(13.5,-4.85,2.4));
#1022 = SURFACE_CURVE('',#1023,(#1027,#1039),.PCURVE_S1.);
#1023 = LINE('',#1024,#1025);
#1024 = CARTESIAN_POINT('',(13.5,-4.85,1.));
#1025 = VECTOR('',#1026,1.);
#1026 = DIRECTION('',(0.,0.,1.));
#1027 = PCURVE('',#1028,#1033);
#1028 = PLANE('',#1029);
#1029 = AXIS2_PLACEMENT_3D('',#1030,#1031,#1032);
#1030 = CARTESIAN_POINT('',(13.5,-4.85,1.));
#1031 = DIRECTION('',(1.,0.,0.));
#1032 = DIRECTION('',(0.,0.,1.));
#1033 = DEFINITIONAL_REPRESENTATION('',(#1034),#1038);
#1034 = LINE('',#1035,#1036);
#1035 = CARTESIAN_POINT('',(0.,0.));
#1036 = VECTOR('',#1037,1.);
#1037 = DIRECTION('',(1.,0.));
#1038 = ( GEOMETRIC_REPRESENTATION_CONTEXT(2) 
PARAMETRIC_REPRESENTATION_CONTEXT() REPRESENTATION_CONTEXT('2D SPACE',''
  ) );
#1039 = PCURVE('',#1040,#1045);
#1040 = PLANE('',#1041);
#1041 = AXIS2_PLACEMENT_3D('',#1042,#1043,#1044);
#1042 = CARTESIAN_POINT('',(13.5,-4.85,1.));
#1043 = DIRECTION('',(0.,1.,0.));
#1044 = DIRECTION('',(0.,0.,1.));
#1045 = DEFINITIONAL_REPRESENTATION('',(#1046),#1050);
#1046 = LINE('',#1047,#1048);
#1047 = CARTESIAN_POINT('',(0.,0.));
#1048 = VECTOR('',#1049,1.);
#1049 = DIRECTION('',(1.,0.));
#1050 = ( GEOMETRIC_REPRESENTATION_CONTEXT(2) 
PARAMETRIC_REPRESENTATION_CONTEXT() REPRESENTATION_CONTEXT('2D SPACE',''
  ) );
#1051 = ORIENTED_EDGE('',*,*,#1052,.T.);
#1052 = EDGE_CURVE('',#1018,#1053,#1055,.T.);
#1053 = VERTEX_POINT('',#1054);
#1054 = CARTESIAN_POINT('',(13.5,-2.35,1.));
#1055 = SURFACE_CURVE('',#1056,(#1060,#1067),.PCURVE_S1.);
#1056 = LINE('',#1057,#1058);
#1057 = CARTESIAN_POINT('',(13.5,-4.85,1.));
#1058 = VECTOR('',#1059,1.);
#1059 = DIRECTION('',(0.,1.,0.));
#1060 = PCURVE('',#1028,#1061);
#1061 = DEFINITIONAL_REPRESENTATION('',(#1062),#1066);
#1062 = LINE('',#1063,#1064);
#1063 = CARTESIAN_POINT('',(0.,0.));
#1064 = VECTOR('',#1065,1.);
#1065 = DIRECTION('',(0.,-1.));
#1066 = ( GEOMETRIC_REPRESENTATION_CONTEXT(2) 
PARAMETRIC_REPRESENTATION_CONTEXT() REPRESENTATION_CONTEXT('2D SPACE',''
  ) );
#1067 = PCURVE('',#1068,#1073);
#1068 = PLANE('',#1069);
#1069 = AXIS2_PLACEMENT_3D('',#1070,#1071,#1072);
#1070 = CARTESIAN_POINT('',(13.5,-4.85,1.));
#1071 = DIRECTION('',(0.,0.,1.));
#1072 = DIRECTION('',(1.,0.,0.));
#1073 = DEFINITIONAL_REPRESENTATION('',(#1074),#1078);
#1074 = LINE('',#1075,#1076);
#1075 = CARTESIAN_POINT('',(0.,0.));
#1076 = VECTOR('',#1077,1.);
#1077 = DIRECTION('',(0.,1.));
#1078 = ( GEOMETRIC_REPRESENTATION_CONTEXT(2) 
PARAMETRIC_REPRESENTATION_CONTEXT() REPRESENTATION_CONTEXT('2D SPACE',''
  ) );
#1079 = ORIENTED_EDGE('',*,*,#1080,.T.);
#1080 = EDGE_CURVE('',#1053,#1081,#1083,.T.);
#1081 = VERTEX_POINT('',#1082);
#1082 = CARTESIAN_POINT('',(13.5,-2.35,2.4));
#1083 = SURFACE_CURVE('',#1084,(#1088,#1095),.PCURVE_S1.);
#1084 = LINE('',#1085,#1086);
#1085 = CARTESIAN_POINT('',(13.5,-2.35,1.));
#1086 = VECTOR('',#1087,1.);
#1087 = DIRECTION('',(0.,0.,1.));
#1088 = PCURVE('',#1028,#1089);
#1089 = DEFINITIONAL_REPRESENTATION('',(#1090),#1094);
#1090 = LINE('',#1091,#1092);
#1091 = CARTESIAN_POINT('',(0.,-2.5));
#1092 = VECTOR('',#1093,1.);
#1093 = DIRECTION('',(1.,0.));
#1094 = ( GEOMETRIC_REPRESENTATION_CONTEXT(2) 
PARAMETRIC_REPRESENTATION_CONTEXT() REPRESENTATION_CONTEXT('2D SPACE',''
  ) );
#1095 = PCURVE('',#1096,#1101);
#1096 = PLANE('',#1097);
#1097 = AXIS2_PLACEMENT_3D('',#1098,#1099,#1100);
#1098 = CARTESIAN_POINT('',(13.5,-2.35,1.));
#1099 = DIRECTION('',(0.,1.,0.));
#1100 = DIRECTION('',(0.,0.,1.));
#1101 = DEFINITIONAL_REPRESENTATION('',(#1102),#1106);
#1102 = LINE('',#1103,#1104);
#1103 = CARTESIAN_POINT('',(0.,0.));
#1104 = VECTOR('',#1105,1.);
#1105 = DIRECTION('',(1.,0.));
#1106 = ( GEOMETRIC_REPRESENTATION_CONTEXT(2) 
PARAMETRIC_REPRESENTATION_CONTEXT() REPRESENTATION_CONTEXT('2D SPACE',''
  ) );
#1107 = ORIENTED_EDGE('',*,*,#1108,.F.);
#1108 = EDGE_CURVE('',#1020,#1081,#1109,.T.);
#1109 = SURFACE_CURVE('',#1110,(#1114,#1121),.PCURVE_S1.);
#1110 = LINE('',#1111,#1112);
#1111 = CARTESIAN_POINT('',(13.5,-4.85,2.4));
#1112 = VECTOR('',#1113,1.);
#1113 = DIRECTION('',(0.,1.,0.));
#1114 = PCURVE('',#1028,#1115);
#1115 = DEFINITIONAL_REPRESENTATION('',(#1116),#1120);
#1116 = LINE('',#1117,#1118);
#1117 = CARTESIAN_POINT('',(1.4,0.));
#1118 = VECTOR('',#1119,1.);
#1119 = DIRECTION('',(0.,-1.));
#1120 = ( GEOMETRIC_REPRESENTATION_CONTEXT(2) 
PARAMETRIC_REPRESENTATION_CONTEXT() REPRESENTATION_CONTEXT('2D SPACE',''
  ) );
#1121 = PCURVE('',#1122,#1127);
#1122 = PLANE('',#1123);
#1123 = AXIS2_PLACEMENT_3D('',#1124,#1125,#1126);
#1124 = CARTESIAN_POINT('',(13.5,-4.85,2.4));
#1125 = DIRECTION('',(0.,0.,1.));
#1126 = DIRECTION('',(1.,0.,0.));
#1127 = DEFINITIONAL_REPRESENTATION('',(#1128),#1132);
#1128 = LINE('',#1129,#1130);
#1129 = CARTESIAN_POINT('',(0.,0.));
#1130 = VECTOR('',#1131,1.);
#1131 = DIRECTION('',(0.,1.));
#1132 = ( GEOMETRIC_REPRESENTATION_CONTEXT(2) 
PARAMETRIC_REPRESENTATION_CONTEXT() REPRESENTATION_CONTEXT('2D SPACE',''
  ) );
#1133 = ADVANCED_FACE('',(#1134),#1148,.T.);
#1134 = FACE_BOUND('',#1135,.T.);
#1135 = EDGE_LOOP('',(#1136,#1166,#1189,#1212));
#1136 = ORIENTED_EDGE('',*,*,#1137,.F.);
#1137 = EDGE_CURVE('',#1138,#1140,#1142,.T.);
#1138 = VERTEX_POINT('',#1139);
#1139 = CARTESIAN_POINT('',(17.5,-4.85,1.));
#1140 = VERTEX_POINT('',#1141);
#1141 = CARTESIAN_POINT('',(17.5,-4.85,2.4));
#1142 = SURFACE_CURVE('',#1143,(#1147,#1159),.PCURVE_S1.);
#1143 = LINE('',#1144,#1145);
#1144 = CARTESIAN_POINT('',(17.5,-4.85,1.));
#1145 = VECTOR('',#1146,1.);
#1146 = DIRECTION('',(0.,0.,1.));
#1147 = PCURVE('',#1148,#1153);
#1148 = PLANE('',#1149);
#1149 = AXIS2_PLACEMENT_3D('',#1150,#1151,#1152);
#1150 = CARTESIAN_POINT('',(17.5,-4.85,1.));
#1151 = DIRECTION('',(1.,0.,0.));
#1152 = DIRECTION('',(0.,0.,1.));
#1153 = DEFINITIONAL_REPRESENTATION('',(#1154),#1158);
#1154 = LINE('',#1155,#1156);
#1155 = CARTESIAN_POINT('',(0.,0.));
#1156 = VECTOR('',#1157,1.);
#1157 = DIRECTION('',(1.,0.));
#1158 = ( GEOMETRIC_REPRESENTATION_CONTEXT(2) 
PARAMETRIC_REPRESENTATION_CONTEXT() REPRESENTATION_CONTEXT('2D SPACE',''
  ) );
#1159 = PCURVE('',#1040,#1160);
#1160 = DEFINITIONAL_REPRESENTATION('',(#1161),#1165);
#1161 = LINE('',#1162,#1163);
#1162 = CARTESIAN_POINT('',(0.,4.));
#1163 = VECTOR('',#1164,1.);
#1164 = DIRECTION('',(1.,0.));
#1165 = ( GEOMETRIC_REPRESENTATION_CONTEXT(2) 
PARAMETRIC_REPRESENTATION_CONTEXT() REPRESENTATION_CONTEXT('2D SPACE',''
  ) );
#1166 = ORIENTED_EDGE('',*,*,#1167,.T.);
#1167 = EDGE_CURVE('',#1138,#1168,#1170,.T.);
#1168 = VERTEX_POINT('',#1169);
#1169 = CARTESIAN_POINT('',(17.5,-2.35,1.));
#1170 = SURFACE_CURVE('',#1171,(#1175,#1182),.PCURVE_S1.);
#1171 = LINE('',#1172,#1173);
#1172 = CARTESIAN_POINT('',(17.5,-4.85,1.));
#1173 = VECTOR('',#1174,1.);
#1174 = DIRECTION('',(0.,1.,0.));
#1175 = PCURVE('',#1148,#1176);
#1176 = DEFINITIONAL_REPRESENTATION('',(#1177),#1181);
#1177 = LINE('',#1178,#1179);
#1178 = CARTESIAN_POINT('',(0.,0.));
#1179 = VECTOR('',#1180,1.);
#1180 = DIRECTION('',(0.,-1.));
#1181 = ( GEOMETRIC_REPRESENTATION_CONTEXT(2) 
PARAMETRIC_REPRESENTATION_CONTEXT() REPRESENTATION_CONTEXT('2D SPACE',''
  ) );
#1182 = PCURVE('',#1068,#1183);
#1183 = DEFINITIONAL_REPRESENTATION('',(#1184),#1188);
#1184 = LINE('',#1185,#1186);
#1185 = CARTESIAN_POINT('',(4.,0.));
#1186 = VECTOR('',#1187,1.);
#1187 = DIRECTION('',(0.,1.));
#1188 = ( GEOMETRIC_REPRESENTATION_CONTEXT(2) 
PARAMETRIC_REPRESENTATION_CONTEXT() REPRESENTATION_CONTEXT('2D SPACE',''
  ) );
#1189 = ORIENTED_EDGE('',*,*,#1190,.T.);
#1190 = EDGE_CURVE('',#1168,#1191,#1193,.T.);
#1191 = VERTEX_POINT('',#1192);
#1192 = CARTESIAN_POINT('',(17.5,-2.35,2.4));
#1193 = SURFACE_CURVE('',#1194,(#1198,#1205),.PCURVE_S1.);
#1194 = LINE('',#1195,#1196);
#1195 = CARTESIAN_POINT('',(17.5,-2.35,1.));
#1196 = VECTOR('',#1197,1.);
#1197 = DIRECTION('',(0.,0.,1.));
#1198 = PCURVE('',#1148,#1199);
#1199 = DEFINITIONAL_REPRESENTATION('',(#1200),#1204);
#1200 = LINE('',#1201,#1202);
#1201 = CARTESIAN_POINT('',(0.,-2.5));
#1202 = VECTOR('',#1203,1.);
#1203 = DIRECTION('',(1.,0.));
#1204 = ( GEOMETRIC_REPRESENTATION_CONTEXT(2) 
PARAMETRIC_REPRESENTATION_CONTEXT() REPRESENTATION_CONTEXT('2D SPACE',''
  ) );
#1205 = PCURVE('',#1096,#1206);
#1206 = DEFINITIONAL_REPRESENTATION('',(#1207),#1211);
#1207 = LINE('',#1208,#1209);
#1208 = CARTESIAN_POINT('',(0.,4.));
#1209 = VECTOR('',#1210,1.);
#1210 = DIRECTION('',(1.,0.));
#1211 = ( GEOMETRIC_REPRESENTATION_CONTEXT(2) 
PARAMETRIC_REPRESENTATION_CONTEXT() REPRESENTATION_CONTEXT('2D SPACE',''
  ) );
#1212 = ORIENTED_EDGE('',*,*,#1213,.F.);
#1213 = EDGE_CURVE('',#1140,#1191,#1214,.T.);
#1214 = SURFACE_CURVE('',#1215,(#1219,#1226),.PCURVE_S1.);
#1215 = LINE('',#1216,#1217);
#1216 = CARTESIAN_POINT('',(17.5,-4.85,2.4));
#1217 = VECTOR('',#1218,1.);
#1218 = DIRECTION('',(0.,1.,0.));
#1219 = PCURVE('',#1148,#1220);
#1220 = DEFINITIONAL_REPRESENTATION('',(#1221),#1225);
#1221 = LINE('',#1222,#1223);
#1222 = CARTESIAN_POINT('',(1.4,0.));
#1223 = VECTOR('',#1224,1.);
#1224 = DIRECTION('',(0.,-1.));
#1225 = ( GEOMETRIC_REPRESENTATION_CONTEXT(2) 
PARAMETRIC_REPRESENTATION_CONTEXT() REPRESENTATION_CONTEXT('2D SPACE',''
  ) );
#1226 = PCURVE('',#1122,#1227);
#1227 = DEFINITIONAL_REPRESENTATION('',(#1228),#1232);
#1228 = LINE('',#1229,#1230);
#1229 = CARTESIAN_POINT('',(4.,0.));
#1230 = VECTOR('',#1231,1.);
#1231 = DIRECTION('',(0.,1.));
#1232 = ( GEOMETRIC_REPRESENTATION_CONTEXT(2) 
PARAMETRIC_REPRESENTATION_CONTEXT() REPRESENTATION_CONTEXT('2D SPACE',''
  ) );
#1233 = ADVANCED_FACE('',(#1234),#1040,.F.);
#1234 = FACE_BOUND('',#1235,.F.);
#1235 = EDGE_LOOP('',(#1236,#1257,#1258,#1279));
#1236 = ORIENTED_EDGE('',*,*,#1237,.F.);
#1237 = EDGE_CURVE('',#1018,#1138,#1238,.T.);
#1238 = SURFACE_CURVE('',#1239,(#1243,#1250),.PCURVE_S1.);
#1239 = LINE('',#1240,#1241);
#1240 = CARTESIAN_POINT('',(13.5,-4.85,1.));
#1241 = VECTOR('',#1242,1.);
#1242 = DIRECTION('',(1.,0.,0.));
#1243 = PCURVE('',#1040,#1244);
#1244 = DEFINITIONAL_REPRESENTATION('',(#1245),#1249);
#1245 = LINE('',#1246,#1247);
#1246 = CARTESIAN_POINT('',(0.,0.));
#1247 = VECTOR('',#1248,1.);
#1248 = DIRECTION('',(0.,1.));
#1249 = ( GEOMETRIC_REPRESENTATION_CONTEXT(2) 
PARAMETRIC_REPRESENTATION_CONTEXT() REPRESENTATION_CONTEXT('2D SPACE',''
  ) );
#1250 = PCURVE('',#1068,#1251);
#1251 = DEFINITIONAL_REPRESENTATION('',(#1252),#1256);
#1252 = LINE('',#1253,#1254);
#1253 = CARTESIAN_POINT('',(0.,0.));
#1254 = VECTOR('',#1255,1.);
#1255 = DIRECTION('',(1.,0.));
#1256 = ( GEOMETRIC_REPRESENTATION_CONTEXT(2) 
PARAMETRIC_REPRESENTATION_CONTEXT() REPRESENTATION_CONTEXT('2D SPACE',''
  ) );
#1257 = ORIENTED_EDGE('',*,*,#1017,.T.);
#1258 = ORIENTED_EDGE('',*,*,#1259,.T.);
#1259 = EDGE_CURVE('',#1020,#1140,#1260,.T.);
#1260 = SURFACE_CURVE('',#1261,(#1265,#1272),.PCURVE_S1.);
#1261 = LINE('',#1262,#1263);
#1262 = CARTESIAN_POINT('',(13.5,-4.85,2.4));
#1263 = VECTOR('',#1264,1.);
#1264 = DIRECTION('',(1.,0.,0.));
#1265 = PCURVE('',#1040,#1266);
#1266 = DEFINITIONAL_REPRESENTATION('',(#1267),#1271);
#1267 = LINE('',#1268,#1269);
#1268 = CARTESIAN_POINT('',(1.4,0.));
#1269 = VECTOR('',#1270,1.);
#1270 = DIRECTION('',(0.,1.));
#1271 = ( GEOMETRIC_REPRESENTATION_CONTEXT(2) 
PARAMETRIC_REPRESENTATION_CONTEXT() REPRESENTATION_CONTEXT('2D SPACE',''
  ) );
#1272 = PCURVE('',#1122,#1273);
#1273 = DEFINITIONAL_REPRESENTATION('',(#1274),#1278);
#1274 = LINE('',#1275,#1276);
#1275 = CARTESIAN_POINT('',(0.,0.));
#1276 = VECTOR('',#1277,1.);
#1277 = DIRECTION('',(1.,0.));
#1278 = ( GEOMETRIC_REPRESENTATION_CONTEXT(2) 
PARAMETRIC_REPRESENTATION_CONTEXT() REPRESENTATION_CONTEXT('2D SPACE',''
  ) );
#1279 = ORIENTED_EDGE('',*,*,#1137,.F.);
#1280 = ADVANCED_FACE('',(#1281),#1096,.T.);
#1281 = FACE_BOUND('',#1282,.T.);
#1282 = EDGE_LOOP('',(#1283,#1304,#1305,#1326));
#1283 = ORIENTED_EDGE('',*,*,#1284,.F.);
#1284 = EDGE_CURVE('',#1053,#1168,#1285,.T.);
#1285 = SURFACE_CURVE('',#1286,(#1290,#1297),.PCURVE_S1.);
#1286 = LINE('',#1287,#1288);
#1287 = CARTESIAN_POINT('',(13.5,-2.35,1.));
#1288 = VECTOR('',#1289,1.);
#1289 = DIRECTION('',(1.,0.,0.));
#1290 = PCURVE('',#1096,#1291);
#1291 = DEFINITIONAL_REPRESENTATION('',(#1292),#1296);
#1292 = LINE('',#1293,#1294);
#1293 = CARTESIAN_POINT('',(0.,0.));
#1294 = VECTOR('',#1295,1.);
#1295 = DIRECTION('',(0.,1.));
#1296 = ( GEOMETRIC_REPRESENTATION_CONTEXT(2) 
PARAMETRIC_REPRESENTATION_CONTEXT() REPRESENTATION_CONTEXT('2D SPACE',''
  ) );
#1297 = PCURVE('',#1068,#1298);
#1298 = DEFINITIONAL_REPRESENTATION('',(#1299),#1303);
#1299 = LINE('',#1300,#1301);
#1300 = CARTESIAN_POINT('',(0.,2.5));
#1301 = VECTOR('',#1302,1.);
#1302 = DIRECTION('',(1.,0.));
#1303 = ( GEOMETRIC_REPRESENTATION_CONTEXT(2) 
PARAMETRIC_REPRESENTATION_CONTEXT() REPRESENTATION_CONTEXT('2D SPACE',''
  ) );
#1304 = ORIENTED_EDGE('',*,*,#1080,.T.);
#1305 = ORIENTED_EDGE('',*,*,#1306,.T.);
#1306 = EDGE_CURVE('',#1081,#1191,#1307,.T.);
#1307 = SURFACE_CURVE('',#1308,(#1312,#1319),.PCURVE_S1.);
#1308 = LINE('',#1309,#1310);
#1309 = CARTESIAN_POINT('',(13.5,-2.35,2.4));
#1310 = VECTOR('',#1311,1.);
#1311 = DIRECTION('',(1.,0.,0.));
#1312 = PCURVE('',#1096,#1313);
#1313 = DEFINITIONAL_REPRESENTATION('',(#1314),#1318);
#1314 = LINE('',#1315,#1316);
#1315 = CARTESIAN_POINT('',(1.4,0.));
#1316 = VECTOR('',#1317,1.);
#1317 = DIRECTION('',(0.,1.));
#1318 = ( GEOMETRIC_REPRESENTATION_CONTEXT(2) 
PARAMETRIC_REPRESENTATION_CONTEXT() REPRESENTATION_CONTEXT('2D SPACE',''
  ) );
#1319 = PCURVE('',#1122,#1320);
#1320 = DEFINITIONAL_REPRESENTATION('',(#1321),#1325);
#1321 = LINE('',#1322,#1323);
#1322 = CARTESIAN_POINT('',(0.,2.5));
#1323 = VECTOR('',#1324,1.);
#1324 = DIRECTION('',(1.,0.));
#1325 = ( GEOMETRIC_REPRESENTATION_CONTEXT(2) 
PARAMETRIC_REPRESENTATION_CONTEXT() REPRESENTATION_CONTEXT('2D SPACE',''
  ) );
#1326 = ORIENTED_EDGE('',*,*,#1190,.F.);
#1327 = ADVANCED_FACE('',(#1328),#1068,.F.);
#1328 = FACE_BOUND('',#1329,.F.);
#1329 = EDGE_LOOP('',(#1330,#1331,#1332,#1333));
#1330 = ORIENTED_EDGE('',*,*,#1052,.F.);
#1331 = ORIENTED_EDGE('',*,*,#1237,.T.);
#1332 = ORIENTED_EDGE('',*,*,#1167,.T.);
#1333 = ORIENTED_EDGE('',*,*,#1284,.F.);
#1334 = ADVANCED_FACE('',(#1335),#1122,.T.);
#1335 = FACE_BOUND('',#1336,.T.);
#1336 = EDGE_LOOP('',(#1337,#1338,#1339,#1340));
#1337 = ORIENTED_EDGE('',*,*,#1108,.F.);
#1338 = ORIENTED_EDGE('',*,*,#1259,.T.);
#1339 = ORIENTED_EDGE('',*,*,#1213,.T.);
#1340 = ORIENTED_EDGE('',*,*,#1306,.F.);
#1341 = ( GEOMETRIC_REPRESENTATION_CONTEXT(3) 
GLOBAL_UNCERTAINTY_ASSIGNED_CONTEXT((#1345)) 
GLOBAL_UNIT_ASSIGNED_CONTEXT((#1342,#1343,#1344)) REPRESENTATION_CONTEXT
('Context #1','3D Context with UNIT and UNCERTAINTY') );
#1342 = ( LENGTH_UNIT() NAMED_UNIT(*) SI_UNIT(.MILLI.,.METRE.) );
#1343 = ( NAMED_UNIT(*) PLANE_ANGLE_UNIT() SI_UNIT($,.RADIAN.) );
#1344 = ( NAMED_UNIT(*) SI_UNIT($,.STERADIAN.) SOLID_ANGLE_UNIT() );
#1345 = UNCERTAINTY_MEASURE_WITH_UNIT(LENGTH_MEASURE(1.E-07),#1342,
  'distance_accuracy_value','confusion accuracy');
#1346 = CONTEXT_DEPENDENT_SHAPE_REPRESENTATION(#1347,#1349);
#1347 = ( REPRESENTATION_RELATIONSHIP('','',#1010,#10) 
REPRESENTATION_RELATIONSHIP_WITH_TRANSFORMATION(#1348) 
SHAPE_REPRESENTATION_RELATIONSHIP() );
#1348 = ITEM_DEFINED_TRANSFORMATION('','',#11,#23);
#1349 = PRODUCT_DEFINITION_SHAPE('Placement','Placement of an item',
  #1350);
#1350 = NEXT_ASSEMBLY_USAGE_OCCURRENCE('3','Crystal','',#5,#1005,$);
#1351 = PRODUCT_RELATED_PRODUCT_CATEGORY('part',$,(#1007));
#1352 = SHAPE_DEFINITION_REPRESENTATION(#1353,#1359);
#1353 = PRODUCT_DEFINITION_SHAPE('','',#1354);
#1354 = PRODUCT_DEFINITION('design','',#1355,#1358);
#1355 = PRODUCT_DEFINITION_FORMATION('','',#1356);
#1356 = PRODUCT('RF component 0','RF component 0','',(#1357));
#1357 = PRODUCT_CONTEXT('',#2,'mechanical');
#1358 = PRODUCT_DEFINITION_CONTEXT('part definition',#2,'design');
#1359 = ADVANCED_BREP_SHAPE_REPRESENTATION('',(#11,#1360),#1690);
#1360 = MANIFOLD_SOLID_BREP('',#1361);
#1361 = CLOSED_SHELL('',(#1362,#1482,#1582,#1629,#1676,#1683));
#1362 = ADVANCED_FACE('',(#1363),#1377,.F.);
#1363 = FACE_BOUND('',#1364,.F.);
#1364 = EDGE_LOOP('',(#1365,#1400,#1428,#1456));
#1365 = ORIENTED_EDGE('',*,*,#1366,.F.);
#1366 = EDGE_CURVE('',#1367,#1369,#1371,.T.);
#1367 = VERTEX_POINT('',#1368);
#1368 = CARTESIAN_POINT('',(14.,2.8,1.));
#1369 = VERTEX_POINT('',#1370);
#1370 = CARTESIAN_POINT('',(14.,2.8,1.8));
#1371 = SURFACE_CURVE('',#1372,(#1376,#1388),.PCURVE_S1.);
#1372 = LINE('',#1373,#1374);
#1373 = CARTESIAN_POINT('',(14.,2.8,1.));
#1374 = VECTOR('',#1375,1.);
#1375 = DIRECTION('',(0.,0.,1.));
#1376 = PCURVE('',#1377,#1382);
#1377 = PLANE('',#1378);
#1378 = AXIS2_PLACEMENT_3D('',#1379,#1380,#1381);
#1379 = CARTESIAN_POINT('',(14.,2.8,1.));
#1380 = DIRECTION('',(1.,0.,0.));
#1381 = DIRECTION('',(0.,0.,1.));
#1382 = DEFINITIONAL_REPRESENTATION('',(#1383),#1387);
#1383 = LINE('',#1384,#1385);
#1384 = CARTESIAN_POINT('',(0.,0.));
#1385 = VECTOR('',#1386,1.);
#1386 = DIRECTION('',(1.,0.));
#1387 = ( GEOMETRIC_REPRESENTATION_CONTEXT(2) 
PARAMETRIC_REPRESENTATION_CONTEXT() REPRESENTATION_CONTEXT('2D SPACE',''
  ) );
#1388 = PCURVE('',#1389,#1394);
#1389 = PLANE('',#1390);
#1390 = AXIS2_PLACEMENT_3D('',#1391,#1392,#1393);
#1391 = CARTESIAN_POINT('',(14.,2.8,1.));
#1392 = DIRECTION('',(0.,1.,0.));
#1393 = DIRECTION('',(0.,0.,1.));
#1394 = DEFINITIONAL_REPRESENTATION('',(#1395),#1399);
#1395 = LINE('',#1396,#1397);
#1396 = CARTESIAN_POINT('',(0.,0.));
#1397 = VECTOR('',#1398,1.);
#1398 = DIRECTION('',(1.,0.));
#1399 = ( GEOMETRIC_REPRESENTATION_CONTEXT(2) 
PARAMETRIC_REPRESENTATION_CONTEXT() REPRESENTATION_CONTEXT('2D SPACE',''
  ) );
#1400 = ORIENTED_EDGE('',*,*,#1401,.T.);
#1401 = EDGE_CURVE('',#1367,#1402,#1404,.T.);
#1402 = VERTEX_POINT('',#1403);
#1403 = CARTESIAN_POINT('',(14.,4.,1.));
#1404 = SURFACE_CURVE('',#1405,(#1409,#1416),.PCURVE_S1.);
#1405 = LINE('',#1406,#1407);
#1406 = CARTESIAN_POINT('',(14.,2.8,1.));
#1407 = VECTOR('',#1408,1.);
#1408 = DIRECTION('',(0.,1.,0.));
#1409 = PCURVE('',#1377,#1410);
#1410 = DEFINITIONAL_REPRESENTATION('',(#1411),#1415);
#1411 = LINE('',#1412,#1413);
#1412 = CARTESIAN_POINT('',(0.,0.));
#1413 = VECTOR('',#1414,1.);
#1414 = DIRECTION('',(0.,-1.));
#1415 = ( GEOMETRIC_REPRESENTATION_CONTEXT(2) 
PARAMETRIC_REPRESENTATION_CONTEXT() REPRESENTATION_CONTEXT('2D SPACE',''
  ) );
#1416 = PCURVE('',#1417,#1422);
#1417 = PLANE('',#1418);
#1418 = AXIS2_PLACEMENT_3D('',#1419,#1420,#1421);
#1419 = CARTESIAN_POINT('',(14.,2.8,1.));
#1420 = DIRECTION('',(0.,0.,1.));
#1421 = DIRECTION('',(1.,0.,0.));
#1422 = DEFINITIONAL_REPRESENTATION('',(#1423),#1427);
#1423 = LINE('',#1424,#1425);
#1424 = CARTESIAN_POINT('',(0.,0.));
#1425 = VECTOR('',#1426,1.);
#1426 = DIRECTION('',(0.,1.));
#1427 = ( GEOMETRIC_REPRESENTATION_CONTEXT(2) 
PARAMETRIC_REPRESENTATION_CONTEXT() REPRESENTATION_CONTEXT('2D SPACE',''
  ) );
#1428 = ORIENTED_EDGE('',*,*,#1429,.T.);
#1429 = EDGE_CURVE('',#1402,#1430,#1432,.T.);
#1430 = VERTEX_POINT('',#1431);
#1431 = CARTESIAN_POINT('',(14.,4.,1.8));
#1432 = SURFACE_CURVE('',#1433,(#1437,#1444),.PCURVE_S1.);
#1433 = LINE('',#1434,#1435);
#1434 = CARTESIAN_POINT('',(14.,4.,1.));
#1435 = VECTOR('',#1436,1.);
#1436 = DIRECTION('',(0.,0.,1.));
#1437 = PCURVE('',#1377,#1438);
#1438 = DEFINITIONAL_REPRESENTATION('',(#1439),#1443);
#1439 = LINE('',#1440,#1441);
#1440 = CARTESIAN_POINT('',(0.,-1.2));
#1441 = VECTOR('',#1442,1.);
#1442 = DIRECTION('',(1.,0.));
#1443 = ( GEOMETRIC_REPRESENTATION_CONTEXT(2) 
PARAMETRIC_REPRESENTATION_CONTEXT() REPRESENTATION_CONTEXT('2D SPACE',''
  ) );
#1444 = PCURVE('',#1445,#1450);
#1445 = PLANE('',#1446);
#1446 = AXIS2_PLACEMENT_3D('',#1447,#1448,#1449);
#1447 = CARTESIAN_POINT('',(14.,4.,1.));
#1448 = DIRECTION('',(0.,1.,0.));
#1449 = DIRECTION('',(0.,0.,1.));
#1450 = DEFINITIONAL_REPRESENTATION('',(#1451),#1455);
#1451 = LINE('',#1452,#1453);
#1452 = CARTESIAN_POINT('',(0.,0.));
#1453 = VECTOR('',#1454,1.);
#1454 = DIRECTION('',(1.,0.));
#1455 = ( GEOMETRIC_REPRESENTATION_CONTEXT(2) 
PARAMETRIC_REPRESENTATION_CONTEXT() REPRESENTATION_CONTEXT('2D SPACE',''
  ) );
#1456 = ORIENTED_EDGE('',*,*,#1457,.F.);
#1457 = EDGE_CURVE('',#1369,#1430,#1458,.T.);
#1458 = SURFACE_CURVE('',#1459,(#1463,#1470),.PCURVE_S1.);
#1459 = LINE('',#1460,#1461);
#1460 = CARTESIAN_POINT('',(14.,2.8,1.8));
#1461 = VECTOR('',#1462,1.);
#1462 = DIRECTION('',(0.,1.,0.));
#1463 = PCURVE('',#1377,#1464);
#1464 = DEFINITIONAL_REPRESENTATION('',(#1465),#1469);
#1465 = LINE('',#1466,#1467);
#1466 = CARTESIAN_POINT('',(0.8,0.));
#1467 = VECTOR('',#1468,1.);
#1468 = DIRECTION('',(0.,-1.));
#1469 = ( GEOMETRIC_REPRESENTATION_CONTEXT(2) 
PARAMETRIC_REPRESENTATION_CONTEXT() REPRESENTATION_CONTEXT('2D SPACE',''
  ) );
#1470 = PCURVE('',#1471,#1476);
#1471 = PLANE('',#1472);
#1472 = AXIS2_PLACEMENT_3D('',#1473,#1474,#1475);
#1473 = CARTESIAN_POINT('',(14.,2.8,1.8));
#1474 = DIRECTION('',(0.,0.,1.));
#1475 = DIRECTION('',(1.,0.,0.));
#1476 = DEFINITIONAL_REPRESENTATION('',(#1477),#1481);
#1477 = LINE('',#1478,#1479);
#1478 = CARTESIAN_POINT('',(0.,0.));
#1479 = VECTOR('',#1480,1.);
#1480 = DIRECTION('',(0.,1.));
#1481 = ( GEOMETRIC_REPRESENTATION_CONTEXT(2) 
PARAMETRIC_REPRESENTATION_CONTEXT() REPRESENTATION_CONTEXT('2D SPACE',''
  ) );
#1482 = ADVANCED_FACE('',(#1483),#1497,.T.);
#1483 = FACE_BOUND('',#1484,.T.);
#1484 = EDGE_LOOP('',(#1485,#1515,#1538,#1561));
#1485 = ORIENTED_EDGE('',*,*,#1486,.F.);
#1486 = EDGE_CURVE('',#1487,#1489,#1491,.T.);
#1487 = VERTEX_POINT('',#1488);
#1488 = CARTESIAN_POINT('',(16.,2.8,1.));
#1489 = VERTEX_POINT('',#1490);
#1490 = CARTESIAN_POINT('',(16.,2.8,1.8));
#1491 = SURFACE_CURVE('',#1492,(#1496,#1508),.PCURVE_S1.);
#1492 = LINE('',#1493,#1494);
#1493 = CARTESIAN_POINT('',(16.,2.8,1.));
#1494 = VECTOR('',#1495,1.);
#1495 = DIRECTION('',(0.,0.,1.));
#1496 = PCURVE('',#1497,#1502);
#1497 = PLANE('',#1498);
#1498 = AXIS2_PLACEMENT_3D('',#1499,#1500,#1501);
#1499 = CARTESIAN_POINT('',(16.,2.8,1.));
#1500 = DIRECTION('',(1.,0.,0.));
#1501 = DIRECTION('',(0.,0.,1.));
#1502 = DEFINITIONAL_REPRESENTATION('',(#1503),#1507);
#1503 = LINE('',#1504,#1505);
#1504 = CARTESIAN_POINT('',(0.,0.));
#1505 = VECTOR('',#1506,1.);
#1506 = DIRECTION('',(1.,0.));
#1507 = ( GEOMETRIC_REPRESENTATION_CONTEXT(2) 
PARAMETRIC_REPRESENTATION_CONTEXT() REPRESENTATION_CONTEXT('2D SPACE',''
  ) );
#1508 = PCURVE('',#1389,#1509);
#1509 = DEFINITIONAL_REPRESENTATION('',(#1510),#1514);
#1510 = LINE('',#1511,#1512);
#1511 = CARTESIAN_POINT('',(0.,2.));
#1512 = VECTOR('',#1513,1.);
#1513 = DIRECTION('',(1.,0.));
#1514 = ( GEOMETRIC_REPRESENTATION_CONTEXT(2) 
PARAMETRIC_REPRESENTATION_CONTEXT() REPRESENTATION_CONTEXT('2D SPACE',''
  ) );
#1515 = ORIENTED_EDGE('',*,*,#1516,.T.);
#1516 = EDGE_CURVE('',#1487,#1517,#1519,.T.);
#1517 = VERTEX_POINT('',#1518);
#1518 = CARTESIAN_POINT('',(16.,4.,1.));
#1519 = SURFACE_CURVE('',#1520,(#1524,#1531),.PCURVE_S1.);
#1520 = LINE('',#1521,#1522);
#1521 = CARTESIAN_POINT('',(16.,2.8,1.));
#1522 = VECTOR('',#1523,1.);
#1523 = DIRECTION('',(0.,1.,0.));
#1524 = PCURVE('',#1497,#1525);
#1525 = DEFINITIONAL_REPRESENTATION('',(#1526),#1530);
#1526 = LINE('',#1527,#1528);
#1527 = CARTESIAN_POINT('',(0.,0.));
#1528 = VECTOR('',#1529,1.);
#1529 = DIRECTION('',(0.,-1.));
#1530 = ( GEOMETRIC_REPRESENTATION_CONTEXT(2) 
PARAMETRIC_REPRESENTATION_CONTEXT() REPRESENTATION_CONTEXT('2D SPACE',''
  ) );
#1531 = PCURVE('',#1417,#1532);
#1532 = DEFINITIONAL_REPRESENTATION('',(#1533),#1537);
#1533 = LINE('',#1534,#1535);
#1534 = CARTESIAN_POINT('',(2.,0.));
#1535 = VECTOR('',#1536,1.);
#1536 = DIRECTION('',(0.,1.));
#1537 = ( GEOMETRIC_REPRESENTATION_CONTEXT(2) 
PARAMETRIC_REPRESENTATION_CONTEXT() REPRESENTATION_CONTEXT('2D SPACE',''
  ) );
#1538 = ORIENTED_EDGE('',*,*,#1539,.T.);
#1539 = EDGE_CURVE('',#1517,#1540,#1542,.T.);
#1540 = VERTEX_POINT('',#1541);
#1541 = CARTESIAN_POINT('',(16.,4.,1.8));
#1542 = SURFACE_CURVE('',#1543,(#1547,#1554),.PCURVE_S1.);
#1543 = LINE('',#1544,#1545);
#1544 = CARTESIAN_POINT('',(16.,4.,1.));
#1545 = VECTOR('',#1546,1.);
#1546 = DIRECTION('',(0.,0.,1.));
#1547 = PCURVE('',#1497,#1548);
#1548 = DEFINITIONAL_REPRESENTATION('',(#1549),#1553);
#1549 = LINE('',#1550,#1551);
#1550 = CARTESIAN_POINT('',(0.,-1.2));
#1551 = VECTOR('',#1552,1.);
#1552 = DIRECTION('',(1.,0.));
#1553 = ( GEOMETRIC_REPRESENTATION_CONTEXT(2) 
PARAMETRIC_REPRESENTATION_CONTEXT() REPRESENTATION_CONTEXT('2D SPACE',''
  ) );
#1554 = PCURVE('',#1445,#1555);
#1555 = DEFINITIONAL_REPRESENTATION('',(#1556),#1560);
#1556 = LINE('',#1557,#1558);
#1557 = CARTESIAN_POINT('',(0.,2.));
#1558 = VECTOR('',#1559,1.);
#1559 = DIRECTION('',(1.,0.));
#1560 = ( GEOMETRIC_REPRESENTATION_CONTEXT(2) 
PARAMETRIC_REPRESENTATION_CONTEXT() REPRESENTATION_CONTEXT('2D SPACE',''
  ) );
#1561 = ORIENTED_EDGE('',*,*,#1562,.F.);
#1562 = EDGE_CURVE('',#1489,#1540,#1563,.T.);
#1563 = SURFACE_CURVE('',#1564,(#1568,#1575),.PCURVE_S1.);
#1564 = LINE('',#1565,#1566);
#1565 = CARTESIAN_POINT('',(16.,2.8,1.8));
#1566 = VECTOR('',#1567,1.);
#1567 = DIRECTION('',(0.,1.,0.));
#1568 = PCURVE('',#1497,#1569);
#1569 = DEFINITIONAL_REPRESENTATION('',(#1570),#1574);
#1570 = LINE('',#1571,#1572);
#1571 = CARTESIAN_POINT('',(0.8,0.));
#1572 = VECTOR('',#1573,1.);
#1573 = DIRECTION('',(0.,-1.));
#1574 = ( GEOMETRIC_REPRESENTATION_CONTEXT(2) 
PARAMETRIC_REPRESENTATION_CONTEXT() REPRESENTATION_CONTEXT('2D SPACE',''
  ) );
#1575 = PCURVE('',#1471,#1576);
#1576 = DEFINITIONAL_REPRESENTATION('',(#1577),#1581);
#1577 = LINE('',#1578,#1579);
#1578 = CARTESIAN_POINT('',(2.,0.));
#1579 = VECTOR('',#1580,1.);
#1580 = DIRECTION('',(0.,1.));
#1581 = ( GEOMETRIC_REPRESENTATION_CONTEXT(2) 
PARAMETRIC_REPRESENTATION_CONTEXT() REPRESENTATION_CONTEXT('2D SPACE',''
  ) );
#1582 = ADVANCED_FACE('',(#1583),#1389,.F.);
#1583 = FACE_BOUND('',#1584,.F.);
#1584 = EDGE_LOOP('',(#1585,#1606,#1607,#1628));
#1585 = ORIENTED_EDGE('',*,*,#1586,.F.);
#1586 = EDGE_CURVE('',#1367,#1487,#1587,.T.);
#1587 = SURFACE_CURVE('',#1588,(#1592,#1599),.PCURVE_S1.);
#1588 = LINE('',#1589,#1590);
#1589 = CARTESIAN_POINT('',(14.,2.8,1.));
#1590 = VECTOR('',#1591,1.);
#1591 = DIRECTION('',(1.,0.,0.));
#1592 = PCURVE('',#1389,#1593);
#1593 = DEFINITIONAL_REPRESENTATION('',(#1594),#1598);
#1594 = LINE('',#1595,#1596);
#1595 = CARTESIAN_POINT('',(0.,0.));
#1596 = VECTOR('',#1597,1.);
#1597 = DIRECTION('',(0.,1.));
#1598 = ( GEOMETRIC_REPRESENTATION_CONTEXT(2) 
PARAMETRIC_REPRESENTATION_CONTEXT() REPRESENTATION_CONTEXT('2D SPACE',''
  ) );
#1599 = PCURVE('',#1417,#1600);
#1600 = DEFINITIONAL_REPRESENTATION('',(#1601),#1605);
#1601 = LINE('',#1602,#1603);
#1602 = CARTESIAN_POINT('',(0.,0.));
#1603 = VECTOR('',#1604,1.);
#1604 = DIRECTION('',(1.,0.));
#1605 = ( GEOMETRIC_REPRESENTATION_CONTEXT(2) 
PARAMETRIC_REPRESENTATION_CONTEXT() REPRESENTATION_CONTEXT('2D SPACE',''
  ) );
#1606 = ORIENTED_EDGE('',*,*,#1366,.T.);
#1607 = ORIENTED_EDGE('',*,*,#1608,.T.);
#1608 = EDGE_CURVE('',#1369,#1489,#1609,.T.);
#1609 = SURFACE_CURVE('',#1610,(#1614,#1621),.PCURVE_S1.);
#1610 = LINE('',#1611,#1612);
#1611 = CARTESIAN_POINT('',(14.,2.8,1.8));
#1612 = VECTOR('',#1613,1.);
#1613 = DIRECTION('',(1.,0.,0.));
#1614 = PCURVE('',#1389,#1615);
#1615 = DEFINITIONAL_REPRESENTATION('',(#1616),#1620);
#1616 = LINE('',#1617,#1618);
#1617 = CARTESIAN_POINT('',(0.8,0.));
#1618 = VECTOR('',#1619,1.);
#1619 = DIRECTION('',(0.,1.));
#1620 = ( GEOMETRIC_REPRESENTATION_CONTEXT(2) 
PARAMETRIC_REPRESENTATION_CONTEXT() REPRESENTATION_CONTEXT('2D SPACE',''
  ) );
#1621 = PCURVE('',#1471,#1622);
#1622 = DEFINITIONAL_REPRESENTATION('',(#1623),#1627);
#1623 = LINE('',#1624,#1625);
#1624 = CARTESIAN_POINT('',(0.,0.));
#1625 = VECTOR('',#1626,1.);
#1626 = DIRECTION('',(1.,0.));
#1627 = ( GEOMETRIC_REPRESENTATION_CONTEXT(2) 
PARAMETRIC_REPRESENTATION_CONTEXT() REPRESENTATION_CONTEXT('2D SPACE',''
  ) );
#1628 = ORIENTED_EDGE('',*,*,#1486,.F.);
#1629 = ADVANCED_FACE('',(#1630),#1445,.T.);
#1630 = FACE_BOUND('',#1631,.T.);
#1631 = EDGE_LOOP('',(#1632,#1653,#1654,#1675));
#1632 = ORIENTED_EDGE('',*,*,#1633,.F.);
#1633 = EDGE_CURVE('',#1402,#1517,#1634,.T.);
#1634 = SURFACE_CURVE('',#1635,(#1639,#1646),.PCURVE_S1.);
#1635 = LINE('',#1636,#1637);
#1636 = CARTESIAN_POINT('',(14.,4.,1.));
#1637 = VECTOR('',#1638,1.);
#1638 = DIRECTION('',(1.,0.,0.));
#1639 = PCURVE('',#1445,#1640);
#1640 = DEFINITIONAL_REPRESENTATION('',(#1641),#1645);
#1641 = LINE('',#1642,#1643);
#1642 = CARTESIAN_POINT('',(0.,0.));
#1643 = VECTOR('',#1644,1.);
#1644 = DIRECTION('',(0.,1.));
#1645 = ( GEOMETRIC_REPRESENTATION_CONTEXT(2) 
PARAMETRIC_REPRESENTATION_CONTEXT() REPRESENTATION_CONTEXT('2D SPACE',''
  ) );
#1646 = PCURVE('',#1417,#1647);
#1647 = DEFINITIONAL_REPRESENTATION('',(#1648),#1652);
#1648 = LINE('',#1649,#1650);
#1649 = CARTESIAN_POINT('',(0.,1.2));
#1650 = VECTOR('',#1651,1.);
#1651 = DIRECTION('',(1.,0.));
#1652 = ( GEOMETRIC_REPRESENTATION_CONTEXT(2) 
PARAMETRIC_REPRESENTATION_CONTEXT() REPRESENTATION_CONTEXT('2D SPACE',''
  ) );
#1653 = ORIENTED_EDGE('',*,*,#1429,.T.);
#1654 = ORIENTED_EDGE('',*,*,#1655,.T.);
#1655 = EDGE_CURVE('',#1430,#1540,#1656,.T.);
#1656 = SURFACE_CURVE('',#1657,(#1661,#1668),.PCURVE_S1.);
#1657 = LINE('',#1658,#1659);
#1658 = CARTESIAN_POINT('',(14.,4.,1.8));
#1659 = VECTOR('',#1660,1.);
#1660 = DIRECTION('',(1.,0.,0.));
#1661 = PCURVE('',#1445,#1662);
#1662 = DEFINITIONAL_REPRESENTATION('',(#1663),#1667);
#1663 = LINE('',#1664,#1665);
#1664 = CARTESIAN_POINT('',(0.8,0.));
#1665 = VECTOR('',#1666,1.);
#1666 = DIRECTION('',(0.,1.));
#1667 = ( GEOMETRIC_REPRESENTATION_CONTEXT(2) 
PARAMETRIC_REPRESENTATION_CONTEXT() REPRESENTATION_CONTEXT('2D SPACE',''
  ) );
#1668 = PCURVE('',#1471,#1669);
#1669 = DEFINITIONAL_REPRESENTATION('',(#1670),#1674);
#1670 = LINE('',#1671,#1672);
#1671 = CARTESIAN_POINT('',(0.,1.2));
#1672 = VECTOR('',#1673,1.);
#1673 = DIRECTION('',(1.,0.));
#1674 = ( GEOMETRIC_REPRESENTATION_CONTEXT(2) 
PARAMETRIC_REPRESENTATION_CONTEXT() REPRESENTATION_CONTEXT('2D SPACE',''
  ) );
#1675 = ORIENTED_EDGE('',*,*,#1539,.F.);
#1676 = ADVANCED_FACE('',(#1677),#1417,.F.);
#1677 = FACE_BOUND('',#1678,.F.);
#1678 = EDGE_LOOP('',(#1679,#1680,#1681,#1682));
#1679 = ORIENTED_EDGE('',*,*,#1401,.F.);
#1680 = ORIENTED_EDGE('',*,*,#1586,.T.);
#1681 = ORIENTED_EDGE('',*,*,#1516,.T.);
#1682 = ORIENTED_EDGE('',*,*,#1633,.F.);
#1683 = ADVANCED_FACE('',(#1684),#1471,.T.);
#1684 = FACE_BOUND('',#1685,.T.);
#1685 = EDGE_LOOP('',(#1686,#1687,#1688,#1689));
#1686 = ORIENTED_EDGE('',*,*,#1457,.F.);
#1687 = ORIENTED_EDGE('',*,*,#1608,.T.);
#1688 = ORIENTED_EDGE('',*,*,#1562,.T.);
#1689 = ORIENTED_EDGE('',*,*,#1655,.F.);
#1690 = ( GEOMETRIC_REPRESENTATION_CONTEXT(3) 
GLOBAL_UNCERTAINTY_ASSIGNED_CONTEXT((#1694)) 
GLOBAL_UNIT_ASSIGNED_CONTEXT((#1691,#1692,#1693)) REPRESENTATION_CONTEXT
('Context #1','3D Context with UNIT and UNCERTAINTY') );
#1691 = ( LENGTH_UNIT() NAMED_UNIT(*) SI_UNIT(.MILLI.,.METRE.) );
#1692 = ( NAMED_UNIT(*) PLANE_ANGLE_UNIT() SI_UNIT($,.RADIAN.) );
#1693 = ( NAMED_UNIT(*) SI_UNIT($,.STERADIAN.) SOLID_ANGLE_UNIT() );
#1694 = UNCERTAINTY_MEASURE_WITH_UNIT(LENGTH_MEASURE(1.E-07),#1691,
  'distance_accuracy_value','confusion accuracy');
#1695 = CONTEXT_DEPENDENT_SHAPE_REPRESENTATION(#1696,#1698);
#1696 = ( REPRESENTATION_RELATIONSHIP('','',#1359,#10) 
REPRESENTATION_RELATIONSHIP_WITH_TRANSFORMATION(#1697) 
SHAPE_REPRESENTATION_RELATIONSHIP() );
#1697 = ITEM_DEFINED_TRANSFORMATION('','',#11,#27);
#1698 = PRODUCT_DEFINITION_SHAPE('Placement','Placement of an item',
  #1699);
#1699 = NEXT_ASSEMBLY_USAGE_OCCURRENCE('4','RF component 0','',#5,#1354,
  $);
#1700 = PRODUCT_RELATED_PRODUCT_CATEGORY('part',$,(#1356));
#1701 = SHAPE_DEFINITION_REPRESENTATION(#1702,#1708);
#1702 = PRODUCT_DEFINITION_SHAPE('','',#1703);
#1703 = PRODUCT_DEFINITION('design','',#1704,#1707);
#1704 = PRODUCT_DEFINITION_FORMATION('','',#1705);
#1705 = PRODUCT('RF component 1','RF component 1','',(#1706));
#1706 = PRODUCT_CONTEXT('',#2,'mechanical');
#1707 = PRODUCT_DEFINITION_CONTEXT('part definition',#2,'design');
#1708 = ADVANCED_BREP_SHAPE_REPRESENTATION('',(#11,#1709),#2039);
#1709 = MANIFOLD_SOLID_BREP('',#1710);
#1710 = CLOSED_SHELL('',(#1711,#1831,#1931,#1978,#2025,#2032));
#1711 = ADVANCED_FACE('',(#1712),#1726,.F.);
#1712 = FACE_BOUND('',#1713,.F.);
#1713 = EDGE_LOOP('',(#1714,#1749,#1777,#1805));
#1714 = ORIENTED_EDGE('',*,*,#1715,.F.);
#1715 = EDGE_CURVE('',#1716,#1718,#1720,.T.);
#1716 = VERTEX_POINT('',#1717);
#1717 = CARTESIAN_POINT('',(17.2,2.8,1.));
#1718 = VERTEX_POINT('',#1719);
#1719 = CARTESIAN_POINT('',(17.2,2.8,1.8));
#1720 = SURFACE_CURVE('',#1721,(#1725,#1737),.PCURVE_S1.);
#1721 = LINE('',#1722,#1723);
#1722 = CARTESIAN_POINT('',(17.2,2.8,1.));
#1723 = VECTOR('',#1724,1.);
#1724 = DIRECTION('',(0.,0.,1.));
#1725 = PCURVE('',#1726,#1731);
#1726 = PLANE('',#1727);
#1727 = AXIS2_PLACEMENT_3D('',#1728,#1729,#1730);
#1728 = CARTESIAN_POINT('',(17.2,2.8,1.));
#1729 = DIRECTION('',(1.,0.,0.));
#1730 = DIRECTION('',(0.,0.,1.));
#1731 = DEFINITIONAL_REPRESENTATION('',(#1732),#1736);
#1732 = LINE('',#1733,#1734);
#1733 = CARTESIAN_POINT('',(0.,0.));
#1734 = VECTOR('',#1735,1.);
#1735 = DIRECTION('',(1.,0.));
#1736 = ( GEOMETRIC_REPRESENTATION_CONTEXT(2) 
PARAMETRIC_REPRESENTATION_CONTEXT() REPRESENTATION_CONTEXT('2D SPACE',''
  ) );
#1737 = PCURVE('',#1738,#1743);
#1738 = PLANE('',#1739);
#1739 = AXIS2_PLACEMENT_3D('',#1740,#1741,#1742);
#1740 = CARTESIAN_POINT('',(17.2,2.8,1.));
#1741 = DIRECTION('',(0.,1.,0.));
#1742 = DIRECTION('',(0.,0.,1.));
#1743 = DEFINITIONAL_REPRESENTATION('',(#1744),#1748);
#1744 = LINE('',#1745,#1746);
#1745 = CARTESIAN_POINT('',(0.,0.));
#1746 = VECTOR('',#1747,1.);
#1747 = DIRECTION('',(1.,0.));
#1748 = ( GEOMETRIC_REPRESENTATION_CONTEXT(2) 
PARAMETRIC_REPRESENTATION_CONTEXT() REPRESENTATION_CONTEXT('2D SPACE',''
  ) );
#1749 = ORIENTED_EDGE('',*,*,#1750,.T.);
#1750 = EDGE_CURVE('',#1716,#1751,#1753,.T.);
#1751 = VERTEX_POINT('',#1752);
#1752 = CARTESIAN_POINT('',(17.2,4.,1.));
#1753 = SURFACE_CURVE('',#1754,(#1758,#1765),.PCURVE_S1.);
#1754 = LINE('',#1755,#1756);
#1755 = CARTESIAN_POINT('',(17.2,2.8,1.));
#1756 = VECTOR('',#1757,1.);
#1757 = DIRECTION('',(0.,1.,0.));
#1758 = PCURVE('',#1726,#1759);
#1759 = DEFINITIONAL_REPRESENTATION('',(#1760),#1764);
#1760 = LINE('',#1761,#1762);
#1761 = CARTESIAN_POINT('',(0.,0.));
#1762 = VECTOR('',#1763,1.);
#1763 = DIRECTION('',(0.,-1.));
#1764 = ( GEOMETRIC_REPRESENTATION_CONTEXT(2) 
PARAMETRIC_REPRESENTATION_CONTEXT() REPRESENTATION_CONTEXT('2D SPACE',''
  ) );
#1765 = PCURVE('',#1766,#1771);
#1766 = PLANE('',#1767);
#1767 = AXIS2_PLACEMENT_3D('',#1768,#1769,#1770);
#1768 = CARTESIAN_POINT('',(17.2,2.8,1.));
#1769 = DIRECTION('',(0.,0.,1.));
#1770 = DIRECTION('',(1.,0.,0.));
#1771 = DEFINITIONAL_REPRESENTATION('',(#1772),#1776);
#1772 = LINE('',#1773,#1774);
#1773 = CARTESIAN_POINT('',(0.,0.));
#1774 = VECTOR('',#1775,1.);
#1775 = DIRECTION('',(0.,1.));
#1776 = ( GEOMETRIC_REPRESENTATION_CONTEXT(2) 
PARAMETRIC_REPRESENTATION_CONTEXT() REPRESENTATION_CONTEXT('2D SPACE',''
  ) );
#1777 = ORIENTED_EDGE('',*,*,#1778,.T.);
#1778 = EDGE_CURVE('',#1751,#1779,#1781,.T.);
#1779 = VERTEX_POINT('',#1780);
#1780 = CARTESIAN_POINT('',(17.2,4.,1.8));
#1781 = SURFACE_CURVE('',#1782,(#1786,#1793),.PCURVE_S1.);
#1782 = LINE('',#1783,#1784);
#1783 = CARTESIAN_POINT('',(17.2,4.,1.));
#1784 = VECTOR('',#1785,1.);
#1785 = DIRECTION('',(0.,0.,1.));
#1786 = PCURVE('',#1726,#1787);
#1787 = DEFINITIONAL_REPRESENTATION('',(#1788),#1792);
#1788 = LINE('',#1789,#1790);
#1789 = CARTESIAN_POINT('',(0.,-1.2));
#1790 = VECTOR('',#1791,1.);
#1791 = DIRECTION('',(1.,0.));
#1792 = ( GEOMETRIC_REPRESENTATION_CONTEXT(2) 
PARAMETRIC_REPRESENTATION_CONTEXT() REPRESENTATION_CONTEXT('2D SPACE',''
  ) );
#1793 = PCURVE('',#1794,#1799);
#1794 = PLANE('',#1795);
#1795 = AXIS2_PLACEMENT_3D('',#1796,#1797,#1798);
#1796 = CARTESIAN_POINT('',(17.2,4.,1.));
#1797 = DIRECTION('',(0.,1.,0.));
#1798 = DIRECTION('',(0.,0.,1.));
#1799 = DEFINITIONAL_REPRESENTATION('',(#1800),#1804);
#1800 = LINE('',#1801,#1802);
#1801 = CARTESIAN_POINT('',(0.,0.));
#1802 = VECTOR('',#1803,1.);
#1803 = DIRECTION('',(1.,0.));
#1804 = ( GEOMETRIC_REPRESENTATION_CONTEXT(2) 
PARAMETRIC_REPRESENTATION_CONTEXT() REPRESENTATION_CONTEXT('2D SPACE',''
  ) );
#1805 = ORIENTED_EDGE('',*,*,#1806,.F.);
#1806 = EDGE_CURVE('',#1718,#1779,#1807,.T.);
#1807 = SURFACE_CURVE('',#1808,(#1812,#1819),.PCURVE_S1.);
#1808 = LINE('',#1809,#1810);
#1809 = CARTESIAN_POINT('',(17.2,2.8,1.8));
#1810 = VECTOR('',#1811,1.);
#1811 = DIRECTION('',(0.,1.,0.));
#1812 = PCURVE('',#1726,#1813);
#1813 = DEFINITIONAL_REPRESENTATION('',(#1814),#1818);
#1814 = LINE('',#1815,#1816);
#1815 = CARTESIAN_POINT('',(0.8,0.));
#1816 = VECTOR('',#1817,1.);
#1817 = DIRECTION('',(0.,-1.));
#1818 = ( GEOMETRIC_REPRESENTATION_CONTEXT(2) 
PARAMETRIC_REPRESENTATION_CONTEXT() REPRESENTATION_CONTEXT('2D SPACE',''
  ) );
#1819 = PCURVE('',#1820,#1825);
#1820 = PLANE('',#1821);
#1821 = AXIS2_PLACEMENT_3D('',#1822,#1823,#1824);
#1822 = CARTESIAN_POINT('',(17.2,2.8,1.8));
#1823 = DIRECTION('',(0.,0.,1.));
#1824 = DIRECTION('',(1.,0.,0.));
#1825 = DEFINITIONAL_REPRESENTATION('',(#1826),#1830);
#1826 = LINE('',#1827,#1828);
#1827 = CARTESIAN_POINT('',(0.,0.));
#1828 = VECTOR('',#1829,1.);
#1829 = DIRECTION('',(0.,1.));
#1830 = ( GEOMETRIC_REPRESENTATION_CONTEXT(2) 
PARAMETRIC_REPRESENTATION_CONTEXT() REPRESENTATION_CONTEXT('2D SPACE',''
  ) );
#1831 = ADVANCED_FACE('',(#1832),#1846,.T.);
#1832 = FACE_BOUND('',#1833,.T.);
#1833 = EDGE_LOOP('',(#1834,#1864,#1887,#1910));
#1834 = ORIENTED_EDGE('',*,*,#1835,.F.);
#1835 = EDGE_CURVE('',#1836,#1838,#1840,.T.);
#1836 = VERTEX_POINT('',#1837);
#1837 = CARTESIAN_POINT('',(19.2,2.8,1.));
#1838 = VERTEX_POINT('',#1839);
#1839 = CARTESIAN_POINT('',(19.2,2.8,1.8));
#1840 = SURFACE_CURVE('',#1841,(#1845,#1857),.PCURVE_S1.);
#1841 = LINE('',#1842,#1843);
#1842 = CARTESIAN_POINT('',(19.2,2.8,1.));
#1843 = VECTOR('',#1844,1.);
#1844 = DIRECTION('',(0.,0.,1.));
#1845 = PCURVE('',#1846,#1851);
#1846 = PLANE('',#1847);
#1847 = AXIS2_PLACEMENT_3D('',#1848,#1849,#1850);
#1848 = CARTESIAN_POINT('',(19.2,2.8,1.));
#1849 = DIRECTION('',(1.,0.,0.));
#1850 = DIRECTION('',(0.,0.,1.));
#1851 = DEFINITIONAL_REPRESENTATION('',(#1852),#1856);
#1852 = LINE('',#1853,#1854);
#1853 = CARTESIAN_POINT('',(0.,0.));
#1854 = VECTOR('',#1855,1.);
#1855 = DIRECTION('',(1.,0.));
#1856 = ( GEOMETRIC_REPRESENTATION_CONTEXT(2) 
PARAMETRIC_REPRESENTATION_CONTEXT() REPRESENTATION_CONTEXT('2D SPACE',''
  ) );
#1857 = PCURVE('',#1738,#1858);
#1858 = DEFINITIONAL_REPRESENTATION('',(#1859),#1863);
#1859 = LINE('',#1860,#1861);
#1860 = CARTESIAN_POINT('',(0.,2.));
#1861 = VECTOR('',#1862,1.);
#1862 = DIRECTION('',(1.,0.));
#1863 = ( GEOMETRIC_REPRESENTATION_CONTEXT(2) 
PARAMETRIC_REPRESENTATION_CONTEXT() REPRESENTATION_CONTEXT('2D SPACE',''
  ) );
#1864 = ORIENTED_EDGE('',*,*,#1865,.T.);
#1865 = EDGE_CURVE('',#1836,#1866,#1868,.T.);
#1866 = VERTEX_POINT('',#1867);
#1867 = CARTESIAN_POINT('',(19.2,4.,1.));
#1868 = SURFACE_CURVE('',#1869,(#1873,#1880),.PCURVE_S1.);
#1869 = LINE('',#1870,#1871);
#1870 = CARTESIAN_POINT('',(19.2,2.8,1.));
#1871 = VECTOR('',#1872,1.);
#1872 = DIRECTION('',(0.,1.,0.));
#1873 = PCURVE('',#1846,#1874);
#1874 = DEFINITIONAL_REPRESENTATION('',(#1875),#1879);
#1875 = LINE('',#1876,#1877);
#1876 = CARTESIAN_POINT('',(0.,0.));
#1877 = VECTOR('',#1878,1.);
#1878 = DIRECTION('',(0.,-1.));
#1879 = ( GEOMETRIC_REPRESENTATION_CONTEXT(2) 
PARAMETRIC_REPRESENTATION_CONTEXT() REPRESENTATION_CONTEXT('2D SPACE',''
  ) );
#1880 = PCURVE('',#1766,#1881);
#1881 = DEFINITIONAL_REPRESENTATION('',(#1882),#1886);
#1882 = LINE('',#1883,#1884);
#1883 = CARTESIAN_POINT('',(2.,0.));
#1884 = VECTOR('',#1885,1.);
#1885 = DIRECTION('',(0.,1.));
#1886 = ( GEOMETRIC_REPRESENTATION_CONTEXT(2) 
PARAMETRIC_REPRESENTATION_CONTEXT() REPRESENTATION_CONTEXT('2D SPACE',''
  ) );
#1887 = ORIENTED_EDGE('',*,*,#1888,.T.);
#1888 = EDGE_CURVE('',#1866,#1889,#1891,.T.);
#1889 = VERTEX_POINT('',#1890);
#1890 = CARTESIAN_POINT('',(19.2,4.,1.8));
#1891 = SURFACE_CURVE('',#1892,(#1896,#1903),.PCURVE_S1.);
#1892 = LINE('',#1893,#1894);
#1893 = CARTESIAN_POINT('',(19.2,4.,1.));
#1894 = VECTOR('',#1895,1.);
#1895 = DIRECTION('',(0.,0.,1.));
#1896 = PCURVE('',#1846,#1897);
#1897 = DEFINITIONAL_REPRESENTATION('',(#1898),#1902);
#1898 = LINE('',#1899,#1900);
#1899 = CARTESIAN_POINT('',(0.,-1.2));
#1900 = VECTOR('',#1901,1.);
#1901 = DIRECTION('',(1.,0.));
#1902 = ( GEOMETRIC_REPRESENTATION_CONTEXT(2) 
PARAMETRIC_REPRESENTATION_CONTEXT() REPRESENTATION_CONTEXT('2D SPACE',''
  ) );
#1903 = PCURVE('',#1794,#1904);
#1904 = DEFINITIONAL_REPRESENTATION('',(#1905),#1909);
#1905 = LINE('',#1906,#1907);
#1906 = CARTESIAN_POINT('',(0.,2.));
#1907 = VECTOR('',#1908,1.);
#1908 = DIRECTION('',(1.,0.));
#1909 = ( GEOMETRIC_REPRESENTATION_CONTEXT(2) 
PARAMETRIC_REPRESENTATION_CONTEXT() REPRESENTATION_CONTEXT('2D SPACE',''
  ) );
#1910 = ORIENTED_EDGE('',*,*,#1911,.F.);
#1911 = EDGE_CURVE('',#1838,#1889,#1912,.T.);
#1912 = SURFACE_CURVE('',#1913,(#1917,#1924),.PCURVE_S1.);
#1913 = LINE('',#1914,#1915);
#1914 = CARTESIAN_POINT('',(19.2,2.8,1.8));
#1915 = VECTOR('',#1916,1.);
#1916 = DIRECTION('',(0.,1.,0.));
#1917 = PCURVE('',#1846,#1918);
#1918 = DEFINITIONAL_REPRESENTATION('',(#1919),#1923);
#1919 = LINE('',#1920,#1921);
#1920 = CARTESIAN_POINT('',(0.8,0.));
#1921 = VECTOR('',#1922,1.);
#1922 = DIRECTION('',(0.,-1.));
#1923 = ( GEOMETRIC_REPRESENTATION_CONTEXT(2) 
PARAMETRIC_REPRESENTATION_CONTEXT() REPRESENTATION_CONTEXT('2D SPACE',''
  ) );
#1924 = PCURVE('',#1820,#1925);
#1925 = DEFINITIONAL_REPRESENTATION('',(#1926),#1930);
#1926 = LINE('',#1927,#1928);
#1927 = CARTESIAN_POINT('',(2.,0.));
#1928 = VECTOR('',#1929,1.);
#1929 = DIRECTION('',(0.,1.));
#1930 = ( GEOMETRIC_REPRESENTATION_CONTEXT(2) 
PARAMETRIC_REPRESENTATION_CONTEXT() REPRESENTATION_CONTEXT('2D SPACE',''
  ) );
#1931 = ADVANCED_FACE('',(#1932),#1738,.F.);
#1932 = FACE_BOUND('',#1933,.F.);
#1933 = EDGE_LOOP('',(#1934,#1955,#1956,#1977));
#1934 = ORIENTED_EDGE('',*,*,#1935,.F.);
#1935 = EDGE_CURVE('',#1716,#1836,#1936,.T.);
#1936 = SURFACE_CURVE('',#1937,(#1941,#1948),.PCURVE_S1.);
#1937 = LINE('',#1938,#1939);
#1938 = CARTESIAN_POINT('',(17.2,2.8,1.));
#1939 = VECTOR('',#1940,1.);
#1940 = DIRECTION('',(1.,0.,0.));
#1941 = PCURVE('',#1738,#1942);
#1942 = DEFINITIONAL_REPRESENTATION('',(#1943),#1947);
#1943 = LINE('',#1944,#1945);
#1944 = CARTESIAN_POINT('',(0.,0.));
#1945 = VECTOR('',#1946,1.);
#1946 = DIRECTION('',(0.,1.));
#1947 = ( GEOMETRIC_REPRESENTATION_CONTEXT(2) 
PARAMETRIC_REPRESENTATION_CONTEXT() REPRESENTATION_CONTEXT('2D SPACE',''
  ) );
#1948 = PCURVE('',#1766,#1949);
#1949 = DEFINITIONAL_REPRESENTATION('',(#1950),#1954);
#1950 = LINE('',#1951,#1952);
#1951 = CARTESIAN_POINT('',(0.,0.));
#1952 = VECTOR('',#1953,1.);
#1953 = DIRECTION('',(1.,0.));
#1954 = ( GEOMETRIC_REPRESENTATION_CONTEXT(2) 
PARAMETRIC_REPRESENTATION_CONTEXT() REPRESENTATION_CONTEXT('2D SPACE',''
  ) );
#1955 = ORIENTED_EDGE('',*,*,#1715,.T.);
#1956 = ORIENTED_EDGE('',*,*,#1957,.T.);
#1957 = EDGE_CURVE('',#1718,#1838,#1958,.T.);
#1958 = SURFACE_CURVE('',#1959,(#1963,#1970),.PCURVE_S1.);
#1959 = LINE('',#1960,#1961);
#1960 = CARTESIAN_POINT('',(17.2,2.8,1.8));
#1961 = VECTOR('',#1962,1.);
#1962 = DIRECTION('',(1.,0.,0.));
#1963 = PCURVE('',#1738,#1964);
#1964 = DEFINITIONAL_REPRESENTATION('',(#1965),#1969);
#1965 = LINE('',#1966,#1967);
#1966 = CARTESIAN_POINT('',(0.8,0.));
#1967 = VECTOR('',#1968,1.);
#1968 = DIRECTION('',(0.,1.));
#1969 = ( GEOMETRIC_REPRESENTATION_CONTEXT(2) 
PARAMETRIC_REPRESENTATION_CONTEXT() REPRESENTATION_CONTEXT('2D SPACE',''
  ) );
#1970 = PCURVE('',#1820,#1971);
#1971 = DEFINITIONAL_REPRESENTATION('',(#1972),#1976);
#1972 = LINE('',#1973,#1974);
#1973 = CARTESIAN_POINT('',(0.,0.));
#1974 = VECTOR('',#1975,1.);
#1975 = DIRECTION('',(1.,0.));
#1976 = ( GEOMETRIC_REPRESENTATION_CONTEXT(2) 
PARAMETRIC_REPRESENTATION_CONTEXT() REPRESENTATION_CONTEXT('2D SPACE',''
  ) );
#1977 = ORIENTED_EDGE('',*,*,#1835,.F.);
#1978 = ADVANCED_FACE('',(#1979),#1794,.T.);
#1979 = FACE_BOUND('',#1980,.T.);
#1980 = EDGE_LOOP('',(#1981,#2002,#2003,#2024));
#1981 = ORIENTED_EDGE('',*,*,#1982,.F.);
#1982 = EDGE_CURVE('',#1751,#1866,#1983,.T.);
#1983 = SURFACE_CURVE('',#1984,(#1988,#1995),.PCURVE_S1.);
#1984 = LINE('',#1985,#1986);
#1985 = CARTESIAN_POINT('',(17.2,4.,1.));
#1986 = VECTOR('',#1987,1.);
#1987 = DIRECTION('',(1.,0.,0.));
#1988 = PCURVE('',#1794,#1989);
#1989 = DEFINITIONAL_REPRESENTATION('',(#1990),#1994);
#1990 = LINE('',#1991,#1992);
#1991 = CARTESIAN_POINT('',(0.,0.));
#1992 = VECTOR('',#1993,1.);
#1993 = DIRECTION('',(0.,1.));
#1994 = ( GEOMETRIC_REPRESENTATION_CONTEXT(2) 
PARAMETRIC_REPRESENTATION_CONTEXT() REPRESENTATION_CONTEXT('2D SPACE',''
  ) );
#1995 = PCURVE('',#1766,#1996);
#1996 = DEFINITIONAL_REPRESENTATION('',(#1997),#2001);
#1997 = LINE('',#1998,#1999);
#1998 = CARTESIAN_POINT('',(0.,1.2));
#1999 = VECTOR('',#2000,1.);
#2000 = DIRECTION('',(1.,0.));
#2001 = ( GEOMETRIC_REPRESENTATION_CONTEXT(2) 
PARAMETRIC_REPRESENTATION_CONTEXT() REPRESENTATION_CONTEXT('2D SPACE',''
  ) );
#2002 = ORIENTED_EDGE('',*,*,#1778,.T.);
#2003 = ORIENTED_EDGE('',*,*,#2004,.T.);
#2004 = EDGE_CURVE('',#1779,#1889,#2005,.T.);
#2005 = SURFACE_CURVE('',#2006,(#2010,#2017),.PCURVE_S1.);
#2006 = LINE('',#2007,#2008);
#2007 = CARTESIAN_POINT('',(17.2,4.,1.8));
#2008 = VECTOR('',#2009,1.);
#2009 = DIRECTION('',(1.,0.,0.));
#2010 = PCURVE('',#1794,#2011);
#2011 = DEFINITIONAL_REPRESENTATION('',(#2012),#2016);
#2012 = LINE('',#2013,#2014);
#2013 = CARTESIAN_POINT('',(0.8,0.));
#2014 = VECTOR('',#2015,1.);
#2015 = DIRECTION('',(0.,1.));
#2016 = ( GEOMETRIC_REPRESENTATION_CONTEXT(2) 
PARAMETRIC_REPRESENTATION_CONTEXT() REPRESENTATION_CONTEXT('2D SPACE',''
  ) );
#2017 = PCURVE('',#1820,#2018);
#2018 = DEFINITIONAL_REPRESENTATION('',(#2019),#2023);
#2019 = LINE('',#2020,#2021);
#2020 = CARTESIAN_POINT('',(0.,1.2));
#2021 = VECTOR('',#2022,1.);
#2022 = DIRECTION('',(1.,0.));
#2023 = ( GEOMETRIC_REPRESENTATION_CONTEXT(2) 
PARAMETRIC_REPRESENTATION_CONTEXT() REPRESENTATION_CONTEXT('2D SPACE',''
  ) );
#2024 = ORIENTED_EDGE('',*,*,#1888,.F.);
#2025 = ADVANCED_FACE('',(#2026),#1766,.F.);
#2026 = FACE_BOUND('',#2027,.F.);
#2027 = EDGE_LOOP('',(#2028,#2029,#2030,#2031));
#2028 = ORIENTED_EDGE('',*,*,#1750,.F.);
#2029 = ORIENTED_EDGE('',*,*,#1935,.T.);
#2030 = ORIENTED_EDGE('',*,*,#1865,.T.);
#2031 = ORIENTED_EDGE('',*,*,#1982,.F.);
#2032 = ADVANCED_FACE('',(#2033),#1820,.T.);
#2033 = FACE_BOUND('',#2034,.T.);
#2034 = EDGE_LOOP('',(#2035,#2036,#2037,#2038));
#2035 = ORIENTED_EDGE('',*,*,#1806,.F.);
#2036 = ORIENTED_EDGE('',*,*,#1957,.T.);
#2037 = ORIENTED_EDGE('',*,*,#1911,.T.);
#2038 = ORIENTED_EDGE('',*,*,#2004,.F.);
#2039 = ( GEOMETRIC_REPRESENTATION_CONTEXT(3) 
GLOBAL_UNCERTAINTY_ASSIGNED_CONTEXT((#2043)) 
GLOBAL_UNIT_ASSIGNED_CONTEXT((#2040,#2041,#2042)) REPRESENTATION_CONTEXT
('Context #1','3D Context with UNIT and UNCERTAINTY') );
#2040 = ( LENGTH_UNIT() NAMED_UNIT(*) SI_UNIT(.MILLI.,.METRE.) );
#2041 = ( NAMED_UNIT(*) PLANE_ANGLE_UNIT() SI_UNIT($,.RADIAN.) );
#2042 = ( NAMED_UNIT(*) SI_UNIT($,.STERADIAN.) SOLID_ANGLE_UNIT() );
#2043 = UNCERTAINTY_MEASURE_WITH_UNIT(LENGTH_MEASURE(1.E-07),#2040,
  'distance_accuracy_value','confusion accuracy');
#2044 = CONTEXT_DEPENDENT_SHAPE_REPRESENTATION(#2045,#2047);
#2045 = ( REPRESENTATION_RELATIONSHIP('','',#1708,#10) 
REPRESENTATION_RELATIONSHIP_WITH_TRANSFORMATION(#2046) 
SHAPE_REPRESENTATION_RELATIONSHIP() );
#2046 = ITEM_DEFINED_TRANSFORMATION('','',#11,#31);
#2047 = PRODUCT_DEFINITION_SHAPE('Placement','Placement of an item',
  #2048);
#2048 = NEXT_ASSEMBLY_USAGE_OCCURRENCE('5','RF component 1','',#5,#1703,
  $);
#2049 = PRODUCT_RELATED_PRODUCT_CATEGORY('part',$,(#1705));
#2050 = SHAPE_DEFINITION_REPRESENTATION(#2051,#2057);
#2051 = PRODUCT_DEFINITION_SHAPE('','',#2052);
#2052 = PRODUCT_DEFINITION('design','',#2053,#2056);
#2053 = PRODUCT_DEFINITION_FORMATION('','',#2054);
#2054 = PRODUCT('RF component 2','RF component 2','',(#2055));
#2055 = PRODUCT_CONTEXT('',#2,'mechanical');
#2056 = PRODUCT_DEFINITION_CONTEXT('part definition',#2,'design');
#2057 = ADVANCED_BREP_SHAPE_REPRESENTATION('',(#11,#2058),#2388);
#2058 = MANIFOLD_SOLID_BREP('',#2059);
#2059 = CLOSED_SHELL('',(#2060,#2180,#2280,#2327,#2374,#2381));
#2060 = ADVANCED_FACE('',(#2061),#2075,.F.);
#2061 = FACE_BOUND('',#2062,.F.);
#2062 = EDGE_LOOP('',(#2063,#2098,#2126,#2154));
#2063 = ORIENTED_EDGE('',*,*,#2064,.F.);
#2064 = EDGE_CURVE('',#2065,#2067,#2069,.T.);
#2065 = VERTEX_POINT('',#2066);
#2066 = CARTESIAN_POINT('',(17.5,-0.6,1.));
#2067 = VERTEX_POINT('',#2068);
#2068 = CARTESIAN_POINT('',(17.5,-0.6,1.8));
#2069 = SURFACE_CURVE('',#2070,(#2074,#2086),.PCURVE_S1.);
#2070 = LINE('',#2071,#2072);
#2071 = CARTESIAN_POINT('',(17.5,-0.6,1.));
#2072 = VECTOR('',#2073,1.);
#2073 = DIRECTION('',(0.,0.,1.));
#2074 = PCURVE('',#2075,#2080);
#2075 = PLANE('',#2076);
#2076 = AXIS2_PLACEMENT_3D('',#2077,#2078,#2079);
#2077 = CARTESIAN_POINT('',(17.5,-0.6,1.));
#2078 = DIRECTION('',(1.,0.,0.));
#2079 = DIRECTION('',(0.,0.,1.));
#2080 = DEFINITIONAL_REPRESENTATION('',(#2081),#2085);
#2081 = LINE('',#2082,#2083);
#2082 = CARTESIAN_POINT('',(0.,0.));
#2083 = VECTOR('',#2084,1.);
#2084 = DIRECTION('',(1.,0.));
#2085 = ( GEOMETRIC_REPRESENTATION_CONTEXT(2) 
PARAMETRIC_REPRESENTATION_CONTEXT() REPRESENTATION_CONTEXT('2D SPACE',''
  ) );
#2086 = PCURVE('',#2087,#2092);
#2087 = PLANE('',#2088);
#2088 = AXIS2_PLACEMENT_3D('',#2089,#2090,#2091);
#2089 = CARTESIAN_POINT('',(17.5,-0.6,1.));
#2090 = DIRECTION('',(0.,1.,0.));
#2091 = DIRECTION('',(0.,0.,1.));
#2092 = DEFINITIONAL_REPRESENTATION('',(#2093),#2097);
#2093 = LINE('',#2094,#2095);
#2094 = CARTESIAN_POINT('',(0.,0.));
#2095 = VECTOR('',#2096,1.);
#2096 = DIRECTION('',(1.,0.));
#2097 = ( GEOMETRIC_REPRESENTATION_CONTEXT(2) 
PARAMETRIC_REPRESENTATION_CONTEXT() REPRESENTATION_CONTEXT('2D SPACE',''
  ) );
#2098 = ORIENTED_EDGE('',*,*,#2099,.T.);
#2099 = EDGE_CURVE('',#2065,#2100,#2102,.T.);
#2100 = VERTEX_POINT('',#2101);
#2101 = CARTESIAN_POINT('',(17.5,0.6,1.));
#2102 = SURFACE_CURVE('',#2103,(#2107,#2114),.PCURVE_S1.);
#2103 = LINE('',#2104,#2105);
#2104 = CARTESIAN_POINT('',(17.5,-0.6,1.));
#2105 = VECTOR('',#2106,1.);
#2106 = DIRECTION('',(0.,1.,0.));
#2107 = PCURVE('',#2075,#2108);
#2108 = DEFINITIONAL_REPRESENTATION('',(#2109),#2113);
#2109 = LINE('',#2110,#2111);
#2110 = CARTESIAN_POINT('',(0.,0.));
#2111 = VECTOR('',#2112,1.);
#2112 = DIRECTION('',(0.,-1.));
#2113 = ( GEOMETRIC_REPRESENTATION_CONTEXT(2) 
PARAMETRIC_REPRESENTATION_CONTEXT() REPRESENTATION_CONTEXT('2D SPACE',''
  ) );
#2114 = PCURVE('',#2115,#2120);
#2115 = PLANE('',#2116);
#2116 = AXIS2_PLACEMENT_3D('',#2117,#2118,#2119);
#2117 = CARTESIAN_POINT('',(17.5,-0.6,1.));
#2118 = DIRECTION('',(0.,0.,1.));
#2119 = DIRECTION('',(1.,0.,0.));
#2120 = DEFINITIONAL_REPRESENTATION('',(#2121),#2125);
#2121 = LINE('',#2122,#2123);
#2122 = CARTESIAN_POINT('',(0.,0.));
#2123 = VECTOR('',#2124,1.);
#2124 = DIRECTION('',(0.,1.));
#2125 = ( GEOMETRIC_REPRESENTATION_CONTEXT(2) 
PARAMETRIC_REPRESENTATION_CONTEXT() REPRESENTATION_CONTEXT('2D SPACE',''
  ) );
#2126 = ORIENTED_EDGE('',*,*,#2127,.T.);
#2127 = EDGE_CURVE('',#2100,#2128,#2130,.T.);
#2128 = VERTEX_POINT('',#2129);
#2129 = CARTESIAN_POINT('',(17.5,0.6,1.8));
#2130 = SURFACE_CURVE('',#2131,(#2135,#2142),.PCURVE_S1.);
#2131 = LINE('',#2132,#2133);
#2132 = CARTESIAN_POINT('',(17.5,0.6,1.));
#2133 = VECTOR('',#2134,1.);
#2134 = DIRECTION('',(0.,0.,1.));
#2135 = PCURVE('',#2075,#2136);
#2136 = DEFINITIONAL_REPRESENTATION('',(#2137),#2141);
#2137 = LINE('',#2138,#2139);
#2138 = CARTESIAN_POINT('',(0.,-1.2));
#2139 = VECTOR('',#2140,1.);
#2140 = DIRECTION('',(1.,0.));
#2141 = ( GEOMETRIC_REPRESENTATION_CONTEXT(2) 
PARAMETRIC_REPRESENTATION_CONTEXT() REPRESENTATION_CONTEXT('2D SPACE',''
  ) );
#2142 = PCURVE('',#2143,#2148);
#2143 = PLANE('',#2144);
#2144 = AXIS2_PLACEMENT_3D('',#2145,#2146,#2147);
#2145 = CARTESIAN_POINT('',(17.5,0.6,1.));
#2146 = DIRECTION('',(0.,1.,0.));
#2147 = DIRECTION('',(0.,0.,1.));
#2148 = DEFINITIONAL_REPRESENTATION('',(#2149),#2153);
#2149 = LINE('',#2150,#2151);
#2150 = CARTESIAN_POINT('',(0.,0.));
#2151 = VECTOR('',#2152,1.);
#2152 = DIRECTION('',(1.,0.));
#2153 = ( GEOMETRIC_REPRESENTATION_CONTEXT(2) 
PARAMETRIC_REPRESENTATION_CONTEXT() REPRESENTATION_CONTEXT('2D SPACE',''
  ) );
#2154 = ORIENTED_EDGE('',*,*,#2155,.F.);
#2155 = EDGE_CURVE('',#2067,#2128,#2156,.T.);
#2156 = SURFACE_CURVE('',#2157,(#2161,#2168),.PCURVE_S1.);
#2157 = LINE('',#2158,#2159);
#2158 = CARTESIAN_POINT('',(17.5,-0.6,1.8));
#2159 = VECTOR('',#2160,1.);
#2160 = DIRECTION('',(0.,1.,0.));
#2161 = PCURVE('',#2075,#2162);
#2162 = DEFINITIONAL_REPRESENTATION('',(#2163),#2167);
#2163 = LINE('',#2164,#2165);
#2164 = CARTESIAN_POINT('',(0.8,0.));
#2165 = VECTOR('',#2166,1.);
#2166 = DIRECTION('',(0.,-1.));
#2167 = ( GEOMETRIC_REPRESENTATION_CONTEXT(2) 
PARAMETRIC_REPRESENTATION_CONTEXT() REPRESENTATION_CONTEXT('2D SPACE',''
  ) );
#2168 = PCURVE('',#2169,#2174);
#2169 = PLANE('',#2170);
#2170 = AXIS2_PLACEMENT_3D('',#2171,#2172,#2173);
#2171 = CARTESIAN_POINT('',(17.5,-0.6,1.8));
#2172 = DIRECTION('',(0.,0.,1.));
#2173 = DIRECTION('',(1.,0.,0.));
#2174 = DEFINITIONAL_REPRESENTATION('',(#2175),#2179);
#2175 = LINE('',#2176,#2177);
#2176 = CARTESIAN_POINT('',(0.,0.));
#2177 = VECTOR('',#2178,1.);
#2178 = DIRECTION('',(0.,1.));
#2179 = ( GEOMETRIC_REPRESENTATION_CONTEXT(2) 
PARAMETRIC_REPRESENTATION_CONTEXT() REPRESENTATION_CONTEXT('2D SPACE',''
  ) );
#2180 = ADVANCED_FACE('',(#2181),#2195,.T.);
#2181 = FACE_BOUND('',#2182,.T.);
#2182 = EDGE_LOOP('',(#2183,#2213,#2236,#2259));
#2183 = ORIENTED_EDGE('',*,*,#2184,.F.);
#2184 = EDGE_CURVE('',#2185,#2187,#2189,.T.);
#2185 = VERTEX_POINT('',#2186);
#2186 = CARTESIAN_POINT('',(19.5,-0.6,1.));
#2187 = VERTEX_POINT('',#2188);
#2188 = CARTESIAN_POINT('',(19.5,-0.6,1.8));
#2189 = SURFACE_CURVE('',#2190,(#2194,#2206),.PCURVE_S1.);
#2190 = LINE('',#2191,#2192);
#2191 = CARTESIAN_POINT('',(19.5,-0.6,1.));
#2192 = VECTOR('',#2193,1.);
#2193 = DIRECTION('',(0.,0.,1.));
#2194 = PCURVE('',#2195,#2200);
#2195 = PLANE('',#2196);
#2196 = AXIS2_PLACEMENT_3D('',#2197,#2198,#2199);
#2197 = CARTESIAN_POINT('',(19.5,-0.6,1.));
#2198 = DIRECTION('',(1.,0.,0.));
#2199 = DIRECTION('',(0.,0.,1.));
#2200 = DEFINITIONAL_REPRESENTATION('',(#2201),#2205);
#2201 = LINE('',#2202,#2203);
#2202 = CARTESIAN_POINT('',(0.,0.));
#2203 = VECTOR('',#2204,1.);
#2204 = DIRECTION('',(1.,0.));
#2205 = ( GEOMETRIC_REPRESENTATION_CONTEXT(2) 
PARAMETRIC_REPRESENTATION_CONTEXT() REPRESENTATION_CONTEXT('2D SPACE',''
  ) );
#2206 = PCURVE('',#2087,#2207);
#2207 = DEFINITIONAL_REPRESENTATION('',(#2208),#2212);
#2208 = LINE('',#2209,#2210);
#2209 = CARTESIAN_POINT('',(0.,2.));
#2210 = VECTOR('',#2211,1.);
#2211 = DIRECTION('',(1.,0.));
#2212 = ( GEOMETRIC_REPRESENTATION_CONTEXT(2) 
PARAMETRIC_REPRESENTATION_CONTEXT() REPRESENTATION_CONTEXT('2D SPACE',''
  ) );
#2213 = ORIENTED_EDGE('',*,*,#2214,.T.);
#2214 = EDGE_CURVE('',#2185,#2215,#2217,.T.);
#2215 = VERTEX_POINT('',#2216);
#2216 = CARTESIAN_POINT('',(19.5,0.6,1.));
#2217 = SURFACE_CURVE('',#2218,(#2222,#2229),.PCURVE_S1.);
#2218 = LINE('',#2219,#2220);
#2219 = CARTESIAN_POINT('',(19.5,-0.6,1.));
#2220 = VECTOR('',#2221,1.);
#2221 = DIRECTION('',(0.,1.,0.));
#2222 = PCURVE('',#2195,#2223);
#2223 = DEFINITIONAL_REPRESENTATION('',(#2224),#2228);
#2224 = LINE('',#2225,#2226);
#2225 = CARTESIAN_POINT('',(0.,0.));
#2226 = VECTOR('',#2227,1.);
#2227 = DIRECTION('',(0.,-1.));
#2228 = ( GEOMETRIC_REPRESENTATION_CONTEXT(2) 
PARAMETRIC_REPRESENTATION_CONTEXT() REPRESENTATION_CONTEXT('2D SPACE',''
  ) );
#2229 = PCURVE('',#2115,#2230);
#2230 = DEFINITIONAL_REPRESENTATION('',(#2231),#2235);
#2231 = LINE('',#2232,#2233);
#2232 = CARTESIAN_POINT('',(2.,0.));
#2233 = VECTOR('',#2234,1.);
#2234 = DIRECTION('',(0.,1.));
#2235 = ( GEOMETRIC_REPRESENTATION_CONTEXT(2) 
PARAMETRIC_REPRESENTATION_CONTEXT() REPRESENTATION_CONTEXT('2D SPACE',''
  ) );
#2236 = ORIENTED_EDGE('',*,*,#2237,.T.);
#2237 = EDGE_CURVE('',#2215,#2238,#2240,.T.);
#2238 = VERTEX_POINT('',#2239);
#2239 = CARTESIAN_POINT('',(19.5,0.6,1.8));
#2240 = SURFACE_CURVE('',#2241,(#2245,#2252),.PCURVE_S1.);
#2241 = LINE('',#2242,#2243);
#2242 = CARTESIAN_POINT('',(19.5,0.6,1.));
#2243 = VECTOR('',#2244,1.);
#2244 = DIRECTION('',(0.,0.,1.));
#2245 = PCURVE('',#2195,#2246);
#2246 = DEFINITIONAL_REPRESENTATION('',(#2247),#2251);
#2247 = LINE('',#2248,#2249);
#2248 = CARTESIAN_POINT('',(0.,-1.2));
#2249 = VECTOR('',#2250,1.);
#2250 = DIRECTION('',(1.,0.));
#2251 = ( GEOMETRIC_REPRESENTATION_CONTEXT(2) 
PARAMETRIC_REPRESENTATION_CONTEXT() REPRESENTATION_CONTEXT('2D SPACE',''
  ) );
#2252 = PCURVE('',#2143,#2253);
#2253 = DEFINITIONAL_REPRESENTATION('',(#2254),#2258);
#2254 = LINE('',#2255,#2256);
#2255 = CARTESIAN_POINT('',(0.,2.));
#2256 = VECTOR('',#2257,1.);
#2257 = DIRECTION('',(1.,0.));
#2258 = ( GEOMETRIC_REPRESENTATION_CONTEXT(2) 
PARAMETRIC_REPRESENTATION_CONTEXT() REPRESENTATION_CONTEXT('2D SPACE',''
  ) );
#2259 = ORIENTED_EDGE('',*,*,#2260,.F.);
#2260 = EDGE_CURVE('',#2187,#2238,#2261,.T.);
#2261 = SURFACE_CURVE('',#2262,(#2266,#2273),.PCURVE_S1.);
#2262 = LINE('',#2263,#2264);
#2263 = CARTESIAN_POINT('',(19.5,-0.6,1.8));
#2264 = VECTOR('',#2265,1.);
#2265 = DIRECTION('',(0.,1.,0.));
#2266 = PCURVE('',#2195,#2267);
#2267 = DEFINITIONAL_REPRESENTATION('',(#2268),#2272);
#2268 = LINE('',#2269,#2270);
#2269 = CARTESIAN_POINT('',(0.8,0.));
#2270 = VECTOR('',#2271,1.);
#2271 = DIRECTION('',(0.,-1.));
#2272 = ( GEOMETRIC_REPRESENTATION_CONTEXT(2) 
PARAMETRIC_REPRESENTATION_CONTEXT() REPRESENTATION_CONTEXT('2D SPACE',''
  ) );
#2273 = PCURVE('',#2169,#2274);
#2274 = DEFINITIONAL_REPRESENTATION('',(#2275),#2279);
#2275 = LINE('',#2276,#2277);
#2276 = CARTESIAN_POINT('',(2.,0.));
#2277 = VECTOR('',#2278,1.);
#2278 = DIRECTION('',(0.,1.));
#2279 = ( GEOMETRIC_REPRESENTATION_CONTEXT(2) 
PARAMETRIC_REPRESENTATION_CONTEXT() REPRESENTATION_CONTEXT('2D SPACE',''
  ) );
#2280 = ADVANCED_FACE('',(#2281),#2087,.F.);
#2281 = FACE_BOUND('',#2282,.F.);
#2282 = EDGE_LOOP('',(#2283,#2304,#2305,#2326));
#2283 = ORIENTED_EDGE('',*,*,#2284,.F.);
#2284 = EDGE_CURVE('',#2065,#2185,#2285,.T.);
#2285 = SURFACE_CURVE('',#2286,(#2290,#2297),.PCURVE_S1.);
#2286 = LINE('',#2287,#2288);
#2287 = CARTESIAN_POINT('',(17.5,-0.6,1.));
#2288 = VECTOR('',#2289,1.);
#2289 = DIRECTION('',(1.,0.,0.));
#2290 = PCURVE('',#2087,#2291);
#2291 = DEFINITIONAL_REPRESENTATION('',(#2292),#2296);
#2292 = LINE('',#2293,#2294);
#2293 = CARTESIAN_POINT('',(0.,0.));
#2294 = VECTOR('',#2295,1.);
#2295 = DIRECTION('',(0.,1.));
#2296 = ( GEOMETRIC_REPRESENTATION_CONTEXT(2) 
PARAMETRIC_REPRESENTATION_CONTEXT() REPRESENTATION_CONTEXT('2D SPACE',''
  ) );
#2297 = PCURVE('',#2115,#2298);
#2298 = DEFINITIONAL_REPRESENTATION('',(#2299),#2303);
#2299 = LINE('',#2300,#2301);
#2300 = CARTESIAN_POINT('',(0.,0.));
#2301 = VECTOR('',#2302,1.);
#2302 = DIRECTION('',(1.,0.));
#2303 = ( GEOMETRIC_REPRESENTATION_CONTEXT(2) 
PARAMETRIC_REPRESENTATION_CONTEXT() REPRESENTATION_CONTEXT('2D SPACE',''
  ) );
#2304 = ORIENTED_EDGE('',*,*,#2064,.T.);
#2305 = ORIENTED_EDGE('',*,*,#2306,.T.);
#2306 = EDGE_CURVE('',#2067,#2187,#2307,.T.);
#2307 = SURFACE_CURVE('',#2308,(#2312,#2319),.PCURVE_S1.);
#2308 = LINE('',#2309,#2310);
#2309 = CARTESIAN_POINT('',(17.5,-0.6,1.8));
#2310 = VECTOR('',#2311,1.);
#2311 = DIRECTION('',(1.,0.,0.));
#2312 = PCURVE('',#2087,#2313);
#2313 = DEFINITIONAL_REPRESENTATION('',(#2314),#2318);
#2314 = LINE('',#2315,#2316);
#2315 = CARTESIAN_POINT('',(0.8,0.));
#2316 = VECTOR('',#2317,1.);
#2317 = DIRECTION('',(0.,1.));
#2318 = ( GEOMETRIC_REPRESENTATION_CONTEXT(2) 
PARAMETRIC_REPRESENTATION_CONTEXT() REPRESENTATION_CONTEXT('2D SPACE',''
  ) );
#2319 = PCURVE('',#2169,#2320);
#2320 = DEFINITIONAL_REPRESENTATION('',(#2321),#2325);
#2321 = LINE('',#2322,#2323);
#2322 = CARTESIAN_POINT('',(0.,0.));
#2323 = VECTOR('',#2324,1.);
#2324 = DIRECTION('',(1.,0.));
#2325 = ( GEOMETRIC_REPRESENTATION_CONTEXT(2) 
PARAMETRIC_REPRESENTATION_CONTEXT() REPRESENTATION_CONTEXT('2D SPACE',''
  ) );
#2326 = ORIENTED_EDGE('',*,*,#2184,.F.);
#2327 = ADVANCED_FACE('',(#2328),#2143,.T.);
#2328 = FACE_BOUND('',#2329,.T.);
#2329 = EDGE_LOOP('',(#2330,#2351,#2352,#2373));
#2330 = ORIENTED_EDGE('',*,*,#2331,.F.);
#2331 = EDGE_CURVE('',#2100,#2215,#2332,.T.);
#2332 = SURFACE_CURVE('',#2333,(#2337,#2344),.PCURVE_S1.);
#2333 = LINE('',#2334,#2335);
#2334 = CARTESIAN_POINT('',(17.5,0.6,1.));
#2335 = VECTOR('',#2336,1.);
#2336 = DIRECTION('',(1.,0.,0.));
#2337 = PCURVE('',#2143,#2338);
#2338 = DEFINITIONAL_REPRESENTATION('',(#2339),#2343);
#2339 = LINE('',#2340,#2341);
#2340 = CARTESIAN_POINT('',(0.,0.));
#2341 = VECTOR('',#2342,1.);
#2342 = DIRECTION('',(0.,1.));
#2343 = ( GEOMETRIC_REPRESENTATION_CONTEXT(2) 
PARAMETRIC_REPRESENTATION_CONTEXT() REPRESENTATION_CONTEXT('2D SPACE',''
  ) );
#2344 = PCURVE('',#2115,#2345);
#2345 = DEFINITIONAL_REPRESENTATION('',(#2346),#2350);
#2346 = LINE('',#2347,#2348);
#2347 = CARTESIAN_POINT('',(0.,1.2));
#2348 = VECTOR('',#2349,1.);
#2349 = DIRECTION('',(1.,0.));
#2350 = ( GEOMETRIC_REPRESENTATION_CONTEXT(2) 
PARAMETRIC_REPRESENTATION_CONTEXT() REPRESENTATION_CONTEXT('2D SPACE',''
  ) );
#2351 = ORIENTED_EDGE('',*,*,#2127,.T.);
#2352 = ORIENTED_EDGE('',*,*,#2353,.T.);
#2353 = EDGE_CURVE('',#2128,#2238,#2354,.T.);
#2354 = SURFACE_CURVE('',#2355,(#2359,#2366),.PCURVE_S1.);
#2355 = LINE('',#2356,#2357);
#2356 = CARTESIAN_POINT('',(17.5,0.6,1.8));
#2357 = VECTOR('',#2358,1.);
#2358 = DIRECTION('',(1.,0.,0.));
#2359 = PCURVE('',#2143,#2360);
#2360 = DEFINITIONAL_REPRESENTATION('',(#2361),#2365);
#2361 = LINE('',#2362,#2363);
#2362 = CARTESIAN_POINT('',(0.8,0.));
#2363 = VECTOR('',#2364,1.);
#2364 = DIRECTION('',(0.,1.));
#2365 = ( GEOMETRIC_REPRESENTATION_CONTEXT(2) 
PARAMETRIC_REPRESENTATION_CONTEXT() REPRESENTATION_CONTEXT('2D SPACE',''
  ) );
#2366 = PCURVE('',#2169,#2367);
#2367 = DEFINITIONAL_REPRESENTATION('',(#2368),#2372);
#2368 = LINE('',#2369,#2370);
#2369 = CARTESIAN_POINT('',(0.,1.2));
#2370 = VECTOR('',#2371,1.);
#2371 = DIRECTION('',(1.,0.));
#2372 = ( GEOMETRIC_REPRESENTATION_CONTEXT(2) 
PARAMETRIC_REPRESENTATION_CONTEXT() REPRESENTATION_CONTEXT('2D SPACE',''
  ) );
#2373 = ORIENTED_EDGE('',*,*,#2237,.F.);
#2374 = ADVANCED_FACE('',(#2375),#2115,.F.);
#2375 = FACE_BOUND('',#2376,.F.);
#2376 = EDGE_LOOP('',(#2377,#2378,#2379,#2380));
#2377 = ORIENTED_EDGE('',*,*,#2099,.F.);
#2378 = ORIENTED_EDGE('',*,*,#2284,.T.);
#2379 = ORIENTED_EDGE('',*,*,#2214,.T.);
#2380 = ORIENTED_EDGE('',*,*,#2331,.F.);
#2381 = ADVANCED_FACE('',(#2382),#2169,.T.);
#2382 = FACE_BOUND('',#2383,.T.);
#2383 = EDGE_LOOP('',(#2384,#2385,#2386,#2387));
#2384 = ORIENTED_EDGE('',*,*,#2155,.F.);
#2385 = ORIENTED_EDGE('',*,*,#2306,.T.);
#2386 = ORIENTED_EDGE('',*,*,#2260,.T.);
#2387 = ORIENTED_EDGE('',*,*,#2353,.F.);
#2388 = ( GEOMETRIC_REPRESENTATION_CONTEXT(3) 
GLOBAL_UNCERTAINTY_ASSIGNED_CONTEXT((#2392)) 
GLOBAL_UNIT_ASSIGNED_CONTEXT((#2389,#2390,#2391)) REPRESENTATION_CONTEXT
('Context #1','3D Context with UNIT and UNCERTAINTY') );
#2389 = ( LENGTH_UNIT() NAMED_UNIT(*) SI_UNIT(.MILLI.,.METRE.) );
#2390 = ( NAMED_UNIT(*) PLANE_ANGLE_UNIT() SI_UNIT($,.RADIAN.) );
#2391 = ( NAMED_UNIT(*) SI_UNIT($,.STERADIAN.) SOLID_ANGLE_UNIT() );
#2392 = UNCERTAINTY_MEASURE_WITH_UNIT(LENGTH_MEASURE(1.E-07),#2389,
  'distance_accuracy_value','confusion accuracy');
#2393 = CONTEXT_DEPENDENT_SHAPE_REPRESENTATION(#2394,#2396);
#2394 = ( REPRESENTATION_RELATIONSHIP('','',#2057,#10) 
REPRESENTATION_RELATIONSHIP_WITH_TRANSFORMATION(#2395) 
SHAPE_REPRESENTATION_RELATIONSHIP() );
#2395 = ITEM_DEFINED_TRANSFORMATION('','',#11,#35);
#2396 = PRODUCT_DEFINITION_SHAPE('Placement','Placement of an item',
  #2397);
#2397 = NEXT_ASSEMBLY_USAGE_OCCURRENCE('6','RF component 2','',#5,#2052,
  $);
#2398 = PRODUCT_RELATED_PRODUCT_CATEGORY('part',$,(#2054));
#2399 = SHAPE_DEFINITION_REPRESENTATION(#2400,#2406);
#2400 = PRODUCT_DEFINITION_SHAPE('','',#2401);
#2401 = PRODUCT_DEFINITION('design','',#2402,#2405);
#2402 = PRODUCT_DEFINITION_FORMATION('','',#2403);
#2403 = PRODUCT('RF component 3','RF component 3','',(#2404));
#2404 = PRODUCT_CONTEXT('',#2,'mechanical');
#2405 = PRODUCT_DEFINITION_CONTEXT('part definition',#2,'design');
#2406 = ADVANCED_BREP_SHAPE_REPRESENTATION('',(#11,#2407),#2737);
#2407 = MANIFOLD_SOLID_BREP('',#2408);
#2408 = CLOSED_SHELL('',(#2409,#2529,#2629,#2676,#2723,#2730));
#2409 = ADVANCED_FACE('',(#2410),#2424,.F.);
#2410 = FACE_BOUND('',#2411,.F.);
#2411 = EDGE_LOOP('',(#2412,#2447,#2475,#2503));
#2412 = ORIENTED_EDGE('',*,*,#2413,.F.);
#2413 = EDGE_CURVE('',#2414,#2416,#2418,.T.);
#2414 = VERTEX_POINT('',#2415);
#2415 = CARTESIAN_POINT('',(13.8,-1.,1.));
#2416 = VERTEX_POINT('',#2417);
#2417 = CARTESIAN_POINT('',(13.8,-1.,1.8));
#2418 = SURFACE_CURVE('',#2419,(#2423,#2435),.PCURVE_S1.);
#2419 = LINE('',#2420,#2421);
#2420 = CARTESIAN_POINT('',(13.8,-1.,1.));
#2421 = VECTOR('',#2422,1.);
#2422 = DIRECTION('',(0.,0.,1.));
#2423 = PCURVE('',#2424,#2429);
#2424 = PLANE('',#2425);
#2425 = AXIS2_PLACEMENT_3D('',#2426,#2427,#2428);
#2426 = CARTESIAN_POINT('',(13.8,-1.,1.));
#2427 = DIRECTION('',(1.,0.,0.));
#2428 = DIRECTION('',(0.,0.,1.));
#2429 = DEFINITIONAL_REPRESENTATION('',(#2430),#2434);
#2430 = LINE('',#2431,#2432);
#2431 = CARTESIAN_POINT('',(0.,0.));
#2432 = VECTOR('',#2433,1.);
#2433 = DIRECTION('',(1.,0.));
#2434 = ( GEOMETRIC_REPRESENTATION_CONTEXT(2) 
PARAMETRIC_REPRESENTATION_CONTEXT() REPRESENTATION_CONTEXT('2D SPACE',''
  ) );
#2435 = PCURVE('',#2436,#2441);
#2436 = PLANE('',#2437);
#2437 = AXIS2_PLACEMENT_3D('',#2438,#2439,#2440);
#2438 = CARTESIAN_POINT('',(13.8,-1.,1.));
#2439 = DIRECTION('',(0.,1.,0.));
#2440 = DIRECTION('',(0.,0.,1.));
#2441 = DEFINITIONAL_REPRESENTATION('',(#2442),#2446);
#2442 = LINE('',#2443,#2444);
#2443 = CARTESIAN_POINT('',(0.,0.));
#2444 = VECTOR('',#2445,1.);
#2445 = DIRECTION('',(1.,0.));
#2446 = ( GEOMETRIC_REPRESENTATION_CONTEXT(2) 
PARAMETRIC_REPRESENTATION_CONTEXT() REPRESENTATION_CONTEXT('2D SPACE',''
  ) );
#2447 = ORIENTED_EDGE('',*,*,#2448,.T.);
#2448 = EDGE_CURVE('',#2414,#2449,#2451,.T.);
#2449 = VERTEX_POINT('',#2450);
#2450 = CARTESIAN_POINT('',(13.8,0.2,1.));
#2451 = SURFACE_CURVE('',#2452,(#2456,#2463),.PCURVE_S1.);
#2452 = LINE('',#2453,#2454);
#2453 = CARTESIAN_POINT('',(13.8,-1.,1.));
#2454 = VECTOR('',#2455,1.);
#2455 = DIRECTION('',(0.,1.,0.));
#2456 = PCURVE('',#2424,#2457);
#2457 = DEFINITIONAL_REPRESENTATION('',(#2458),#2462);
#2458 = LINE('',#2459,#2460);
#2459 = CARTESIAN_POINT('',(0.,0.));
#2460 = VECTOR('',#2461,1.);
#2461 = DIRECTION('',(0.,-1.));
#2462 = ( GEOMETRIC_REPRESENTATION_CONTEXT(2) 
PARAMETRIC_REPRESENTATION_CONTEXT() REPRESENTATION_CONTEXT('2D SPACE',''
  ) );
#2463 = PCURVE('',#2464,#2469);
#2464 = PLANE('',#2465);
#2465 = AXIS2_PLACEMENT_3D('',#2466,#2467,#2468);
#2466 = CARTESIAN_POINT('',(13.8,-1.,1.));
#2467 = DIRECTION('',(0.,0.,1.));
#2468 = DIRECTION('',(1.,0.,0.));
#2469 = DEFINITIONAL_REPRESENTATION('',(#2470),#2474);
#2470 = LINE('',#2471,#2472);
#2471 = CARTESIAN_POINT('',(0.,0.));
#2472 = VECTOR('',#2473,1.);
#2473 = DIRECTION('',(0.,1.));
#2474 = ( GEOMETRIC_REPRESENTATION_CONTEXT(2) 
PARAMETRIC_REPRESENTATION_CONTEXT() REPRESENTATION_CONTEXT('2D SPACE',''
  ) );
#2475 = ORIENTED_EDGE('',*,*,#2476,.T.);
#2476 = EDGE_CURVE('',#2449,#2477,#2479,.T.);
#2477 = VERTEX_POINT('',#2478);
#2478 = CARTESIAN_POINT('',(13.8,0.2,1.8));
#2479 = SURFACE_CURVE('',#2480,(#2484,#2491),.PCURVE_S1.);
#2480 = LINE('',#2481,#2482);
#2481 = CARTESIAN_POINT('',(13.8,0.2,1.));
#2482 = VECTOR('',#2483,1.);
#2483 = DIRECTION('',(0.,0.,1.));
#2484 = PCURVE('',#2424,#2485);
#2485 = DEFINITIONAL_REPRESENTATION('',(#2486),#2490);
#2486 = LINE('',#2487,#2488);
#2487 = CARTESIAN_POINT('',(0.,-1.2));
#2488 = VECTOR('',#2489,1.);
#2489 = DIRECTION('',(1.,0.));
#2490 = ( GEOMETRIC_REPRESENTATION_CONTEXT(2) 
PARAMETRIC_REPRESENTATION_CONTEXT() REPRESENTATION_CONTEXT('2D SPACE',''
  ) );
#2491 = PCURVE('',#2492,#2497);
#2492 = PLANE('',#2493);
#2493 = AXIS2_PLACEMENT_3D('',#2494,#2495,#2496);
#2494 = CARTESIAN_POINT('',(13.8,0.2,1.));
#2495 = DIRECTION('',(0.,1.,0.));
#2496 = DIRECTION('',(0.,0.,1.));
#2497 = DEFINITIONAL_REPRESENTATION('',(#2498),#2502);
#2498 = LINE('',#2499,#2500);
#2499 = CARTESIAN_POINT('',(0.,0.));
#2500 = VECTOR('',#2501,1.);
#2501 = DIRECTION('',(1.,0.));
#2502 = ( GEOMETRIC_REPRESENTATION_CONTEXT(2) 
PARAMETRIC_REPRESENTATION_CONTEXT() REPRESENTATION_CONTEXT('2D SPACE',''
  ) );
#2503 = ORIENTED_EDGE('',*,*,#2504,.F.);
#2504 = EDGE_CURVE('',#2416,#2477,#2505,.T.);
#2505 = SURFACE_CURVE('',#2506,(#2510,#2517),.PCURVE_S1.);
#2506 = LINE('',#2507,#2508);
#2507 = CARTESIAN_POINT('',(13.8,-1.,1.8));
#2508 = VECTOR('',#2509,1.);
#2509 = DIRECTION('',(0.,1.,0.));
#2510 = PCURVE('',#2424,#2511);
#2511 = DEFINITIONAL_REPRESENTATION('',(#2512),#2516);
#2512 = LINE('',#2513,#2514);
#2513 = CARTESIAN_POINT('',(0.8,0.));
#2514 = VECTOR('',#2515,1.);
#2515 = DIRECTION('',(0.,-1.));
#2516 = ( GEOMETRIC_REPRESENTATION_CONTEXT(2) 
PARAMETRIC_REPRESENTATION_CONTEXT() REPRESENTATION_CONTEXT('2D SPACE',''
  ) );
#2517 = PCURVE('',#2518,#2523);
#2518 = PLANE('',#2519);
#2519 = AXIS2_PLACEMENT_3D('',#2520,#2521,#2522);
#2520 = CARTESIAN_POINT('',(13.8,-1.,1.8));
#2521 = DIRECTION('',(0.,0.,1.));
#2522 = DIRECTION('',(1.,0.,0.));
#2523 = DEFINITIONAL_REPRESENTATION('',(#2524),#2528);
#2524 = LINE('',#2525,#2526);
#2525 = CARTESIAN_POINT('',(0.,0.));
#2526 = VECTOR('',#2527,1.);
#2527 = DIRECTION('',(0.,1.));
#2528 = ( GEOMETRIC_REPRESENTATION_CONTEXT(2) 
PARAMETRIC_REPRESENTATION_CONTEXT() REPRESENTATION_CONTEXT('2D SPACE',''
  ) );
#2529 = ADVANCED_FACE('',(#2530),#2544,.T.);
#2530 = FACE_BOUND('',#2531,.T.);
#2531 = EDGE_LOOP('',(#2532,#2562,#2585,#2608));
#2532 = ORIENTED_EDGE('',*,*,#2533,.F.);
#2533 = EDGE_CURVE('',#2534,#2536,#2538,.T.);
#2534 = VERTEX_POINT('',#2535);
#2535 = CARTESIAN_POINT('',(15.8,-1.,1.));
#2536 = VERTEX_POINT('',#2537);
#2537 = CARTESIAN_POINT('',(15.8,-1.,1.8));
#2538 = SURFACE_CURVE('',#2539,(#2543,#2555),.PCURVE_S1.);
#2539 = LINE('',#2540,#2541);
#2540 = CARTESIAN_POINT('',(15.8,-1.,1.));
#2541 = VECTOR('',#2542,1.);
#2542 = DIRECTION('',(0.,0.,1.));
#2543 = PCURVE('',#2544,#2549);
#2544 = PLANE('',#2545);
#2545 = AXIS2_PLACEMENT_3D('',#2546,#2547,#2548);
#2546 = CARTESIAN_POINT('',(15.8,-1.,1.));
#2547 = DIRECTION('',(1.,0.,0.));
#2548 = DIRECTION('',(0.,0.,1.));
#2549 = DEFINITIONAL_REPRESENTATION('',(#2550),#2554);
#2550 = LINE('',#2551,#2552);
#2551 = CARTESIAN_POINT('',(0.,0.));
#2552 = VECTOR('',#2553,1.);
#2553 = DIRECTION('',(1.,0.));
#2554 = ( GEOMETRIC_REPRESENTATION_CONTEXT(2) 
PARAMETRIC_REPRESENTATION_CONTEXT() REPRESENTATION_CONTEXT('2D SPACE',''
  ) );
#2555 = PCURVE('',#2436,#2556);
#2556 = DEFINITIONAL_REPRESENTATION('',(#2557),#2561);
#2557 = LINE('',#2558,#2559);
#2558 = CARTESIAN_POINT('',(0.,2.));
#2559 = VECTOR('',#2560,1.);
#2560 = DIRECTION('',(1.,0.));
#2561 = ( GEOMETRIC_REPRESENTATION_CONTEXT(2) 
PARAMETRIC_REPRESENTATION_CONTEXT() REPRESENTATION_CONTEXT('2D SPACE',''
  ) );
#2562 = ORIENTED_EDGE('',*,*,#2563,.T.);
#2563 = EDGE_CURVE('',#2534,#2564,#2566,.T.);
#2564 = VERTEX_POINT('',#2565);
#2565 = CARTESIAN_POINT('',(15.8,0.2,1.));
#2566 = SURFACE_CURVE('',#2567,(#2571,#2578),.PCURVE_S1.);
#2567 = LINE('',#2568,#2569);
#2568 = CARTESIAN_POINT('',(15.8,-1.,1.));
#2569 = VECTOR('',#2570,1.);
#2570 = DIRECTION('',(0.,1.,0.));
#2571 = PCURVE('',#2544,#2572);
#2572 = DEFINITIONAL_REPRESENTATION('',(#2573),#2577);
#2573 = LINE('',#2574,#2575);
#2574 = CARTESIAN_POINT('',(0.,0.));
#2575 = VECTOR('',#2576,1.);
#2576 = DIRECTION('',(0.,-1.));
#2577 = ( GEOMETRIC_REPRESENTATION_CONTEXT(2) 
PARAMETRIC_REPRESENTATION_CONTEXT() REPRESENTATION_CONTEXT('2D SPACE',''
  ) );
#2578 = PCURVE('',#2464,#2579);
#2579 = DEFINITIONAL_REPRESENTATION('',(#2580),#2584);
#2580 = LINE('',#2581,#2582);
#2581 = CARTESIAN_POINT('',(2.,0.));
#2582 = VECTOR('',#2583,1.);
#2583 = DIRECTION('',(0.,1.));
#2584 = ( GEOMETRIC_REPRESENTATION_CONTEXT(2) 
PARAMETRIC_REPRESENTATION_CONTEXT() REPRESENTATION_CONTEXT('2D SPACE',''
  ) );
#2585 = ORIENTED_EDGE('',*,*,#2586,.T.);
#2586 = EDGE_CURVE('',#2564,#2587,#2589,.T.);
#2587 = VERTEX_POINT('',#2588);
#2588 = CARTESIAN_POINT('',(15.8,0.2,1.8));
#2589 = SURFACE_CURVE('',#2590,(#2594,#2601),.PCURVE_S1.);
#2590 = LINE('',#2591,#2592);
#2591 = CARTESIAN_POINT('',(15.8,0.2,1.));
#2592 = VECTOR('',#2593,1.);
#2593 = DIRECTION('',(0.,0.,1.));
#2594 = PCURVE('',#2544,#2595);
#2595 = DEFINITIONAL_REPRESENTATION('',(#2596),#2600);
#2596 = LINE('',#2597,#2598);
#2597 = CARTESIAN_POINT('',(0.,-1.2));
#2598 = VECTOR('',#2599,1.);
#2599 = DIRECTION('',(1.,0.));
#2600 = ( GEOMETRIC_REPRESENTATION_CONTEXT(2) 
PARAMETRIC_REPRESENTATION_CONTEXT() REPRESENTATION_CONTEXT('2D SPACE',''
  ) );
#2601 = PCURVE('',#2492,#2602);
#2602 = DEFINITIONAL_REPRESENTATION('',(#2603),#2607);
#2603 = LINE('',#2604,#2605);
#2604 = CARTESIAN_POINT('',(0.,2.));
#2605 = VECTOR('',#2606,1.);
#2606 = DIRECTION('',(1.,0.));
#2607 = ( GEOMETRIC_REPRESENTATION_CONTEXT(2) 
PARAMETRIC_REPRESENTATION_CONTEXT() REPRESENTATION_CONTEXT('2D SPACE',''
  ) );
#2608 = ORIENTED_EDGE('',*,*,#2609,.F.);
#2609 = EDGE_CURVE('',#2536,#2587,#2610,.T.);
#2610 = SURFACE_CURVE('',#2611,(#2615,#2622),.PCURVE_S1.);
#2611 = LINE('',#2612,#2613);
#2612 = CARTESIAN_POINT('',(15.8,-1.,1.8));
#2613 = VECTOR('',#2614,1.);
#2614 = DIRECTION('',(0.,1.,0.));
#2615 = PCURVE('',#2544,#2616);
#2616 = DEFINITIONAL_REPRESENTATION('',(#2617),#2621);
#2617 = LINE('',#2618,#2619);
#2618 = CARTESIAN_POINT('',(0.8,0.));
#2619 = VECTOR('',#2620,1.);
#2620 = DIRECTION('',(0.,-1.));
#2621 = ( GEOMETRIC_REPRESENTATION_CONTEXT(2) 
PARAMETRIC_REPRESENTATION_CONTEXT() REPRESENTATION_CONTEXT('2D SPACE',''
  ) );
#2622 = PCURVE('',#2518,#2623);
#2623 = DEFINITIONAL_REPRESENTATION('',(#2624),#2628);
#2624 = LINE('',#2625,#2626);
#2625 = CARTESIAN_POINT('',(2.,0.));
#2626 = VECTOR('',#2627,1.);
#2627 = DIRECTION('',(0.,1.));
#2628 = ( GEOMETRIC_REPRESENTATION_CONTEXT(2) 
PARAMETRIC_REPRESENTATION_CONTEXT() REPRESENTATION_CONTEXT('2D SPACE',''
  ) );
#2629 = ADVANCED_FACE('',(#2630),#2436,.F.);
#2630 = FACE_BOUND('',#2631,.F.);
#2631 = EDGE_LOOP('',(#2632,#2653,#2654,#2675));
#2632 = ORIENTED_EDGE('',*,*,#2633,.F.);
#2633 = EDGE_CURVE('',#2414,#2534,#2634,.T.);
#2634 = SURFACE_CURVE('',#2635,(#2639,#2646),.PCURVE_S1.);
#2635 = LINE('',#2636,#2637);
#2636 = CARTESIAN_POINT('',(13.8,-1.,1.));
#2637 = VECTOR('',#2638,1.);
#2638 = DIRECTION('',(1.,0.,0.));
#2639 = PCURVE('',#2436,#2640);
#2640 = DEFINITIONAL_REPRESENTATION('',(#2641),#2645);
#2641 = LINE('',#2642,#2643);
#2642 = CARTESIAN_POINT('',(0.,0.));
#2643 = VECTOR('',#2644,1.);
#2644 = DIRECTION('',(0.,1.));
#2645 = ( GEOMETRIC_REPRESENTATION_CONTEXT(2) 
PARAMETRIC_REPRESENTATION_CONTEXT() REPRESENTATION_CONTEXT('2D SPACE',''
  ) );
#2646 = PCURVE('',#2464,#2647);
#2647 = DEFINITIONAL_REPRESENTATION('',(#2648),#2652);
#2648 = LINE('',#2649,#2650);
#2649 = CARTESIAN_POINT('',(0.,0.));
#2650 = VECTOR('',#2651,1.);
#2651 = DIRECTION('',(1.,0.));
#2652 = ( GEOMETRIC_REPRESENTATION_CONTEXT(2) 
PARAMETRIC_REPRESENTATION_CONTEXT() REPRESENTATION_CONTEXT('2D SPACE',''
  ) );
#2653 = ORIENTED_EDGE('',*,*,#2413,.T.);
#2654 = ORIENTED_EDGE('',*,*,#2655,.T.);
#2655 = EDGE_CURVE('',#2416,#2536,#2656,.T.);
#2656 = SURFACE_CURVE('',#2657,(#2661,#2668),.PCURVE_S1.);
#2657 = LINE('',#2658,#2659);
#2658 = CARTESIAN_POINT('',(13.8,-1.,1.8));
#2659 = VECTOR('',#2660,1.);
#2660 = DIRECTION('',(1.,0.,0.));
#2661 = PCURVE('',#2436,#2662);
#2662 = DEFINITIONAL_REPRESENTATION('',(#2663),#2667);
#2663 = LINE('',#2664,#2665);
#2664 = CARTESIAN_POINT('',(0.8,0.));
#2665 = VECTOR('',#2666,1.);
#2666 = DIRECTION('',(0.,1.));
#2667 = ( GEOMETRIC_REPRESENTATION_CONTEXT(2) 
PARAMETRIC_REPRESENTATION_CONTEXT() REPRESENTATION_CONTEXT('2D SPACE',''
  ) );
#2668 = PCURVE('',#2518,#2669);
#2669 = DEFINITIONAL_REPRESENTATION('',(#2670),#2674);
#2670 = LINE('',#2671,#2672);
#2671 = CARTESIAN_POINT('',(0.,0.));
#2672 = VECTOR('',#2673,1.);
#2673 = DIRECTION('',(1.,0.));
#2674 = ( GEOMETRIC_REPRESENTATION_CONTEXT(2) 
PARAMETRIC_REPRESENTATION_CONTEXT() REPRESENTATION_CONTEXT('2D SPACE',''
  ) );
#2675 = ORIENTED_EDGE('',*,*,#2533,.F.);
#2676 = ADVANCED_FACE('',(#2677),#2492,.T.);
#2677 = FACE_BOUND('',#2678,.T.);
#2678 = EDGE_LOOP('',(#2679,#2700,#2701,#2722));
#2679 = ORIENTED_EDGE('',*,*,#2680,.F.);
#2680 = EDGE_CURVE('',#2449,#2564,#2681,.T.);
#2681 = SURFACE_CURVE('',#2682,(#2686,#2693),.PCURVE_S1.);
#2682 = LINE('',#2683,#2684);
#2683 = CARTESIAN_POINT('',(13.8,0.2,1.));
#2684 = VECTOR('',#2685,1.);
#2685 = DIRECTION('',(1.,0.,0.));
#2686 = PCURVE('',#2492,#2687);
#2687 = DEFINITIONAL_REPRESENTATION('',(#2688),#2692);
#2688 = LINE('',#2689,#2690);
#2689 = CARTESIAN_POINT('',(0.,0.));
#2690 = VECTOR('',#2691,1.);
#2691 = DIRECTION('',(0.,1.));
#2692 = ( GEOMETRIC_REPRESENTATION_CONTEXT(2) 
PARAMETRIC_REPRESENTATION_CONTEXT() REPRESENTATION_CONTEXT('2D SPACE',''
  ) );
#2693 = PCURVE('',#2464,#2694);
#2694 = DEFINITIONAL_REPRESENTATION('',(#2695),#2699);
#2695 = LINE('',#2696,#2697);
#2696 = CARTESIAN_POINT('',(0.,1.2));
#2697 = VECTOR('',#2698,1.);
#2698 = DIRECTION('',(1.,0.));
#2699 = ( GEOMETRIC_REPRESENTATION_CONTEXT(2) 
PARAMETRIC_REPRESENTATION_CONTEXT() REPRESENTATION_CONTEXT('2D SPACE',''
  ) );
#2700 = ORIENTED_EDGE('',*,*,#2476,.T.);
#2701 = ORIENTED_EDGE('',*,*,#2702,.T.);
#2702 = EDGE_CURVE('',#2477,#2587,#2703,.T.);
#2703 = SURFACE_CURVE('',#2704,(#2708,#2715),.PCURVE_S1.);
#2704 = LINE('',#2705,#2706);
#2705 = CARTESIAN_POINT('',(13.8,0.2,1.8));
#2706 = VECTOR('',#2707,1.);
#2707 = DIRECTION('',(1.,0.,0.));
#2708 = PCURVE('',#2492,#2709);
#2709 = DEFINITIONAL_REPRESENTATION('',(#2710),#2714);
#2710 = LINE('',#2711,#2712);
#2711 = CARTESIAN_POINT('',(0.8,0.));
#2712 = VECTOR('',#2713,1.);
#2713 = DIRECTION('',(0.,1.));
#2714 = ( GEOMETRIC_REPRESENTATION_CONTEXT(2) 
PARAMETRIC_REPRESENTATION_CONTEXT() REPRESENTATION_CONTEXT('2D SPACE',''
  ) );
#2715 = PCURVE('',#2518,#2716);
#2716 = DEFINITIONAL_REPRESENTATION('',(#2717),#2721);
#2717 = LINE('',#2718,#2719);
#2718 = CARTESIAN_POINT('',(0.,1.2));
#2719 = VECTOR('',#2720,1.);
#2720 = DIRECTION('',(1.,0.));
#2721 = ( GEOMETRIC_REPRESENTATION_CONTEXT(2) 
PARAMETRIC_REPRESENTATION_CONTEXT() REPRESENTATION_CONTEXT('2D SPACE',''
  ) );
#2722 = ORIENTED_EDGE('',*,*,#2586,.F.);
#2723 = ADVANCED_FACE('',(#2724),#2464,.F.);
#2724 = FACE_BOUND('',#2725,.F.);
#2725 = EDGE_LOOP('',(#2726,#2727,#2728,#2729));
#2726 = ORIENTED_EDGE('',*,*,#2448,.F.);
#2727 = ORIENTED_EDGE('',*,*,#2633,.T.);
#2728 = ORIENTED_EDGE('',*,*,#2563,.T.);
#2729 = ORIENTED_EDGE('',*,*,#2680,.F.);
#2730 = ADVANCED_FACE('',(#2731),#2518,.T.);
#2731 = FACE_BOUND('',#2732,.T.);
#2732 = EDGE_LOOP('',(#2733,#2734,#2735,#2736));
#2733 = ORIENTED_EDGE('',*,*,#2504,.F.);
#2734 = ORIENTED_EDGE('',*,*,#2655,.T.);
#2735 = ORIENTED_EDGE('',*,*,#2609,.T.);
#2736 = ORIENTED_EDGE('',*,*,#2702,.F.);
#2737 = ( GEOMETRIC_REPRESENTATION_CONTEXT(3) 
GLOBAL_UNCERTAINTY_ASSIGNED_CONTEXT((#2741)) 
GLOBAL_UNIT_ASSIGNED_CONTEXT((#2738,#2739,#2740)) REPRESENTATION_CONTEXT
('Context #1','3D Context with UNIT and UNCERTAINTY') );
#2738 = ( LENGTH_UNIT() NAMED_UNIT(*) SI_UNIT(.MILLI.,.METRE.) );
#2739 = ( NAMED_UNIT(*) PLANE_ANGLE_UNIT() SI_UNIT($,.RADIAN.) );
#2740 = ( NAMED_UNIT(*) SI_UNIT($,.STERADIAN.) SOLID_ANGLE_UNIT() );
#2741 = UNCERTAINTY_MEASURE_WITH_UNIT(LENGTH_MEASURE(1.E-07),#2738,
  'distance_accuracy_value','confusion accuracy');
#2742 = CONTEXT_DEPENDENT_SHAPE_REPRESENTATION(#2743,#2745);
#2743 = ( REPRESENTATION_RELATIONSHIP('','',#2406,#10) 
REPRESENTATION_RELATIONSHIP_WITH_TRANSFORMATION(#2744) 
SHAPE_REPRESENTATION_RELATIONSHIP() );
#2744 = ITEM_DEFINED_TRANSFORMATION('','',#11,#39);
#2745 = PRODUCT_DEFINITION_SHAPE('Placement','Placement of an item',
  #2746);
#2746 = NEXT_ASSEMBLY_USAGE_OCCURRENCE('7','RF component 3','',#5,#2401,
  $);
#2747 = PRODUCT_RELATED_PRODUCT_CATEGORY('part',$,(#2403));
#2748 = SHAPE_DEFINITION_REPRESENTATION(#2749,#2755);
#2749 = PRODUCT_DEFINITION_SHAPE('','',#2750);
#2750 = PRODUCT_DEFINITION('design','',#2751,#2754);
#2751 = PRODUCT_DEFINITION_FORMATION('','',#2752);
#2752 = PRODUCT('Header pin 0 -1.27','Header pin 0 -1.27','',(#2753));
#2753 = PRODUCT_CONTEXT('',#2,'mechanical');
#2754 = PRODUCT_DEFINITION_CONTEXT('part definition',#2,'design');
#2755 = ADVANCED_BREP_SHAPE_REPRESENTATION('',(#11,#2756),#3086);
#2756 = MANIFOLD_SOLID_BREP('',#2757);
#2757 = CLOSED_SHELL('',(#2758,#2878,#2978,#3025,#3072,#3079));
#2758 = ADVANCED_FACE('',(#2759),#2773,.F.);
#2759 = FACE_BOUND('',#2760,.F.);
#2760 = EDGE_LOOP('',(#2761,#2796,#2824,#2852));
#2761 = ORIENTED_EDGE('',*,*,#2762,.F.);
#2762 = EDGE_CURVE('',#2763,#2765,#2767,.T.);
#2763 = VERTEX_POINT('',#2764);
#2764 = CARTESIAN_POINT('',(-1.59,-4.13,-3.));
#2765 = VERTEX_POINT('',#2766);
#2766 = CARTESIAN_POINT('',(-1.59,-4.13,4.));
#2767 = SURFACE_CURVE('',#2768,(#2772,#2784),.PCURVE_S1.);
#2768 = LINE('',#2769,#2770);
#2769 = CARTESIAN_POINT('',(-1.59,-4.13,-3.));
#2770 = VECTOR('',#2771,1.);
#2771 = DIRECTION('',(0.,0.,1.));
#2772 = PCURVE('',#2773,#2778);
#2773 = PLANE('',#2774);
#2774 = AXIS2_PLACEMENT_3D('',#2775,#2776,#2777);
#2775 = CARTESIAN_POINT('',(-1.59,-4.13,-3.));
#2776 = DIRECTION('',(1.,0.,0.));
#2777 = DIRECTION('',(0.,0.,1.));
#2778 = DEFINITIONAL_REPRESENTATION('',(#2779),#2783);
#2779 = LINE('',#2780,#2781);
#2780 = CARTESIAN_POINT('',(0.,0.));
#2781 = VECTOR('',#2782,1.);
#2782 = DIRECTION('',(1.,0.));
#2783 = ( GEOMETRIC_REPRESENTATION_CONTEXT(2) 
PARAMETRIC_REPRESENTATION_CONTEXT() REPRESENTATION_CONTEXT('2D SPACE',''
  ) );
#2784 = PCURVE('',#2785,#2790);
#2785 = PLANE('',#2786);
#2786 = AXIS2_PLACEMENT_3D('',#2787,#2788,#2789);
#2787 = CARTESIAN_POINT('',(-1.59,-4.13,-3.));
#2788 = DIRECTION('',(0.,1.,0.));
#2789 = DIRECTION('',(0.,0.,1.));
#2790 = DEFINITIONAL_REPRESENTATION('',(#2791),#2795);
#2791 = LINE('',#2792,#2793);
#2792 = CARTESIAN_POINT('',(0.,0.));
#2793 = VECTOR('',#2794,1.);
#2794 = DIRECTION('',(1.,0.));
#2795 = ( GEOMETRIC_REPRESENTATION_CONTEXT(2) 
PARAMETRIC_REPRESENTATION_CONTEXT() REPRESENTATION_CONTEXT('2D SPACE',''
  ) );
#2796 = ORIENTED_EDGE('',*,*,#2797,.T.);
#2797 = EDGE_CURVE('',#2763,#2798,#2800,.T.);
#2798 = VERTEX_POINT('',#2799);
#2799 = CARTESIAN_POINT('',(-1.59,-3.49,-3.));
#2800 = SURFACE_CURVE('',#2801,(#2805,#2812),.PCURVE_S1.);
#2801 = LINE('',#2802,#2803);
#2802 = CARTESIAN_POINT('',(-1.59,-4.13,-3.));
#2803 = VECTOR('',#2804,1.);
#2804 = DIRECTION('',(0.,1.,0.));
#2805 = PCURVE('',#2773,#2806);
#2806 = DEFINITIONAL_REPRESENTATION('',(#2807),#2811);
#2807 = LINE('',#2808,#2809);
#2808 = CARTESIAN_POINT('',(0.,0.));
#2809 = VECTOR('',#2810,1.);
#2810 = DIRECTION('',(0.,-1.));
#2811 = ( GEOMETRIC_REPRESENTATION_CONTEXT(2) 
PARAMETRIC_REPRESENTATION_CONTEXT() REPRESENTATION_CONTEXT('2D SPACE',''
  ) );
#2812 = PCURVE('',#2813,#2818);
#2813 = PLANE('',#2814);
#2814 = AXIS2_PLACEMENT_3D('',#2815,#2816,#2817);
#2815 = CARTESIAN_POINT('',(-1.59,-4.13,-3.));
#2816 = DIRECTION('',(0.,0.,1.));
#2817 = DIRECTION('',(1.,0.,0.));
#2818 = DEFINITIONAL_REPRESENTATION('',(#2819),#2823);
#2819 = LINE('',#2820,#2821);
#2820 = CARTESIAN_POINT('',(0.,0.));
#2821 = VECTOR('',#2822,1.);
#2822 = DIRECTION('',(0.,1.));
#2823 = ( GEOMETRIC_REPRESENTATION_CONTEXT(2) 
PARAMETRIC_REPRESENTATION_CONTEXT() REPRESENTATION_CONTEXT('2D SPACE',''
  ) );
#2824 = ORIENTED_EDGE('',*,*,#2825,.T.);
#2825 = EDGE_CURVE('',#2798,#2826,#2828,.T.);
#2826 = VERTEX_POINT('',#2827);
#2827 = CARTESIAN_POINT('',(-1.59,-3.49,4.));
#2828 = SURFACE_CURVE('',#2829,(#2833,#2840),.PCURVE_S1.);
#2829 = LINE('',#2830,#2831);
#2830 = CARTESIAN_POINT('',(-1.59,-3.49,-3.));
#2831 = VECTOR('',#2832,1.);
#2832 = DIRECTION('',(0.,0.,1.));
#2833 = PCURVE('',#2773,#2834);
#2834 = DEFINITIONAL_REPRESENTATION('',(#2835),#2839);
#2835 = LINE('',#2836,#2837);
#2836 = CARTESIAN_POINT('',(0.,-0.64));
#2837 = VECTOR('',#2838,1.);
#2838 = DIRECTION('',(1.,0.));
#2839 = ( GEOMETRIC_REPRESENTATION_CONTEXT(2) 
PARAMETRIC_REPRESENTATION_CONTEXT() REPRESENTATION_CONTEXT('2D SPACE',''
  ) );
#2840 = PCURVE('',#2841,#2846);
#2841 = PLANE('',#2842);
#2842 = AXIS2_PLACEMENT_3D('',#2843,#2844,#2845);
#2843 = CARTESIAN_POINT('',(-1.59,-3.49,-3.));
#2844 = DIRECTION('',(0.,1.,0.));
#2845 = DIRECTION('',(0.,0.,1.));
#2846 = DEFINITIONAL_REPRESENTATION('',(#2847),#2851);
#2847 = LINE('',#2848,#2849);
#2848 = CARTESIAN_POINT('',(0.,0.));
#2849 = VECTOR('',#2850,1.);
#2850 = DIRECTION('',(1.,0.));
#2851 = ( GEOMETRIC_REPRESENTATION_CONTEXT(2) 
PARAMETRIC_REPRESENTATION_CONTEXT() REPRESENTATION_CONTEXT('2D SPACE',''
  ) );
#2852 = ORIENTED_EDGE('',*,*,#2853,.F.);
#2853 = EDGE_CURVE('',#2765,#2826,#2854,.T.);
#2854 = SURFACE_CURVE('',#2855,(#2859,#2866),.PCURVE_S1.);
#2855 = LINE('',#2856,#2857);
#2856 = CARTESIAN_POINT('',(-1.59,-4.13,4.));
#2857 = VECTOR('',#2858,1.);
#2858 = DIRECTION('',(0.,1.,0.));
#2859 = PCURVE('',#2773,#2860);
#2860 = DEFINITIONAL_REPRESENTATION('',(#2861),#2865);
#2861 = LINE('',#2862,#2863);
#2862 = CARTESIAN_POINT('',(7.,0.));
#2863 = VECTOR('',#2864,1.);
#2864 = DIRECTION('',(0.,-1.));
#2865 = ( GEOMETRIC_REPRESENTATION_CONTEXT(2) 
PARAMETRIC_REPRESENTATION_CONTEXT() REPRESENTATION_CONTEXT('2D SPACE',''
  ) );
#2866 = PCURVE('',#2867,#2872);
#2867 = PLANE('',#2868);
#2868 = AXIS2_PLACEMENT_3D('',#2869,#2870,#2871);
#2869 = CARTESIAN_POINT('',(-1.59,-4.13,4.));
#2870 = DIRECTION('',(0.,0.,1.));
#2871 = DIRECTION('',(1.,0.,0.));
#2872 = DEFINITIONAL_REPRESENTATION('',(#2873),#2877);
#2873 = LINE('',#2874,#2875);
#2874 = CARTESIAN_POINT('',(0.,0.));
#2875 = VECTOR('',#2876,1.);
#2876 = DIRECTION('',(0.,1.));
#2877 = ( GEOMETRIC_REPRESENTATION_CONTEXT(2) 
PARAMETRIC_REPRESENTATION_CONTEXT() REPRESENTATION_CONTEXT('2D SPACE',''
  ) );
#2878 = ADVANCED_FACE('',(#2879),#2893,.T.);
#2879 = FACE_BOUND('',#2880,.T.);
#2880 = EDGE_LOOP('',(#2881,#2911,#2934,#2957));
#2881 = ORIENTED_EDGE('',*,*,#2882,.F.);
#2882 = EDGE_CURVE('',#2883,#2885,#2887,.T.);
#2883 = VERTEX_POINT('',#2884);
#2884 = CARTESIAN_POINT('',(-0.95,-4.13,-3.));
#2885 = VERTEX_POINT('',#2886);
#2886 = CARTESIAN_POINT('',(-0.95,-4.13,4.));
#2887 = SURFACE_CURVE('',#2888,(#2892,#2904),.PCURVE_S1.);
#2888 = LINE('',#2889,#2890);
#2889 = CARTESIAN_POINT('',(-0.95,-4.13,-3.));
#2890 = VECTOR('',#2891,1.);
#2891 = DIRECTION('',(0.,0.,1.));
#2892 = PCURVE('',#2893,#2898);
#2893 = PLANE('',#2894);
#2894 = AXIS2_PLACEMENT_3D('',#2895,#2896,#2897);
#2895 = CARTESIAN_POINT('',(-0.95,-4.13,-3.));
#2896 = DIRECTION('',(1.,0.,0.));
#2897 = DIRECTION('',(0.,0.,1.));
#2898 = DEFINITIONAL_REPRESENTATION('',(#2899),#2903);
#2899 = LINE('',#2900,#2901);
#2900 = CARTESIAN_POINT('',(0.,0.));
#2901 = VECTOR('',#2902,1.);
#2902 = DIRECTION('',(1.,0.));
#2903 = ( GEOMETRIC_REPRESENTATION_CONTEXT(2) 
PARAMETRIC_REPRESENTATION_CONTEXT() REPRESENTATION_CONTEXT('2D SPACE',''
  ) );
#2904 = PCURVE('',#2785,#2905);
#2905 = DEFINITIONAL_REPRESENTATION('',(#2906),#2910);
#2906 = LINE('',#2907,#2908);
#2907 = CARTESIAN_POINT('',(0.,0.64));
#2908 = VECTOR('',#2909,1.);
#2909 = DIRECTION('',(1.,0.));
#2910 = ( GEOMETRIC_REPRESENTATION_CONTEXT(2) 
PARAMETRIC_REPRESENTATION_CONTEXT() REPRESENTATION_CONTEXT('2D SPACE',''
  ) );
#2911 = ORIENTED_EDGE('',*,*,#2912,.T.);
#2912 = EDGE_CURVE('',#2883,#2913,#2915,.T.);
#2913 = VERTEX_POINT('',#2914);
#2914 = CARTESIAN_POINT('',(-0.95,-3.49,-3.));
#2915 = SURFACE_CURVE('',#2916,(#2920,#2927),.PCURVE_S1.);
#2916 = LINE('',#2917,#2918);
#2917 = CARTESIAN_POINT('',(-0.95,-4.13,-3.));
#2918 = VECTOR('',#2919,1.);
#2919 = DIRECTION('',(0.,1.,0.));
#2920 = PCURVE('',#2893,#2921);
#2921 = DEFINITIONAL_REPRESENTATION('',(#2922),#2926);
#2922 = LINE('',#2923,#2924);
#2923 = CARTESIAN_POINT('',(0.,0.));
#2924 = VECTOR('',#2925,1.);
#2925 = DIRECTION('',(0.,-1.));
#2926 = ( GEOMETRIC_REPRESENTATION_CONTEXT(2) 
PARAMETRIC_REPRESENTATION_CONTEXT() REPRESENTATION_CONTEXT('2D SPACE',''
  ) );
#2927 = PCURVE('',#2813,#2928);
#2928 = DEFINITIONAL_REPRESENTATION('',(#2929),#2933);
#2929 = LINE('',#2930,#2931);
#2930 = CARTESIAN_POINT('',(0.64,0.));
#2931 = VECTOR('',#2932,1.);
#2932 = DIRECTION('',(0.,1.));
#2933 = ( GEOMETRIC_REPRESENTATION_CONTEXT(2) 
PARAMETRIC_REPRESENTATION_CONTEXT() REPRESENTATION_CONTEXT('2D SPACE',''
  ) );
#2934 = ORIENTED_EDGE('',*,*,#2935,.T.);
#2935 = EDGE_CURVE('',#2913,#2936,#2938,.T.);
#2936 = VERTEX_POINT('',#2937);
#2937 = CARTESIAN_POINT('',(-0.95,-3.49,4.));
#2938 = SURFACE_CURVE('',#2939,(#2943,#2950),.PCURVE_S1.);
#2939 = LINE('',#2940,#2941);
#2940 = CARTESIAN_POINT('',(-0.95,-3.49,-3.));
#2941 = VECTOR('',#2942,1.);
#2942 = DIRECTION('',(0.,0.,1.));
#2943 = PCURVE('',#2893,#2944);
#2944 = DEFINITIONAL_REPRESENTATION('',(#2945),#2949);
#2945 = LINE('',#2946,#2947);
#2946 = CARTESIAN_POINT('',(0.,-0.64));
#2947 = VECTOR('',#2948,1.);
#2948 = DIRECTION('',(1.,0.));
#2949 = ( GEOMETRIC_REPRESENTATION_CONTEXT(2) 
PARAMETRIC_REPRESENTATION_CONTEXT() REPRESENTATION_CONTEXT('2D SPACE',''
  ) );
#2950 = PCURVE('',#2841,#2951);
#2951 = DEFINITIONAL_REPRESENTATION('',(#2952),#2956);
#2952 = LINE('',#2953,#2954);
#2953 = CARTESIAN_POINT('',(0.,0.64));
#2954 = VECTOR('',#2955,1.);
#2955 = DIRECTION('',(1.,0.));
#2956 = ( GEOMETRIC_REPRESENTATION_CONTEXT(2) 
PARAMETRIC_REPRESENTATION_CONTEXT() REPRESENTATION_CONTEXT('2D SPACE',''
  ) );
#2957 = ORIENTED_EDGE('',*,*,#2958,.F.);
#2958 = EDGE_CURVE('',#2885,#2936,#2959,.T.);
#2959 = SURFACE_CURVE('',#2960,(#2964,#2971),.PCURVE_S1.);
#2960 = LINE('',#2961,#2962);
#2961 = CARTESIAN_POINT('',(-0.95,-4.13,4.));
#2962 = VECTOR('',#2963,1.);
#2963 = DIRECTION('',(0.,1.,0.));
#2964 = PCURVE('',#2893,#2965);
#2965 = DEFINITIONAL_REPRESENTATION('',(#2966),#2970);
#2966 = LINE('',#2967,#2968);
#2967 = CARTESIAN_POINT('',(7.,0.));
#2968 = VECTOR('',#2969,1.);
#2969 = DIRECTION('',(0.,-1.));
#2970 = ( GEOMETRIC_REPRESENTATION_CONTEXT(2) 
PARAMETRIC_REPRESENTATION_CONTEXT() REPRESENTATION_CONTEXT('2D SPACE',''
  ) );
#2971 = PCURVE('',#2867,#2972);
#2972 = DEFINITIONAL_REPRESENTATION('',(#2973),#2977);
#2973 = LINE('',#2974,#2975);
#2974 = CARTESIAN_POINT('',(0.64,0.));
#2975 = VECTOR('',#2976,1.);
#2976 = DIRECTION('',(0.,1.));
#2977 = ( GEOMETRIC_REPRESENTATION_CONTEXT(2) 
PARAMETRIC_REPRESENTATION_CONTEXT() REPRESENTATION_CONTEXT('2D SPACE',''
  ) );
#2978 = ADVANCED_FACE('',(#2979),#2785,.F.);
#2979 = FACE_BOUND('',#2980,.F.);
#2980 = EDGE_LOOP('',(#2981,#3002,#3003,#3024));
#2981 = ORIENTED_EDGE('',*,*,#2982,.F.);
#2982 = EDGE_CURVE('',#2763,#2883,#2983,.T.);
#2983 = SURFACE_CURVE('',#2984,(#2988,#2995),.PCURVE_S1.);
#2984 = LINE('',#2985,#2986);
#2985 = CARTESIAN_POINT('',(-1.59,-4.13,-3.));
#2986 = VECTOR('',#2987,1.);
#2987 = DIRECTION('',(1.,0.,0.));
#2988 = PCURVE('',#2785,#2989);
#2989 = DEFINITIONAL_REPRESENTATION('',(#2990),#2994);
#2990 = LINE('',#2991,#2992);
#2991 = CARTESIAN_POINT('',(0.,0.));
#2992 = VECTOR('',#2993,1.);
#2993 = DIRECTION('',(0.,1.));
#2994 = ( GEOMETRIC_REPRESENTATION_CONTEXT(2) 
PARAMETRIC_REPRESENTATION_CONTEXT() REPRESENTATION_CONTEXT('2D SPACE',''
  ) );
#2995 = PCURVE('',#2813,#2996);
#2996 = DEFINITIONAL_REPRESENTATION('',(#2997),#3001);
#2997 = LINE('',#2998,#2999);
#2998 = CARTESIAN_POINT('',(0.,0.));
#2999 = VECTOR('',#3000,1.);
#3000 = DIRECTION('',(1.,0.));
#3001 = ( GEOMETRIC_REPRESENTATION_CONTEXT(2) 
PARAMETRIC_REPRESENTATION_CONTEXT() REPRESENTATION_CONTEXT('2D SPACE',''
  ) );
#3002 = ORIENTED_EDGE('',*,*,#2762,.T.);
#3003 = ORIENTED_EDGE('',*,*,#3004,.T.);
#3004 = EDGE_CURVE('',#2765,#2885,#3005,.T.);
#3005 = SURFACE_CURVE('',#3006,(#3010,#3017),.PCURVE_S1.);
#3006 = LINE('',#3007,#3008);
#3007 = CARTESIAN_POINT('',(-1.59,-4.13,4.));
#3008 = VECTOR('',#3009,1.);
#3009 = DIRECTION('',(1.,0.,0.));
#3010 = PCURVE('',#2785,#3011);
#3011 = DEFINITIONAL_REPRESENTATION('',(#3012),#3016);
#3012 = LINE('',#3013,#3014);
#3013 = CARTESIAN_POINT('',(7.,0.));
#3014 = VECTOR('',#3015,1.);
#3015 = DIRECTION('',(0.,1.));
#3016 = ( GEOMETRIC_REPRESENTATION_CONTEXT(2) 
PARAMETRIC_REPRESENTATION_CONTEXT() REPRESENTATION_CONTEXT('2D SPACE',''
  ) );
#3017 = PCURVE('',#2867,#3018);
#3018 = DEFINITIONAL_REPRESENTATION('',(#3019),#3023);
#3019 = LINE('',#3020,#3021);
#3020 = CARTESIAN_POINT('',(0.,0.));
#3021 = VECTOR('',#3022,1.);
#3022 = DIRECTION('',(1.,0.));
#3023 = ( GEOMETRIC_REPRESENTATION_CONTEXT(2) 
PARAMETRIC_REPRESENTATION_CONTEXT() REPRESENTATION_CONTEXT('2D SPACE',''
  ) );
#3024 = ORIENTED_EDGE('',*,*,#2882,.F.);
#3025 = ADVANCED_FACE('',(#3026),#2841,.T.);
#3026 = FACE_BOUND('',#3027,.T.);
#3027 = EDGE_LOOP('',(#3028,#3049,#3050,#3071));
#3028 = ORIENTED_EDGE('',*,*,#3029,.F.);
#3029 = EDGE_CURVE('',#2798,#2913,#3030,.T.);
#3030 = SURFACE_CURVE('',#3031,(#3035,#3042),.PCURVE_S1.);
#3031 = LINE('',#3032,#3033);
#3032 = CARTESIAN_POINT('',(-1.59,-3.49,-3.));
#3033 = VECTOR('',#3034,1.);
#3034 = DIRECTION('',(1.,0.,0.));
#3035 = PCURVE('',#2841,#3036);
#3036 = DEFINITIONAL_REPRESENTATION('',(#3037),#3041);
#3037 = LINE('',#3038,#3039);
#3038 = CARTESIAN_POINT('',(0.,0.));
#3039 = VECTOR('',#3040,1.);
#3040 = DIRECTION('',(0.,1.));
#3041 = ( GEOMETRIC_REPRESENTATION_CONTEXT(2) 
PARAMETRIC_REPRESENTATION_CONTEXT() REPRESENTATION_CONTEXT('2D SPACE',''
  ) );
#3042 = PCURVE('',#2813,#3043);
#3043 = DEFINITIONAL_REPRESENTATION('',(#3044),#3048);
#3044 = LINE('',#3045,#3046);
#3045 = CARTESIAN_POINT('',(0.,0.64));
#3046 = VECTOR('',#3047,1.);
#3047 = DIRECTION('',(1.,0.));
#3048 = ( GEOMETRIC_REPRESENTATION_CONTEXT(2) 
PARAMETRIC_REPRESENTATION_CONTEXT() REPRESENTATION_CONTEXT('2D SPACE',''
  ) );
#3049 = ORIENTED_EDGE('',*,*,#2825,.T.);
#3050 = ORIENTED_EDGE('',*,*,#3051,.T.);
#3051 = EDGE_CURVE('',#2826,#2936,#3052,.T.);
#3052 = SURFACE_CURVE('',#3053,(#3057,#3064),.PCURVE_S1.);
#3053 = LINE('',#3054,#3055);
#3054 = CARTESIAN_POINT('',(-1.59,-3.49,4.));
#3055 = VECTOR('',#3056,1.);
#3056 = DIRECTION('',(1.,0.,0.));
#3057 = PCURVE('',#2841,#3058);
#3058 = DEFINITIONAL_REPRESENTATION('',(#3059),#3063);
#3059 = LINE('',#3060,#3061);
#3060 = CARTESIAN_POINT('',(7.,0.));
#3061 = VECTOR('',#3062,1.);
#3062 = DIRECTION('',(0.,1.));
#3063 = ( GEOMETRIC_REPRESENTATION_CONTEXT(2) 
PARAMETRIC_REPRESENTATION_CONTEXT() REPRESENTATION_CONTEXT('2D SPACE',''
  ) );
#3064 = PCURVE('',#2867,#3065);
#3065 = DEFINITIONAL_REPRESENTATION('',(#3066),#3070);
#3066 = LINE('',#3067,#3068);
#3067 = CARTESIAN_POINT('',(0.,0.64));
#3068 = VECTOR('',#3069,1.);
#3069 = DIRECTION('',(1.,0.));
#3070 = ( GEOMETRIC_REPRESENTATION_CONTEXT(2) 
PARAMETRIC_REPRESENTATION_CONTEXT() REPRESENTATION_CONTEXT('2D SPACE',''
  ) );
#3071 = ORIENTED_EDGE('',*,*,#2935,.F.);
#3072 = ADVANCED_FACE('',(#3073),#2813,.F.);
#3073 = FACE_BOUND('',#3074,.F.);
#3074 = EDGE_LOOP('',(#3075,#3076,#3077,#3078));
#3075 = ORIENTED_EDGE('',*,*,#2797,.F.);
#3076 = ORIENTED_EDGE('',*,*,#2982,.T.);
#3077 = ORIENTED_EDGE('',*,*,#2912,.T.);
#3078 = ORIENTED_EDGE('',*,*,#3029,.F.);
#3079 = ADVANCED_FACE('',(#3080),#2867,.T.);
#3080 = FACE_BOUND('',#3081,.T.);
#3081 = EDGE_LOOP('',(#3082,#3083,#3084,#3085));
#3082 = ORIENTED_EDGE('',*,*,#2853,.F.);
#3083 = ORIENTED_EDGE('',*,*,#3004,.T.);
#3084 = ORIENTED_EDGE('',*,*,#2958,.T.);
#3085 = ORIENTED_EDGE('',*,*,#3051,.F.);
#3086 = ( GEOMETRIC_REPRESENTATION_CONTEXT(3) 
GLOBAL_UNCERTAINTY_ASSIGNED_CONTEXT((#3090)) 
GLOBAL_UNIT_ASSIGNED_CONTEXT((#3087,#3088,#3089)) REPRESENTATION_CONTEXT
('Context #1','3D Context with UNIT and UNCERTAINTY') );
#3087 = ( LENGTH_UNIT() NAMED_UNIT(*) SI_UNIT(.MILLI.,.METRE.) );
#3088 = ( NAMED_UNIT(*) PLANE_ANGLE_UNIT() SI_UNIT($,.RADIAN.) );
#3089 = ( NAMED_UNIT(*) SI_UNIT($,.STERADIAN.) SOLID_ANGLE_UNIT() );
#3090 = UNCERTAINTY_MEASURE_WITH_UNIT(LENGTH_MEASURE(1.E-07),#3087,
  'distance_accuracy_value','confusion accuracy');
#3091 = CONTEXT_DEPENDENT_SHAPE_REPRESENTATION(#3092,#3094);
#3092 = ( REPRESENTATION_RELATIONSHIP('','',#2755,#10) 
REPRESENTATION_RELATIONSHIP_WITH_TRANSFORMATION(#3093) 
SHAPE_REPRESENTATION_RELATIONSHIP() );
#3093 = ITEM_DEFINED_TRANSFORMATION('','',#11,#43);
#3094 = PRODUCT_DEFINITION_SHAPE('Placement','Placement of an item',
  #3095);
#3095 = NEXT_ASSEMBLY_USAGE_OCCURRENCE('8','Header pin 0 -1.27','',#5,
  #2750,$);
#3096 = PRODUCT_RELATED_PRODUCT_CATEGORY('part',$,(#2752));
#3097 = SHAPE_DEFINITION_REPRESENTATION(#3098,#3104);
#3098 = PRODUCT_DEFINITION_SHAPE('','',#3099);
#3099 = PRODUCT_DEFINITION('design','',#3100,#3103);
#3100 = PRODUCT_DEFINITION_FORMATION('','',#3101);
#3101 = PRODUCT('Header body 0 -1.27','Header body 0 -1.27','',(#3102));
#3102 = PRODUCT_CONTEXT('',#2,'mechanical');
#3103 = PRODUCT_DEFINITION_CONTEXT('part definition',#2,'design');
#3104 = ADVANCED_BREP_SHAPE_REPRESENTATION('',(#11,#3105),#3435);
#3105 = MANIFOLD_SOLID_BREP('',#3106);
#3106 = CLOSED_SHELL('',(#3107,#3227,#3327,#3374,#3421,#3428));
#3107 = ADVANCED_FACE('',(#3108),#3122,.F.);
#3108 = FACE_BOUND('',#3109,.F.);
#3109 = EDGE_LOOP('',(#3110,#3145,#3173,#3201));
#3110 = ORIENTED_EDGE('',*,*,#3111,.F.);
#3111 = EDGE_CURVE('',#3112,#3114,#3116,.T.);
#3112 = VERTEX_POINT('',#3113);
#3113 = CARTESIAN_POINT('',(-2.495,-5.035,1.));
#3114 = VERTEX_POINT('',#3115);
#3115 = CARTESIAN_POINT('',(-2.495,-5.035,3.5));
#3116 = SURFACE_CURVE('',#3117,(#3121,#3133),.PCURVE_S1.);
#3117 = LINE('',#3118,#3119);
#3118 = CARTESIAN_POINT('',(-2.495,-5.035,1.));
#3119 = VECTOR('',#3120,1.);
#3120 = DIRECTION('',(0.,0.,1.));
#3121 = PCURVE('',#3122,#3127);
#3122 = PLANE('',#3123);
#3123 = AXIS2_PLACEMENT_3D('',#3124,#3125,#3126);
#3124 = CARTESIAN_POINT('',(-2.495,-5.035,1.));
#3125 = DIRECTION('',(1.,0.,0.));
#3126 = DIRECTION('',(0.,0.,1.));
#3127 = DEFINITIONAL_REPRESENTATION('',(#3128),#3132);
#3128 = LINE('',#3129,#3130);
#3129 = CARTESIAN_POINT('',(0.,0.));
#3130 = VECTOR('',#3131,1.);
#3131 = DIRECTION('',(1.,0.));
#3132 = ( GEOMETRIC_REPRESENTATION_CONTEXT(2) 
PARAMETRIC_REPRESENTATION_CONTEXT() REPRESENTATION_CONTEXT('2D SPACE',''
  ) );
#3133 = PCURVE('',#3134,#3139);
#3134 = PLANE('',#3135);
#3135 = AXIS2_PLACEMENT_3D('',#3136,#3137,#3138);
#3136 = CARTESIAN_POINT('',(-2.495,-5.035,1.));
#3137 = DIRECTION('',(0.,1.,0.));
#3138 = DIRECTION('',(0.,0.,1.));
#3139 = DEFINITIONAL_REPRESENTATION('',(#3140),#3144);
#3140 = LINE('',#3141,#3142);
#3141 = CARTESIAN_POINT('',(0.,0.));
#3142 = VECTOR('',#3143,1.);
#3143 = DIRECTION('',(1.,0.));
#3144 = ( GEOMETRIC_REPRESENTATION_CONTEXT(2) 
PARAMETRIC_REPRESENTATION_CONTEXT() REPRESENTATION_CONTEXT('2D SPACE',''
  ) );
#3145 = ORIENTED_EDGE('',*,*,#3146,.T.);
#3146 = EDGE_CURVE('',#3112,#3147,#3149,.T.);
#3147 = VERTEX_POINT('',#3148);
#3148 = CARTESIAN_POINT('',(-2.495,-2.585,1.));
#3149 = SURFACE_CURVE('',#3150,(#3154,#3161),.PCURVE_S1.);
#3150 = LINE('',#3151,#3152);
#3151 = CARTESIAN_POINT('',(-2.495,-5.035,1.));
#3152 = VECTOR('',#3153,1.);
#3153 = DIRECTION('',(0.,1.,0.));
#3154 = PCURVE('',#3122,#3155);
#3155 = DEFINITIONAL_REPRESENTATION('',(#3156),#3160);
#3156 = LINE('',#3157,#3158);
#3157 = CARTESIAN_POINT('',(0.,0.));
#3158 = VECTOR('',#3159,1.);
#3159 = DIRECTION('',(0.,-1.));
#3160 = ( GEOMETRIC_REPRESENTATION_CONTEXT(2) 
PARAMETRIC_REPRESENTATION_CONTEXT() REPRESENTATION_CONTEXT('2D SPACE',''
  ) );
#3161 = PCURVE('',#3162,#3167);
#3162 = PLANE('',#3163);
#3163 = AXIS2_PLACEMENT_3D('',#3164,#3165,#3166);
#3164 = CARTESIAN_POINT('',(-2.495,-5.035,1.));
#3165 = DIRECTION('',(0.,0.,1.));
#3166 = DIRECTION('',(1.,0.,0.));
#3167 = DEFINITIONAL_REPRESENTATION('',(#3168),#3172);
#3168 = LINE('',#3169,#3170);
#3169 = CARTESIAN_POINT('',(0.,0.));
#3170 = VECTOR('',#3171,1.);
#3171 = DIRECTION('',(0.,1.));
#3172 = ( GEOMETRIC_REPRESENTATION_CONTEXT(2) 
PARAMETRIC_REPRESENTATION_CONTEXT() REPRESENTATION_CONTEXT('2D SPACE',''
  ) );
#3173 = ORIENTED_EDGE('',*,*,#3174,.T.);
#3174 = EDGE_CURVE('',#3147,#3175,#3177,.T.);
#3175 = VERTEX_POINT('',#3176);
#3176 = CARTESIAN_POINT('',(-2.495,-2.585,3.5));
#3177 = SURFACE_CURVE('',#3178,(#3182,#3189),.PCURVE_S1.);
#3178 = LINE('',#3179,#3180);
#3179 = CARTESIAN_POINT('',(-2.495,-2.585,1.));
#3180 = VECTOR('',#3181,1.);
#3181 = DIRECTION('',(0.,0.,1.));
#3182 = PCURVE('',#3122,#3183);
#3183 = DEFINITIONAL_REPRESENTATION('',(#3184),#3188);
#3184 = LINE('',#3185,#3186);
#3185 = CARTESIAN_POINT('',(0.,-2.45));
#3186 = VECTOR('',#3187,1.);
#3187 = DIRECTION('',(1.,0.));
#3188 = ( GEOMETRIC_REPRESENTATION_CONTEXT(2) 
PARAMETRIC_REPRESENTATION_CONTEXT() REPRESENTATION_CONTEXT('2D SPACE',''
  ) );
#3189 = PCURVE('',#3190,#3195);
#3190 = PLANE('',#3191);
#3191 = AXIS2_PLACEMENT_3D('',#3192,#3193,#3194);
#3192 = CARTESIAN_POINT('',(-2.495,-2.585,1.));
#3193 = DIRECTION('',(0.,1.,0.));
#3194 = DIRECTION('',(0.,0.,1.));
#3195 = DEFINITIONAL_REPRESENTATION('',(#3196),#3200);
#3196 = LINE('',#3197,#3198);
#3197 = CARTESIAN_POINT('',(0.,0.));
#3198 = VECTOR('',#3199,1.);
#3199 = DIRECTION('',(1.,0.));
#3200 = ( GEOMETRIC_REPRESENTATION_CONTEXT(2) 
PARAMETRIC_REPRESENTATION_CONTEXT() REPRESENTATION_CONTEXT('2D SPACE',''
  ) );
#3201 = ORIENTED_EDGE('',*,*,#3202,.F.);
#3202 = EDGE_CURVE('',#3114,#3175,#3203,.T.);
#3203 = SURFACE_CURVE('',#3204,(#3208,#3215),.PCURVE_S1.);
#3204 = LINE('',#3205,#3206);
#3205 = CARTESIAN_POINT('',(-2.495,-5.035,3.5));
#3206 = VECTOR('',#3207,1.);
#3207 = DIRECTION('',(0.,1.,0.));
#3208 = PCURVE('',#3122,#3209);
#3209 = DEFINITIONAL_REPRESENTATION('',(#3210),#3214);
#3210 = LINE('',#3211,#3212);
#3211 = CARTESIAN_POINT('',(2.5,0.));
#3212 = VECTOR('',#3213,1.);
#3213 = DIRECTION('',(0.,-1.));
#3214 = ( GEOMETRIC_REPRESENTATION_CONTEXT(2) 
PARAMETRIC_REPRESENTATION_CONTEXT() REPRESENTATION_CONTEXT('2D SPACE',''
  ) );
#3215 = PCURVE('',#3216,#3221);
#3216 = PLANE('',#3217);
#3217 = AXIS2_PLACEMENT_3D('',#3218,#3219,#3220);
#3218 = CARTESIAN_POINT('',(-2.495,-5.035,3.5));
#3219 = DIRECTION('',(0.,0.,1.));
#3220 = DIRECTION('',(1.,0.,0.));
#3221 = DEFINITIONAL_REPRESENTATION('',(#3222),#3226);
#3222 = LINE('',#3223,#3224);
#3223 = CARTESIAN_POINT('',(0.,0.));
#3224 = VECTOR('',#3225,1.);
#3225 = DIRECTION('',(0.,1.));
#3226 = ( GEOMETRIC_REPRESENTATION_CONTEXT(2) 
PARAMETRIC_REPRESENTATION_CONTEXT() REPRESENTATION_CONTEXT('2D SPACE',''
  ) );
#3227 = ADVANCED_FACE('',(#3228),#3242,.T.);
#3228 = FACE_BOUND('',#3229,.T.);
#3229 = EDGE_LOOP('',(#3230,#3260,#3283,#3306));
#3230 = ORIENTED_EDGE('',*,*,#3231,.F.);
#3231 = EDGE_CURVE('',#3232,#3234,#3236,.T.);
#3232 = VERTEX_POINT('',#3233);
#3233 = CARTESIAN_POINT('',(-4.5E-02,-5.035,1.));
#3234 = VERTEX_POINT('',#3235);
#3235 = CARTESIAN_POINT('',(-4.5E-02,-5.035,3.5));
#3236 = SURFACE_CURVE('',#3237,(#3241,#3253),.PCURVE_S1.);
#3237 = LINE('',#3238,#3239);
#3238 = CARTESIAN_POINT('',(-4.5E-02,-5.035,1.));
#3239 = VECTOR('',#3240,1.);
#3240 = DIRECTION('',(0.,0.,1.));
#3241 = PCURVE('',#3242,#3247);
#3242 = PLANE('',#3243);
#3243 = AXIS2_PLACEMENT_3D('',#3244,#3245,#3246);
#3244 = CARTESIAN_POINT('',(-4.5E-02,-5.035,1.));
#3245 = DIRECTION('',(1.,0.,0.));
#3246 = DIRECTION('',(0.,0.,1.));
#3247 = DEFINITIONAL_REPRESENTATION('',(#3248),#3252);
#3248 = LINE('',#3249,#3250);
#3249 = CARTESIAN_POINT('',(0.,0.));
#3250 = VECTOR('',#3251,1.);
#3251 = DIRECTION('',(1.,0.));
#3252 = ( GEOMETRIC_REPRESENTATION_CONTEXT(2) 
PARAMETRIC_REPRESENTATION_CONTEXT() REPRESENTATION_CONTEXT('2D SPACE',''
  ) );
#3253 = PCURVE('',#3134,#3254);
#3254 = DEFINITIONAL_REPRESENTATION('',(#3255),#3259);
#3255 = LINE('',#3256,#3257);
#3256 = CARTESIAN_POINT('',(0.,2.45));
#3257 = VECTOR('',#3258,1.);
#3258 = DIRECTION('',(1.,0.));
#3259 = ( GEOMETRIC_REPRESENTATION_CONTEXT(2) 
PARAMETRIC_REPRESENTATION_CONTEXT() REPRESENTATION_CONTEXT('2D SPACE',''
  ) );
#3260 = ORIENTED_EDGE('',*,*,#3261,.T.);
#3261 = EDGE_CURVE('',#3232,#3262,#3264,.T.);
#3262 = VERTEX_POINT('',#3263);
#3263 = CARTESIAN_POINT('',(-4.5E-02,-2.585,1.));
#3264 = SURFACE_CURVE('',#3265,(#3269,#3276),.PCURVE_S1.);
#3265 = LINE('',#3266,#3267);
#3266 = CARTESIAN_POINT('',(-4.5E-02,-5.035,1.));
#3267 = VECTOR('',#3268,1.);
#3268 = DIRECTION('',(0.,1.,0.));
#3269 = PCURVE('',#3242,#3270);
#3270 = DEFINITIONAL_REPRESENTATION('',(#3271),#3275);
#3271 = LINE('',#3272,#3273);
#3272 = CARTESIAN_POINT('',(0.,0.));
#3273 = VECTOR('',#3274,1.);
#3274 = DIRECTION('',(0.,-1.));
#3275 = ( GEOMETRIC_REPRESENTATION_CONTEXT(2) 
PARAMETRIC_REPRESENTATION_CONTEXT() REPRESENTATION_CONTEXT('2D SPACE',''
  ) );
#3276 = PCURVE('',#3162,#3277);
#3277 = DEFINITIONAL_REPRESENTATION('',(#3278),#3282);
#3278 = LINE('',#3279,#3280);
#3279 = CARTESIAN_POINT('',(2.45,0.));
#3280 = VECTOR('',#3281,1.);
#3281 = DIRECTION('',(0.,1.));
#3282 = ( GEOMETRIC_REPRESENTATION_CONTEXT(2) 
PARAMETRIC_REPRESENTATION_CONTEXT() REPRESENTATION_CONTEXT('2D SPACE',''
  ) );
#3283 = ORIENTED_EDGE('',*,*,#3284,.T.);
#3284 = EDGE_CURVE('',#3262,#3285,#3287,.T.);
#3285 = VERTEX_POINT('',#3286);
#3286 = CARTESIAN_POINT('',(-4.5E-02,-2.585,3.5));
#3287 = SURFACE_CURVE('',#3288,(#3292,#3299),.PCURVE_S1.);
#3288 = LINE('',#3289,#3290);
#3289 = CARTESIAN_POINT('',(-4.5E-02,-2.585,1.));
#3290 = VECTOR('',#3291,1.);
#3291 = DIRECTION('',(0.,0.,1.));
#3292 = PCURVE('',#3242,#3293);
#3293 = DEFINITIONAL_REPRESENTATION('',(#3294),#3298);
#3294 = LINE('',#3295,#3296);
#3295 = CARTESIAN_POINT('',(0.,-2.45));
#3296 = VECTOR('',#3297,1.);
#3297 = DIRECTION('',(1.,0.));
#3298 = ( GEOMETRIC_REPRESENTATION_CONTEXT(2) 
PARAMETRIC_REPRESENTATION_CONTEXT() REPRESENTATION_CONTEXT('2D SPACE',''
  ) );
#3299 = PCURVE('',#3190,#3300);
#3300 = DEFINITIONAL_REPRESENTATION('',(#3301),#3305);
#3301 = LINE('',#3302,#3303);
#3302 = CARTESIAN_POINT('',(0.,2.45));
#3303 = VECTOR('',#3304,1.);
#3304 = DIRECTION('',(1.,0.));
#3305 = ( GEOMETRIC_REPRESENTATION_CONTEXT(2) 
PARAMETRIC_REPRESENTATION_CONTEXT() REPRESENTATION_CONTEXT('2D SPACE',''
  ) );
#3306 = ORIENTED_EDGE('',*,*,#3307,.F.);
#3307 = EDGE_CURVE('',#3234,#3285,#3308,.T.);
#3308 = SURFACE_CURVE('',#3309,(#3313,#3320),.PCURVE_S1.);
#3309 = LINE('',#3310,#3311);
#3310 = CARTESIAN_POINT('',(-4.5E-02,-5.035,3.5));
#3311 = VECTOR('',#3312,1.);
#3312 = DIRECTION('',(0.,1.,0.));
#3313 = PCURVE('',#3242,#3314);
#3314 = DEFINITIONAL_REPRESENTATION('',(#3315),#3319);
#3315 = LINE('',#3316,#3317);
#3316 = CARTESIAN_POINT('',(2.5,0.));
#3317 = VECTOR('',#3318,1.);
#3318 = DIRECTION('',(0.,-1.));
#3319 = ( GEOMETRIC_REPRESENTATION_CONTEXT(2) 
PARAMETRIC_REPRESENTATION_CONTEXT() REPRESENTATION_CONTEXT('2D SPACE',''
  ) );
#3320 = PCURVE('',#3216,#3321);
#3321 = DEFINITIONAL_REPRESENTATION('',(#3322),#3326);
#3322 = LINE('',#3323,#3324);
#3323 = CARTESIAN_POINT('',(2.45,0.));
#3324 = VECTOR('',#3325,1.);
#3325 = DIRECTION('',(0.,1.));
#3326 = ( GEOMETRIC_REPRESENTATION_CONTEXT(2) 
PARAMETRIC_REPRESENTATION_CONTEXT() REPRESENTATION_CONTEXT('2D SPACE',''
  ) );
#3327 = ADVANCED_FACE('',(#3328),#3134,.F.);
#3328 = FACE_BOUND('',#3329,.F.);
#3329 = EDGE_LOOP('',(#3330,#3351,#3352,#3373));
#3330 = ORIENTED_EDGE('',*,*,#3331,.F.);
#3331 = EDGE_CURVE('',#3112,#3232,#3332,.T.);
#3332 = SURFACE_CURVE('',#3333,(#3337,#3344),.PCURVE_S1.);
#3333 = LINE('',#3334,#3335);
#3334 = CARTESIAN_POINT('',(-2.495,-5.035,1.));
#3335 = VECTOR('',#3336,1.);
#3336 = DIRECTION('',(1.,0.,0.));
#3337 = PCURVE('',#3134,#3338);
#3338 = DEFINITIONAL_REPRESENTATION('',(#3339),#3343);
#3339 = LINE('',#3340,#3341);
#3340 = CARTESIAN_POINT('',(0.,0.));
#3341 = VECTOR('',#3342,1.);
#3342 = DIRECTION('',(0.,1.));
#3343 = ( GEOMETRIC_REPRESENTATION_CONTEXT(2) 
PARAMETRIC_REPRESENTATION_CONTEXT() REPRESENTATION_CONTEXT('2D SPACE',''
  ) );
#3344 = PCURVE('',#3162,#3345);
#3345 = DEFINITIONAL_REPRESENTATION('',(#3346),#3350);
#3346 = LINE('',#3347,#3348);
#3347 = CARTESIAN_POINT('',(0.,0.));
#3348 = VECTOR('',#3349,1.);
#3349 = DIRECTION('',(1.,0.));
#3350 = ( GEOMETRIC_REPRESENTATION_CONTEXT(2) 
PARAMETRIC_REPRESENTATION_CONTEXT() REPRESENTATION_CONTEXT('2D SPACE',''
  ) );
#3351 = ORIENTED_EDGE('',*,*,#3111,.T.);
#3352 = ORIENTED_EDGE('',*,*,#3353,.T.);
#3353 = EDGE_CURVE('',#3114,#3234,#3354,.T.);
#3354 = SURFACE_CURVE('',#3355,(#3359,#3366),.PCURVE_S1.);
#3355 = LINE('',#3356,#3357);
#3356 = CARTESIAN_POINT('',(-2.495,-5.035,3.5));
#3357 = VECTOR('',#3358,1.);
#3358 = DIRECTION('',(1.,0.,0.));
#3359 = PCURVE('',#3134,#3360);
#3360 = DEFINITIONAL_REPRESENTATION('',(#3361),#3365);
#3361 = LINE('',#3362,#3363);
#3362 = CARTESIAN_POINT('',(2.5,0.));
#3363 = VECTOR('',#3364,1.);
#3364 = DIRECTION('',(0.,1.));
#3365 = ( GEOMETRIC_REPRESENTATION_CONTEXT(2) 
PARAMETRIC_REPRESENTATION_CONTEXT() REPRESENTATION_CONTEXT('2D SPACE',''
  ) );
#3366 = PCURVE('',#3216,#3367);
#3367 = DEFINITIONAL_REPRESENTATION('',(#3368),#3372);
#3368 = LINE('',#3369,#3370);
#3369 = CARTESIAN_POINT('',(0.,0.));
#3370 = VECTOR('',#3371,1.);
#3371 = DIRECTION('',(1.,0.));
#3372 = ( GEOMETRIC_REPRESENTATION_CONTEXT(2) 
PARAMETRIC_REPRESENTATION_CONTEXT() REPRESENTATION_CONTEXT('2D SPACE',''
  ) );
#3373 = ORIENTED_EDGE('',*,*,#3231,.F.);
#3374 = ADVANCED_FACE('',(#3375),#3190,.T.);
#3375 = FACE_BOUND('',#3376,.T.);
#3376 = EDGE_LOOP('',(#3377,#3398,#3399,#3420));
#3377 = ORIENTED_EDGE('',*,*,#3378,.F.);
#3378 = EDGE_CURVE('',#3147,#3262,#3379,.T.);
#3379 = SURFACE_CURVE('',#3380,(#3384,#3391),.PCURVE_S1.);
#3380 = LINE('',#3381,#3382);
#3381 = CARTESIAN_POINT('',(-2.495,-2.585,1.));
#3382 = VECTOR('',#3383,1.);
#3383 = DIRECTION('',(1.,0.,0.));
#3384 = PCURVE('',#3190,#3385);
#3385 = DEFINITIONAL_REPRESENTATION('',(#3386),#3390);
#3386 = LINE('',#3387,#3388);
#3387 = CARTESIAN_POINT('',(0.,0.));
#3388 = VECTOR('',#3389,1.);
#3389 = DIRECTION('',(0.,1.));
#3390 = ( GEOMETRIC_REPRESENTATION_CONTEXT(2) 
PARAMETRIC_REPRESENTATION_CONTEXT() REPRESENTATION_CONTEXT('2D SPACE',''
  ) );
#3391 = PCURVE('',#3162,#3392);
#3392 = DEFINITIONAL_REPRESENTATION('',(#3393),#3397);
#3393 = LINE('',#3394,#3395);
#3394 = CARTESIAN_POINT('',(0.,2.45));
#3395 = VECTOR('',#3396,1.);
#3396 = DIRECTION('',(1.,0.));
#3397 = ( GEOMETRIC_REPRESENTATION_CONTEXT(2) 
PARAMETRIC_REPRESENTATION_CONTEXT() REPRESENTATION_CONTEXT('2D SPACE',''
  ) );
#3398 = ORIENTED_EDGE('',*,*,#3174,.T.);
#3399 = ORIENTED_EDGE('',*,*,#3400,.T.);
#3400 = EDGE_CURVE('',#3175,#3285,#3401,.T.);
#3401 = SURFACE_CURVE('',#3402,(#3406,#3413),.PCURVE_S1.);
#3402 = LINE('',#3403,#3404);
#3403 = CARTESIAN_POINT('',(-2.495,-2.585,3.5));
#3404 = VECTOR('',#3405,1.);
#3405 = DIRECTION('',(1.,0.,0.));
#3406 = PCURVE('',#3190,#3407);
#3407 = DEFINITIONAL_REPRESENTATION('',(#3408),#3412);
#3408 = LINE('',#3409,#3410);
#3409 = CARTESIAN_POINT('',(2.5,0.));
#3410 = VECTOR('',#3411,1.);
#3411 = DIRECTION('',(0.,1.));
#3412 = ( GEOMETRIC_REPRESENTATION_CONTEXT(2) 
PARAMETRIC_REPRESENTATION_CONTEXT() REPRESENTATION_CONTEXT('2D SPACE',''
  ) );
#3413 = PCURVE('',#3216,#3414);
#3414 = DEFINITIONAL_REPRESENTATION('',(#3415),#3419);
#3415 = LINE('',#3416,#3417);
#3416 = CARTESIAN_POINT('',(0.,2.45));
#3417 = VECTOR('',#3418,1.);
#3418 = DIRECTION('',(1.,0.));
#3419 = ( GEOMETRIC_REPRESENTATION_CONTEXT(2) 
PARAMETRIC_REPRESENTATION_CONTEXT() REPRESENTATION_CONTEXT('2D SPACE',''
  ) );
#3420 = ORIENTED_EDGE('',*,*,#3284,.F.);
#3421 = ADVANCED_FACE('',(#3422),#3162,.F.);
#3422 = FACE_BOUND('',#3423,.F.);
#3423 = EDGE_LOOP('',(#3424,#3425,#3426,#3427));
#3424 = ORIENTED_EDGE('',*,*,#3146,.F.);
#3425 = ORIENTED_EDGE('',*,*,#3331,.T.);
#3426 = ORIENTED_EDGE('',*,*,#3261,.T.);
#3427 = ORIENTED_EDGE('',*,*,#3378,.F.);
#3428 = ADVANCED_FACE('',(#3429),#3216,.T.);
#3429 = FACE_BOUND('',#3430,.T.);
#3430 = EDGE_LOOP('',(#3431,#3432,#3433,#3434));
#3431 = ORIENTED_EDGE('',*,*,#3202,.F.);
#3432 = ORIENTED_EDGE('',*,*,#3353,.T.);
#3433 = ORIENTED_EDGE('',*,*,#3307,.T.);
#3434 = ORIENTED_EDGE('',*,*,#3400,.F.);
#3435 = ( GEOMETRIC_REPRESENTATION_CONTEXT(3) 
GLOBAL_UNCERTAINTY_ASSIGNED_CONTEXT((#3439)) 
GLOBAL_UNIT_ASSIGNED_CONTEXT((#3436,#3437,#3438)) REPRESENTATION_CONTEXT
('Context #1','3D Context with UNIT and UNCERTAINTY') );
#3436 = ( LENGTH_UNIT() NAMED_UNIT(*) SI_UNIT(.MILLI.,.METRE.) );
#3437 = ( NAMED_UNIT(*) PLANE_ANGLE_UNIT() SI_UNIT($,.RADIAN.) );
#3438 = ( NAMED_UNIT(*) SI_UNIT($,.STERADIAN.) SOLID_ANGLE_UNIT() );
#3439 = UNCERTAINTY_MEASURE_WITH_UNIT(LENGTH_MEASURE(1.E-07),#3436,
  'distance_accuracy_value','confusion accuracy');
#3440 = CONTEXT_DEPENDENT_SHAPE_REPRESENTATION(#3441,#3443);
#3441 = ( REPRESENTATION_RELATIONSHIP('','',#3104,#10) 
REPRESENTATION_RELATIONSHIP_WITH_TRANSFORMATION(#3442) 
SHAPE_REPRESENTATION_RELATIONSHIP() );
#3442 = ITEM_DEFINED_TRANSFORMATION('','',#11,#47);
#3443 = PRODUCT_DEFINITION_SHAPE('Placement','Placement of an item',
  #3444);
#3444 = NEXT_ASSEMBLY_USAGE_OCCURRENCE('9','Header body 0 -1.27','',#5,
  #3099,$);
#3445 = PRODUCT_RELATED_PRODUCT_CATEGORY('part',$,(#3101));
#3446 = SHAPE_DEFINITION_REPRESENTATION(#3447,#3453);
#3447 = PRODUCT_DEFINITION_SHAPE('','',#3448);
#3448 = PRODUCT_DEFINITION('design','',#3449,#3452);
#3449 = PRODUCT_DEFINITION_FORMATION('','',#3450);
#3450 = PRODUCT('Header pin 0 1.27','Header pin 0 1.27','',(#3451));
#3451 = PRODUCT_CONTEXT('',#2,'mechanical');
#3452 = PRODUCT_DEFINITION_CONTEXT('part definition',#2,'design');
#3453 = ADVANCED_BREP_SHAPE_REPRESENTATION('',(#11,#3454),#3784);
#3454 = MANIFOLD_SOLID_BREP('',#3455);
#3455 = CLOSED_SHELL('',(#3456,#3576,#3676,#3723,#3770,#3777));
#3456 = ADVANCED_FACE('',(#3457),#3471,.F.);
#3457 = FACE_BOUND('',#3458,.F.);
#3458 = EDGE_LOOP('',(#3459,#3494,#3522,#3550));
#3459 = ORIENTED_EDGE('',*,*,#3460,.F.);
#3460 = EDGE_CURVE('',#3461,#3463,#3465,.T.);
#3461 = VERTEX_POINT('',#3462);
#3462 = CARTESIAN_POINT('',(0.95,-4.13,-3.));
#3463 = VERTEX_POINT('',#3464);
#3464 = CARTESIAN_POINT('',(0.95,-4.13,4.));
#3465 = SURFACE_CURVE('',#3466,(#3470,#3482),.PCURVE_S1.);
#3466 = LINE('',#3467,#3468);
#3467 = CARTESIAN_POINT('',(0.95,-4.13,-3.));
#3468 = VECTOR('',#3469,1.);
#3469 = DIRECTION('',(0.,0.,1.));
#3470 = PCURVE('',#3471,#3476);
#3471 = PLANE('',#3472);
#3472 = AXIS2_PLACEMENT_3D('',#3473,#3474,#3475);
#3473 = CARTESIAN_POINT('',(0.95,-4.13,-3.));
#3474 = DIRECTION('',(1.,0.,0.));
#3475 = DIRECTION('',(0.,0.,1.));
#3476 = DEFINITIONAL_REPRESENTATION('',(#3477),#3481);
#3477 = LINE('',#3478,#3479);
#3478 = CARTESIAN_POINT('',(0.,0.));
#3479 = VECTOR('',#3480,1.);
#3480 = DIRECTION('',(1.,0.));
#3481 = ( GEOMETRIC_REPRESENTATION_CONTEXT(2) 
PARAMETRIC_REPRESENTATION_CONTEXT() REPRESENTATION_CONTEXT('2D SPACE',''
  ) );
#3482 = PCURVE('',#3483,#3488);
#3483 = PLANE('',#3484);
#3484 = AXIS2_PLACEMENT_3D('',#3485,#3486,#3487);
#3485 = CARTESIAN_POINT('',(0.95,-4.13,-3.));
#3486 = DIRECTION('',(0.,1.,0.));
#3487 = DIRECTION('',(0.,0.,1.));
#3488 = DEFINITIONAL_REPRESENTATION('',(#3489),#3493);
#3489 = LINE('',#3490,#3491);
#3490 = CARTESIAN_POINT('',(0.,0.));
#3491 = VECTOR('',#3492,1.);
#3492 = DIRECTION('',(1.,0.));
#3493 = ( GEOMETRIC_REPRESENTATION_CONTEXT(2) 
PARAMETRIC_REPRESENTATION_CONTEXT() REPRESENTATION_CONTEXT('2D SPACE',''
  ) );
#3494 = ORIENTED_EDGE('',*,*,#3495,.T.);
#3495 = EDGE_CURVE('',#3461,#3496,#3498,.T.);
#3496 = VERTEX_POINT('',#3497);
#3497 = CARTESIAN_POINT('',(0.95,-3.49,-3.));
#3498 = SURFACE_CURVE('',#3499,(#3503,#3510),.PCURVE_S1.);
#3499 = LINE('',#3500,#3501);
#3500 = CARTESIAN_POINT('',(0.95,-4.13,-3.));
#3501 = VECTOR('',#3502,1.);
#3502 = DIRECTION('',(0.,1.,0.));
#3503 = PCURVE('',#3471,#3504);
#3504 = DEFINITIONAL_REPRESENTATION('',(#3505),#3509);
#3505 = LINE('',#3506,#3507);
#3506 = CARTESIAN_POINT('',(0.,0.));
#3507 = VECTOR('',#3508,1.);
#3508 = DIRECTION('',(0.,-1.));
#3509 = ( GEOMETRIC_REPRESENTATION_CONTEXT(2) 
PARAMETRIC_REPRESENTATION_CONTEXT() REPRESENTATION_CONTEXT('2D SPACE',''
  ) );
#3510 = PCURVE('',#3511,#3516);
#3511 = PLANE('',#3512);
#3512 = AXIS2_PLACEMENT_3D('',#3513,#3514,#3515);
#3513 = CARTESIAN_POINT('',(0.95,-4.13,-3.));
#3514 = DIRECTION('',(0.,0.,1.));
#3515 = DIRECTION('',(1.,0.,0.));
#3516 = DEFINITIONAL_REPRESENTATION('',(#3517),#3521);
#3517 = LINE('',#3518,#3519);
#3518 = CARTESIAN_POINT('',(0.,0.));
#3519 = VECTOR('',#3520,1.);
#3520 = DIRECTION('',(0.,1.));
#3521 = ( GEOMETRIC_REPRESENTATION_CONTEXT(2) 
PARAMETRIC_REPRESENTATION_CONTEXT() REPRESENTATION_CONTEXT('2D SPACE',''
  ) );
#3522 = ORIENTED_EDGE('',*,*,#3523,.T.);
#3523 = EDGE_CURVE('',#3496,#3524,#3526,.T.);
#3524 = VERTEX_POINT('',#3525);
#3525 = CARTESIAN_POINT('',(0.95,-3.49,4.));
#3526 = SURFACE_CURVE('',#3527,(#3531,#3538),.PCURVE_S1.);
#3527 = LINE('',#3528,#3529);
#3528 = CARTESIAN_POINT('',(0.95,-3.49,-3.));
#3529 = VECTOR('',#3530,1.);
#3530 = DIRECTION('',(0.,0.,1.));
#3531 = PCURVE('',#3471,#3532);
#3532 = DEFINITIONAL_REPRESENTATION('',(#3533),#3537);
#3533 = LINE('',#3534,#3535);
#3534 = CARTESIAN_POINT('',(0.,-0.64));
#3535 = VECTOR('',#3536,1.);
#3536 = DIRECTION('',(1.,0.));
#3537 = ( GEOMETRIC_REPRESENTATION_CONTEXT(2) 
PARAMETRIC_REPRESENTATION_CONTEXT() REPRESENTATION_CONTEXT('2D SPACE',''
  ) );
#3538 = PCURVE('',#3539,#3544);
#3539 = PLANE('',#3540);
#3540 = AXIS2_PLACEMENT_3D('',#3541,#3542,#3543);
#3541 = CARTESIAN_POINT('',(0.95,-3.49,-3.));
#3542 = DIRECTION('',(0.,1.,0.));
#3543 = DIRECTION('',(0.,0.,1.));
#3544 = DEFINITIONAL_REPRESENTATION('',(#3545),#3549);
#3545 = LINE('',#3546,#3547);
#3546 = CARTESIAN_POINT('',(0.,0.));
#3547 = VECTOR('',#3548,1.);
#3548 = DIRECTION('',(1.,0.));
#3549 = ( GEOMETRIC_REPRESENTATION_CONTEXT(2) 
PARAMETRIC_REPRESENTATION_CONTEXT() REPRESENTATION_CONTEXT('2D SPACE',''
  ) );
#3550 = ORIENTED_EDGE('',*,*,#3551,.F.);
#3551 = EDGE_CURVE('',#3463,#3524,#3552,.T.);
#3552 = SURFACE_CURVE('',#3553,(#3557,#3564),.PCURVE_S1.);
#3553 = LINE('',#3554,#3555);
#3554 = CARTESIAN_POINT('',(0.95,-4.13,4.));
#3555 = VECTOR('',#3556,1.);
#3556 = DIRECTION('',(0.,1.,0.));
#3557 = PCURVE('',#3471,#3558);
#3558 = DEFINITIONAL_REPRESENTATION('',(#3559),#3563);
#3559 = LINE('',#3560,#3561);
#3560 = CARTESIAN_POINT('',(7.,0.));
#3561 = VECTOR('',#3562,1.);
#3562 = DIRECTION('',(0.,-1.));
#3563 = ( GEOMETRIC_REPRESENTATION_CONTEXT(2) 
PARAMETRIC_REPRESENTATION_CONTEXT() REPRESENTATION_CONTEXT('2D SPACE',''
  ) );
#3564 = PCURVE('',#3565,#3570);
#3565 = PLANE('',#3566);
#3566 = AXIS2_PLACEMENT_3D('',#3567,#3568,#3569);
#3567 = CARTESIAN_POINT('',(0.95,-4.13,4.));
#3568 = DIRECTION('',(0.,0.,1.));
#3569 = DIRECTION('',(1.,0.,0.));
#3570 = DEFINITIONAL_REPRESENTATION('',(#3571),#3575);
#3571 = LINE('',#3572,#3573);
#3572 = CARTESIAN_POINT('',(0.,0.));
#3573 = VECTOR('',#3574,1.);
#3574 = DIRECTION('',(0.,1.));
#3575 = ( GEOMETRIC_REPRESENTATION_CONTEXT(2) 
PARAMETRIC_REPRESENTATION_CONTEXT() REPRESENTATION_CONTEXT('2D SPACE',''
  ) );
#3576 = ADVANCED_FACE('',(#3577),#3591,.T.);
#3577 = FACE_BOUND('',#3578,.T.);
#3578 = EDGE_LOOP('',(#3579,#3609,#3632,#3655));
#3579 = ORIENTED_EDGE('',*,*,#3580,.F.);
#3580 = EDGE_CURVE('',#3581,#3583,#3585,.T.);
#3581 = VERTEX_POINT('',#3582);
#3582 = CARTESIAN_POINT('',(1.59,-4.13,-3.));
#3583 = VERTEX_POINT('',#3584);
#3584 = CARTESIAN_POINT('',(1.59,-4.13,4.));
#3585 = SURFACE_CURVE('',#3586,(#3590,#3602),.PCURVE_S1.);
#3586 = LINE('',#3587,#3588);
#3587 = CARTESIAN_POINT('',(1.59,-4.13,-3.));
#3588 = VECTOR('',#3589,1.);
#3589 = DIRECTION('',(0.,0.,1.));
#3590 = PCURVE('',#3591,#3596);
#3591 = PLANE('',#3592);
#3592 = AXIS2_PLACEMENT_3D('',#3593,#3594,#3595);
#3593 = CARTESIAN_POINT('',(1.59,-4.13,-3.));
#3594 = DIRECTION('',(1.,0.,0.));
#3595 = DIRECTION('',(0.,0.,1.));
#3596 = DEFINITIONAL_REPRESENTATION('',(#3597),#3601);
#3597 = LINE('',#3598,#3599);
#3598 = CARTESIAN_POINT('',(0.,0.));
#3599 = VECTOR('',#3600,1.);
#3600 = DIRECTION('',(1.,0.));
#3601 = ( GEOMETRIC_REPRESENTATION_CONTEXT(2) 
PARAMETRIC_REPRESENTATION_CONTEXT() REPRESENTATION_CONTEXT('2D SPACE',''
  ) );
#3602 = PCURVE('',#3483,#3603);
#3603 = DEFINITIONAL_REPRESENTATION('',(#3604),#3608);
#3604 = LINE('',#3605,#3606);
#3605 = CARTESIAN_POINT('',(0.,0.64));
#3606 = VECTOR('',#3607,1.);
#3607 = DIRECTION('',(1.,0.));
#3608 = ( GEOMETRIC_REPRESENTATION_CONTEXT(2) 
PARAMETRIC_REPRESENTATION_CONTEXT() REPRESENTATION_CONTEXT('2D SPACE',''
  ) );
#3609 = ORIENTED_EDGE('',*,*,#3610,.T.);
#3610 = EDGE_CURVE('',#3581,#3611,#3613,.T.);
#3611 = VERTEX_POINT('',#3612);
#3612 = CARTESIAN_POINT('',(1.59,-3.49,-3.));
#3613 = SURFACE_CURVE('',#3614,(#3618,#3625),.PCURVE_S1.);
#3614 = LINE('',#3615,#3616);
#3615 = CARTESIAN_POINT('',(1.59,-4.13,-3.));
#3616 = VECTOR('',#3617,1.);
#3617 = DIRECTION('',(0.,1.,0.));
#3618 = PCURVE('',#3591,#3619);
#3619 = DEFINITIONAL_REPRESENTATION('',(#3620),#3624);
#3620 = LINE('',#3621,#3622);
#3621 = CARTESIAN_POINT('',(0.,0.));
#3622 = VECTOR('',#3623,1.);
#3623 = DIRECTION('',(0.,-1.));
#3624 = ( GEOMETRIC_REPRESENTATION_CONTEXT(2) 
PARAMETRIC_REPRESENTATION_CONTEXT() REPRESENTATION_CONTEXT('2D SPACE',''
  ) );
#3625 = PCURVE('',#3511,#3626);
#3626 = DEFINITIONAL_REPRESENTATION('',(#3627),#3631);
#3627 = LINE('',#3628,#3629);
#3628 = CARTESIAN_POINT('',(0.64,0.));
#3629 = VECTOR('',#3630,1.);
#3630 = DIRECTION('',(0.,1.));
#3631 = ( GEOMETRIC_REPRESENTATION_CONTEXT(2) 
PARAMETRIC_REPRESENTATION_CONTEXT() REPRESENTATION_CONTEXT('2D SPACE',''
  ) );
#3632 = ORIENTED_EDGE('',*,*,#3633,.T.);
#3633 = EDGE_CURVE('',#3611,#3634,#3636,.T.);
#3634 = VERTEX_POINT('',#3635);
#3635 = CARTESIAN_POINT('',(1.59,-3.49,4.));
#3636 = SURFACE_CURVE('',#3637,(#3641,#3648),.PCURVE_S1.);
#3637 = LINE('',#3638,#3639);
#3638 = CARTESIAN_POINT('',(1.59,-3.49,-3.));
#3639 = VECTOR('',#3640,1.);
#3640 = DIRECTION('',(0.,0.,1.));
#3641 = PCURVE('',#3591,#3642);
#3642 = DEFINITIONAL_REPRESENTATION('',(#3643),#3647);
#3643 = LINE('',#3644,#3645);
#3644 = CARTESIAN_POINT('',(0.,-0.64));
#3645 = VECTOR('',#3646,1.);
#3646 = DIRECTION('',(1.,0.));
#3647 = ( GEOMETRIC_REPRESENTATION_CONTEXT(2) 
PARAMETRIC_REPRESENTATION_CONTEXT() REPRESENTATION_CONTEXT('2D SPACE',''
  ) );
#3648 = PCURVE('',#3539,#3649);
#3649 = DEFINITIONAL_REPRESENTATION('',(#3650),#3654);
#3650 = LINE('',#3651,#3652);
#3651 = CARTESIAN_POINT('',(0.,0.64));
#3652 = VECTOR('',#3653,1.);
#3653 = DIRECTION('',(1.,0.));
#3654 = ( GEOMETRIC_REPRESENTATION_CONTEXT(2) 
PARAMETRIC_REPRESENTATION_CONTEXT() REPRESENTATION_CONTEXT('2D SPACE',''
  ) );
#3655 = ORIENTED_EDGE('',*,*,#3656,.F.);
#3656 = EDGE_CURVE('',#3583,#3634,#3657,.T.);
#3657 = SURFACE_CURVE('',#3658,(#3662,#3669),.PCURVE_S1.);
#3658 = LINE('',#3659,#3660);
#3659 = CARTESIAN_POINT('',(1.59,-4.13,4.));
#3660 = VECTOR('',#3661,1.);
#3661 = DIRECTION('',(0.,1.,0.));
#3662 = PCURVE('',#3591,#3663);
#3663 = DEFINITIONAL_REPRESENTATION('',(#3664),#3668);
#3664 = LINE('',#3665,#3666);
#3665 = CARTESIAN_POINT('',(7.,0.));
#3666 = VECTOR('',#3667,1.);
#3667 = DIRECTION('',(0.,-1.));
#3668 = ( GEOMETRIC_REPRESENTATION_CONTEXT(2) 
PARAMETRIC_REPRESENTATION_CONTEXT() REPRESENTATION_CONTEXT('2D SPACE',''
  ) );
#3669 = PCURVE('',#3565,#3670);
#3670 = DEFINITIONAL_REPRESENTATION('',(#3671),#3675);
#3671 = LINE('',#3672,#3673);
#3672 = CARTESIAN_POINT('',(0.64,0.));
#3673 = VECTOR('',#3674,1.);
#3674 = DIRECTION('',(0.,1.));
#3675 = ( GEOMETRIC_REPRESENTATION_CONTEXT(2) 
PARAMETRIC_REPRESENTATION_CONTEXT() REPRESENTATION_CONTEXT('2D SPACE',''
  ) );
#3676 = ADVANCED_FACE('',(#3677),#3483,.F.);
#3677 = FACE_BOUND('',#3678,.F.);
#3678 = EDGE_LOOP('',(#3679,#3700,#3701,#3722));
#3679 = ORIENTED_EDGE('',*,*,#3680,.F.);
#3680 = EDGE_CURVE('',#3461,#3581,#3681,.T.);
#3681 = SURFACE_CURVE('',#3682,(#3686,#3693),.PCURVE_S1.);
#3682 = LINE('',#3683,#3684);
#3683 = CARTESIAN_POINT('',(0.95,-4.13,-3.));
#3684 = VECTOR('',#3685,1.);
#3685 = DIRECTION('',(1.,0.,0.));
#3686 = PCURVE('',#3483,#3687);
#3687 = DEFINITIONAL_REPRESENTATION('',(#3688),#3692);
#3688 = LINE('',#3689,#3690);
#3689 = CARTESIAN_POINT('',(0.,0.));
#3690 = VECTOR('',#3691,1.);
#3691 = DIRECTION('',(0.,1.));
#3692 = ( GEOMETRIC_REPRESENTATION_CONTEXT(2) 
PARAMETRIC_REPRESENTATION_CONTEXT() REPRESENTATION_CONTEXT('2D SPACE',''
  ) );
#3693 = PCURVE('',#3511,#3694);
#3694 = DEFINITIONAL_REPRESENTATION('',(#3695),#3699);
#3695 = LINE('',#3696,#3697);
#3696 = CARTESIAN_POINT('',(0.,0.));
#3697 = VECTOR('',#3698,1.);
#3698 = DIRECTION('',(1.,0.));
#3699 = ( GEOMETRIC_REPRESENTATION_CONTEXT(2) 
PARAMETRIC_REPRESENTATION_CONTEXT() REPRESENTATION_CONTEXT('2D SPACE',''
  ) );
#3700 = ORIENTED_EDGE('',*,*,#3460,.T.);
#3701 = ORIENTED_EDGE('',*,*,#3702,.T.);
#3702 = EDGE_CURVE('',#3463,#3583,#3703,.T.);
#3703 = SURFACE_CURVE('',#3704,(#3708,#3715),.PCURVE_S1.);
#3704 = LINE('',#3705,#3706);
#3705 = CARTESIAN_POINT('',(0.95,-4.13,4.));
#3706 = VECTOR('',#3707,1.);
#3707 = DIRECTION('',(1.,0.,0.));
#3708 = PCURVE('',#3483,#3709);
#3709 = DEFINITIONAL_REPRESENTATION('',(#3710),#3714);
#3710 = LINE('',#3711,#3712);
#3711 = CARTESIAN_POINT('',(7.,0.));
#3712 = VECTOR('',#3713,1.);
#3713 = DIRECTION('',(0.,1.));
#3714 = ( GEOMETRIC_REPRESENTATION_CONTEXT(2) 
PARAMETRIC_REPRESENTATION_CONTEXT() REPRESENTATION_CONTEXT('2D SPACE',''
  ) );
#3715 = PCURVE('',#3565,#3716);
#3716 = DEFINITIONAL_REPRESENTATION('',(#3717),#3721);
#3717 = LINE('',#3718,#3719);
#3718 = CARTESIAN_POINT('',(0.,0.));
#3719 = VECTOR('',#3720,1.);
#3720 = DIRECTION('',(1.,0.));
#3721 = ( GEOMETRIC_REPRESENTATION_CONTEXT(2) 
PARAMETRIC_REPRESENTATION_CONTEXT() REPRESENTATION_CONTEXT('2D SPACE',''
  ) );
#3722 = ORIENTED_EDGE('',*,*,#3580,.F.);
#3723 = ADVANCED_FACE('',(#3724),#3539,.T.);
#3724 = FACE_BOUND('',#3725,.T.);
#3725 = EDGE_LOOP('',(#3726,#3747,#3748,#3769));
#3726 = ORIENTED_EDGE('',*,*,#3727,.F.);
#3727 = EDGE_CURVE('',#3496,#3611,#3728,.T.);
#3728 = SURFACE_CURVE('',#3729,(#3733,#3740),.PCURVE_S1.);
#3729 = LINE('',#3730,#3731);
#3730 = CARTESIAN_POINT('',(0.95,-3.49,-3.));
#3731 = VECTOR('',#3732,1.);
#3732 = DIRECTION('',(1.,0.,0.));
#3733 = PCURVE('',#3539,#3734);
#3734 = DEFINITIONAL_REPRESENTATION('',(#3735),#3739);
#3735 = LINE('',#3736,#3737);
#3736 = CARTESIAN_POINT('',(0.,0.));
#3737 = VECTOR('',#3738,1.);
#3738 = DIRECTION('',(0.,1.));
#3739 = ( GEOMETRIC_REPRESENTATION_CONTEXT(2) 
PARAMETRIC_REPRESENTATION_CONTEXT() REPRESENTATION_CONTEXT('2D SPACE',''
  ) );
#3740 = PCURVE('',#3511,#3741);
#3741 = DEFINITIONAL_REPRESENTATION('',(#3742),#3746);
#3742 = LINE('',#3743,#3744);
#3743 = CARTESIAN_POINT('',(0.,0.64));
#3744 = VECTOR('',#3745,1.);
#3745 = DIRECTION('',(1.,0.));
#3746 = ( GEOMETRIC_REPRESENTATION_CONTEXT(2) 
PARAMETRIC_REPRESENTATION_CONTEXT() REPRESENTATION_CONTEXT('2D SPACE',''
  ) );
#3747 = ORIENTED_EDGE('',*,*,#3523,.T.);
#3748 = ORIENTED_EDGE('',*,*,#3749,.T.);
#3749 = EDGE_CURVE('',#3524,#3634,#3750,.T.);
#3750 = SURFACE_CURVE('',#3751,(#3755,#3762),.PCURVE_S1.);
#3751 = LINE('',#3752,#3753);
#3752 = CARTESIAN_POINT('',(0.95,-3.49,4.));
#3753 = VECTOR('',#3754,1.);
#3754 = DIRECTION('',(1.,0.,0.));
#3755 = PCURVE('',#3539,#3756);
#3756 = DEFINITIONAL_REPRESENTATION('',(#3757),#3761);
#3757 = LINE('',#3758,#3759);
#3758 = CARTESIAN_POINT('',(7.,0.));
#3759 = VECTOR('',#3760,1.);
#3760 = DIRECTION('',(0.,1.));
#3761 = ( GEOMETRIC_REPRESENTATION_CONTEXT(2) 
PARAMETRIC_REPRESENTATION_CONTEXT() REPRESENTATION_CONTEXT('2D SPACE',''
  ) );
#3762 = PCURVE('',#3565,#3763);
#3763 = DEFINITIONAL_REPRESENTATION('',(#3764),#3768);
#3764 = LINE('',#3765,#3766);
#3765 = CARTESIAN_POINT('',(0.,0.64));
#3766 = VECTOR('',#3767,1.);
#3767 = DIRECTION('',(1.,0.));
#3768 = ( GEOMETRIC_REPRESENTATION_CONTEXT(2) 
PARAMETRIC_REPRESENTATION_CONTEXT() REPRESENTATION_CONTEXT('2D SPACE',''
  ) );
#3769 = ORIENTED_EDGE('',*,*,#3633,.F.);
#3770 = ADVANCED_FACE('',(#3771),#3511,.F.);
#3771 = FACE_BOUND('',#3772,.F.);
#3772 = EDGE_LOOP('',(#3773,#3774,#3775,#3776));
#3773 = ORIENTED_EDGE('',*,*,#3495,.F.);
#3774 = ORIENTED_EDGE('',*,*,#3680,.T.);
#3775 = ORIENTED_EDGE('',*,*,#3610,.T.);
#3776 = ORIENTED_EDGE('',*,*,#3727,.F.);
#3777 = ADVANCED_FACE('',(#3778),#3565,.T.);
#3778 = FACE_BOUND('',#3779,.T.);
#3779 = EDGE_LOOP('',(#3780,#3781,#3782,#3783));
#3780 = ORIENTED_EDGE('',*,*,#3551,.F.);
#3781 = ORIENTED_EDGE('',*,*,#3702,.T.);
#3782 = ORIENTED_EDGE('',*,*,#3656,.T.);
#3783 = ORIENTED_EDGE('',*,*,#3749,.F.);
#3784 = ( GEOMETRIC_REPRESENTATION_CONTEXT(3) 
GLOBAL_UNCERTAINTY_ASSIGNED_CONTEXT((#3788)) 
GLOBAL_UNIT_ASSIGNED_CONTEXT((#3785,#3786,#3787)) REPRESENTATION_CONTEXT
('Context #1','3D Context with UNIT and UNCERTAINTY') );
#3785 = ( LENGTH_UNIT() NAMED_UNIT(*) SI_UNIT(.MILLI.,.METRE.) );
#3786 = ( NAMED_UNIT(*) PLANE_ANGLE_UNIT() SI_UNIT($,.RADIAN.) );
#3787 = ( NAMED_UNIT(*) SI_UNIT($,.STERADIAN.) SOLID_ANGLE_UNIT() );
#3788 = UNCERTAINTY_MEASURE_WITH_UNIT(LENGTH_MEASURE(1.E-07),#3785,
  'distance_accuracy_value','confusion accuracy');
#3789 = CONTEXT_DEPENDENT_SHAPE_REPRESENTATION(#3790,#3792);
#3790 = ( REPRESENTATION_RELATIONSHIP('','',#3453,#10) 
REPRESENTATION_RELATIONSHIP_WITH_TRANSFORMATION(#3791) 
SHAPE_REPRESENTATION_RELATIONSHIP() );
#3791 = ITEM_DEFINED_TRANSFORMATION('','',#11,#51);
#3792 = PRODUCT_DEFINITION_SHAPE('Placement','Placement of an item',
  #3793);
#3793 = NEXT_ASSEMBLY_USAGE_OCCURRENCE('10','Header pin 0 1.27','',#5,
  #3448,$);
#3794 = PRODUCT_RELATED_PRODUCT_CATEGORY('part',$,(#3450));
#3795 = SHAPE_DEFINITION_REPRESENTATION(#3796,#3802);
#3796 = PRODUCT_DEFINITION_SHAPE('','',#3797);
#3797 = PRODUCT_DEFINITION('design','',#3798,#3801);
#3798 = PRODUCT_DEFINITION_FORMATION('','',#3799);
#3799 = PRODUCT('Header body 0 1.27','Header body 0 1.27','',(#3800));
#3800 = PRODUCT_CONTEXT('',#2,'mechanical');
#3801 = PRODUCT_DEFINITION_CONTEXT('part definition',#2,'design');
#3802 = ADVANCED_BREP_SHAPE_REPRESENTATION('',(#11,#3803),#4133);
#3803 = MANIFOLD_SOLID_BREP('',#3804);
#3804 = CLOSED_SHELL('',(#3805,#3925,#4025,#4072,#4119,#4126));
#3805 = ADVANCED_FACE('',(#3806),#3820,.F.);
#3806 = FACE_BOUND('',#3807,.F.);
#3807 = EDGE_LOOP('',(#3808,#3843,#3871,#3899));
#3808 = ORIENTED_EDGE('',*,*,#3809,.F.);
#3809 = EDGE_CURVE('',#3810,#3812,#3814,.T.);
#3810 = VERTEX_POINT('',#3811);
#3811 = CARTESIAN_POINT('',(4.5E-02,-5.035,1.));
#3812 = VERTEX_POINT('',#3813);
#3813 = CARTESIAN_POINT('',(4.5E-02,-5.035,3.5));
#3814 = SURFACE_CURVE('',#3815,(#3819,#3831),.PCURVE_S1.);
#3815 = LINE('',#3816,#3817);
#3816 = CARTESIAN_POINT('',(4.5E-02,-5.035,1.));
#3817 = VECTOR('',#3818,1.);
#3818 = DIRECTION('',(0.,0.,1.));
#3819 = PCURVE('',#3820,#3825);
#3820 = PLANE('',#3821);
#3821 = AXIS2_PLACEMENT_3D('',#3822,#3823,#3824);
#3822 = CARTESIAN_POINT('',(4.5E-02,-5.035,1.));
#3823 = DIRECTION('',(1.,0.,0.));
#3824 = DIRECTION('',(0.,0.,1.));
#3825 = DEFINITIONAL_REPRESENTATION('',(#3826),#3830);
#3826 = LINE('',#3827,#3828);
#3827 = CARTESIAN_POINT('',(0.,0.));
#3828 = VECTOR('',#3829,1.);
#3829 = DIRECTION('',(1.,0.));
#3830 = ( GEOMETRIC_REPRESENTATION_CONTEXT(2) 
PARAMETRIC_REPRESENTATION_CONTEXT() REPRESENTATION_CONTEXT('2D SPACE',''
  ) );
#3831 = PCURVE('',#3832,#3837);
#3832 = PLANE('',#3833);
#3833 = AXIS2_PLACEMENT_3D('',#3834,#3835,#3836);
#3834 = CARTESIAN_POINT('',(4.5E-02,-5.035,1.));
#3835 = DIRECTION('',(0.,1.,0.));
#3836 = DIRECTION('',(0.,0.,1.));
#3837 = DEFINITIONAL_REPRESENTATION('',(#3838),#3842);
#3838 = LINE('',#3839,#3840);
#3839 = CARTESIAN_POINT('',(0.,0.));
#3840 = VECTOR('',#3841,1.);
#3841 = DIRECTION('',(1.,0.));
#3842 = ( GEOMETRIC_REPRESENTATION_CONTEXT(2) 
PARAMETRIC_REPRESENTATION_CONTEXT() REPRESENTATION_CONTEXT('2D SPACE',''
  ) );
#3843 = ORIENTED_EDGE('',*,*,#3844,.T.);
#3844 = EDGE_CURVE('',#3810,#3845,#3847,.T.);
#3845 = VERTEX_POINT('',#3846);
#3846 = CARTESIAN_POINT('',(4.5E-02,-2.585,1.));
#3847 = SURFACE_CURVE('',#3848,(#3852,#3859),.PCURVE_S1.);
#3848 = LINE('',#3849,#3850);
#3849 = CARTESIAN_POINT('',(4.5E-02,-5.035,1.));
#3850 = VECTOR('',#3851,1.);
#3851 = DIRECTION('',(0.,1.,0.));
#3852 = PCURVE('',#3820,#3853);
#3853 = DEFINITIONAL_REPRESENTATION('',(#3854),#3858);
#3854 = LINE('',#3855,#3856);
#3855 = CARTESIAN_POINT('',(0.,0.));
#3856 = VECTOR('',#3857,1.);
#3857 = DIRECTION('',(0.,-1.));
#3858 = ( GEOMETRIC_REPRESENTATION_CONTEXT(2) 
PARAMETRIC_REPRESENTATION_CONTEXT() REPRESENTATION_CONTEXT('2D SPACE',''
  ) );
#3859 = PCURVE('',#3860,#3865);
#3860 = PLANE('',#3861);
#3861 = AXIS2_PLACEMENT_3D('',#3862,#3863,#3864);
#3862 = CARTESIAN_POINT('',(4.5E-02,-5.035,1.));
#3863 = DIRECTION('',(0.,0.,1.));
#3864 = DIRECTION('',(1.,0.,0.));
#3865 = DEFINITIONAL_REPRESENTATION('',(#3866),#3870);
#3866 = LINE('',#3867,#3868);
#3867 = CARTESIAN_POINT('',(0.,0.));
#3868 = VECTOR('',#3869,1.);
#3869 = DIRECTION('',(0.,1.));
#3870 = ( GEOMETRIC_REPRESENTATION_CONTEXT(2) 
PARAMETRIC_REPRESENTATION_CONTEXT() REPRESENTATION_CONTEXT('2D SPACE',''
  ) );
#3871 = ORIENTED_EDGE('',*,*,#3872,.T.);
#3872 = EDGE_CURVE('',#3845,#3873,#3875,.T.);
#3873 = VERTEX_POINT('',#3874);
#3874 = CARTESIAN_POINT('',(4.5E-02,-2.585,3.5));
#3875 = SURFACE_CURVE('',#3876,(#3880,#3887),.PCURVE_S1.);
#3876 = LINE('',#3877,#3878);
#3877 = CARTESIAN_POINT('',(4.5E-02,-2.585,1.));
#3878 = VECTOR('',#3879,1.);
#3879 = DIRECTION('',(0.,0.,1.));
#3880 = PCURVE('',#3820,#3881);
#3881 = DEFINITIONAL_REPRESENTATION('',(#3882),#3886);
#3882 = LINE('',#3883,#3884);
#3883 = CARTESIAN_POINT('',(0.,-2.45));
#3884 = VECTOR('',#3885,1.);
#3885 = DIRECTION('',(1.,0.));
#3886 = ( GEOMETRIC_REPRESENTATION_CONTEXT(2) 
PARAMETRIC_REPRESENTATION_CONTEXT() REPRESENTATION_CONTEXT('2D SPACE',''
  ) );
#3887 = PCURVE('',#3888,#3893);
#3888 = PLANE('',#3889);
#3889 = AXIS2_PLACEMENT_3D('',#3890,#3891,#3892);
#3890 = CARTESIAN_POINT('',(4.5E-02,-2.585,1.));
#3891 = DIRECTION('',(0.,1.,0.));
#3892 = DIRECTION('',(0.,0.,1.));
#3893 = DEFINITIONAL_REPRESENTATION('',(#3894),#3898);
#3894 = LINE('',#3895,#3896);
#3895 = CARTESIAN_POINT('',(0.,0.));
#3896 = VECTOR('',#3897,1.);
#3897 = DIRECTION('',(1.,0.));
#3898 = ( GEOMETRIC_REPRESENTATION_CONTEXT(2) 
PARAMETRIC_REPRESENTATION_CONTEXT() REPRESENTATION_CONTEXT('2D SPACE',''
  ) );
#3899 = ORIENTED_EDGE('',*,*,#3900,.F.);
#3900 = EDGE_CURVE('',#3812,#3873,#3901,.T.);
#3901 = SURFACE_CURVE('',#3902,(#3906,#3913),.PCURVE_S1.);
#3902 = LINE('',#3903,#3904);
#3903 = CARTESIAN_POINT('',(4.5E-02,-5.035,3.5));
#3904 = VECTOR('',#3905,1.);
#3905 = DIRECTION('',(0.,1.,0.));
#3906 = PCURVE('',#3820,#3907);
#3907 = DEFINITIONAL_REPRESENTATION('',(#3908),#3912);
#3908 = LINE('',#3909,#3910);
#3909 = CARTESIAN_POINT('',(2.5,0.));
#3910 = VECTOR('',#3911,1.);
#3911 = DIRECTION('',(0.,-1.));
#3912 = ( GEOMETRIC_REPRESENTATION_CONTEXT(2) 
PARAMETRIC_REPRESENTATION_CONTEXT() REPRESENTATION_CONTEXT('2D SPACE',''
  ) );
#3913 = PCURVE('',#3914,#3919);
#3914 = PLANE('',#3915);
#3915 = AXIS2_PLACEMENT_3D('',#3916,#3917,#3918);
#3916 = CARTESIAN_POINT('',(4.5E-02,-5.035,3.5));
#3917 = DIRECTION('',(0.,0.,1.));
#3918 = DIRECTION('',(1.,0.,0.));
#3919 = DEFINITIONAL_REPRESENTATION('',(#3920),#3924);
#3920 = LINE('',#3921,#3922);
#3921 = CARTESIAN_POINT('',(0.,0.));
#3922 = VECTOR('',#3923,1.);
#3923 = DIRECTION('',(0.,1.));
#3924 = ( GEOMETRIC_REPRESENTATION_CONTEXT(2) 
PARAMETRIC_REPRESENTATION_CONTEXT() REPRESENTATION_CONTEXT('2D SPACE',''
  ) );
#3925 = ADVANCED_FACE('',(#3926),#3940,.T.);
#3926 = FACE_BOUND('',#3927,.T.);
#3927 = EDGE_LOOP('',(#3928,#3958,#3981,#4004));
#3928 = ORIENTED_EDGE('',*,*,#3929,.F.);
#3929 = EDGE_CURVE('',#3930,#3932,#3934,.T.);
#3930 = VERTEX_POINT('',#3931);
#3931 = CARTESIAN_POINT('',(2.495,-5.035,1.));
#3932 = VERTEX_POINT('',#3933);
#3933 = CARTESIAN_POINT('',(2.495,-5.035,3.5));
#3934 = SURFACE_CURVE('',#3935,(#3939,#3951),.PCURVE_S1.);
#3935 = LINE('',#3936,#3937);
#3936 = CARTESIAN_POINT('',(2.495,-5.035,1.));
#3937 = VECTOR('',#3938,1.);
#3938 = DIRECTION('',(0.,0.,1.));
#3939 = PCURVE('',#3940,#3945);
#3940 = PLANE('',#3941);
#3941 = AXIS2_PLACEMENT_3D('',#3942,#3943,#3944);
#3942 = CARTESIAN_POINT('',(2.495,-5.035,1.));
#3943 = DIRECTION('',(1.,0.,0.));
#3944 = DIRECTION('',(0.,0.,1.));
#3945 = DEFINITIONAL_REPRESENTATION('',(#3946),#3950);
#3946 = LINE('',#3947,#3948);
#3947 = CARTESIAN_POINT('',(0.,0.));
#3948 = VECTOR('',#3949,1.);
#3949 = DIRECTION('',(1.,0.));
#3950 = ( GEOMETRIC_REPRESENTATION_CONTEXT(2) 
PARAMETRIC_REPRESENTATION_CONTEXT() REPRESENTATION_CONTEXT('2D SPACE',''
  ) );
#3951 = PCURVE('',#3832,#3952);
#3952 = DEFINITIONAL_REPRESENTATION('',(#3953),#3957);
#3953 = LINE('',#3954,#3955);
#3954 = CARTESIAN_POINT('',(0.,2.45));
#3955 = VECTOR('',#3956,1.);
#3956 = DIRECTION('',(1.,0.));
#3957 = ( GEOMETRIC_REPRESENTATION_CONTEXT(2) 
PARAMETRIC_REPRESENTATION_CONTEXT() REPRESENTATION_CONTEXT('2D SPACE',''
  ) );
#3958 = ORIENTED_EDGE('',*,*,#3959,.T.);
#3959 = EDGE_CURVE('',#3930,#3960,#3962,.T.);
#3960 = VERTEX_POINT('',#3961);
#3961 = CARTESIAN_POINT('',(2.495,-2.585,1.));
#3962 = SURFACE_CURVE('',#3963,(#3967,#3974),.PCURVE_S1.);
#3963 = LINE('',#3964,#3965);
#3964 = CARTESIAN_POINT('',(2.495,-5.035,1.));
#3965 = VECTOR('',#3966,1.);
#3966 = DIRECTION('',(0.,1.,0.));
#3967 = PCURVE('',#3940,#3968);
#3968 = DEFINITIONAL_REPRESENTATION('',(#3969),#3973);
#3969 = LINE('',#3970,#3971);
#3970 = CARTESIAN_POINT('',(0.,0.));
#3971 = VECTOR('',#3972,1.);
#3972 = DIRECTION('',(0.,-1.));
#3973 = ( GEOMETRIC_REPRESENTATION_CONTEXT(2) 
PARAMETRIC_REPRESENTATION_CONTEXT() REPRESENTATION_CONTEXT('2D SPACE',''
  ) );
#3974 = PCURVE('',#3860,#3975);
#3975 = DEFINITIONAL_REPRESENTATION('',(#3976),#3980);
#3976 = LINE('',#3977,#3978);
#3977 = CARTESIAN_POINT('',(2.45,0.));
#3978 = VECTOR('',#3979,1.);
#3979 = DIRECTION('',(0.,1.));
#3980 = ( GEOMETRIC_REPRESENTATION_CONTEXT(2) 
PARAMETRIC_REPRESENTATION_CONTEXT() REPRESENTATION_CONTEXT('2D SPACE',''
  ) );
#3981 = ORIENTED_EDGE('',*,*,#3982,.T.);
#3982 = EDGE_CURVE('',#3960,#3983,#3985,.T.);
#3983 = VERTEX_POINT('',#3984);
#3984 = CARTESIAN_POINT('',(2.495,-2.585,3.5));
#3985 = SURFACE_CURVE('',#3986,(#3990,#3997),.PCURVE_S1.);
#3986 = LINE('',#3987,#3988);
#3987 = CARTESIAN_POINT('',(2.495,-2.585,1.));
#3988 = VECTOR('',#3989,1.);
#3989 = DIRECTION('',(0.,0.,1.));
#3990 = PCURVE('',#3940,#3991);
#3991 = DEFINITIONAL_REPRESENTATION('',(#3992),#3996);
#3992 = LINE('',#3993,#3994);
#3993 = CARTESIAN_POINT('',(0.,-2.45));
#3994 = VECTOR('',#3995,1.);
#3995 = DIRECTION('',(1.,0.));
#3996 = ( GEOMETRIC_REPRESENTATION_CONTEXT(2) 
PARAMETRIC_REPRESENTATION_CONTEXT() REPRESENTATION_CONTEXT('2D SPACE',''
  ) );
#3997 = PCURVE('',#3888,#3998);
#3998 = DEFINITIONAL_REPRESENTATION('',(#3999),#4003);
#3999 = LINE('',#4000,#4001);
#4000 = CARTESIAN_POINT('',(0.,2.45));
#4001 = VECTOR('',#4002,1.);
#4002 = DIRECTION('',(1.,0.));
#4003 = ( GEOMETRIC_REPRESENTATION_CONTEXT(2) 
PARAMETRIC_REPRESENTATION_CONTEXT() REPRESENTATION_CONTEXT('2D SPACE',''
  ) );
#4004 = ORIENTED_EDGE('',*,*,#4005,.F.);
#4005 = EDGE_CURVE('',#3932,#3983,#4006,.T.);
#4006 = SURFACE_CURVE('',#4007,(#4011,#4018),.PCURVE_S1.);
#4007 = LINE('',#4008,#4009);
#4008 = CARTESIAN_POINT('',(2.495,-5.035,3.5));
#4009 = VECTOR('',#4010,1.);
#4010 = DIRECTION('',(0.,1.,0.));
#4011 = PCURVE('',#3940,#4012);
#4012 = DEFINITIONAL_REPRESENTATION('',(#4013),#4017);
#4013 = LINE('',#4014,#4015);
#4014 = CARTESIAN_POINT('',(2.5,0.));
#4015 = VECTOR('',#4016,1.);
#4016 = DIRECTION('',(0.,-1.));
#4017 = ( GEOMETRIC_REPRESENTATION_CONTEXT(2) 
PARAMETRIC_REPRESENTATION_CONTEXT() REPRESENTATION_CONTEXT('2D SPACE',''
  ) );
#4018 = PCURVE('',#3914,#4019);
#4019 = DEFINITIONAL_REPRESENTATION('',(#4020),#4024);
#4020 = LINE('',#4021,#4022);
#4021 = CARTESIAN_POINT('',(2.45,0.));
#4022 = VECTOR('',#4023,1.);
#4023 = DIRECTION('',(0.,1.));
#4024 = ( GEOMETRIC_REPRESENTATION_CONTEXT(2) 
PARAMETRIC_REPRESENTATION_CONTEXT() REPRESENTATION_CONTEXT('2D SPACE',''
  ) );
#4025 = ADVANCED_FACE('',(#4026),#3832,.F.);
#4026 = FACE_BOUND('',#4027,.F.);
#4027 = EDGE_LOOP('',(#4028,#4049,#4050,#4071));
#4028 = ORIENTED_EDGE('',*,*,#4029,.F.);
#4029 = EDGE_CURVE('',#3810,#3930,#4030,.T.);
#4030 = SURFACE_CURVE('',#4031,(#4035,#4042),.PCURVE_S1.);
#4031 = LINE('',#4032,#4033);
#4032 = CARTESIAN_POINT('',(4.5E-02,-5.035,1.));
#4033 = VECTOR('',#4034,1.);
#4034 = DIRECTION('',(1.,0.,0.));
#4035 = PCURVE('',#3832,#4036);
#4036 = DEFINITIONAL_REPRESENTATION('',(#4037),#4041);
#4037 = LINE('',#4038,#4039);
#4038 = CARTESIAN_POINT('',(0.,0.));
#4039 = VECTOR('',#4040,1.);
#4040 = DIRECTION('',(0.,1.));
#4041 = ( GEOMETRIC_REPRESENTATION_CONTEXT(2) 
PARAMETRIC_REPRESENTATION_CONTEXT() REPRESENTATION_CONTEXT('2D SPACE',''
  ) );
#4042 = PCURVE('',#3860,#4043);
#4043 = DEFINITIONAL_REPRESENTATION('',(#4044),#4048);
#4044 = LINE('',#4045,#4046);
#4045 = CARTESIAN_POINT('',(0.,0.));
#4046 = VECTOR('',#4047,1.);
#4047 = DIRECTION('',(1.,0.));
#4048 = ( GEOMETRIC_REPRESENTATION_CONTEXT(2) 
PARAMETRIC_REPRESENTATION_CONTEXT() REPRESENTATION_CONTEXT('2D SPACE',''
  ) );
#4049 = ORIENTED_EDGE('',*,*,#3809,.T.);
#4050 = ORIENTED_EDGE('',*,*,#4051,.T.);
#4051 = EDGE_CURVE('',#3812,#3932,#4052,.T.);
#4052 = SURFACE_CURVE('',#4053,(#4057,#4064),.PCURVE_S1.);
#4053 = LINE('',#4054,#4055);
#4054 = CARTESIAN_POINT('',(4.5E-02,-5.035,3.5));
#4055 = VECTOR('',#4056,1.);
#4056 = DIRECTION('',(1.,0.,0.));
#4057 = PCURVE('',#3832,#4058);
#4058 = DEFINITIONAL_REPRESENTATION('',(#4059),#4063);
#4059 = LINE('',#4060,#4061);
#4060 = CARTESIAN_POINT('',(2.5,0.));
#4061 = VECTOR('',#4062,1.);
#4062 = DIRECTION('',(0.,1.));
#4063 = ( GEOMETRIC_REPRESENTATION_CONTEXT(2) 
PARAMETRIC_REPRESENTATION_CONTEXT() REPRESENTATION_CONTEXT('2D SPACE',''
  ) );
#4064 = PCURVE('',#3914,#4065);
#4065 = DEFINITIONAL_REPRESENTATION('',(#4066),#4070);
#4066 = LINE('',#4067,#4068);
#4067 = CARTESIAN_POINT('',(0.,0.));
#4068 = VECTOR('',#4069,1.);
#4069 = DIRECTION('',(1.,0.));
#4070 = ( GEOMETRIC_REPRESENTATION_CONTEXT(2) 
PARAMETRIC_REPRESENTATION_CONTEXT() REPRESENTATION_CONTEXT('2D SPACE',''
  ) );
#4071 = ORIENTED_EDGE('',*,*,#3929,.F.);
#4072 = ADVANCED_FACE('',(#4073),#3888,.T.);
#4073 = FACE_BOUND('',#4074,.T.);
#4074 = EDGE_LOOP('',(#4075,#4096,#4097,#4118));
#4075 = ORIENTED_EDGE('',*,*,#4076,.F.);
#4076 = EDGE_CURVE('',#3845,#3960,#4077,.T.);
#4077 = SURFACE_CURVE('',#4078,(#4082,#4089),.PCURVE_S1.);
#4078 = LINE('',#4079,#4080);
#4079 = CARTESIAN_POINT('',(4.5E-02,-2.585,1.));
#4080 = VECTOR('',#4081,1.);
#4081 = DIRECTION('',(1.,0.,0.));
#4082 = PCURVE('',#3888,#4083);
#4083 = DEFINITIONAL_REPRESENTATION('',(#4084),#4088);
#4084 = LINE('',#4085,#4086);
#4085 = CARTESIAN_POINT('',(0.,0.));
#4086 = VECTOR('',#4087,1.);
#4087 = DIRECTION('',(0.,1.));
#4088 = ( GEOMETRIC_REPRESENTATION_CONTEXT(2) 
PARAMETRIC_REPRESENTATION_CONTEXT() REPRESENTATION_CONTEXT('2D SPACE',''
  ) );
#4089 = PCURVE('',#3860,#4090);
#4090 = DEFINITIONAL_REPRESENTATION('',(#4091),#4095);
#4091 = LINE('',#4092,#4093);
#4092 = CARTESIAN_POINT('',(0.,2.45));
#4093 = VECTOR('',#4094,1.);
#4094 = DIRECTION('',(1.,0.));
#4095 = ( GEOMETRIC_REPRESENTATION_CONTEXT(2) 
PARAMETRIC_REPRESENTATION_CONTEXT() REPRESENTATION_CONTEXT('2D SPACE',''
  ) );
#4096 = ORIENTED_EDGE('',*,*,#3872,.T.);
#4097 = ORIENTED_EDGE('',*,*,#4098,.T.);
#4098 = EDGE_CURVE('',#3873,#3983,#4099,.T.);
#4099 = SURFACE_CURVE('',#4100,(#4104,#4111),.PCURVE_S1.);
#4100 = LINE('',#4101,#4102);
#4101 = CARTESIAN_POINT('',(4.5E-02,-2.585,3.5));
#4102 = VECTOR('',#4103,1.);
#4103 = DIRECTION('',(1.,0.,0.));
#4104 = PCURVE('',#3888,#4105);
#4105 = DEFINITIONAL_REPRESENTATION('',(#4106),#4110);
#4106 = LINE('',#4107,#4108);
#4107 = CARTESIAN_POINT('',(2.5,0.));
#4108 = VECTOR('',#4109,1.);
#4109 = DIRECTION('',(0.,1.));
#4110 = ( GEOMETRIC_REPRESENTATION_CONTEXT(2) 
PARAMETRIC_REPRESENTATION_CONTEXT() REPRESENTATION_CONTEXT('2D SPACE',''
  ) );
#4111 = PCURVE('',#3914,#4112);
#4112 = DEFINITIONAL_REPRESENTATION('',(#4113),#4117);
#4113 = LINE('',#4114,#4115);
#4114 = CARTESIAN_POINT('',(0.,2.45));
#4115 = VECTOR('',#4116,1.);
#4116 = DIRECTION('',(1.,0.));
#4117 = ( GEOMETRIC_REPRESENTATION_CONTEXT(2) 
PARAMETRIC_REPRESENTATION_CONTEXT() REPRESENTATION_CONTEXT('2D SPACE',''
  ) );
#4118 = ORIENTED_EDGE('',*,*,#3982,.F.);
#4119 = ADVANCED_FACE('',(#4120),#3860,.F.);
#4120 = FACE_BOUND('',#4121,.F.);
#4121 = EDGE_LOOP('',(#4122,#4123,#4124,#4125));
#4122 = ORIENTED_EDGE('',*,*,#3844,.F.);
#4123 = ORIENTED_EDGE('',*,*,#4029,.T.);
#4124 = ORIENTED_EDGE('',*,*,#3959,.T.);
#4125 = ORIENTED_EDGE('',*,*,#4076,.F.);
#4126 = ADVANCED_FACE('',(#4127),#3914,.T.);
#4127 = FACE_BOUND('',#4128,.T.);
#4128 = EDGE_LOOP('',(#4129,#4130,#4131,#4132));
#4129 = ORIENTED_EDGE('',*,*,#3900,.F.);
#4130 = ORIENTED_EDGE('',*,*,#4051,.T.);
#4131 = ORIENTED_EDGE('',*,*,#4005,.T.);
#4132 = ORIENTED_EDGE('',*,*,#4098,.F.);
#4133 = ( GEOMETRIC_REPRESENTATION_CONTEXT(3) 
GLOBAL_UNCERTAINTY_ASSIGNED_CONTEXT((#4137)) 
GLOBAL_UNIT_ASSIGNED_CONTEXT((#4134,#4135,#4136)) REPRESENTATION_CONTEXT
('Context #1','3D Context with UNIT and UNCERTAINTY') );
#4134 = ( LENGTH_UNIT() NAMED_UNIT(*) SI_UNIT(.MILLI.,.METRE.) );
#4135 = ( NAMED_UNIT(*) PLANE_ANGLE_UNIT() SI_UNIT($,.RADIAN.) );
#4136 = ( NAMED_UNIT(*) SI_UNIT($,.STERADIAN.) SOLID_ANGLE_UNIT() );
#4137 = UNCERTAINTY_MEASURE_WITH_UNIT(LENGTH_MEASURE(1.E-07),#4134,
  'distance_accuracy_value','confusion accuracy');
#4138 = CONTEXT_DEPENDENT_SHAPE_REPRESENTATION(#4139,#4141);
#4139 = ( REPRESENTATION_RELATIONSHIP('','',#3802,#10) 
REPRESENTATION_RELATIONSHIP_WITH_TRANSFORMATION(#4140) 
SHAPE_REPRESENTATION_RELATIONSHIP() );
#4140 = ITEM_DEFINED_TRANSFORMATION('','',#11,#55);
#4141 = PRODUCT_DEFINITION_SHAPE('Placement','Placement of an item',
  #4142);
#4142 = NEXT_ASSEMBLY_USAGE_OCCURRENCE('11','Header body 0 1.27','',#5,
  #3797,$);
#4143 = PRODUCT_RELATED_PRODUCT_CATEGORY('part',$,(#3799));
#4144 = SHAPE_DEFINITION_REPRESENTATION(#4145,#4151);
#4145 = PRODUCT_DEFINITION_SHAPE('','',#4146);
#4146 = PRODUCT_DEFINITION('design','',#4147,#4150);
#4147 = PRODUCT_DEFINITION_FORMATION('','',#4148);
#4148 = PRODUCT('Header pin 1 -1.27','Header pin 1 -1.27','',(#4149));
#4149 = PRODUCT_CONTEXT('',#2,'mechanical');
#4150 = PRODUCT_DEFINITION_CONTEXT('part definition',#2,'design');
#4151 = ADVANCED_BREP_SHAPE_REPRESENTATION('',(#11,#4152),#4482);
#4152 = MANIFOLD_SOLID_BREP('',#4153);
#4153 = CLOSED_SHELL('',(#4154,#4274,#4374,#4421,#4468,#4475));
#4154 = ADVANCED_FACE('',(#4155),#4169,.F.);
#4155 = FACE_BOUND('',#4156,.F.);
#4156 = EDGE_LOOP('',(#4157,#4192,#4220,#4248));
#4157 = ORIENTED_EDGE('',*,*,#4158,.F.);
#4158 = EDGE_CURVE('',#4159,#4161,#4163,.T.);
#4159 = VERTEX_POINT('',#4160);
#4160 = CARTESIAN_POINT('',(-1.59,-1.59,-3.));
#4161 = VERTEX_POINT('',#4162);
#4162 = CARTESIAN_POINT('',(-1.59,-1.59,4.));
#4163 = SURFACE_CURVE('',#4164,(#4168,#4180),.PCURVE_S1.);
#4164 = LINE('',#4165,#4166);
#4165 = CARTESIAN_POINT('',(-1.59,-1.59,-3.));
#4166 = VECTOR('',#4167,1.);
#4167 = DIRECTION('',(0.,0.,1.));
#4168 = PCURVE('',#4169,#4174);
#4169 = PLANE('',#4170);
#4170 = AXIS2_PLACEMENT_3D('',#4171,#4172,#4173);
#4171 = CARTESIAN_POINT('',(-1.59,-1.59,-3.));
#4172 = DIRECTION('',(1.,0.,0.));
#4173 = DIRECTION('',(0.,0.,1.));
#4174 = DEFINITIONAL_REPRESENTATION('',(#4175),#4179);
#4175 = LINE('',#4176,#4177);
#4176 = CARTESIAN_POINT('',(0.,0.));
#4177 = VECTOR('',#4178,1.);
#4178 = DIRECTION('',(1.,0.));
#4179 = ( GEOMETRIC_REPRESENTATION_CONTEXT(2) 
PARAMETRIC_REPRESENTATION_CONTEXT() REPRESENTATION_CONTEXT('2D SPACE',''
  ) );
#4180 = PCURVE('',#4181,#4186);
#4181 = PLANE('',#4182);
#4182 = AXIS2_PLACEMENT_3D('',#4183,#4184,#4185);
#4183 = CARTESIAN_POINT('',(-1.59,-1.59,-3.));
#4184 = DIRECTION('',(0.,1.,0.));
#4185 = DIRECTION('',(0.,0.,1.));
#4186 = DEFINITIONAL_REPRESENTATION('',(#4187),#4191);
#4187 = LINE('',#4188,#4189);
#4188 = CARTESIAN_POINT('',(0.,0.));
#4189 = VECTOR('',#4190,1.);
#4190 = DIRECTION('',(1.,0.));
#4191 = ( GEOMETRIC_REPRESENTATION_CONTEXT(2) 
PARAMETRIC_REPRESENTATION_CONTEXT() REPRESENTATION_CONTEXT('2D SPACE',''
  ) );
#4192 = ORIENTED_EDGE('',*,*,#4193,.T.);
#4193 = EDGE_CURVE('',#4159,#4194,#4196,.T.);
#4194 = VERTEX_POINT('',#4195);
#4195 = CARTESIAN_POINT('',(-1.59,-0.95,-3.));
#4196 = SURFACE_CURVE('',#4197,(#4201,#4208),.PCURVE_S1.);
#4197 = LINE('',#4198,#4199);
#4198 = CARTESIAN_POINT('',(-1.59,-1.59,-3.));
#4199 = VECTOR('',#4200,1.);
#4200 = DIRECTION('',(0.,1.,0.));
#4201 = PCURVE('',#4169,#4202);
#4202 = DEFINITIONAL_REPRESENTATION('',(#4203),#4207);
#4203 = LINE('',#4204,#4205);
#4204 = CARTESIAN_POINT('',(0.,0.));
#4205 = VECTOR('',#4206,1.);
#4206 = DIRECTION('',(0.,-1.));
#4207 = ( GEOMETRIC_REPRESENTATION_CONTEXT(2) 
PARAMETRIC_REPRESENTATION_CONTEXT() REPRESENTATION_CONTEXT('2D SPACE',''
  ) );
#4208 = PCURVE('',#4209,#4214);
#4209 = PLANE('',#4210);
#4210 = AXIS2_PLACEMENT_3D('',#4211,#4212,#4213);
#4211 = CARTESIAN_POINT('',(-1.59,-1.59,-3.));
#4212 = DIRECTION('',(0.,0.,1.));
#4213 = DIRECTION('',(1.,0.,0.));
#4214 = DEFINITIONAL_REPRESENTATION('',(#4215),#4219);
#4215 = LINE('',#4216,#4217);
#4216 = CARTESIAN_POINT('',(0.,0.));
#4217 = VECTOR('',#4218,1.);
#4218 = DIRECTION('',(0.,1.));
#4219 = ( GEOMETRIC_REPRESENTATION_CONTEXT(2) 
PARAMETRIC_REPRESENTATION_CONTEXT() REPRESENTATION_CONTEXT('2D SPACE',''
  ) );
#4220 = ORIENTED_EDGE('',*,*,#4221,.T.);
#4221 = EDGE_CURVE('',#4194,#4222,#4224,.T.);
#4222 = VERTEX_POINT('',#4223);
#4223 = CARTESIAN_POINT('',(-1.59,-0.95,4.));
#4224 = SURFACE_CURVE('',#4225,(#4229,#4236),.PCURVE_S1.);
#4225 = LINE('',#4226,#4227);
#4226 = CARTESIAN_POINT('',(-1.59,-0.95,-3.));
#4227 = VECTOR('',#4228,1.);
#4228 = DIRECTION('',(0.,0.,1.));
#4229 = PCURVE('',#4169,#4230);
#4230 = DEFINITIONAL_REPRESENTATION('',(#4231),#4235);
#4231 = LINE('',#4232,#4233);
#4232 = CARTESIAN_POINT('',(0.,-0.64));
#4233 = VECTOR('',#4234,1.);
#4234 = DIRECTION('',(1.,0.));
#4235 = ( GEOMETRIC_REPRESENTATION_CONTEXT(2) 
PARAMETRIC_REPRESENTATION_CONTEXT() REPRESENTATION_CONTEXT('2D SPACE',''
  ) );
#4236 = PCURVE('',#4237,#4242);
#4237 = PLANE('',#4238);
#4238 = AXIS2_PLACEMENT_3D('',#4239,#4240,#4241);
#4239 = CARTESIAN_POINT('',(-1.59,-0.95,-3.));
#4240 = DIRECTION('',(0.,1.,0.));
#4241 = DIRECTION('',(0.,0.,1.));
#4242 = DEFINITIONAL_REPRESENTATION('',(#4243),#4247);
#4243 = LINE('',#4244,#4245);
#4244 = CARTESIAN_POINT('',(0.,0.));
#4245 = VECTOR('',#4246,1.);
#4246 = DIRECTION('',(1.,0.));
#4247 = ( GEOMETRIC_REPRESENTATION_CONTEXT(2) 
PARAMETRIC_REPRESENTATION_CONTEXT() REPRESENTATION_CONTEXT('2D SPACE',''
  ) );
#4248 = ORIENTED_EDGE('',*,*,#4249,.F.);
#4249 = EDGE_CURVE('',#4161,#4222,#4250,.T.);
#4250 = SURFACE_CURVE('',#4251,(#4255,#4262),.PCURVE_S1.);
#4251 = LINE('',#4252,#4253);
#4252 = CARTESIAN_POINT('',(-1.59,-1.59,4.));
#4253 = VECTOR('',#4254,1.);
#4254 = DIRECTION('',(0.,1.,0.));
#4255 = PCURVE('',#4169,#4256);
#4256 = DEFINITIONAL_REPRESENTATION('',(#4257),#4261);
#4257 = LINE('',#4258,#4259);
#4258 = CARTESIAN_POINT('',(7.,0.));
#4259 = VECTOR('',#4260,1.);
#4260 = DIRECTION('',(0.,-1.));
#4261 = ( GEOMETRIC_REPRESENTATION_CONTEXT(2) 
PARAMETRIC_REPRESENTATION_CONTEXT() REPRESENTATION_CONTEXT('2D SPACE',''
  ) );
#4262 = PCURVE('',#4263,#4268);
#4263 = PLANE('',#4264);
#4264 = AXIS2_PLACEMENT_3D('',#4265,#4266,#4267);
#4265 = CARTESIAN_POINT('',(-1.59,-1.59,4.));
#4266 = DIRECTION('',(0.,0.,1.));
#4267 = DIRECTION('',(1.,0.,0.));
#4268 = DEFINITIONAL_REPRESENTATION('',(#4269),#4273);
#4269 = LINE('',#4270,#4271);
#4270 = CARTESIAN_POINT('',(0.,0.));
#4271 = VECTOR('',#4272,1.);
#4272 = DIRECTION('',(0.,1.));
#4273 = ( GEOMETRIC_REPRESENTATION_CONTEXT(2) 
PARAMETRIC_REPRESENTATION_CONTEXT() REPRESENTATION_CONTEXT('2D SPACE',''
  ) );
#4274 = ADVANCED_FACE('',(#4275),#4289,.T.);
#4275 = FACE_BOUND('',#4276,.T.);
#4276 = EDGE_LOOP('',(#4277,#4307,#4330,#4353));
#4277 = ORIENTED_EDGE('',*,*,#4278,.F.);
#4278 = EDGE_CURVE('',#4279,#4281,#4283,.T.);
#4279 = VERTEX_POINT('',#4280);
#4280 = CARTESIAN_POINT('',(-0.95,-1.59,-3.));
#4281 = VERTEX_POINT('',#4282);
#4282 = CARTESIAN_POINT('',(-0.95,-1.59,4.));
#4283 = SURFACE_CURVE('',#4284,(#4288,#4300),.PCURVE_S1.);
#4284 = LINE('',#4285,#4286);
#4285 = CARTESIAN_POINT('',(-0.95,-1.59,-3.));
#4286 = VECTOR('',#4287,1.);
#4287 = DIRECTION('',(0.,0.,1.));
#4288 = PCURVE('',#4289,#4294);
#4289 = PLANE('',#4290);
#4290 = AXIS2_PLACEMENT_3D('',#4291,#4292,#4293);
#4291 = CARTESIAN_POINT('',(-0.95,-1.59,-3.));
#4292 = DIRECTION('',(1.,0.,0.));
#4293 = DIRECTION('',(0.,0.,1.));
#4294 = DEFINITIONAL_REPRESENTATION('',(#4295),#4299);
#4295 = LINE('',#4296,#4297);
#4296 = CARTESIAN_POINT('',(0.,0.));
#4297 = VECTOR('',#4298,1.);
#4298 = DIRECTION('',(1.,0.));
#4299 = ( GEOMETRIC_REPRESENTATION_CONTEXT(2) 
PARAMETRIC_REPRESENTATION_CONTEXT() REPRESENTATION_CONTEXT('2D SPACE',''
  ) );
#4300 = PCURVE('',#4181,#4301);
#4301 = DEFINITIONAL_REPRESENTATION('',(#4302),#4306);
#4302 = LINE('',#4303,#4304);
#4303 = CARTESIAN_POINT('',(0.,0.64));
#4304 = VECTOR('',#4305,1.);
#4305 = DIRECTION('',(1.,0.));
#4306 = ( GEOMETRIC_REPRESENTATION_CONTEXT(2) 
PARAMETRIC_REPRESENTATION_CONTEXT() REPRESENTATION_CONTEXT('2D SPACE',''
  ) );
#4307 = ORIENTED_EDGE('',*,*,#4308,.T.);
#4308 = EDGE_CURVE('',#4279,#4309,#4311,.T.);
#4309 = VERTEX_POINT('',#4310);
#4310 = CARTESIAN_POINT('',(-0.95,-0.95,-3.));
#4311 = SURFACE_CURVE('',#4312,(#4316,#4323),.PCURVE_S1.);
#4312 = LINE('',#4313,#4314);
#4313 = CARTESIAN_POINT('',(-0.95,-1.59,-3.));
#4314 = VECTOR('',#4315,1.);
#4315 = DIRECTION('',(0.,1.,0.));
#4316 = PCURVE('',#4289,#4317);
#4317 = DEFINITIONAL_REPRESENTATION('',(#4318),#4322);
#4318 = LINE('',#4319,#4320);
#4319 = CARTESIAN_POINT('',(0.,0.));
#4320 = VECTOR('',#4321,1.);
#4321 = DIRECTION('',(0.,-1.));
#4322 = ( GEOMETRIC_REPRESENTATION_CONTEXT(2) 
PARAMETRIC_REPRESENTATION_CONTEXT() REPRESENTATION_CONTEXT('2D SPACE',''
  ) );
#4323 = PCURVE('',#4209,#4324);
#4324 = DEFINITIONAL_REPRESENTATION('',(#4325),#4329);
#4325 = LINE('',#4326,#4327);
#4326 = CARTESIAN_POINT('',(0.64,0.));
#4327 = VECTOR('',#4328,1.);
#4328 = DIRECTION('',(0.,1.));
#4329 = ( GEOMETRIC_REPRESENTATION_CONTEXT(2) 
PARAMETRIC_REPRESENTATION_CONTEXT() REPRESENTATION_CONTEXT('2D SPACE',''
  ) );
#4330 = ORIENTED_EDGE('',*,*,#4331,.T.);
#4331 = EDGE_CURVE('',#4309,#4332,#4334,.T.);
#4332 = VERTEX_POINT('',#4333);
#4333 = CARTESIAN_POINT('',(-0.95,-0.95,4.));
#4334 = SURFACE_CURVE('',#4335,(#4339,#4346),.PCURVE_S1.);
#4335 = LINE('',#4336,#4337);
#4336 = CARTESIAN_POINT('',(-0.95,-0.95,-3.));
#4337 = VECTOR('',#4338,1.);
#4338 = DIRECTION('',(0.,0.,1.));
#4339 = PCURVE('',#4289,#4340);
#4340 = DEFINITIONAL_REPRESENTATION('',(#4341),#4345);
#4341 = LINE('',#4342,#4343);
#4342 = CARTESIAN_POINT('',(0.,-0.64));
#4343 = VECTOR('',#4344,1.);
#4344 = DIRECTION('',(1.,0.));
#4345 = ( GEOMETRIC_REPRESENTATION_CONTEXT(2) 
PARAMETRIC_REPRESENTATION_CONTEXT() REPRESENTATION_CONTEXT('2D SPACE',''
  ) );
#4346 = PCURVE('',#4237,#4347);
#4347 = DEFINITIONAL_REPRESENTATION('',(#4348),#4352);
#4348 = LINE('',#4349,#4350);
#4349 = CARTESIAN_POINT('',(0.,0.64));
#4350 = VECTOR('',#4351,1.);
#4351 = DIRECTION('',(1.,0.));
#4352 = ( GEOMETRIC_REPRESENTATION_CONTEXT(2) 
PARAMETRIC_REPRESENTATION_CONTEXT() REPRESENTATION_CONTEXT('2D SPACE',''
  ) );
#4353 = ORIENTED_EDGE('',*,*,#4354,.F.);
#4354 = EDGE_CURVE('',#4281,#4332,#4355,.T.);
#4355 = SURFACE_CURVE('',#4356,(#4360,#4367),.PCURVE_S1.);
#4356 = LINE('',#4357,#4358);
#4357 = CARTESIAN_POINT('',(-0.95,-1.59,4.));
#4358 = VECTOR('',#4359,1.);
#4359 = DIRECTION('',(0.,1.,0.));
#4360 = PCURVE('',#4289,#4361);
#4361 = DEFINITIONAL_REPRESENTATION('',(#4362),#4366);
#4362 = LINE('',#4363,#4364);
#4363 = CARTESIAN_POINT('',(7.,0.));
#4364 = VECTOR('',#4365,1.);
#4365 = DIRECTION('',(0.,-1.));
#4366 = ( GEOMETRIC_REPRESENTATION_CONTEXT(2) 
PARAMETRIC_REPRESENTATION_CONTEXT() REPRESENTATION_CONTEXT('2D SPACE',''
  ) );
#4367 = PCURVE('',#4263,#4368);
#4368 = DEFINITIONAL_REPRESENTATION('',(#4369),#4373);
#4369 = LINE('',#4370,#4371);
#4370 = CARTESIAN_POINT('',(0.64,0.));
#4371 = VECTOR('',#4372,1.);
#4372 = DIRECTION('',(0.,1.));
#4373 = ( GEOMETRIC_REPRESENTATION_CONTEXT(2) 
PARAMETRIC_REPRESENTATION_CONTEXT() REPRESENTATION_CONTEXT('2D SPACE',''
  ) );
#4374 = ADVANCED_FACE('',(#4375),#4181,.F.);
#4375 = FACE_BOUND('',#4376,.F.);
#4376 = EDGE_LOOP('',(#4377,#4398,#4399,#4420));
#4377 = ORIENTED_EDGE('',*,*,#4378,.F.);
#4378 = EDGE_CURVE('',#4159,#4279,#4379,.T.);
#4379 = SURFACE_CURVE('',#4380,(#4384,#4391),.PCURVE_S1.);
#4380 = LINE('',#4381,#4382);
#4381 = CARTESIAN_POINT('',(-1.59,-1.59,-3.));
#4382 = VECTOR('',#4383,1.);
#4383 = DIRECTION('',(1.,0.,0.));
#4384 = PCURVE('',#4181,#4385);
#4385 = DEFINITIONAL_REPRESENTATION('',(#4386),#4390);
#4386 = LINE('',#4387,#4388);
#4387 = CARTESIAN_POINT('',(0.,0.));
#4388 = VECTOR('',#4389,1.);
#4389 = DIRECTION('',(0.,1.));
#4390 = ( GEOMETRIC_REPRESENTATION_CONTEXT(2) 
PARAMETRIC_REPRESENTATION_CONTEXT() REPRESENTATION_CONTEXT('2D SPACE',''
  ) );
#4391 = PCURVE('',#4209,#4392);
#4392 = DEFINITIONAL_REPRESENTATION('',(#4393),#4397);
#4393 = LINE('',#4394,#4395);
#4394 = CARTESIAN_POINT('',(0.,0.));
#4395 = VECTOR('',#4396,1.);
#4396 = DIRECTION('',(1.,0.));
#4397 = ( GEOMETRIC_REPRESENTATION_CONTEXT(2) 
PARAMETRIC_REPRESENTATION_CONTEXT() REPRESENTATION_CONTEXT('2D SPACE',''
  ) );
#4398 = ORIENTED_EDGE('',*,*,#4158,.T.);
#4399 = ORIENTED_EDGE('',*,*,#4400,.T.);
#4400 = EDGE_CURVE('',#4161,#4281,#4401,.T.);
#4401 = SURFACE_CURVE('',#4402,(#4406,#4413),.PCURVE_S1.);
#4402 = LINE('',#4403,#4404);
#4403 = CARTESIAN_POINT('',(-1.59,-1.59,4.));
#4404 = VECTOR('',#4405,1.);
#4405 = DIRECTION('',(1.,0.,0.));
#4406 = PCURVE('',#4181,#4407);
#4407 = DEFINITIONAL_REPRESENTATION('',(#4408),#4412);
#4408 = LINE('',#4409,#4410);
#4409 = CARTESIAN_POINT('',(7.,0.));
#4410 = VECTOR('',#4411,1.);
#4411 = DIRECTION('',(0.,1.));
#4412 = ( GEOMETRIC_REPRESENTATION_CONTEXT(2) 
PARAMETRIC_REPRESENTATION_CONTEXT() REPRESENTATION_CONTEXT('2D SPACE',''
  ) );
#4413 = PCURVE('',#4263,#4414);
#4414 = DEFINITIONAL_REPRESENTATION('',(#4415),#4419);
#4415 = LINE('',#4416,#4417);
#4416 = CARTESIAN_POINT('',(0.,0.));
#4417 = VECTOR('',#4418,1.);
#4418 = DIRECTION('',(1.,0.));
#4419 = ( GEOMETRIC_REPRESENTATION_CONTEXT(2) 
PARAMETRIC_REPRESENTATION_CONTEXT() REPRESENTATION_CONTEXT('2D SPACE',''
  ) );
#4420 = ORIENTED_EDGE('',*,*,#4278,.F.);
#4421 = ADVANCED_FACE('',(#4422),#4237,.T.);
#4422 = FACE_BOUND('',#4423,.T.);
#4423 = EDGE_LOOP('',(#4424,#4445,#4446,#4467));
#4424 = ORIENTED_EDGE('',*,*,#4425,.F.);
#4425 = EDGE_CURVE('',#4194,#4309,#4426,.T.);
#4426 = SURFACE_CURVE('',#4427,(#4431,#4438),.PCURVE_S1.);
#4427 = LINE('',#4428,#4429);
#4428 = CARTESIAN_POINT('',(-1.59,-0.95,-3.));
#4429 = VECTOR('',#4430,1.);
#4430 = DIRECTION('',(1.,0.,0.));
#4431 = PCURVE('',#4237,#4432);
#4432 = DEFINITIONAL_REPRESENTATION('',(#4433),#4437);
#4433 = LINE('',#4434,#4435);
#4434 = CARTESIAN_POINT('',(0.,0.));
#4435 = VECTOR('',#4436,1.);
#4436 = DIRECTION('',(0.,1.));
#4437 = ( GEOMETRIC_REPRESENTATION_CONTEXT(2) 
PARAMETRIC_REPRESENTATION_CONTEXT() REPRESENTATION_CONTEXT('2D SPACE',''
  ) );
#4438 = PCURVE('',#4209,#4439);
#4439 = DEFINITIONAL_REPRESENTATION('',(#4440),#4444);
#4440 = LINE('',#4441,#4442);
#4441 = CARTESIAN_POINT('',(0.,0.64));
#4442 = VECTOR('',#4443,1.);
#4443 = DIRECTION('',(1.,0.));
#4444 = ( GEOMETRIC_REPRESENTATION_CONTEXT(2) 
PARAMETRIC_REPRESENTATION_CONTEXT() REPRESENTATION_CONTEXT('2D SPACE',''
  ) );
#4445 = ORIENTED_EDGE('',*,*,#4221,.T.);
#4446 = ORIENTED_EDGE('',*,*,#4447,.T.);
#4447 = EDGE_CURVE('',#4222,#4332,#4448,.T.);
#4448 = SURFACE_CURVE('',#4449,(#4453,#4460),.PCURVE_S1.);
#4449 = LINE('',#4450,#4451);
#4450 = CARTESIAN_POINT('',(-1.59,-0.95,4.));
#4451 = VECTOR('',#4452,1.);
#4452 = DIRECTION('',(1.,0.,0.));
#4453 = PCURVE('',#4237,#4454);
#4454 = DEFINITIONAL_REPRESENTATION('',(#4455),#4459);
#4455 = LINE('',#4456,#4457);
#4456 = CARTESIAN_POINT('',(7.,0.));
#4457 = VECTOR('',#4458,1.);
#4458 = DIRECTION('',(0.,1.));
#4459 = ( GEOMETRIC_REPRESENTATION_CONTEXT(2) 
PARAMETRIC_REPRESENTATION_CONTEXT() REPRESENTATION_CONTEXT('2D SPACE',''
  ) );
#4460 = PCURVE('',#4263,#4461);
#4461 = DEFINITIONAL_REPRESENTATION('',(#4462),#4466);
#4462 = LINE('',#4463,#4464);
#4463 = CARTESIAN_POINT('',(0.,0.64));
#4464 = VECTOR('',#4465,1.);
#4465 = DIRECTION('',(1.,0.));
#4466 = ( GEOMETRIC_REPRESENTATION_CONTEXT(2) 
PARAMETRIC_REPRESENTATION_CONTEXT() REPRESENTATION_CONTEXT('2D SPACE',''
  ) );
#4467 = ORIENTED_EDGE('',*,*,#4331,.F.);
#4468 = ADVANCED_FACE('',(#4469),#4209,.F.);
#4469 = FACE_BOUND('',#4470,.F.);
#4470 = EDGE_LOOP('',(#4471,#4472,#4473,#4474));
#4471 = ORIENTED_EDGE('',*,*,#4193,.F.);
#4472 = ORIENTED_EDGE('',*,*,#4378,.T.);
#4473 = ORIENTED_EDGE('',*,*,#4308,.T.);
#4474 = ORIENTED_EDGE('',*,*,#4425,.F.);
#4475 = ADVANCED_FACE('',(#4476),#4263,.T.);
#4476 = FACE_BOUND('',#4477,.T.);
#4477 = EDGE_LOOP('',(#4478,#4479,#4480,#4481));
#4478 = ORIENTED_EDGE('',*,*,#4249,.F.);
#4479 = ORIENTED_EDGE('',*,*,#4400,.T.);
#4480 = ORIENTED_EDGE('',*,*,#4354,.T.);
#4481 = ORIENTED_EDGE('',*,*,#4447,.F.);
#4482 = ( GEOMETRIC_REPRESENTATION_CONTEXT(3) 
GLOBAL_UNCERTAINTY_ASSIGNED_CONTEXT((#4486)) 
GLOBAL_UNIT_ASSIGNED_CONTEXT((#4483,#4484,#4485)) REPRESENTATION_CONTEXT
('Context #1','3D Context with UNIT and UNCERTAINTY') );
#4483 = ( LENGTH_UNIT() NAMED_UNIT(*) SI_UNIT(.MILLI.,.METRE.) );
#4484 = ( NAMED_UNIT(*) PLANE_ANGLE_UNIT() SI_UNIT($,.RADIAN.) );
#4485 = ( NAMED_UNIT(*) SI_UNIT($,.STERADIAN.) SOLID_ANGLE_UNIT() );
#4486 = UNCERTAINTY_MEASURE_WITH_UNIT(LENGTH_MEASURE(1.E-07),#4483,
  'distance_accuracy_value','confusion accuracy');
#4487 = CONTEXT_DEPENDENT_SHAPE_REPRESENTATION(#4488,#4490);
#4488 = ( REPRESENTATION_RELATIONSHIP('','',#4151,#10) 
REPRESENTATION_RELATIONSHIP_WITH_TRANSFORMATION(#4489) 
SHAPE_REPRESENTATION_RELATIONSHIP() );
#4489 = ITEM_DEFINED_TRANSFORMATION('','',#11,#59);
#4490 = PRODUCT_DEFINITION_SHAPE('Placement','Placement of an item',
  #4491);
#4491 = NEXT_ASSEMBLY_USAGE_OCCURRENCE('12','Header pin 1 -1.27','',#5,
  #4146,$);
#4492 = PRODUCT_RELATED_PRODUCT_CATEGORY('part',$,(#4148));
#4493 = SHAPE_DEFINITION_REPRESENTATION(#4494,#4500);
#4494 = PRODUCT_DEFINITION_SHAPE('','',#4495);
#4495 = PRODUCT_DEFINITION('design','',#4496,#4499);
#4496 = PRODUCT_DEFINITION_FORMATION('','',#4497);
#4497 = PRODUCT('Header body 1 -1.27','Header body 1 -1.27','',(#4498));
#4498 = PRODUCT_CONTEXT('',#2,'mechanical');
#4499 = PRODUCT_DEFINITION_CONTEXT('part definition',#2,'design');
#4500 = ADVANCED_BREP_SHAPE_REPRESENTATION('',(#11,#4501),#4831);
#4501 = MANIFOLD_SOLID_BREP('',#4502);
#4502 = CLOSED_SHELL('',(#4503,#4623,#4723,#4770,#4817,#4824));
#4503 = ADVANCED_FACE('',(#4504),#4518,.F.);
#4504 = FACE_BOUND('',#4505,.F.);
#4505 = EDGE_LOOP('',(#4506,#4541,#4569,#4597));
#4506 = ORIENTED_EDGE('',*,*,#4507,.F.);
#4507 = EDGE_CURVE('',#4508,#4510,#4512,.T.);
#4508 = VERTEX_POINT('',#4509);
#4509 = CARTESIAN_POINT('',(-2.495,-2.495,1.));
#4510 = VERTEX_POINT('',#4511);
#4511 = CARTESIAN_POINT('',(-2.495,-2.495,3.5));
#4512 = SURFACE_CURVE('',#4513,(#4517,#4529),.PCURVE_S1.);
#4513 = LINE('',#4514,#4515);
#4514 = CARTESIAN_POINT('',(-2.495,-2.495,1.));
#4515 = VECTOR('',#4516,1.);
#4516 = DIRECTION('',(0.,0.,1.));
#4517 = PCURVE('',#4518,#4523);
#4518 = PLANE('',#4519);
#4519 = AXIS2_PLACEMENT_3D('',#4520,#4521,#4522);
#4520 = CARTESIAN_POINT('',(-2.495,-2.495,1.));
#4521 = DIRECTION('',(1.,0.,0.));
#4522 = DIRECTION('',(0.,0.,1.));
#4523 = DEFINITIONAL_REPRESENTATION('',(#4524),#4528);
#4524 = LINE('',#4525,#4526);
#4525 = CARTESIAN_POINT('',(0.,0.));
#4526 = VECTOR('',#4527,1.);
#4527 = DIRECTION('',(1.,0.));
#4528 = ( GEOMETRIC_REPRESENTATION_CONTEXT(2) 
PARAMETRIC_REPRESENTATION_CONTEXT() REPRESENTATION_CONTEXT('2D SPACE',''
  ) );
#4529 = PCURVE('',#4530,#4535);
#4530 = PLANE('',#4531);
#4531 = AXIS2_PLACEMENT_3D('',#4532,#4533,#4534);
#4532 = CARTESIAN_POINT('',(-2.495,-2.495,1.));
#4533 = DIRECTION('',(0.,1.,0.));
#4534 = DIRECTION('',(0.,0.,1.));
#4535 = DEFINITIONAL_REPRESENTATION('',(#4536),#4540);
#4536 = LINE('',#4537,#4538);
#4537 = CARTESIAN_POINT('',(0.,0.));
#4538 = VECTOR('',#4539,1.);
#4539 = DIRECTION('',(1.,0.));
#4540 = ( GEOMETRIC_REPRESENTATION_CONTEXT(2) 
PARAMETRIC_REPRESENTATION_CONTEXT() REPRESENTATION_CONTEXT('2D SPACE',''
  ) );
#4541 = ORIENTED_EDGE('',*,*,#4542,.T.);
#4542 = EDGE_CURVE('',#4508,#4543,#4545,.T.);
#4543 = VERTEX_POINT('',#4544);
#4544 = CARTESIAN_POINT('',(-2.495,-4.5E-02,1.));
#4545 = SURFACE_CURVE('',#4546,(#4550,#4557),.PCURVE_S1.);
#4546 = LINE('',#4547,#4548);
#4547 = CARTESIAN_POINT('',(-2.495,-2.495,1.));
#4548 = VECTOR('',#4549,1.);
#4549 = DIRECTION('',(0.,1.,0.));
#4550 = PCURVE('',#4518,#4551);
#4551 = DEFINITIONAL_REPRESENTATION('',(#4552),#4556);
#4552 = LINE('',#4553,#4554);
#4553 = CARTESIAN_POINT('',(0.,0.));
#4554 = VECTOR('',#4555,1.);
#4555 = DIRECTION('',(0.,-1.));
#4556 = ( GEOMETRIC_REPRESENTATION_CONTEXT(2) 
PARAMETRIC_REPRESENTATION_CONTEXT() REPRESENTATION_CONTEXT('2D SPACE',''
  ) );
#4557 = PCURVE('',#4558,#4563);
#4558 = PLANE('',#4559);
#4559 = AXIS2_PLACEMENT_3D('',#4560,#4561,#4562);
#4560 = CARTESIAN_POINT('',(-2.495,-2.495,1.));
#4561 = DIRECTION('',(0.,0.,1.));
#4562 = DIRECTION('',(1.,0.,0.));
#4563 = DEFINITIONAL_REPRESENTATION('',(#4564),#4568);
#4564 = LINE('',#4565,#4566);
#4565 = CARTESIAN_POINT('',(0.,0.));
#4566 = VECTOR('',#4567,1.);
#4567 = DIRECTION('',(0.,1.));
#4568 = ( GEOMETRIC_REPRESENTATION_CONTEXT(2) 
PARAMETRIC_REPRESENTATION_CONTEXT() REPRESENTATION_CONTEXT('2D SPACE',''
  ) );
#4569 = ORIENTED_EDGE('',*,*,#4570,.T.);
#4570 = EDGE_CURVE('',#4543,#4571,#4573,.T.);
#4571 = VERTEX_POINT('',#4572);
#4572 = CARTESIAN_POINT('',(-2.495,-4.5E-02,3.5));
#4573 = SURFACE_CURVE('',#4574,(#4578,#4585),.PCURVE_S1.);
#4574 = LINE('',#4575,#4576);
#4575 = CARTESIAN_POINT('',(-2.495,-4.5E-02,1.));
#4576 = VECTOR('',#4577,1.);
#4577 = DIRECTION('',(0.,0.,1.));
#4578 = PCURVE('',#4518,#4579);
#4579 = DEFINITIONAL_REPRESENTATION('',(#4580),#4584);
#4580 = LINE('',#4581,#4582);
#4581 = CARTESIAN_POINT('',(0.,-2.45));
#4582 = VECTOR('',#4583,1.);
#4583 = DIRECTION('',(1.,0.));
#4584 = ( GEOMETRIC_REPRESENTATION_CONTEXT(2) 
PARAMETRIC_REPRESENTATION_CONTEXT() REPRESENTATION_CONTEXT('2D SPACE',''
  ) );
#4585 = PCURVE('',#4586,#4591);
#4586 = PLANE('',#4587);
#4587 = AXIS2_PLACEMENT_3D('',#4588,#4589,#4590);
#4588 = CARTESIAN_POINT('',(-2.495,-4.5E-02,1.));
#4589 = DIRECTION('',(0.,1.,0.));
#4590 = DIRECTION('',(0.,0.,1.));
#4591 = DEFINITIONAL_REPRESENTATION('',(#4592),#4596);
#4592 = LINE('',#4593,#4594);
#4593 = CARTESIAN_POINT('',(0.,0.));
#4594 = VECTOR('',#4595,1.);
#4595 = DIRECTION('',(1.,0.));
#4596 = ( GEOMETRIC_REPRESENTATION_CONTEXT(2) 
PARAMETRIC_REPRESENTATION_CONTEXT() REPRESENTATION_CONTEXT('2D SPACE',''
  ) );
#4597 = ORIENTED_EDGE('',*,*,#4598,.F.);
#4598 = EDGE_CURVE('',#4510,#4571,#4599,.T.);
#4599 = SURFACE_CURVE('',#4600,(#4604,#4611),.PCURVE_S1.);
#4600 = LINE('',#4601,#4602);
#4601 = CARTESIAN_POINT('',(-2.495,-2.495,3.5));
#4602 = VECTOR('',#4603,1.);
#4603 = DIRECTION('',(0.,1.,0.));
#4604 = PCURVE('',#4518,#4605);
#4605 = DEFINITIONAL_REPRESENTATION('',(#4606),#4610);
#4606 = LINE('',#4607,#4608);
#4607 = CARTESIAN_POINT('',(2.5,0.));
#4608 = VECTOR('',#4609,1.);
#4609 = DIRECTION('',(0.,-1.));
#4610 = ( GEOMETRIC_REPRESENTATION_CONTEXT(2) 
PARAMETRIC_REPRESENTATION_CONTEXT() REPRESENTATION_CONTEXT('2D SPACE',''
  ) );
#4611 = PCURVE('',#4612,#4617);
#4612 = PLANE('',#4613);
#4613 = AXIS2_PLACEMENT_3D('',#4614,#4615,#4616);
#4614 = CARTESIAN_POINT('',(-2.495,-2.495,3.5));
#4615 = DIRECTION('',(0.,0.,1.));
#4616 = DIRECTION('',(1.,0.,0.));
#4617 = DEFINITIONAL_REPRESENTATION('',(#4618),#4622);
#4618 = LINE('',#4619,#4620);
#4619 = CARTESIAN_POINT('',(0.,0.));
#4620 = VECTOR('',#4621,1.);
#4621 = DIRECTION('',(0.,1.));
#4622 = ( GEOMETRIC_REPRESENTATION_CONTEXT(2) 
PARAMETRIC_REPRESENTATION_CONTEXT() REPRESENTATION_CONTEXT('2D SPACE',''
  ) );
#4623 = ADVANCED_FACE('',(#4624),#4638,.T.);
#4624 = FACE_BOUND('',#4625,.T.);
#4625 = EDGE_LOOP('',(#4626,#4656,#4679,#4702));
#4626 = ORIENTED_EDGE('',*,*,#4627,.F.);
#4627 = EDGE_CURVE('',#4628,#4630,#4632,.T.);
#4628 = VERTEX_POINT('',#4629);
#4629 = CARTESIAN_POINT('',(-4.5E-02,-2.495,1.));
#4630 = VERTEX_POINT('',#4631);
#4631 = CARTESIAN_POINT('',(-4.5E-02,-2.495,3.5));
#4632 = SURFACE_CURVE('',#4633,(#4637,#4649),.PCURVE_S1.);
#4633 = LINE('',#4634,#4635);
#4634 = CARTESIAN_POINT('',(-4.5E-02,-2.495,1.));
#4635 = VECTOR('',#4636,1.);
#4636 = DIRECTION('',(0.,0.,1.));
#4637 = PCURVE('',#4638,#4643);
#4638 = PLANE('',#4639);
#4639 = AXIS2_PLACEMENT_3D('',#4640,#4641,#4642);
#4640 = CARTESIAN_POINT('',(-4.5E-02,-2.495,1.));
#4641 = DIRECTION('',(1.,0.,0.));
#4642 = DIRECTION('',(0.,0.,1.));
#4643 = DEFINITIONAL_REPRESENTATION('',(#4644),#4648);
#4644 = LINE('',#4645,#4646);
#4645 = CARTESIAN_POINT('',(0.,0.));
#4646 = VECTOR('',#4647,1.);
#4647 = DIRECTION('',(1.,0.));
#4648 = ( GEOMETRIC_REPRESENTATION_CONTEXT(2) 
PARAMETRIC_REPRESENTATION_CONTEXT() REPRESENTATION_CONTEXT('2D SPACE',''
  ) );
#4649 = PCURVE('',#4530,#4650);
#4650 = DEFINITIONAL_REPRESENTATION('',(#4651),#4655);
#4651 = LINE('',#4652,#4653);
#4652 = CARTESIAN_POINT('',(0.,2.45));
#4653 = VECTOR('',#4654,1.);
#4654 = DIRECTION('',(1.,0.));
#4655 = ( GEOMETRIC_REPRESENTATION_CONTEXT(2) 
PARAMETRIC_REPRESENTATION_CONTEXT() REPRESENTATION_CONTEXT('2D SPACE',''
  ) );
#4656 = ORIENTED_EDGE('',*,*,#4657,.T.);
#4657 = EDGE_CURVE('',#4628,#4658,#4660,.T.);
#4658 = VERTEX_POINT('',#4659);
#4659 = CARTESIAN_POINT('',(-4.5E-02,-4.5E-02,1.));
#4660 = SURFACE_CURVE('',#4661,(#4665,#4672),.PCURVE_S1.);
#4661 = LINE('',#4662,#4663);
#4662 = CARTESIAN_POINT('',(-4.5E-02,-2.495,1.));
#4663 = VECTOR('',#4664,1.);
#4664 = DIRECTION('',(0.,1.,0.));
#4665 = PCURVE('',#4638,#4666);
#4666 = DEFINITIONAL_REPRESENTATION('',(#4667),#4671);
#4667 = LINE('',#4668,#4669);
#4668 = CARTESIAN_POINT('',(0.,0.));
#4669 = VECTOR('',#4670,1.);
#4670 = DIRECTION('',(0.,-1.));
#4671 = ( GEOMETRIC_REPRESENTATION_CONTEXT(2) 
PARAMETRIC_REPRESENTATION_CONTEXT() REPRESENTATION_CONTEXT('2D SPACE',''
  ) );
#4672 = PCURVE('',#4558,#4673);
#4673 = DEFINITIONAL_REPRESENTATION('',(#4674),#4678);
#4674 = LINE('',#4675,#4676);
#4675 = CARTESIAN_POINT('',(2.45,0.));
#4676 = VECTOR('',#4677,1.);
#4677 = DIRECTION('',(0.,1.));
#4678 = ( GEOMETRIC_REPRESENTATION_CONTEXT(2) 
PARAMETRIC_REPRESENTATION_CONTEXT() REPRESENTATION_CONTEXT('2D SPACE',''
  ) );
#4679 = ORIENTED_EDGE('',*,*,#4680,.T.);
#4680 = EDGE_CURVE('',#4658,#4681,#4683,.T.);
#4681 = VERTEX_POINT('',#4682);
#4682 = CARTESIAN_POINT('',(-4.5E-02,-4.5E-02,3.5));
#4683 = SURFACE_CURVE('',#4684,(#4688,#4695),.PCURVE_S1.);
#4684 = LINE('',#4685,#4686);
#4685 = CARTESIAN_POINT('',(-4.5E-02,-4.5E-02,1.));
#4686 = VECTOR('',#4687,1.);
#4687 = DIRECTION('',(0.,0.,1.));
#4688 = PCURVE('',#4638,#4689);
#4689 = DEFINITIONAL_REPRESENTATION('',(#4690),#4694);
#4690 = LINE('',#4691,#4692);
#4691 = CARTESIAN_POINT('',(0.,-2.45));
#4692 = VECTOR('',#4693,1.);
#4693 = DIRECTION('',(1.,0.));
#4694 = ( GEOMETRIC_REPRESENTATION_CONTEXT(2) 
PARAMETRIC_REPRESENTATION_CONTEXT() REPRESENTATION_CONTEXT('2D SPACE',''
  ) );
#4695 = PCURVE('',#4586,#4696);
#4696 = DEFINITIONAL_REPRESENTATION('',(#4697),#4701);
#4697 = LINE('',#4698,#4699);
#4698 = CARTESIAN_POINT('',(0.,2.45));
#4699 = VECTOR('',#4700,1.);
#4700 = DIRECTION('',(1.,0.));
#4701 = ( GEOMETRIC_REPRESENTATION_CONTEXT(2) 
PARAMETRIC_REPRESENTATION_CONTEXT() REPRESENTATION_CONTEXT('2D SPACE',''
  ) );
#4702 = ORIENTED_EDGE('',*,*,#4703,.F.);
#4703 = EDGE_CURVE('',#4630,#4681,#4704,.T.);
#4704 = SURFACE_CURVE('',#4705,(#4709,#4716),.PCURVE_S1.);
#4705 = LINE('',#4706,#4707);
#4706 = CARTESIAN_POINT('',(-4.5E-02,-2.495,3.5));
#4707 = VECTOR('',#4708,1.);
#4708 = DIRECTION('',(0.,1.,0.));
#4709 = PCURVE('',#4638,#4710);
#4710 = DEFINITIONAL_REPRESENTATION('',(#4711),#4715);
#4711 = LINE('',#4712,#4713);
#4712 = CARTESIAN_POINT('',(2.5,0.));
#4713 = VECTOR('',#4714,1.);
#4714 = DIRECTION('',(0.,-1.));
#4715 = ( GEOMETRIC_REPRESENTATION_CONTEXT(2) 
PARAMETRIC_REPRESENTATION_CONTEXT() REPRESENTATION_CONTEXT('2D SPACE',''
  ) );
#4716 = PCURVE('',#4612,#4717);
#4717 = DEFINITIONAL_REPRESENTATION('',(#4718),#4722);
#4718 = LINE('',#4719,#4720);
#4719 = CARTESIAN_POINT('',(2.45,0.));
#4720 = VECTOR('',#4721,1.);
#4721 = DIRECTION('',(0.,1.));
#4722 = ( GEOMETRIC_REPRESENTATION_CONTEXT(2) 
PARAMETRIC_REPRESENTATION_CONTEXT() REPRESENTATION_CONTEXT('2D SPACE',''
  ) );
#4723 = ADVANCED_FACE('',(#4724),#4530,.F.);
#4724 = FACE_BOUND('',#4725,.F.);
#4725 = EDGE_LOOP('',(#4726,#4747,#4748,#4769));
#4726 = ORIENTED_EDGE('',*,*,#4727,.F.);
#4727 = EDGE_CURVE('',#4508,#4628,#4728,.T.);
#4728 = SURFACE_CURVE('',#4729,(#4733,#4740),.PCURVE_S1.);
#4729 = LINE('',#4730,#4731);
#4730 = CARTESIAN_POINT('',(-2.495,-2.495,1.));
#4731 = VECTOR('',#4732,1.);
#4732 = DIRECTION('',(1.,0.,0.));
#4733 = PCURVE('',#4530,#4734);
#4734 = DEFINITIONAL_REPRESENTATION('',(#4735),#4739);
#4735 = LINE('',#4736,#4737);
#4736 = CARTESIAN_POINT('',(0.,0.));
#4737 = VECTOR('',#4738,1.);
#4738 = DIRECTION('',(0.,1.));
#4739 = ( GEOMETRIC_REPRESENTATION_CONTEXT(2) 
PARAMETRIC_REPRESENTATION_CONTEXT() REPRESENTATION_CONTEXT('2D SPACE',''
  ) );
#4740 = PCURVE('',#4558,#4741);
#4741 = DEFINITIONAL_REPRESENTATION('',(#4742),#4746);
#4742 = LINE('',#4743,#4744);
#4743 = CARTESIAN_POINT('',(0.,0.));
#4744 = VECTOR('',#4745,1.);
#4745 = DIRECTION('',(1.,0.));
#4746 = ( GEOMETRIC_REPRESENTATION_CONTEXT(2) 
PARAMETRIC_REPRESENTATION_CONTEXT() REPRESENTATION_CONTEXT('2D SPACE',''
  ) );
#4747 = ORIENTED_EDGE('',*,*,#4507,.T.);
#4748 = ORIENTED_EDGE('',*,*,#4749,.T.);
#4749 = EDGE_CURVE('',#4510,#4630,#4750,.T.);
#4750 = SURFACE_CURVE('',#4751,(#4755,#4762),.PCURVE_S1.);
#4751 = LINE('',#4752,#4753);
#4752 = CARTESIAN_POINT('',(-2.495,-2.495,3.5));
#4753 = VECTOR('',#4754,1.);
#4754 = DIRECTION('',(1.,0.,0.));
#4755 = PCURVE('',#4530,#4756);
#4756 = DEFINITIONAL_REPRESENTATION('',(#4757),#4761);
#4757 = LINE('',#4758,#4759);
#4758 = CARTESIAN_POINT('',(2.5,0.));
#4759 = VECTOR('',#4760,1.);
#4760 = DIRECTION('',(0.,1.));
#4761 = ( GEOMETRIC_REPRESENTATION_CONTEXT(2) 
PARAMETRIC_REPRESENTATION_CONTEXT() REPRESENTATION_CONTEXT('2D SPACE',''
  ) );
#4762 = PCURVE('',#4612,#4763);
#4763 = DEFINITIONAL_REPRESENTATION('',(#4764),#4768);
#4764 = LINE('',#4765,#4766);
#4765 = CARTESIAN_POINT('',(0.,0.));
#4766 = VECTOR('',#4767,1.);
#4767 = DIRECTION('',(1.,0.));
#4768 = ( GEOMETRIC_REPRESENTATION_CONTEXT(2) 
PARAMETRIC_REPRESENTATION_CONTEXT() REPRESENTATION_CONTEXT('2D SPACE',''
  ) );
#4769 = ORIENTED_EDGE('',*,*,#4627,.F.);
#4770 = ADVANCED_FACE('',(#4771),#4586,.T.);
#4771 = FACE_BOUND('',#4772,.T.);
#4772 = EDGE_LOOP('',(#4773,#4794,#4795,#4816));
#4773 = ORIENTED_EDGE('',*,*,#4774,.F.);
#4774 = EDGE_CURVE('',#4543,#4658,#4775,.T.);
#4775 = SURFACE_CURVE('',#4776,(#4780,#4787),.PCURVE_S1.);
#4776 = LINE('',#4777,#4778);
#4777 = CARTESIAN_POINT('',(-2.495,-4.5E-02,1.));
#4778 = VECTOR('',#4779,1.);
#4779 = DIRECTION('',(1.,0.,0.));
#4780 = PCURVE('',#4586,#4781);
#4781 = DEFINITIONAL_REPRESENTATION('',(#4782),#4786);
#4782 = LINE('',#4783,#4784);
#4783 = CARTESIAN_POINT('',(0.,0.));
#4784 = VECTOR('',#4785,1.);
#4785 = DIRECTION('',(0.,1.));
#4786 = ( GEOMETRIC_REPRESENTATION_CONTEXT(2) 
PARAMETRIC_REPRESENTATION_CONTEXT() REPRESENTATION_CONTEXT('2D SPACE',''
  ) );
#4787 = PCURVE('',#4558,#4788);
#4788 = DEFINITIONAL_REPRESENTATION('',(#4789),#4793);
#4789 = LINE('',#4790,#4791);
#4790 = CARTESIAN_POINT('',(0.,2.45));
#4791 = VECTOR('',#4792,1.);
#4792 = DIRECTION('',(1.,0.));
#4793 = ( GEOMETRIC_REPRESENTATION_CONTEXT(2) 
PARAMETRIC_REPRESENTATION_CONTEXT() REPRESENTATION_CONTEXT('2D SPACE',''
  ) );
#4794 = ORIENTED_EDGE('',*,*,#4570,.T.);
#4795 = ORIENTED_EDGE('',*,*,#4796,.T.);
#4796 = EDGE_CURVE('',#4571,#4681,#4797,.T.);
#4797 = SURFACE_CURVE('',#4798,(#4802,#4809),.PCURVE_S1.);
#4798 = LINE('',#4799,#4800);
#4799 = CARTESIAN_POINT('',(-2.495,-4.5E-02,3.5));
#4800 = VECTOR('',#4801,1.);
#4801 = DIRECTION('',(1.,0.,0.));
#4802 = PCURVE('',#4586,#4803);
#4803 = DEFINITIONAL_REPRESENTATION('',(#4804),#4808);
#4804 = LINE('',#4805,#4806);
#4805 = CARTESIAN_POINT('',(2.5,0.));
#4806 = VECTOR('',#4807,1.);
#4807 = DIRECTION('',(0.,1.));
#4808 = ( GEOMETRIC_REPRESENTATION_CONTEXT(2) 
PARAMETRIC_REPRESENTATION_CONTEXT() REPRESENTATION_CONTEXT('2D SPACE',''
  ) );
#4809 = PCURVE('',#4612,#4810);
#4810 = DEFINITIONAL_REPRESENTATION('',(#4811),#4815);
#4811 = LINE('',#4812,#4813);
#4812 = CARTESIAN_POINT('',(0.,2.45));
#4813 = VECTOR('',#4814,1.);
#4814 = DIRECTION('',(1.,0.));
#4815 = ( GEOMETRIC_REPRESENTATION_CONTEXT(2) 
PARAMETRIC_REPRESENTATION_CONTEXT() REPRESENTATION_CONTEXT('2D SPACE',''
  ) );
#4816 = ORIENTED_EDGE('',*,*,#4680,.F.);
#4817 = ADVANCED_FACE('',(#4818),#4558,.F.);
#4818 = FACE_BOUND('',#4819,.F.);
#4819 = EDGE_LOOP('',(#4820,#4821,#4822,#4823));
#4820 = ORIENTED_EDGE('',*,*,#4542,.F.);
#4821 = ORIENTED_EDGE('',*,*,#4727,.T.);
#4822 = ORIENTED_EDGE('',*,*,#4657,.T.);
#4823 = ORIENTED_EDGE('',*,*,#4774,.F.);
#4824 = ADVANCED_FACE('',(#4825),#4612,.T.);
#4825 = FACE_BOUND('',#4826,.T.);
#4826 = EDGE_LOOP('',(#4827,#4828,#4829,#4830));
#4827 = ORIENTED_EDGE('',*,*,#4598,.F.);
#4828 = ORIENTED_EDGE('',*,*,#4749,.T.);
#4829 = ORIENTED_EDGE('',*,*,#4703,.T.);
#4830 = ORIENTED_EDGE('',*,*,#4796,.F.);
#4831 = ( GEOMETRIC_REPRESENTATION_CONTEXT(3) 
GLOBAL_UNCERTAINTY_ASSIGNED_CONTEXT((#4835)) 
GLOBAL_UNIT_ASSIGNED_CONTEXT((#4832,#4833,#4834)) REPRESENTATION_CONTEXT
('Context #1','3D Context with UNIT and UNCERTAINTY') );
#4832 = ( LENGTH_UNIT() NAMED_UNIT(*) SI_UNIT(.MILLI.,.METRE.) );
#4833 = ( NAMED_UNIT(*) PLANE_ANGLE_UNIT() SI_UNIT($,.RADIAN.) );
#4834 = ( NAMED_UNIT(*) SI_UNIT($,.STERADIAN.) SOLID_ANGLE_UNIT() );
#4835 = UNCERTAINTY_MEASURE_WITH_UNIT(LENGTH_MEASURE(1.E-07),#4832,
  'distance_accuracy_value','confusion accuracy');
#4836 = CONTEXT_DEPENDENT_SHAPE_REPRESENTATION(#4837,#4839);
#4837 = ( REPRESENTATION_RELATIONSHIP('','',#4500,#10) 
REPRESENTATION_RELATIONSHIP_WITH_TRANSFORMATION(#4838) 
SHAPE_REPRESENTATION_RELATIONSHIP() );
#4838 = ITEM_DEFINED_TRANSFORMATION('','',#11,#63);
#4839 = PRODUCT_DEFINITION_SHAPE('Placement','Placement of an item',
  #4840);
#4840 = NEXT_ASSEMBLY_USAGE_OCCURRENCE('13','Header body 1 -1.27','',#5,
  #4495,$);
#4841 = PRODUCT_RELATED_PRODUCT_CATEGORY('part',$,(#4497));
#4842 = SHAPE_DEFINITION_REPRESENTATION(#4843,#4849);
#4843 = PRODUCT_DEFINITION_SHAPE('','',#4844);
#4844 = PRODUCT_DEFINITION('design','',#4845,#4848);
#4845 = PRODUCT_DEFINITION_FORMATION('','',#4846);
#4846 = PRODUCT('Header pin 1 1.27','Header pin 1 1.27','',(#4847));
#4847 = PRODUCT_CONTEXT('',#2,'mechanical');
#4848 = PRODUCT_DEFINITION_CONTEXT('part definition',#2,'design');
#4849 = ADVANCED_BREP_SHAPE_REPRESENTATION('',(#11,#4850),#5180);
#4850 = MANIFOLD_SOLID_BREP('',#4851);
#4851 = CLOSED_SHELL('',(#4852,#4972,#5072,#5119,#5166,#5173));
#4852 = ADVANCED_FACE('',(#4853),#4867,.F.);
#4853 = FACE_BOUND('',#4854,.F.);
#4854 = EDGE_LOOP('',(#4855,#4890,#4918,#4946));
#4855 = ORIENTED_EDGE('',*,*,#4856,.F.);
#4856 = EDGE_CURVE('',#4857,#4859,#4861,.T.);
#4857 = VERTEX_POINT('',#4858);
#4858 = CARTESIAN_POINT('',(0.95,-1.59,-3.));
#4859 = VERTEX_POINT('',#4860);
#4860 = CARTESIAN_POINT('',(0.95,-1.59,4.));
#4861 = SURFACE_CURVE('',#4862,(#4866,#4878),.PCURVE_S1.);
#4862 = LINE('',#4863,#4864);
#4863 = CARTESIAN_POINT('',(0.95,-1.59,-3.));
#4864 = VECTOR('',#4865,1.);
#4865 = DIRECTION('',(0.,0.,1.));
#4866 = PCURVE('',#4867,#4872);
#4867 = PLANE('',#4868);
#4868 = AXIS2_PLACEMENT_3D('',#4869,#4870,#4871);
#4869 = CARTESIAN_POINT('',(0.95,-1.59,-3.));
#4870 = DIRECTION('',(1.,0.,0.));
#4871 = DIRECTION('',(0.,0.,1.));
#4872 = DEFINITIONAL_REPRESENTATION('',(#4873),#4877);
#4873 = LINE('',#4874,#4875);
#4874 = CARTESIAN_POINT('',(0.,0.));
#4875 = VECTOR('',#4876,1.);
#4876 = DIRECTION('',(1.,0.));
#4877 = ( GEOMETRIC_REPRESENTATION_CONTEXT(2) 
PARAMETRIC_REPRESENTATION_CONTEXT() REPRESENTATION_CONTEXT('2D SPACE',''
  ) );
#4878 = PCURVE('',#4879,#4884);
#4879 = PLANE('',#4880);
#4880 = AXIS2_PLACEMENT_3D('',#4881,#4882,#4883);
#4881 = CARTESIAN_POINT('',(0.95,-1.59,-3.));
#4882 = DIRECTION('',(0.,1.,0.));
#4883 = DIRECTION('',(0.,0.,1.));
#4884 = DEFINITIONAL_REPRESENTATION('',(#4885),#4889);
#4885 = LINE('',#4886,#4887);
#4886 = CARTESIAN_POINT('',(0.,0.));
#4887 = VECTOR('',#4888,1.);
#4888 = DIRECTION('',(1.,0.));
#4889 = ( GEOMETRIC_REPRESENTATION_CONTEXT(2) 
PARAMETRIC_REPRESENTATION_CONTEXT() REPRESENTATION_CONTEXT('2D SPACE',''
  ) );
#4890 = ORIENTED_EDGE('',*,*,#4891,.T.);
#4891 = EDGE_CURVE('',#4857,#4892,#4894,.T.);
#4892 = VERTEX_POINT('',#4893);
#4893 = CARTESIAN_POINT('',(0.95,-0.95,-3.));
#4894 = SURFACE_CURVE('',#4895,(#4899,#4906),.PCURVE_S1.);
#4895 = LINE('',#4896,#4897);
#4896 = CARTESIAN_POINT('',(0.95,-1.59,-3.));
#4897 = VECTOR('',#4898,1.);
#4898 = DIRECTION('',(0.,1.,0.));
#4899 = PCURVE('',#4867,#4900);
#4900 = DEFINITIONAL_REPRESENTATION('',(#4901),#4905);
#4901 = LINE('',#4902,#4903);
#4902 = CARTESIAN_POINT('',(0.,0.));
#4903 = VECTOR('',#4904,1.);
#4904 = DIRECTION('',(0.,-1.));
#4905 = ( GEOMETRIC_REPRESENTATION_CONTEXT(2) 
PARAMETRIC_REPRESENTATION_CONTEXT() REPRESENTATION_CONTEXT('2D SPACE',''
  ) );
#4906 = PCURVE('',#4907,#4912);
#4907 = PLANE('',#4908);
#4908 = AXIS2_PLACEMENT_3D('',#4909,#4910,#4911);
#4909 = CARTESIAN_POINT('',(0.95,-1.59,-3.));
#4910 = DIRECTION('',(0.,0.,1.));
#4911 = DIRECTION('',(1.,0.,0.));
#4912 = DEFINITIONAL_REPRESENTATION('',(#4913),#4917);
#4913 = LINE('',#4914,#4915);
#4914 = CARTESIAN_POINT('',(0.,0.));
#4915 = VECTOR('',#4916,1.);
#4916 = DIRECTION('',(0.,1.));
#4917 = ( GEOMETRIC_REPRESENTATION_CONTEXT(2) 
PARAMETRIC_REPRESENTATION_CONTEXT() REPRESENTATION_CONTEXT('2D SPACE',''
  ) );
#4918 = ORIENTED_EDGE('',*,*,#4919,.T.);
#4919 = EDGE_CURVE('',#4892,#4920,#4922,.T.);
#4920 = VERTEX_POINT('',#4921);
#4921 = CARTESIAN_POINT('',(0.95,-0.95,4.));
#4922 = SURFACE_CURVE('',#4923,(#4927,#4934),.PCURVE_S1.);
#4923 = LINE('',#4924,#4925);
#4924 = CARTESIAN_POINT('',(0.95,-0.95,-3.));
#4925 = VECTOR('',#4926,1.);
#4926 = DIRECTION('',(0.,0.,1.));
#4927 = PCURVE('',#4867,#4928);
#4928 = DEFINITIONAL_REPRESENTATION('',(#4929),#4933);
#4929 = LINE('',#4930,#4931);
#4930 = CARTESIAN_POINT('',(0.,-0.64));
#4931 = VECTOR('',#4932,1.);
#4932 = DIRECTION('',(1.,0.));
#4933 = ( GEOMETRIC_REPRESENTATION_CONTEXT(2) 
PARAMETRIC_REPRESENTATION_CONTEXT() REPRESENTATION_CONTEXT('2D SPACE',''
  ) );
#4934 = PCURVE('',#4935,#4940);
#4935 = PLANE('',#4936);
#4936 = AXIS2_PLACEMENT_3D('',#4937,#4938,#4939);
#4937 = CARTESIAN_POINT('',(0.95,-0.95,-3.));
#4938 = DIRECTION('',(0.,1.,0.));
#4939 = DIRECTION('',(0.,0.,1.));
#4940 = DEFINITIONAL_REPRESENTATION('',(#4941),#4945);
#4941 = LINE('',#4942,#4943);
#4942 = CARTESIAN_POINT('',(0.,0.));
#4943 = VECTOR('',#4944,1.);
#4944 = DIRECTION('',(1.,0.));
#4945 = ( GEOMETRIC_REPRESENTATION_CONTEXT(2) 
PARAMETRIC_REPRESENTATION_CONTEXT() REPRESENTATION_CONTEXT('2D SPACE',''
  ) );
#4946 = ORIENTED_EDGE('',*,*,#4947,.F.);
#4947 = EDGE_CURVE('',#4859,#4920,#4948,.T.);
#4948 = SURFACE_CURVE('',#4949,(#4953,#4960),.PCURVE_S1.);
#4949 = LINE('',#4950,#4951);
#4950 = CARTESIAN_POINT('',(0.95,-1.59,4.));
#4951 = VECTOR('',#4952,1.);
#4952 = DIRECTION('',(0.,1.,0.));
#4953 = PCURVE('',#4867,#4954);
#4954 = DEFINITIONAL_REPRESENTATION('',(#4955),#4959);
#4955 = LINE('',#4956,#4957);
#4956 = CARTESIAN_POINT('',(7.,0.));
#4957 = VECTOR('',#4958,1.);
#4958 = DIRECTION('',(0.,-1.));
#4959 = ( GEOMETRIC_REPRESENTATION_CONTEXT(2) 
PARAMETRIC_REPRESENTATION_CONTEXT() REPRESENTATION_CONTEXT('2D SPACE',''
  ) );
#4960 = PCURVE('',#4961,#4966);
#4961 = PLANE('',#4962);
#4962 = AXIS2_PLACEMENT_3D('',#4963,#4964,#4965);
#4963 = CARTESIAN_POINT('',(0.95,-1.59,4.));
#4964 = DIRECTION('',(0.,0.,1.));
#4965 = DIRECTION('',(1.,0.,0.));
#4966 = DEFINITIONAL_REPRESENTATION('',(#4967),#4971);
#4967 = LINE('',#4968,#4969);
#4968 = CARTESIAN_POINT('',(0.,0.));
#4969 = VECTOR('',#4970,1.);
#4970 = DIRECTION('',(0.,1.));
#4971 = ( GEOMETRIC_REPRESENTATION_CONTEXT(2) 
PARAMETRIC_REPRESENTATION_CONTEXT() REPRESENTATION_CONTEXT('2D SPACE',''
  ) );
#4972 = ADVANCED_FACE('',(#4973),#4987,.T.);
#4973 = FACE_BOUND('',#4974,.T.);
#4974 = EDGE_LOOP('',(#4975,#5005,#5028,#5051));
#4975 = ORIENTED_EDGE('',*,*,#4976,.F.);
#4976 = EDGE_CURVE('',#4977,#4979,#4981,.T.);
#4977 = VERTEX_POINT('',#4978);
#4978 = CARTESIAN_POINT('',(1.59,-1.59,-3.));
#4979 = VERTEX_POINT('',#4980);
#4980 = CARTESIAN_POINT('',(1.59,-1.59,4.));
#4981 = SURFACE_CURVE('',#4982,(#4986,#4998),.PCURVE_S1.);
#4982 = LINE('',#4983,#4984);
#4983 = CARTESIAN_POINT('',(1.59,-1.59,-3.));
#4984 = VECTOR('',#4985,1.);
#4985 = DIRECTION('',(0.,0.,1.));
#4986 = PCURVE('',#4987,#4992);
#4987 = PLANE('',#4988);
#4988 = AXIS2_PLACEMENT_3D('',#4989,#4990,#4991);
#4989 = CARTESIAN_POINT('',(1.59,-1.59,-3.));
#4990 = DIRECTION('',(1.,0.,0.));
#4991 = DIRECTION('',(0.,0.,1.));
#4992 = DEFINITIONAL_REPRESENTATION('',(#4993),#4997);
#4993 = LINE('',#4994,#4995);
#4994 = CARTESIAN_POINT('',(0.,0.));
#4995 = VECTOR('',#4996,1.);
#4996 = DIRECTION('',(1.,0.));
#4997 = ( GEOMETRIC_REPRESENTATION_CONTEXT(2) 
PARAMETRIC_REPRESENTATION_CONTEXT() REPRESENTATION_CONTEXT('2D SPACE',''
  ) );
#4998 = PCURVE('',#4879,#4999);
#4999 = DEFINITIONAL_REPRESENTATION('',(#5000),#5004);
#5000 = LINE('',#5001,#5002);
#5001 = CARTESIAN_POINT('',(0.,0.64));
#5002 = VECTOR('',#5003,1.);
#5003 = DIRECTION('',(1.,0.));
#5004 = ( GEOMETRIC_REPRESENTATION_CONTEXT(2) 
PARAMETRIC_REPRESENTATION_CONTEXT() REPRESENTATION_CONTEXT('2D SPACE',''
  ) );
#5005 = ORIENTED_EDGE('',*,*,#5006,.T.);
#5006 = EDGE_CURVE('',#4977,#5007,#5009,.T.);
#5007 = VERTEX_POINT('',#5008);
#5008 = CARTESIAN_POINT('',(1.59,-0.95,-3.));
#5009 = SURFACE_CURVE('',#5010,(#5014,#5021),.PCURVE_S1.);
#5010 = LINE('',#5011,#5012);
#5011 = CARTESIAN_POINT('',(1.59,-1.59,-3.));
#5012 = VECTOR('',#5013,1.);
#5013 = DIRECTION('',(0.,1.,0.));
#5014 = PCURVE('',#4987,#5015);
#5015 = DEFINITIONAL_REPRESENTATION('',(#5016),#5020);
#5016 = LINE('',#5017,#5018);
#5017 = CARTESIAN_POINT('',(0.,0.));
#5018 = VECTOR('',#5019,1.);
#5019 = DIRECTION('',(0.,-1.));
#5020 = ( GEOMETRIC_REPRESENTATION_CONTEXT(2) 
PARAMETRIC_REPRESENTATION_CONTEXT() REPRESENTATION_CONTEXT('2D SPACE',''
  ) );
#5021 = PCURVE('',#4907,#5022);
#5022 = DEFINITIONAL_REPRESENTATION('',(#5023),#5027);
#5023 = LINE('',#5024,#5025);
#5024 = CARTESIAN_POINT('',(0.64,0.));
#5025 = VECTOR('',#5026,1.);
#5026 = DIRECTION('',(0.,1.));
#5027 = ( GEOMETRIC_REPRESENTATION_CONTEXT(2) 
PARAMETRIC_REPRESENTATION_CONTEXT() REPRESENTATION_CONTEXT('2D SPACE',''
  ) );
#5028 = ORIENTED_EDGE('',*,*,#5029,.T.);
#5029 = EDGE_CURVE('',#5007,#5030,#5032,.T.);
#5030 = VERTEX_POINT('',#5031);
#5031 = CARTESIAN_POINT('',(1.59,-0.95,4.));
#5032 = SURFACE_CURVE('',#5033,(#5037,#5044),.PCURVE_S1.);
#5033 = LINE('',#5034,#5035);
#5034 = CARTESIAN_POINT('',(1.59,-0.95,-3.));
#5035 = VECTOR('',#5036,1.);
#5036 = DIRECTION('',(0.,0.,1.));
#5037 = PCURVE('',#4987,#5038);
#5038 = DEFINITIONAL_REPRESENTATION('',(#5039),#5043);
#5039 = LINE('',#5040,#5041);
#5040 = CARTESIAN_POINT('',(0.,-0.64));
#5041 = VECTOR('',#5042,1.);
#5042 = DIRECTION('',(1.,0.));
#5043 = ( GEOMETRIC_REPRESENTATION_CONTEXT(2) 
PARAMETRIC_REPRESENTATION_CONTEXT() REPRESENTATION_CONTEXT('2D SPACE',''
  ) );
#5044 = PCURVE('',#4935,#5045);
#5045 = DEFINITIONAL_REPRESENTATION('',(#5046),#5050);
#5046 = LINE('',#5047,#5048);
#5047 = CARTESIAN_POINT('',(0.,0.64));
#5048 = VECTOR('',#5049,1.);
#5049 = DIRECTION('',(1.,0.));
#5050 = ( GEOMETRIC_REPRESENTATION_CONTEXT(2) 
PARAMETRIC_REPRESENTATION_CONTEXT() REPRESENTATION_CONTEXT('2D SPACE',''
  ) );
#5051 = ORIENTED_EDGE('',*,*,#5052,.F.);
#5052 = EDGE_CURVE('',#4979,#5030,#5053,.T.);
#5053 = SURFACE_CURVE('',#5054,(#5058,#5065),.PCURVE_S1.);
#5054 = LINE('',#5055,#5056);
#5055 = CARTESIAN_POINT('',(1.59,-1.59,4.));
#5056 = VECTOR('',#5057,1.);
#5057 = DIRECTION('',(0.,1.,0.));
#5058 = PCURVE('',#4987,#5059);
#5059 = DEFINITIONAL_REPRESENTATION('',(#5060),#5064);
#5060 = LINE('',#5061,#5062);
#5061 = CARTESIAN_POINT('',(7.,0.));
#5062 = VECTOR('',#5063,1.);
#5063 = DIRECTION('',(0.,-1.));
#5064 = ( GEOMETRIC_REPRESENTATION_CONTEXT(2) 
PARAMETRIC_REPRESENTATION_CONTEXT() REPRESENTATION_CONTEXT('2D SPACE',''
  ) );
#5065 = PCURVE('',#4961,#5066);
#5066 = DEFINITIONAL_REPRESENTATION('',(#5067),#5071);
#5067 = LINE('',#5068,#5069);
#5068 = CARTESIAN_POINT('',(0.64,0.));
#5069 = VECTOR('',#5070,1.);
#5070 = DIRECTION('',(0.,1.));
#5071 = ( GEOMETRIC_REPRESENTATION_CONTEXT(2) 
PARAMETRIC_REPRESENTATION_CONTEXT() REPRESENTATION_CONTEXT('2D SPACE',''
  ) );
#5072 = ADVANCED_FACE('',(#5073),#4879,.F.);
#5073 = FACE_BOUND('',#5074,.F.);
#5074 = EDGE_LOOP('',(#5075,#5096,#5097,#5118));
#5075 = ORIENTED_EDGE('',*,*,#5076,.F.);
#5076 = EDGE_CURVE('',#4857,#4977,#5077,.T.);
#5077 = SURFACE_CURVE('',#5078,(#5082,#5089),.PCURVE_S1.);
#5078 = LINE('',#5079,#5080);
#5079 = CARTESIAN_POINT('',(0.95,-1.59,-3.));
#5080 = VECTOR('',#5081,1.);
#5081 = DIRECTION('',(1.,0.,0.));
#5082 = PCURVE('',#4879,#5083);
#5083 = DEFINITIONAL_REPRESENTATION('',(#5084),#5088);
#5084 = LINE('',#5085,#5086);
#5085 = CARTESIAN_POINT('',(0.,0.));
#5086 = VECTOR('',#5087,1.);
#5087 = DIRECTION('',(0.,1.));
#5088 = ( GEOMETRIC_REPRESENTATION_CONTEXT(2) 
PARAMETRIC_REPRESENTATION_CONTEXT() REPRESENTATION_CONTEXT('2D SPACE',''
  ) );
#5089 = PCURVE('',#4907,#5090);
#5090 = DEFINITIONAL_REPRESENTATION('',(#5091),#5095);
#5091 = LINE('',#5092,#5093);
#5092 = CARTESIAN_POINT('',(0.,0.));
#5093 = VECTOR('',#5094,1.);
#5094 = DIRECTION('',(1.,0.));
#5095 = ( GEOMETRIC_REPRESENTATION_CONTEXT(2) 
PARAMETRIC_REPRESENTATION_CONTEXT() REPRESENTATION_CONTEXT('2D SPACE',''
  ) );
#5096 = ORIENTED_EDGE('',*,*,#4856,.T.);
#5097 = ORIENTED_EDGE('',*,*,#5098,.T.);
#5098 = EDGE_CURVE('',#4859,#4979,#5099,.T.);
#5099 = SURFACE_CURVE('',#5100,(#5104,#5111),.PCURVE_S1.);
#5100 = LINE('',#5101,#5102);
#5101 = CARTESIAN_POINT('',(0.95,-1.59,4.));
#5102 = VECTOR('',#5103,1.);
#5103 = DIRECTION('',(1.,0.,0.));
#5104 = PCURVE('',#4879,#5105);
#5105 = DEFINITIONAL_REPRESENTATION('',(#5106),#5110);
#5106 = LINE('',#5107,#5108);
#5107 = CARTESIAN_POINT('',(7.,0.));
#5108 = VECTOR('',#5109,1.);
#5109 = DIRECTION('',(0.,1.));
#5110 = ( GEOMETRIC_REPRESENTATION_CONTEXT(2) 
PARAMETRIC_REPRESENTATION_CONTEXT() REPRESENTATION_CONTEXT('2D SPACE',''
  ) );
#5111 = PCURVE('',#4961,#5112);
#5112 = DEFINITIONAL_REPRESENTATION('',(#5113),#5117);
#5113 = LINE('',#5114,#5115);
#5114 = CARTESIAN_POINT('',(0.,0.));
#5115 = VECTOR('',#5116,1.);
#5116 = DIRECTION('',(1.,0.));
#5117 = ( GEOMETRIC_REPRESENTATION_CONTEXT(2) 
PARAMETRIC_REPRESENTATION_CONTEXT() REPRESENTATION_CONTEXT('2D SPACE',''
  ) );
#5118 = ORIENTED_EDGE('',*,*,#4976,.F.);
#5119 = ADVANCED_FACE('',(#5120),#4935,.T.);
#5120 = FACE_BOUND('',#5121,.T.);
#5121 = EDGE_LOOP('',(#5122,#5143,#5144,#5165));
#5122 = ORIENTED_EDGE('',*,*,#5123,.F.);
#5123 = EDGE_CURVE('',#4892,#5007,#5124,.T.);
#5124 = SURFACE_CURVE('',#5125,(#5129,#5136),.PCURVE_S1.);
#5125 = LINE('',#5126,#5127);
#5126 = CARTESIAN_POINT('',(0.95,-0.95,-3.));
#5127 = VECTOR('',#5128,1.);
#5128 = DIRECTION('',(1.,0.,0.));
#5129 = PCURVE('',#4935,#5130);
#5130 = DEFINITIONAL_REPRESENTATION('',(#5131),#5135);
#5131 = LINE('',#5132,#5133);
#5132 = CARTESIAN_POINT('',(0.,0.));
#5133 = VECTOR('',#5134,1.);
#5134 = DIRECTION('',(0.,1.));
#5135 = ( GEOMETRIC_REPRESENTATION_CONTEXT(2) 
PARAMETRIC_REPRESENTATION_CONTEXT() REPRESENTATION_CONTEXT('2D SPACE',''
  ) );
#5136 = PCURVE('',#4907,#5137);
#5137 = DEFINITIONAL_REPRESENTATION('',(#5138),#5142);
#5138 = LINE('',#5139,#5140);
#5139 = CARTESIAN_POINT('',(0.,0.64));
#5140 = VECTOR('',#5141,1.);
#5141 = DIRECTION('',(1.,0.));
#5142 = ( GEOMETRIC_REPRESENTATION_CONTEXT(2) 
PARAMETRIC_REPRESENTATION_CONTEXT() REPRESENTATION_CONTEXT('2D SPACE',''
  ) );
#5143 = ORIENTED_EDGE('',*,*,#4919,.T.);
#5144 = ORIENTED_EDGE('',*,*,#5145,.T.);
#5145 = EDGE_CURVE('',#4920,#5030,#5146,.T.);
#5146 = SURFACE_CURVE('',#5147,(#5151,#5158),.PCURVE_S1.);
#5147 = LINE('',#5148,#5149);
#5148 = CARTESIAN_POINT('',(0.95,-0.95,4.));
#5149 = VECTOR('',#5150,1.);
#5150 = DIRECTION('',(1.,0.,0.));
#5151 = PCURVE('',#4935,#5152);
#5152 = DEFINITIONAL_REPRESENTATION('',(#5153),#5157);
#5153 = LINE('',#5154,#5155);
#5154 = CARTESIAN_POINT('',(7.,0.));
#5155 = VECTOR('',#5156,1.);
#5156 = DIRECTION('',(0.,1.));
#5157 = ( GEOMETRIC_REPRESENTATION_CONTEXT(2) 
PARAMETRIC_REPRESENTATION_CONTEXT() REPRESENTATION_CONTEXT('2D SPACE',''
  ) );
#5158 = PCURVE('',#4961,#5159);
#5159 = DEFINITIONAL_REPRESENTATION('',(#5160),#5164);
#5160 = LINE('',#5161,#5162);
#5161 = CARTESIAN_POINT('',(0.,0.64));
#5162 = VECTOR('',#5163,1.);
#5163 = DIRECTION('',(1.,0.));
#5164 = ( GEOMETRIC_REPRESENTATION_CONTEXT(2) 
PARAMETRIC_REPRESENTATION_CONTEXT() REPRESENTATION_CONTEXT('2D SPACE',''
  ) );
#5165 = ORIENTED_EDGE('',*,*,#5029,.F.);
#5166 = ADVANCED_FACE('',(#5167),#4907,.F.);
#5167 = FACE_BOUND('',#5168,.F.);
#5168 = EDGE_LOOP('',(#5169,#5170,#5171,#5172));
#5169 = ORIENTED_EDGE('',*,*,#4891,.F.);
#5170 = ORIENTED_EDGE('',*,*,#5076,.T.);
#5171 = ORIENTED_EDGE('',*,*,#5006,.T.);
#5172 = ORIENTED_EDGE('',*,*,#5123,.F.);
#5173 = ADVANCED_FACE('',(#5174),#4961,.T.);
#5174 = FACE_BOUND('',#5175,.T.);
#5175 = EDGE_LOOP('',(#5176,#5177,#5178,#5179));
#5176 = ORIENTED_EDGE('',*,*,#4947,.F.);
#5177 = ORIENTED_EDGE('',*,*,#5098,.T.);
#5178 = ORIENTED_EDGE('',*,*,#5052,.T.);
#5179 = ORIENTED_EDGE('',*,*,#5145,.F.);
#5180 = ( GEOMETRIC_REPRESENTATION_CONTEXT(3) 
GLOBAL_UNCERTAINTY_ASSIGNED_CONTEXT((#5184)) 
GLOBAL_UNIT_ASSIGNED_CONTEXT((#5181,#5182,#5183)) REPRESENTATION_CONTEXT
('Context #1','3D Context with UNIT and UNCERTAINTY') );
#5181 = ( LENGTH_UNIT() NAMED_UNIT(*) SI_UNIT(.MILLI.,.METRE.) );
#5182 = ( NAMED_UNIT(*) PLANE_ANGLE_UNIT() SI_UNIT($,.RADIAN.) );
#5183 = ( NAMED_UNIT(*) SI_UNIT($,.STERADIAN.) SOLID_ANGLE_UNIT() );
#5184 = UNCERTAINTY_MEASURE_WITH_UNIT(LENGTH_MEASURE(1.E-07),#5181,
  'distance_accuracy_value','confusion accuracy');
#5185 = CONTEXT_DEPENDENT_SHAPE_REPRESENTATION(#5186,#5188);
#5186 = ( REPRESENTATION_RELATIONSHIP('','',#4849,#10) 
REPRESENTATION_RELATIONSHIP_WITH_TRANSFORMATION(#5187) 
SHAPE_REPRESENTATION_RELATIONSHIP() );
#5187 = ITEM_DEFINED_TRANSFORMATION('','',#11,#67);
#5188 = PRODUCT_DEFINITION_SHAPE('Placement','Placement of an item',
  #5189);
#5189 = NEXT_ASSEMBLY_USAGE_OCCURRENCE('14','Header pin 1 1.27','',#5,
  #4844,$);
#5190 = PRODUCT_RELATED_PRODUCT_CATEGORY('part',$,(#4846));
#5191 = SHAPE_DEFINITION_REPRESENTATION(#5192,#5198);
#5192 = PRODUCT_DEFINITION_SHAPE('','',#5193);
#5193 = PRODUCT_DEFINITION('design','',#5194,#5197);
#5194 = PRODUCT_DEFINITION_FORMATION('','',#5195);
#5195 = PRODUCT('Header body 1 1.27','Header body 1 1.27','',(#5196));
#5196 = PRODUCT_CONTEXT('',#2,'mechanical');
#5197 = PRODUCT_DEFINITION_CONTEXT('part definition',#2,'design');
#5198 = ADVANCED_BREP_SHAPE_REPRESENTATION('',(#11,#5199),#5529);
#5199 = MANIFOLD_SOLID_BREP('',#5200);
#5200 = CLOSED_SHELL('',(#5201,#5321,#5421,#5468,#5515,#5522));
#5201 = ADVANCED_FACE('',(#5202),#5216,.F.);
#5202 = FACE_BOUND('',#5203,.F.);
#5203 = EDGE_LOOP('',(#5204,#5239,#5267,#5295));
#5204 = ORIENTED_EDGE('',*,*,#5205,.F.);
#5205 = EDGE_CURVE('',#5206,#5208,#5210,.T.);
#5206 = VERTEX_POINT('',#5207);
#5207 = CARTESIAN_POINT('',(4.5E-02,-2.495,1.));
#5208 = VERTEX_POINT('',#5209);
#5209 = CARTESIAN_POINT('',(4.5E-02,-2.495,3.5));
#5210 = SURFACE_CURVE('',#5211,(#5215,#5227),.PCURVE_S1.);
#5211 = LINE('',#5212,#5213);
#5212 = CARTESIAN_POINT('',(4.5E-02,-2.495,1.));
#5213 = VECTOR('',#5214,1.);
#5214 = DIRECTION('',(0.,0.,1.));
#5215 = PCURVE('',#5216,#5221);
#5216 = PLANE('',#5217);
#5217 = AXIS2_PLACEMENT_3D('',#5218,#5219,#5220);
#5218 = CARTESIAN_POINT('',(4.5E-02,-2.495,1.));
#5219 = DIRECTION('',(1.,0.,0.));
#5220 = DIRECTION('',(0.,0.,1.));
#5221 = DEFINITIONAL_REPRESENTATION('',(#5222),#5226);
#5222 = LINE('',#5223,#5224);
#5223 = CARTESIAN_POINT('',(0.,0.));
#5224 = VECTOR('',#5225,1.);
#5225 = DIRECTION('',(1.,0.));
#5226 = ( GEOMETRIC_REPRESENTATION_CONTEXT(2) 
PARAMETRIC_REPRESENTATION_CONTEXT() REPRESENTATION_CONTEXT('2D SPACE',''
  ) );
#5227 = PCURVE('',#5228,#5233);
#5228 = PLANE('',#5229);
#5229 = AXIS2_PLACEMENT_3D('',#5230,#5231,#5232);
#5230 = CARTESIAN_POINT('',(4.5E-02,-2.495,1.));
#5231 = DIRECTION('',(0.,1.,0.));
#5232 = DIRECTION('',(0.,0.,1.));
#5233 = DEFINITIONAL_REPRESENTATION('',(#5234),#5238);
#5234 = LINE('',#5235,#5236);
#5235 = CARTESIAN_POINT('',(0.,0.));
#5236 = VECTOR('',#5237,1.);
#5237 = DIRECTION('',(1.,0.));
#5238 = ( GEOMETRIC_REPRESENTATION_CONTEXT(2) 
PARAMETRIC_REPRESENTATION_CONTEXT() REPRESENTATION_CONTEXT('2D SPACE',''
  ) );
#5239 = ORIENTED_EDGE('',*,*,#5240,.T.);
#5240 = EDGE_CURVE('',#5206,#5241,#5243,.T.);
#5241 = VERTEX_POINT('',#5242);
#5242 = CARTESIAN_POINT('',(4.5E-02,-4.5E-02,1.));
#5243 = SURFACE_CURVE('',#5244,(#5248,#5255),.PCURVE_S1.);
#5244 = LINE('',#5245,#5246);
#5245 = CARTESIAN_POINT('',(4.5E-02,-2.495,1.));
#5246 = VECTOR('',#5247,1.);
#5247 = DIRECTION('',(0.,1.,0.));
#5248 = PCURVE('',#5216,#5249);
#5249 = DEFINITIONAL_REPRESENTATION('',(#5250),#5254);
#5250 = LINE('',#5251,#5252);
#5251 = CARTESIAN_POINT('',(0.,0.));
#5252 = VECTOR('',#5253,1.);
#5253 = DIRECTION('',(0.,-1.));
#5254 = ( GEOMETRIC_REPRESENTATION_CONTEXT(2) 
PARAMETRIC_REPRESENTATION_CONTEXT() REPRESENTATION_CONTEXT('2D SPACE',''
  ) );
#5255 = PCURVE('',#5256,#5261);
#5256 = PLANE('',#5257);
#5257 = AXIS2_PLACEMENT_3D('',#5258,#5259,#5260);
#5258 = CARTESIAN_POINT('',(4.5E-02,-2.495,1.));
#5259 = DIRECTION('',(0.,0.,1.));
#5260 = DIRECTION('',(1.,0.,0.));
#5261 = DEFINITIONAL_REPRESENTATION('',(#5262),#5266);
#5262 = LINE('',#5263,#5264);
#5263 = CARTESIAN_POINT('',(0.,0.));
#5264 = VECTOR('',#5265,1.);
#5265 = DIRECTION('',(0.,1.));
#5266 = ( GEOMETRIC_REPRESENTATION_CONTEXT(2) 
PARAMETRIC_REPRESENTATION_CONTEXT() REPRESENTATION_CONTEXT('2D SPACE',''
  ) );
#5267 = ORIENTED_EDGE('',*,*,#5268,.T.);
#5268 = EDGE_CURVE('',#5241,#5269,#5271,.T.);
#5269 = VERTEX_POINT('',#5270);
#5270 = CARTESIAN_POINT('',(4.5E-02,-4.5E-02,3.5));
#5271 = SURFACE_CURVE('',#5272,(#5276,#5283),.PCURVE_S1.);
#5272 = LINE('',#5273,#5274);
#5273 = CARTESIAN_POINT('',(4.5E-02,-4.5E-02,1.));
#5274 = VECTOR('',#5275,1.);
#5275 = DIRECTION('',(0.,0.,1.));
#5276 = PCURVE('',#5216,#5277);
#5277 = DEFINITIONAL_REPRESENTATION('',(#5278),#5282);
#5278 = LINE('',#5279,#5280);
#5279 = CARTESIAN_POINT('',(0.,-2.45));
#5280 = VECTOR('',#5281,1.);
#5281 = DIRECTION('',(1.,0.));
#5282 = ( GEOMETRIC_REPRESENTATION_CONTEXT(2) 
PARAMETRIC_REPRESENTATION_CONTEXT() REPRESENTATION_CONTEXT('2D SPACE',''
  ) );
#5283 = PCURVE('',#5284,#5289);
#5284 = PLANE('',#5285);
#5285 = AXIS2_PLACEMENT_3D('',#5286,#5287,#5288);
#5286 = CARTESIAN_POINT('',(4.5E-02,-4.5E-02,1.));
#5287 = DIRECTION('',(0.,1.,0.));
#5288 = DIRECTION('',(0.,0.,1.));
#5289 = DEFINITIONAL_REPRESENTATION('',(#5290),#5294);
#5290 = LINE('',#5291,#5292);
#5291 = CARTESIAN_POINT('',(0.,0.));
#5292 = VECTOR('',#5293,1.);
#5293 = DIRECTION('',(1.,0.));
#5294 = ( GEOMETRIC_REPRESENTATION_CONTEXT(2) 
PARAMETRIC_REPRESENTATION_CONTEXT() REPRESENTATION_CONTEXT('2D SPACE',''
  ) );
#5295 = ORIENTED_EDGE('',*,*,#5296,.F.);
#5296 = EDGE_CURVE('',#5208,#5269,#5297,.T.);
#5297 = SURFACE_CURVE('',#5298,(#5302,#5309),.PCURVE_S1.);
#5298 = LINE('',#5299,#5300);
#5299 = CARTESIAN_POINT('',(4.5E-02,-2.495,3.5));
#5300 = VECTOR('',#5301,1.);
#5301 = DIRECTION('',(0.,1.,0.));
#5302 = PCURVE('',#5216,#5303);
#5303 = DEFINITIONAL_REPRESENTATION('',(#5304),#5308);
#5304 = LINE('',#5305,#5306);
#5305 = CARTESIAN_POINT('',(2.5,0.));
#5306 = VECTOR('',#5307,1.);
#5307 = DIRECTION('',(0.,-1.));
#5308 = ( GEOMETRIC_REPRESENTATION_CONTEXT(2) 
PARAMETRIC_REPRESENTATION_CONTEXT() REPRESENTATION_CONTEXT('2D SPACE',''
  ) );
#5309 = PCURVE('',#5310,#5315);
#5310 = PLANE('',#5311);
#5311 = AXIS2_PLACEMENT_3D('',#5312,#5313,#5314);
#5312 = CARTESIAN_POINT('',(4.5E-02,-2.495,3.5));
#5313 = DIRECTION('',(0.,0.,1.));
#5314 = DIRECTION('',(1.,0.,0.));
#5315 = DEFINITIONAL_REPRESENTATION('',(#5316),#5320);
#5316 = LINE('',#5317,#5318);
#5317 = CARTESIAN_POINT('',(0.,0.));
#5318 = VECTOR('',#5319,1.);
#5319 = DIRECTION('',(0.,1.));
#5320 = ( GEOMETRIC_REPRESENTATION_CONTEXT(2) 
PARAMETRIC_REPRESENTATION_CONTEXT() REPRESENTATION_CONTEXT('2D SPACE',''
  ) );
#5321 = ADVANCED_FACE('',(#5322),#5336,.T.);
#5322 = FACE_BOUND('',#5323,.T.);
#5323 = EDGE_LOOP('',(#5324,#5354,#5377,#5400));
#5324 = ORIENTED_EDGE('',*,*,#5325,.F.);
#5325 = EDGE_CURVE('',#5326,#5328,#5330,.T.);
#5326 = VERTEX_POINT('',#5327);
#5327 = CARTESIAN_POINT('',(2.495,-2.495,1.));
#5328 = VERTEX_POINT('',#5329);
#5329 = CARTESIAN_POINT('',(2.495,-2.495,3.5));
#5330 = SURFACE_CURVE('',#5331,(#5335,#5347),.PCURVE_S1.);
#5331 = LINE('',#5332,#5333);
#5332 = CARTESIAN_POINT('',(2.495,-2.495,1.));
#5333 = VECTOR('',#5334,1.);
#5334 = DIRECTION('',(0.,0.,1.));
#5335 = PCURVE('',#5336,#5341);
#5336 = PLANE('',#5337);
#5337 = AXIS2_PLACEMENT_3D('',#5338,#5339,#5340);
#5338 = CARTESIAN_POINT('',(2.495,-2.495,1.));
#5339 = DIRECTION('',(1.,0.,0.));
#5340 = DIRECTION('',(0.,0.,1.));
#5341 = DEFINITIONAL_REPRESENTATION('',(#5342),#5346);
#5342 = LINE('',#5343,#5344);
#5343 = CARTESIAN_POINT('',(0.,0.));
#5344 = VECTOR('',#5345,1.);
#5345 = DIRECTION('',(1.,0.));
#5346 = ( GEOMETRIC_REPRESENTATION_CONTEXT(2) 
PARAMETRIC_REPRESENTATION_CONTEXT() REPRESENTATION_CONTEXT('2D SPACE',''
  ) );
#5347 = PCURVE('',#5228,#5348);
#5348 = DEFINITIONAL_REPRESENTATION('',(#5349),#5353);
#5349 = LINE('',#5350,#5351);
#5350 = CARTESIAN_POINT('',(0.,2.45));
#5351 = VECTOR('',#5352,1.);
#5352 = DIRECTION('',(1.,0.));
#5353 = ( GEOMETRIC_REPRESENTATION_CONTEXT(2) 
PARAMETRIC_REPRESENTATION_CONTEXT() REPRESENTATION_CONTEXT('2D SPACE',''
  ) );
#5354 = ORIENTED_EDGE('',*,*,#5355,.T.);
#5355 = EDGE_CURVE('',#5326,#5356,#5358,.T.);
#5356 = VERTEX_POINT('',#5357);
#5357 = CARTESIAN_POINT('',(2.495,-4.5E-02,1.));
#5358 = SURFACE_CURVE('',#5359,(#5363,#5370),.PCURVE_S1.);
#5359 = LINE('',#5360,#5361);
#5360 = CARTESIAN_POINT('',(2.495,-2.495,1.));
#5361 = VECTOR('',#5362,1.);
#5362 = DIRECTION('',(0.,1.,0.));
#5363 = PCURVE('',#5336,#5364);
#5364 = DEFINITIONAL_REPRESENTATION('',(#5365),#5369);
#5365 = LINE('',#5366,#5367);
#5366 = CARTESIAN_POINT('',(0.,0.));
#5367 = VECTOR('',#5368,1.);
#5368 = DIRECTION('',(0.,-1.));
#5369 = ( GEOMETRIC_REPRESENTATION_CONTEXT(2) 
PARAMETRIC_REPRESENTATION_CONTEXT() REPRESENTATION_CONTEXT('2D SPACE',''
  ) );
#5370 = PCURVE('',#5256,#5371);
#5371 = DEFINITIONAL_REPRESENTATION('',(#5372),#5376);
#5372 = LINE('',#5373,#5374);
#5373 = CARTESIAN_POINT('',(2.45,0.));
#5374 = VECTOR('',#5375,1.);
#5375 = DIRECTION('',(0.,1.));
#5376 = ( GEOMETRIC_REPRESENTATION_CONTEXT(2) 
PARAMETRIC_REPRESENTATION_CONTEXT() REPRESENTATION_CONTEXT('2D SPACE',''
  ) );
#5377 = ORIENTED_EDGE('',*,*,#5378,.T.);
#5378 = EDGE_CURVE('',#5356,#5379,#5381,.T.);
#5379 = VERTEX_POINT('',#5380);
#5380 = CARTESIAN_POINT('',(2.495,-4.5E-02,3.5));
#5381 = SURFACE_CURVE('',#5382,(#5386,#5393),.PCURVE_S1.);
#5382 = LINE('',#5383,#5384);
#5383 = CARTESIAN_POINT('',(2.495,-4.5E-02,1.));
#5384 = VECTOR('',#5385,1.);
#5385 = DIRECTION('',(0.,0.,1.));
#5386 = PCURVE('',#5336,#5387);
#5387 = DEFINITIONAL_REPRESENTATION('',(#5388),#5392);
#5388 = LINE('',#5389,#5390);
#5389 = CARTESIAN_POINT('',(0.,-2.45));
#5390 = VECTOR('',#5391,1.);
#5391 = DIRECTION('',(1.,0.));
#5392 = ( GEOMETRIC_REPRESENTATION_CONTEXT(2) 
PARAMETRIC_REPRESENTATION_CONTEXT() REPRESENTATION_CONTEXT('2D SPACE',''
  ) );
#5393 = PCURVE('',#5284,#5394);
#5394 = DEFINITIONAL_REPRESENTATION('',(#5395),#5399);
#5395 = LINE('',#5396,#5397);
#5396 = CARTESIAN_POINT('',(0.,2.45));
#5397 = VECTOR('',#5398,1.);
#5398 = DIRECTION('',(1.,0.));
#5399 = ( GEOMETRIC_REPRESENTATION_CONTEXT(2) 
PARAMETRIC_REPRESENTATION_CONTEXT() REPRESENTATION_CONTEXT('2D SPACE',''
  ) );
#5400 = ORIENTED_EDGE('',*,*,#5401,.F.);
#5401 = EDGE_CURVE('',#5328,#5379,#5402,.T.);
#5402 = SURFACE_CURVE('',#5403,(#5407,#5414),.PCURVE_S1.);
#5403 = LINE('',#5404,#5405);
#5404 = CARTESIAN_POINT('',(2.495,-2.495,3.5));
#5405 = VECTOR('',#5406,1.);
#5406 = DIRECTION('',(0.,1.,0.));
#5407 = PCURVE('',#5336,#5408);
#5408 = DEFINITIONAL_REPRESENTATION('',(#5409),#5413);
#5409 = LINE('',#5410,#5411);
#5410 = CARTESIAN_POINT('',(2.5,0.));
#5411 = VECTOR('',#5412,1.);
#5412 = DIRECTION('',(0.,-1.));
#5413 = ( GEOMETRIC_REPRESENTATION_CONTEXT(2) 
PARAMETRIC_REPRESENTATION_CONTEXT() REPRESENTATION_CONTEXT('2D SPACE',''
  ) );
#5414 = PCURVE('',#5310,#5415);
#5415 = DEFINITIONAL_REPRESENTATION('',(#5416),#5420);
#5416 = LINE('',#5417,#5418);
#5417 = CARTESIAN_POINT('',(2.45,0.));
#5418 = VECTOR('',#5419,1.);
#5419 = DIRECTION('',(0.,1.));
#5420 = ( GEOMETRIC_REPRESENTATION_CONTEXT(2) 
PARAMETRIC_REPRESENTATION_CONTEXT() REPRESENTATION_CONTEXT('2D SPACE',''
  ) );
#5421 = ADVANCED_FACE('',(#5422),#5228,.F.);
#5422 = FACE_BOUND('',#5423,.F.);
#5423 = EDGE_LOOP('',(#5424,#5445,#5446,#5467));
#5424 = ORIENTED_EDGE('',*,*,#5425,.F.);
#5425 = EDGE_CURVE('',#5206,#5326,#5426,.T.);
#5426 = SURFACE_CURVE('',#5427,(#5431,#5438),.PCURVE_S1.);
#5427 = LINE('',#5428,#5429);
#5428 = CARTESIAN_POINT('',(4.5E-02,-2.495,1.));
#5429 = VECTOR('',#5430,1.);
#5430 = DIRECTION('',(1.,0.,0.));
#5431 = PCURVE('',#5228,#5432);
#5432 = DEFINITIONAL_REPRESENTATION('',(#5433),#5437);
#5433 = LINE('',#5434,#5435);
#5434 = CARTESIAN_POINT('',(0.,0.));
#5435 = VECTOR('',#5436,1.);
#5436 = DIRECTION('',(0.,1.));
#5437 = ( GEOMETRIC_REPRESENTATION_CONTEXT(2) 
PARAMETRIC_REPRESENTATION_CONTEXT() REPRESENTATION_CONTEXT('2D SPACE',''
  ) );
#5438 = PCURVE('',#5256,#5439);
#5439 = DEFINITIONAL_REPRESENTATION('',(#5440),#5444);
#5440 = LINE('',#5441,#5442);
#5441 = CARTESIAN_POINT('',(0.,0.));
#5442 = VECTOR('',#5443,1.);
#5443 = DIRECTION('',(1.,0.));
#5444 = ( GEOMETRIC_REPRESENTATION_CONTEXT(2) 
PARAMETRIC_REPRESENTATION_CONTEXT() REPRESENTATION_CONTEXT('2D SPACE',''
  ) );
#5445 = ORIENTED_EDGE('',*,*,#5205,.T.);
#5446 = ORIENTED_EDGE('',*,*,#5447,.T.);
#5447 = EDGE_CURVE('',#5208,#5328,#5448,.T.);
#5448 = SURFACE_CURVE('',#5449,(#5453,#5460),.PCURVE_S1.);
#5449 = LINE('',#5450,#5451);
#5450 = CARTESIAN_POINT('',(4.5E-02,-2.495,3.5));
#5451 = VECTOR('',#5452,1.);
#5452 = DIRECTION('',(1.,0.,0.));
#5453 = PCURVE('',#5228,#5454);
#5454 = DEFINITIONAL_REPRESENTATION('',(#5455),#5459);
#5455 = LINE('',#5456,#5457);
#5456 = CARTESIAN_POINT('',(2.5,0.));
#5457 = VECTOR('',#5458,1.);
#5458 = DIRECTION('',(0.,1.));
#5459 = ( GEOMETRIC_REPRESENTATION_CONTEXT(2) 
PARAMETRIC_REPRESENTATION_CONTEXT() REPRESENTATION_CONTEXT('2D SPACE',''
  ) );
#5460 = PCURVE('',#5310,#5461);
#5461 = DEFINITIONAL_REPRESENTATION('',(#5462),#5466);
#5462 = LINE('',#5463,#5464);
#5463 = CARTESIAN_POINT('',(0.,0.));
#5464 = VECTOR('',#5465,1.);
#5465 = DIRECTION('',(1.,0.));
#5466 = ( GEOMETRIC_REPRESENTATION_CONTEXT(2) 
PARAMETRIC_REPRESENTATION_CONTEXT() REPRESENTATION_CONTEXT('2D SPACE',''
  ) );
#5467 = ORIENTED_EDGE('',*,*,#5325,.F.);
#5468 = ADVANCED_FACE('',(#5469),#5284,.T.);
#5469 = FACE_BOUND('',#5470,.T.);
#5470 = EDGE_LOOP('',(#5471,#5492,#5493,#5514));
#5471 = ORIENTED_EDGE('',*,*,#5472,.F.);
#5472 = EDGE_CURVE('',#5241,#5356,#5473,.T.);
#5473 = SURFACE_CURVE('',#5474,(#5478,#5485),.PCURVE_S1.);
#5474 = LINE('',#5475,#5476);
#5475 = CARTESIAN_POINT('',(4.5E-02,-4.5E-02,1.));
#5476 = VECTOR('',#5477,1.);
#5477 = DIRECTION('',(1.,0.,0.));
#5478 = PCURVE('',#5284,#5479);
#5479 = DEFINITIONAL_REPRESENTATION('',(#5480),#5484);
#5480 = LINE('',#5481,#5482);
#5481 = CARTESIAN_POINT('',(0.,0.));
#5482 = VECTOR('',#5483,1.);
#5483 = DIRECTION('',(0.,1.));
#5484 = ( GEOMETRIC_REPRESENTATION_CONTEXT(2) 
PARAMETRIC_REPRESENTATION_CONTEXT() REPRESENTATION_CONTEXT('2D SPACE',''
  ) );
#5485 = PCURVE('',#5256,#5486);
#5486 = DEFINITIONAL_REPRESENTATION('',(#5487),#5491);
#5487 = LINE('',#5488,#5489);
#5488 = CARTESIAN_POINT('',(0.,2.45));
#5489 = VECTOR('',#5490,1.);
#5490 = DIRECTION('',(1.,0.));
#5491 = ( GEOMETRIC_REPRESENTATION_CONTEXT(2) 
PARAMETRIC_REPRESENTATION_CONTEXT() REPRESENTATION_CONTEXT('2D SPACE',''
  ) );
#5492 = ORIENTED_EDGE('',*,*,#5268,.T.);
#5493 = ORIENTED_EDGE('',*,*,#5494,.T.);
#5494 = EDGE_CURVE('',#5269,#5379,#5495,.T.);
#5495 = SURFACE_CURVE('',#5496,(#5500,#5507),.PCURVE_S1.);
#5496 = LINE('',#5497,#5498);
#5497 = CARTESIAN_POINT('',(4.5E-02,-4.5E-02,3.5));
#5498 = VECTOR('',#5499,1.);
#5499 = DIRECTION('',(1.,0.,0.));
#5500 = PCURVE('',#5284,#5501);
#5501 = DEFINITIONAL_REPRESENTATION('',(#5502),#5506);
#5502 = LINE('',#5503,#5504);
#5503 = CARTESIAN_POINT('',(2.5,0.));
#5504 = VECTOR('',#5505,1.);
#5505 = DIRECTION('',(0.,1.));
#5506 = ( GEOMETRIC_REPRESENTATION_CONTEXT(2) 
PARAMETRIC_REPRESENTATION_CONTEXT() REPRESENTATION_CONTEXT('2D SPACE',''
  ) );
#5507 = PCURVE('',#5310,#5508);
#5508 = DEFINITIONAL_REPRESENTATION('',(#5509),#5513);
#5509 = LINE('',#5510,#5511);
#5510 = CARTESIAN_POINT('',(0.,2.45));
#5511 = VECTOR('',#5512,1.);
#5512 = DIRECTION('',(1.,0.));
#5513 = ( GEOMETRIC_REPRESENTATION_CONTEXT(2) 
PARAMETRIC_REPRESENTATION_CONTEXT() REPRESENTATION_CONTEXT('2D SPACE',''
  ) );
#5514 = ORIENTED_EDGE('',*,*,#5378,.F.);
#5515 = ADVANCED_FACE('',(#5516),#5256,.F.);
#5516 = FACE_BOUND('',#5517,.F.);
#5517 = EDGE_LOOP('',(#5518,#5519,#5520,#5521));
#5518 = ORIENTED_EDGE('',*,*,#5240,.F.);
#5519 = ORIENTED_EDGE('',*,*,#5425,.T.);
#5520 = ORIENTED_EDGE('',*,*,#5355,.T.);
#5521 = ORIENTED_EDGE('',*,*,#5472,.F.);
#5522 = ADVANCED_FACE('',(#5523),#5310,.T.);
#5523 = FACE_BOUND('',#5524,.T.);
#5524 = EDGE_LOOP('',(#5525,#5526,#5527,#5528));
#5525 = ORIENTED_EDGE('',*,*,#5296,.F.);
#5526 = ORIENTED_EDGE('',*,*,#5447,.T.);
#5527 = ORIENTED_EDGE('',*,*,#5401,.T.);
#5528 = ORIENTED_EDGE('',*,*,#5494,.F.);
#5529 = ( GEOMETRIC_REPRESENTATION_CONTEXT(3) 
GLOBAL_UNCERTAINTY_ASSIGNED_CONTEXT((#5533)) 
GLOBAL_UNIT_ASSIGNED_CONTEXT((#5530,#5531,#5532)) REPRESENTATION_CONTEXT
('Context #1','3D Context with UNIT and UNCERTAINTY') );
#5530 = ( LENGTH_UNIT() NAMED_UNIT(*) SI_UNIT(.MILLI.,.METRE.) );
#5531 = ( NAMED_UNIT(*) PLANE_ANGLE_UNIT() SI_UNIT($,.RADIAN.) );
#5532 = ( NAMED_UNIT(*) SI_UNIT($,.STERADIAN.) SOLID_ANGLE_UNIT() );
#5533 = UNCERTAINTY_MEASURE_WITH_UNIT(LENGTH_MEASURE(1.E-07),#5530,
  'distance_accuracy_value','confusion accuracy');
#5534 = CONTEXT_DEPENDENT_SHAPE_REPRESENTATION(#5535,#5537);
#5535 = ( REPRESENTATION_RELATIONSHIP('','',#5198,#10) 
REPRESENTATION_RELATIONSHIP_WITH_TRANSFORMATION(#5536) 
SHAPE_REPRESENTATION_RELATIONSHIP() );
#5536 = ITEM_DEFINED_TRANSFORMATION('','',#11,#71);
#5537 = PRODUCT_DEFINITION_SHAPE('Placement','Placement of an item',
  #5538);
#5538 = NEXT_ASSEMBLY_USAGE_OCCURRENCE('15','Header body 1 1.27','',#5,
  #5193,$);
#5539 = PRODUCT_RELATED_PRODUCT_CATEGORY('part',$,(#5195));
#5540 = SHAPE_DEFINITION_REPRESENTATION(#5541,#5547);
#5541 = PRODUCT_DEFINITION_SHAPE('','',#5542);
#5542 = PRODUCT_DEFINITION('design','',#5543,#5546);
#5543 = PRODUCT_DEFINITION_FORMATION('','',#5544);
#5544 = PRODUCT('Header pin 2 -1.27','Header pin 2 -1.27','',(#5545));
#5545 = PRODUCT_CONTEXT('',#2,'mechanical');
#5546 = PRODUCT_DEFINITION_CONTEXT('part definition',#2,'design');
#5547 = ADVANCED_BREP_SHAPE_REPRESENTATION('',(#11,#5548),#5878);
#5548 = MANIFOLD_SOLID_BREP('',#5549);
#5549 = CLOSED_SHELL('',(#5550,#5670,#5770,#5817,#5864,#5871));
#5550 = ADVANCED_FACE('',(#5551),#5565,.F.);
#5551 = FACE_BOUND('',#5552,.F.);
#5552 = EDGE_LOOP('',(#5553,#5588,#5616,#5644));
#5553 = ORIENTED_EDGE('',*,*,#5554,.F.);
#5554 = EDGE_CURVE('',#5555,#5557,#5559,.T.);
#5555 = VERTEX_POINT('',#5556);
#5556 = CARTESIAN_POINT('',(-1.59,0.95,-3.));
#5557 = VERTEX_POINT('',#5558);
#5558 = CARTESIAN_POINT('',(-1.59,0.95,4.));
#5559 = SURFACE_CURVE('',#5560,(#5564,#5576),.PCURVE_S1.);
#5560 = LINE('',#5561,#5562);
#5561 = CARTESIAN_POINT('',(-1.59,0.95,-3.));
#5562 = VECTOR('',#5563,1.);
#5563 = DIRECTION('',(0.,0.,1.));
#5564 = PCURVE('',#5565,#5570);
#5565 = PLANE('',#5566);
#5566 = AXIS2_PLACEMENT_3D('',#5567,#5568,#5569);
#5567 = CARTESIAN_POINT('',(-1.59,0.95,-3.));
#5568 = DIRECTION('',(1.,0.,0.));
#5569 = DIRECTION('',(0.,0.,1.));
#5570 = DEFINITIONAL_REPRESENTATION('',(#5571),#5575);
#5571 = LINE('',#5572,#5573);
#5572 = CARTESIAN_POINT('',(0.,0.));
#5573 = VECTOR('',#5574,1.);
#5574 = DIRECTION('',(1.,0.));
#5575 = ( GEOMETRIC_REPRESENTATION_CONTEXT(2) 
PARAMETRIC_REPRESENTATION_CONTEXT() REPRESENTATION_CONTEXT('2D SPACE',''
  ) );
#5576 = PCURVE('',#5577,#5582);
#5577 = PLANE('',#5578);
#5578 = AXIS2_PLACEMENT_3D('',#5579,#5580,#5581);
#5579 = CARTESIAN_POINT('',(-1.59,0.95,-3.));
#5580 = DIRECTION('',(0.,1.,0.));
#5581 = DIRECTION('',(0.,0.,1.));
#5582 = DEFINITIONAL_REPRESENTATION('',(#5583),#5587);
#5583 = LINE('',#5584,#5585);
#5584 = CARTESIAN_POINT('',(0.,0.));
#5585 = VECTOR('',#5586,1.);
#5586 = DIRECTION('',(1.,0.));
#5587 = ( GEOMETRIC_REPRESENTATION_CONTEXT(2) 
PARAMETRIC_REPRESENTATION_CONTEXT() REPRESENTATION_CONTEXT('2D SPACE',''
  ) );
#5588 = ORIENTED_EDGE('',*,*,#5589,.T.);
#5589 = EDGE_CURVE('',#5555,#5590,#5592,.T.);
#5590 = VERTEX_POINT('',#5591);
#5591 = CARTESIAN_POINT('',(-1.59,1.59,-3.));
#5592 = SURFACE_CURVE('',#5593,(#5597,#5604),.PCURVE_S1.);
#5593 = LINE('',#5594,#5595);
#5594 = CARTESIAN_POINT('',(-1.59,0.95,-3.));
#5595 = VECTOR('',#5596,1.);
#5596 = DIRECTION('',(0.,1.,0.));
#5597 = PCURVE('',#5565,#5598);
#5598 = DEFINITIONAL_REPRESENTATION('',(#5599),#5603);
#5599 = LINE('',#5600,#5601);
#5600 = CARTESIAN_POINT('',(0.,0.));
#5601 = VECTOR('',#5602,1.);
#5602 = DIRECTION('',(0.,-1.));
#5603 = ( GEOMETRIC_REPRESENTATION_CONTEXT(2) 
PARAMETRIC_REPRESENTATION_CONTEXT() REPRESENTATION_CONTEXT('2D SPACE',''
  ) );
#5604 = PCURVE('',#5605,#5610);
#5605 = PLANE('',#5606);
#5606 = AXIS2_PLACEMENT_3D('',#5607,#5608,#5609);
#5607 = CARTESIAN_POINT('',(-1.59,0.95,-3.));
#5608 = DIRECTION('',(0.,0.,1.));
#5609 = DIRECTION('',(1.,0.,0.));
#5610 = DEFINITIONAL_REPRESENTATION('',(#5611),#5615);
#5611 = LINE('',#5612,#5613);
#5612 = CARTESIAN_POINT('',(0.,0.));
#5613 = VECTOR('',#5614,1.);
#5614 = DIRECTION('',(0.,1.));
#5615 = ( GEOMETRIC_REPRESENTATION_CONTEXT(2) 
PARAMETRIC_REPRESENTATION_CONTEXT() REPRESENTATION_CONTEXT('2D SPACE',''
  ) );
#5616 = ORIENTED_EDGE('',*,*,#5617,.T.);
#5617 = EDGE_CURVE('',#5590,#5618,#5620,.T.);
#5618 = VERTEX_POINT('',#5619);
#5619 = CARTESIAN_POINT('',(-1.59,1.59,4.));
#5620 = SURFACE_CURVE('',#5621,(#5625,#5632),.PCURVE_S1.);
#5621 = LINE('',#5622,#5623);
#5622 = CARTESIAN_POINT('',(-1.59,1.59,-3.));
#5623 = VECTOR('',#5624,1.);
#5624 = DIRECTION('',(0.,0.,1.));
#5625 = PCURVE('',#5565,#5626);
#5626 = DEFINITIONAL_REPRESENTATION('',(#5627),#5631);
#5627 = LINE('',#5628,#5629);
#5628 = CARTESIAN_POINT('',(0.,-0.64));
#5629 = VECTOR('',#5630,1.);
#5630 = DIRECTION('',(1.,0.));
#5631 = ( GEOMETRIC_REPRESENTATION_CONTEXT(2) 
PARAMETRIC_REPRESENTATION_CONTEXT() REPRESENTATION_CONTEXT('2D SPACE',''
  ) );
#5632 = PCURVE('',#5633,#5638);
#5633 = PLANE('',#5634);
#5634 = AXIS2_PLACEMENT_3D('',#5635,#5636,#5637);
#5635 = CARTESIAN_POINT('',(-1.59,1.59,-3.));
#5636 = DIRECTION('',(0.,1.,0.));
#5637 = DIRECTION('',(0.,0.,1.));
#5638 = DEFINITIONAL_REPRESENTATION('',(#5639),#5643);
#5639 = LINE('',#5640,#5641);
#5640 = CARTESIAN_POINT('',(0.,0.));
#5641 = VECTOR('',#5642,1.);
#5642 = DIRECTION('',(1.,0.));
#5643 = ( GEOMETRIC_REPRESENTATION_CONTEXT(2) 
PARAMETRIC_REPRESENTATION_CONTEXT() REPRESENTATION_CONTEXT('2D SPACE',''
  ) );
#5644 = ORIENTED_EDGE('',*,*,#5645,.F.);
#5645 = EDGE_CURVE('',#5557,#5618,#5646,.T.);
#5646 = SURFACE_CURVE('',#5647,(#5651,#5658),.PCURVE_S1.);
#5647 = LINE('',#5648,#5649);
#5648 = CARTESIAN_POINT('',(-1.59,0.95,4.));
#5649 = VECTOR('',#5650,1.);
#5650 = DIRECTION('',(0.,1.,0.));
#5651 = PCURVE('',#5565,#5652);
#5652 = DEFINITIONAL_REPRESENTATION('',(#5653),#5657);
#5653 = LINE('',#5654,#5655);
#5654 = CARTESIAN_POINT('',(7.,0.));
#5655 = VECTOR('',#5656,1.);
#5656 = DIRECTION('',(0.,-1.));
#5657 = ( GEOMETRIC_REPRESENTATION_CONTEXT(2) 
PARAMETRIC_REPRESENTATION_CONTEXT() REPRESENTATION_CONTEXT('2D SPACE',''
  ) );
#5658 = PCURVE('',#5659,#5664);
#5659 = PLANE('',#5660);
#5660 = AXIS2_PLACEMENT_3D('',#5661,#5662,#5663);
#5661 = CARTESIAN_POINT('',(-1.59,0.95,4.));
#5662 = DIRECTION('',(0.,0.,1.));
#5663 = DIRECTION('',(1.,0.,0.));
#5664 = DEFINITIONAL_REPRESENTATION('',(#5665),#5669);
#5665 = LINE('',#5666,#5667);
#5666 = CARTESIAN_POINT('',(0.,0.));
#5667 = VECTOR('',#5668,1.);
#5668 = DIRECTION('',(0.,1.));
#5669 = ( GEOMETRIC_REPRESENTATION_CONTEXT(2) 
PARAMETRIC_REPRESENTATION_CONTEXT() REPRESENTATION_CONTEXT('2D SPACE',''
  ) );
#5670 = ADVANCED_FACE('',(#5671),#5685,.T.);
#5671 = FACE_BOUND('',#5672,.T.);
#5672 = EDGE_LOOP('',(#5673,#5703,#5726,#5749));
#5673 = ORIENTED_EDGE('',*,*,#5674,.F.);
#5674 = EDGE_CURVE('',#5675,#5677,#5679,.T.);
#5675 = VERTEX_POINT('',#5676);
#5676 = CARTESIAN_POINT('',(-0.95,0.95,-3.));
#5677 = VERTEX_POINT('',#5678);
#5678 = CARTESIAN_POINT('',(-0.95,0.95,4.));
#5679 = SURFACE_CURVE('',#5680,(#5684,#5696),.PCURVE_S1.);
#5680 = LINE('',#5681,#5682);
#5681 = CARTESIAN_POINT('',(-0.95,0.95,-3.));
#5682 = VECTOR('',#5683,1.);
#5683 = DIRECTION('',(0.,0.,1.));
#5684 = PCURVE('',#5685,#5690);
#5685 = PLANE('',#5686);
#5686 = AXIS2_PLACEMENT_3D('',#5687,#5688,#5689);
#5687 = CARTESIAN_POINT('',(-0.95,0.95,-3.));
#5688 = DIRECTION('',(1.,0.,0.));
#5689 = DIRECTION('',(0.,0.,1.));
#5690 = DEFINITIONAL_REPRESENTATION('',(#5691),#5695);
#5691 = LINE('',#5692,#5693);
#5692 = CARTESIAN_POINT('',(0.,0.));
#5693 = VECTOR('',#5694,1.);
#5694 = DIRECTION('',(1.,0.));
#5695 = ( GEOMETRIC_REPRESENTATION_CONTEXT(2) 
PARAMETRIC_REPRESENTATION_CONTEXT() REPRESENTATION_CONTEXT('2D SPACE',''
  ) );
#5696 = PCURVE('',#5577,#5697);
#5697 = DEFINITIONAL_REPRESENTATION('',(#5698),#5702);
#5698 = LINE('',#5699,#5700);
#5699 = CARTESIAN_POINT('',(0.,0.64));
#5700 = VECTOR('',#5701,1.);
#5701 = DIRECTION('',(1.,0.));
#5702 = ( GEOMETRIC_REPRESENTATION_CONTEXT(2) 
PARAMETRIC_REPRESENTATION_CONTEXT() REPRESENTATION_CONTEXT('2D SPACE',''
  ) );
#5703 = ORIENTED_EDGE('',*,*,#5704,.T.);
#5704 = EDGE_CURVE('',#5675,#5705,#5707,.T.);
#5705 = VERTEX_POINT('',#5706);
#5706 = CARTESIAN_POINT('',(-0.95,1.59,-3.));
#5707 = SURFACE_CURVE('',#5708,(#5712,#5719),.PCURVE_S1.);
#5708 = LINE('',#5709,#5710);
#5709 = CARTESIAN_POINT('',(-0.95,0.95,-3.));
#5710 = VECTOR('',#5711,1.);
#5711 = DIRECTION('',(0.,1.,0.));
#5712 = PCURVE('',#5685,#5713);
#5713 = DEFINITIONAL_REPRESENTATION('',(#5714),#5718);
#5714 = LINE('',#5715,#5716);
#5715 = CARTESIAN_POINT('',(0.,0.));
#5716 = VECTOR('',#5717,1.);
#5717 = DIRECTION('',(0.,-1.));
#5718 = ( GEOMETRIC_REPRESENTATION_CONTEXT(2) 
PARAMETRIC_REPRESENTATION_CONTEXT() REPRESENTATION_CONTEXT('2D SPACE',''
  ) );
#5719 = PCURVE('',#5605,#5720);
#5720 = DEFINITIONAL_REPRESENTATION('',(#5721),#5725);
#5721 = LINE('',#5722,#5723);
#5722 = CARTESIAN_POINT('',(0.64,0.));
#5723 = VECTOR('',#5724,1.);
#5724 = DIRECTION('',(0.,1.));
#5725 = ( GEOMETRIC_REPRESENTATION_CONTEXT(2) 
PARAMETRIC_REPRESENTATION_CONTEXT() REPRESENTATION_CONTEXT('2D SPACE',''
  ) );
#5726 = ORIENTED_EDGE('',*,*,#5727,.T.);
#5727 = EDGE_CURVE('',#5705,#5728,#5730,.T.);
#5728 = VERTEX_POINT('',#5729);
#5729 = CARTESIAN_POINT('',(-0.95,1.59,4.));
#5730 = SURFACE_CURVE('',#5731,(#5735,#5742),.PCURVE_S1.);
#5731 = LINE('',#5732,#5733);
#5732 = CARTESIAN_POINT('',(-0.95,1.59,-3.));
#5733 = VECTOR('',#5734,1.);
#5734 = DIRECTION('',(0.,0.,1.));
#5735 = PCURVE('',#5685,#5736);
#5736 = DEFINITIONAL_REPRESENTATION('',(#5737),#5741);
#5737 = LINE('',#5738,#5739);
#5738 = CARTESIAN_POINT('',(0.,-0.64));
#5739 = VECTOR('',#5740,1.);
#5740 = DIRECTION('',(1.,0.));
#5741 = ( GEOMETRIC_REPRESENTATION_CONTEXT(2) 
PARAMETRIC_REPRESENTATION_CONTEXT() REPRESENTATION_CONTEXT('2D SPACE',''
  ) );
#5742 = PCURVE('',#5633,#5743);
#5743 = DEFINITIONAL_REPRESENTATION('',(#5744),#5748);
#5744 = LINE('',#5745,#5746);
#5745 = CARTESIAN_POINT('',(0.,0.64));
#5746 = VECTOR('',#5747,1.);
#5747 = DIRECTION('',(1.,0.));
#5748 = ( GEOMETRIC_REPRESENTATION_CONTEXT(2) 
PARAMETRIC_REPRESENTATION_CONTEXT() REPRESENTATION_CONTEXT('2D SPACE',''
  ) );
#5749 = ORIENTED_EDGE('',*,*,#5750,.F.);
#5750 = EDGE_CURVE('',#5677,#5728,#5751,.T.);
#5751 = SURFACE_CURVE('',#5752,(#5756,#5763),.PCURVE_S1.);
#5752 = LINE('',#5753,#5754);
#5753 = CARTESIAN_POINT('',(-0.95,0.95,4.));
#5754 = VECTOR('',#5755,1.);
#5755 = DIRECTION('',(0.,1.,0.));
#5756 = PCURVE('',#5685,#5757);
#5757 = DEFINITIONAL_REPRESENTATION('',(#5758),#5762);
#5758 = LINE('',#5759,#5760);
#5759 = CARTESIAN_POINT('',(7.,0.));
#5760 = VECTOR('',#5761,1.);
#5761 = DIRECTION('',(0.,-1.));
#5762 = ( GEOMETRIC_REPRESENTATION_CONTEXT(2) 
PARAMETRIC_REPRESENTATION_CONTEXT() REPRESENTATION_CONTEXT('2D SPACE',''
  ) );
#5763 = PCURVE('',#5659,#5764);
#5764 = DEFINITIONAL_REPRESENTATION('',(#5765),#5769);
#5765 = LINE('',#5766,#5767);
#5766 = CARTESIAN_POINT('',(0.64,0.));
#5767 = VECTOR('',#5768,1.);
#5768 = DIRECTION('',(0.,1.));
#5769 = ( GEOMETRIC_REPRESENTATION_CONTEXT(2) 
PARAMETRIC_REPRESENTATION_CONTEXT() REPRESENTATION_CONTEXT('2D SPACE',''
  ) );
#5770 = ADVANCED_FACE('',(#5771),#5577,.F.);
#5771 = FACE_BOUND('',#5772,.F.);
#5772 = EDGE_LOOP('',(#5773,#5794,#5795,#5816));
#5773 = ORIENTED_EDGE('',*,*,#5774,.F.);
#5774 = EDGE_CURVE('',#5555,#5675,#5775,.T.);
#5775 = SURFACE_CURVE('',#5776,(#5780,#5787),.PCURVE_S1.);
#5776 = LINE('',#5777,#5778);
#5777 = CARTESIAN_POINT('',(-1.59,0.95,-3.));
#5778 = VECTOR('',#5779,1.);
#5779 = DIRECTION('',(1.,0.,0.));
#5780 = PCURVE('',#5577,#5781);
#5781 = DEFINITIONAL_REPRESENTATION('',(#5782),#5786);
#5782 = LINE('',#5783,#5784);
#5783 = CARTESIAN_POINT('',(0.,0.));
#5784 = VECTOR('',#5785,1.);
#5785 = DIRECTION('',(0.,1.));
#5786 = ( GEOMETRIC_REPRESENTATION_CONTEXT(2) 
PARAMETRIC_REPRESENTATION_CONTEXT() REPRESENTATION_CONTEXT('2D SPACE',''
  ) );
#5787 = PCURVE('',#5605,#5788);
#5788 = DEFINITIONAL_REPRESENTATION('',(#5789),#5793);
#5789 = LINE('',#5790,#5791);
#5790 = CARTESIAN_POINT('',(0.,0.));
#5791 = VECTOR('',#5792,1.);
#5792 = DIRECTION('',(1.,0.));
#5793 = ( GEOMETRIC_REPRESENTATION_CONTEXT(2) 
PARAMETRIC_REPRESENTATION_CONTEXT() REPRESENTATION_CONTEXT('2D SPACE',''
  ) );
#5794 = ORIENTED_EDGE('',*,*,#5554,.T.);
#5795 = ORIENTED_EDGE('',*,*,#5796,.T.);
#5796 = EDGE_CURVE('',#5557,#5677,#5797,.T.);
#5797 = SURFACE_CURVE('',#5798,(#5802,#5809),.PCURVE_S1.);
#5798 = LINE('',#5799,#5800);
#5799 = CARTESIAN_POINT('',(-1.59,0.95,4.));
#5800 = VECTOR('',#5801,1.);
#5801 = DIRECTION('',(1.,0.,0.));
#5802 = PCURVE('',#5577,#5803);
#5803 = DEFINITIONAL_REPRESENTATION('',(#5804),#5808);
#5804 = LINE('',#5805,#5806);
#5805 = CARTESIAN_POINT('',(7.,0.));
#5806 = VECTOR('',#5807,1.);
#5807 = DIRECTION('',(0.,1.));
#5808 = ( GEOMETRIC_REPRESENTATION_CONTEXT(2) 
PARAMETRIC_REPRESENTATION_CONTEXT() REPRESENTATION_CONTEXT('2D SPACE',''
  ) );
#5809 = PCURVE('',#5659,#5810);
#5810 = DEFINITIONAL_REPRESENTATION('',(#5811),#5815);
#5811 = LINE('',#5812,#5813);
#5812 = CARTESIAN_POINT('',(0.,0.));
#5813 = VECTOR('',#5814,1.);
#5814 = DIRECTION('',(1.,0.));
#5815 = ( GEOMETRIC_REPRESENTATION_CONTEXT(2) 
PARAMETRIC_REPRESENTATION_CONTEXT() REPRESENTATION_CONTEXT('2D SPACE',''
  ) );
#5816 = ORIENTED_EDGE('',*,*,#5674,.F.);
#5817 = ADVANCED_FACE('',(#5818),#5633,.T.);
#5818 = FACE_BOUND('',#5819,.T.);
#5819 = EDGE_LOOP('',(#5820,#5841,#5842,#5863));
#5820 = ORIENTED_EDGE('',*,*,#5821,.F.);
#5821 = EDGE_CURVE('',#5590,#5705,#5822,.T.);
#5822 = SURFACE_CURVE('',#5823,(#5827,#5834),.PCURVE_S1.);
#5823 = LINE('',#5824,#5825);
#5824 = CARTESIAN_POINT('',(-1.59,1.59,-3.));
#5825 = VECTOR('',#5826,1.);
#5826 = DIRECTION('',(1.,0.,0.));
#5827 = PCURVE('',#5633,#5828);
#5828 = DEFINITIONAL_REPRESENTATION('',(#5829),#5833);
#5829 = LINE('',#5830,#5831);
#5830 = CARTESIAN_POINT('',(0.,0.));
#5831 = VECTOR('',#5832,1.);
#5832 = DIRECTION('',(0.,1.));
#5833 = ( GEOMETRIC_REPRESENTATION_CONTEXT(2) 
PARAMETRIC_REPRESENTATION_CONTEXT() REPRESENTATION_CONTEXT('2D SPACE',''
  ) );
#5834 = PCURVE('',#5605,#5835);
#5835 = DEFINITIONAL_REPRESENTATION('',(#5836),#5840);
#5836 = LINE('',#5837,#5838);
#5837 = CARTESIAN_POINT('',(0.,0.64));
#5838 = VECTOR('',#5839,1.);
#5839 = DIRECTION('',(1.,0.));
#5840 = ( GEOMETRIC_REPRESENTATION_CONTEXT(2) 
PARAMETRIC_REPRESENTATION_CONTEXT() REPRESENTATION_CONTEXT('2D SPACE',''
  ) );
#5841 = ORIENTED_EDGE('',*,*,#5617,.T.);
#5842 = ORIENTED_EDGE('',*,*,#5843,.T.);
#5843 = EDGE_CURVE('',#5618,#5728,#5844,.T.);
#5844 = SURFACE_CURVE('',#5845,(#5849,#5856),.PCURVE_S1.);
#5845 = LINE('',#5846,#5847);
#5846 = CARTESIAN_POINT('',(-1.59,1.59,4.));
#5847 = VECTOR('',#5848,1.);
#5848 = DIRECTION('',(1.,0.,0.));
#5849 = PCURVE('',#5633,#5850);
#5850 = DEFINITIONAL_REPRESENTATION('',(#5851),#5855);
#5851 = LINE('',#5852,#5853);
#5852 = CARTESIAN_POINT('',(7.,0.));
#5853 = VECTOR('',#5854,1.);
#5854 = DIRECTION('',(0.,1.));
#5855 = ( GEOMETRIC_REPRESENTATION_CONTEXT(2) 
PARAMETRIC_REPRESENTATION_CONTEXT() REPRESENTATION_CONTEXT('2D SPACE',''
  ) );
#5856 = PCURVE('',#5659,#5857);
#5857 = DEFINITIONAL_REPRESENTATION('',(#5858),#5862);
#5858 = LINE('',#5859,#5860);
#5859 = CARTESIAN_POINT('',(0.,0.64));
#5860 = VECTOR('',#5861,1.);
#5861 = DIRECTION('',(1.,0.));
#5862 = ( GEOMETRIC_REPRESENTATION_CONTEXT(2) 
PARAMETRIC_REPRESENTATION_CONTEXT() REPRESENTATION_CONTEXT('2D SPACE',''
  ) );
#5863 = ORIENTED_EDGE('',*,*,#5727,.F.);
#5864 = ADVANCED_FACE('',(#5865),#5605,.F.);
#5865 = FACE_BOUND('',#5866,.F.);
#5866 = EDGE_LOOP('',(#5867,#5868,#5869,#5870));
#5867 = ORIENTED_EDGE('',*,*,#5589,.F.);
#5868 = ORIENTED_EDGE('',*,*,#5774,.T.);
#5869 = ORIENTED_EDGE('',*,*,#5704,.T.);
#5870 = ORIENTED_EDGE('',*,*,#5821,.F.);
#5871 = ADVANCED_FACE('',(#5872),#5659,.T.);
#5872 = FACE_BOUND('',#5873,.T.);
#5873 = EDGE_LOOP('',(#5874,#5875,#5876,#5877));
#5874 = ORIENTED_EDGE('',*,*,#5645,.F.);
#5875 = ORIENTED_EDGE('',*,*,#5796,.T.);
#5876 = ORIENTED_EDGE('',*,*,#5750,.T.);
#5877 = ORIENTED_EDGE('',*,*,#5843,.F.);
#5878 = ( GEOMETRIC_REPRESENTATION_CONTEXT(3) 
GLOBAL_UNCERTAINTY_ASSIGNED_CONTEXT((#5882)) 
GLOBAL_UNIT_ASSIGNED_CONTEXT((#5879,#5880,#5881)) REPRESENTATION_CONTEXT
('Context #1','3D Context with UNIT and UNCERTAINTY') );
#5879 = ( LENGTH_UNIT() NAMED_UNIT(*) SI_UNIT(.MILLI.,.METRE.) );
#5880 = ( NAMED_UNIT(*) PLANE_ANGLE_UNIT() SI_UNIT($,.RADIAN.) );
#5881 = ( NAMED_UNIT(*) SI_UNIT($,.STERADIAN.) SOLID_ANGLE_UNIT() );
#5882 = UNCERTAINTY_MEASURE_WITH_UNIT(LENGTH_MEASURE(1.E-07),#5879,
  'distance_accuracy_value','confusion accuracy');
#5883 = CONTEXT_DEPENDENT_SHAPE_REPRESENTATION(#5884,#5886);
#5884 = ( REPRESENTATION_RELATIONSHIP('','',#5547,#10) 
REPRESENTATION_RELATIONSHIP_WITH_TRANSFORMATION(#5885) 
SHAPE_REPRESENTATION_RELATIONSHIP() );
#5885 = ITEM_DEFINED_TRANSFORMATION('','',#11,#75);
#5886 = PRODUCT_DEFINITION_SHAPE('Placement','Placement of an item',
  #5887);
#5887 = NEXT_ASSEMBLY_USAGE_OCCURRENCE('16','Header pin 2 -1.27','',#5,
  #5542,$);
#5888 = PRODUCT_RELATED_PRODUCT_CATEGORY('part',$,(#5544));
#5889 = SHAPE_DEFINITION_REPRESENTATION(#5890,#5896);
#5890 = PRODUCT_DEFINITION_SHAPE('','',#5891);
#5891 = PRODUCT_DEFINITION('design','',#5892,#5895);
#5892 = PRODUCT_DEFINITION_FORMATION('','',#5893);
#5893 = PRODUCT('Header body 2 -1.27','Header body 2 -1.27','',(#5894));
#5894 = PRODUCT_CONTEXT('',#2,'mechanical');
#5895 = PRODUCT_DEFINITION_CONTEXT('part definition',#2,'design');
#5896 = ADVANCED_BREP_SHAPE_REPRESENTATION('',(#11,#5897),#6227);
#5897 = MANIFOLD_SOLID_BREP('',#5898);
#5898 = CLOSED_SHELL('',(#5899,#6019,#6119,#6166,#6213,#6220));
#5899 = ADVANCED_FACE('',(#5900),#5914,.F.);
#5900 = FACE_BOUND('',#5901,.F.);
#5901 = EDGE_LOOP('',(#5902,#5937,#5965,#5993));
#5902 = ORIENTED_EDGE('',*,*,#5903,.F.);
#5903 = EDGE_CURVE('',#5904,#5906,#5908,.T.);
#5904 = VERTEX_POINT('',#5905);
#5905 = CARTESIAN_POINT('',(-2.495,4.5E-02,1.));
#5906 = VERTEX_POINT('',#5907);
#5907 = CARTESIAN_POINT('',(-2.495,4.5E-02,3.5));
#5908 = SURFACE_CURVE('',#5909,(#5913,#5925),.PCURVE_S1.);
#5909 = LINE('',#5910,#5911);
#5910 = CARTESIAN_POINT('',(-2.495,4.5E-02,1.));
#5911 = VECTOR('',#5912,1.);
#5912 = DIRECTION('',(0.,0.,1.));
#5913 = PCURVE('',#5914,#5919);
#5914 = PLANE('',#5915);
#5915 = AXIS2_PLACEMENT_3D('',#5916,#5917,#5918);
#5916 = CARTESIAN_POINT('',(-2.495,4.5E-02,1.));
#5917 = DIRECTION('',(1.,0.,0.));
#5918 = DIRECTION('',(0.,0.,1.));
#5919 = DEFINITIONAL_REPRESENTATION('',(#5920),#5924);
#5920 = LINE('',#5921,#5922);
#5921 = CARTESIAN_POINT('',(0.,0.));
#5922 = VECTOR('',#5923,1.);
#5923 = DIRECTION('',(1.,0.));
#5924 = ( GEOMETRIC_REPRESENTATION_CONTEXT(2) 
PARAMETRIC_REPRESENTATION_CONTEXT() REPRESENTATION_CONTEXT('2D SPACE',''
  ) );
#5925 = PCURVE('',#5926,#5931);
#5926 = PLANE('',#5927);
#5927 = AXIS2_PLACEMENT_3D('',#5928,#5929,#5930);
#5928 = CARTESIAN_POINT('',(-2.495,4.5E-02,1.));
#5929 = DIRECTION('',(0.,1.,0.));
#5930 = DIRECTION('',(0.,0.,1.));
#5931 = DEFINITIONAL_REPRESENTATION('',(#5932),#5936);
#5932 = LINE('',#5933,#5934);
#5933 = CARTESIAN_POINT('',(0.,0.));
#5934 = VECTOR('',#5935,1.);
#5935 = DIRECTION('',(1.,0.));
#5936 = ( GEOMETRIC_REPRESENTATION_CONTEXT(2) 
PARAMETRIC_REPRESENTATION_CONTEXT() REPRESENTATION_CONTEXT('2D SPACE',''
  ) );
#5937 = ORIENTED_EDGE('',*,*,#5938,.T.);
#5938 = EDGE_CURVE('',#5904,#5939,#5941,.T.);
#5939 = VERTEX_POINT('',#5940);
#5940 = CARTESIAN_POINT('',(-2.495,2.495,1.));
#5941 = SURFACE_CURVE('',#5942,(#5946,#5953),.PCURVE_S1.);
#5942 = LINE('',#5943,#5944);
#5943 = CARTESIAN_POINT('',(-2.495,4.5E-02,1.));
#5944 = VECTOR('',#5945,1.);
#5945 = DIRECTION('',(0.,1.,0.));
#5946 = PCURVE('',#5914,#5947);
#5947 = DEFINITIONAL_REPRESENTATION('',(#5948),#5952);
#5948 = LINE('',#5949,#5950);
#5949 = CARTESIAN_POINT('',(0.,0.));
#5950 = VECTOR('',#5951,1.);
#5951 = DIRECTION('',(0.,-1.));
#5952 = ( GEOMETRIC_REPRESENTATION_CONTEXT(2) 
PARAMETRIC_REPRESENTATION_CONTEXT() REPRESENTATION_CONTEXT('2D SPACE',''
  ) );
#5953 = PCURVE('',#5954,#5959);
#5954 = PLANE('',#5955);
#5955 = AXIS2_PLACEMENT_3D('',#5956,#5957,#5958);
#5956 = CARTESIAN_POINT('',(-2.495,4.5E-02,1.));
#5957 = DIRECTION('',(0.,0.,1.));
#5958 = DIRECTION('',(1.,0.,0.));
#5959 = DEFINITIONAL_REPRESENTATION('',(#5960),#5964);
#5960 = LINE('',#5961,#5962);
#5961 = CARTESIAN_POINT('',(0.,0.));
#5962 = VECTOR('',#5963,1.);
#5963 = DIRECTION('',(0.,1.));
#5964 = ( GEOMETRIC_REPRESENTATION_CONTEXT(2) 
PARAMETRIC_REPRESENTATION_CONTEXT() REPRESENTATION_CONTEXT('2D SPACE',''
  ) );
#5965 = ORIENTED_EDGE('',*,*,#5966,.T.);
#5966 = EDGE_CURVE('',#5939,#5967,#5969,.T.);
#5967 = VERTEX_POINT('',#5968);
#5968 = CARTESIAN_POINT('',(-2.495,2.495,3.5));
#5969 = SURFACE_CURVE('',#5970,(#5974,#5981),.PCURVE_S1.);
#5970 = LINE('',#5971,#5972);
#5971 = CARTESIAN_POINT('',(-2.495,2.495,1.));
#5972 = VECTOR('',#5973,1.);
#5973 = DIRECTION('',(0.,0.,1.));
#5974 = PCURVE('',#5914,#5975);
#5975 = DEFINITIONAL_REPRESENTATION('',(#5976),#5980);
#5976 = LINE('',#5977,#5978);
#5977 = CARTESIAN_POINT('',(0.,-2.45));
#5978 = VECTOR('',#5979,1.);
#5979 = DIRECTION('',(1.,0.));
#5980 = ( GEOMETRIC_REPRESENTATION_CONTEXT(2) 
PARAMETRIC_REPRESENTATION_CONTEXT() REPRESENTATION_CONTEXT('2D SPACE',''
  ) );
#5981 = PCURVE('',#5982,#5987);
#5982 = PLANE('',#5983);
#5983 = AXIS2_PLACEMENT_3D('',#5984,#5985,#5986);
#5984 = CARTESIAN_POINT('',(-2.495,2.495,1.));
#5985 = DIRECTION('',(0.,1.,0.));
#5986 = DIRECTION('',(0.,0.,1.));
#5987 = DEFINITIONAL_REPRESENTATION('',(#5988),#5992);
#5988 = LINE('',#5989,#5990);
#5989 = CARTESIAN_POINT('',(0.,0.));
#5990 = VECTOR('',#5991,1.);
#5991 = DIRECTION('',(1.,0.));
#5992 = ( GEOMETRIC_REPRESENTATION_CONTEXT(2) 
PARAMETRIC_REPRESENTATION_CONTEXT() REPRESENTATION_CONTEXT('2D SPACE',''
  ) );
#5993 = ORIENTED_EDGE('',*,*,#5994,.F.);
#5994 = EDGE_CURVE('',#5906,#5967,#5995,.T.);
#5995 = SURFACE_CURVE('',#5996,(#6000,#6007),.PCURVE_S1.);
#5996 = LINE('',#5997,#5998);
#5997 = CARTESIAN_POINT('',(-2.495,4.5E-02,3.5));
#5998 = VECTOR('',#5999,1.);
#5999 = DIRECTION('',(0.,1.,0.));
#6000 = PCURVE('',#5914,#6001);
#6001 = DEFINITIONAL_REPRESENTATION('',(#6002),#6006);
#6002 = LINE('',#6003,#6004);
#6003 = CARTESIAN_POINT('',(2.5,0.));
#6004 = VECTOR('',#6005,1.);
#6005 = DIRECTION('',(0.,-1.));
#6006 = ( GEOMETRIC_REPRESENTATION_CONTEXT(2) 
PARAMETRIC_REPRESENTATION_CONTEXT() REPRESENTATION_CONTEXT('2D SPACE',''
  ) );
#6007 = PCURVE('',#6008,#6013);
#6008 = PLANE('',#6009);
#6009 = AXIS2_PLACEMENT_3D('',#6010,#6011,#6012);
#6010 = CARTESIAN_POINT('',(-2.495,4.5E-02,3.5));
#6011 = DIRECTION('',(0.,0.,1.));
#6012 = DIRECTION('',(1.,0.,0.));
#6013 = DEFINITIONAL_REPRESENTATION('',(#6014),#6018);
#6014 = LINE('',#6015,#6016);
#6015 = CARTESIAN_POINT('',(0.,0.));
#6016 = VECTOR('',#6017,1.);
#6017 = DIRECTION('',(0.,1.));
#6018 = ( GEOMETRIC_REPRESENTATION_CONTEXT(2) 
PARAMETRIC_REPRESENTATION_CONTEXT() REPRESENTATION_CONTEXT('2D SPACE',''
  ) );
#6019 = ADVANCED_FACE('',(#6020),#6034,.T.);
#6020 = FACE_BOUND('',#6021,.T.);
#6021 = EDGE_LOOP('',(#6022,#6052,#6075,#6098));
#6022 = ORIENTED_EDGE('',*,*,#6023,.F.);
#6023 = EDGE_CURVE('',#6024,#6026,#6028,.T.);
#6024 = VERTEX_POINT('',#6025);
#6025 = CARTESIAN_POINT('',(-4.5E-02,4.5E-02,1.));
#6026 = VERTEX_POINT('',#6027);
#6027 = CARTESIAN_POINT('',(-4.5E-02,4.5E-02,3.5));
#6028 = SURFACE_CURVE('',#6029,(#6033,#6045),.PCURVE_S1.);
#6029 = LINE('',#6030,#6031);
#6030 = CARTESIAN_POINT('',(-4.5E-02,4.5E-02,1.));
#6031 = VECTOR('',#6032,1.);
#6032 = DIRECTION('',(0.,0.,1.));
#6033 = PCURVE('',#6034,#6039);
#6034 = PLANE('',#6035);
#6035 = AXIS2_PLACEMENT_3D('',#6036,#6037,#6038);
#6036 = CARTESIAN_POINT('',(-4.5E-02,4.5E-02,1.));
#6037 = DIRECTION('',(1.,0.,0.));
#6038 = DIRECTION('',(0.,0.,1.));
#6039 = DEFINITIONAL_REPRESENTATION('',(#6040),#6044);
#6040 = LINE('',#6041,#6042);
#6041 = CARTESIAN_POINT('',(0.,0.));
#6042 = VECTOR('',#6043,1.);
#6043 = DIRECTION('',(1.,0.));
#6044 = ( GEOMETRIC_REPRESENTATION_CONTEXT(2) 
PARAMETRIC_REPRESENTATION_CONTEXT() REPRESENTATION_CONTEXT('2D SPACE',''
  ) );
#6045 = PCURVE('',#5926,#6046);
#6046 = DEFINITIONAL_REPRESENTATION('',(#6047),#6051);
#6047 = LINE('',#6048,#6049);
#6048 = CARTESIAN_POINT('',(0.,2.45));
#6049 = VECTOR('',#6050,1.);
#6050 = DIRECTION('',(1.,0.));
#6051 = ( GEOMETRIC_REPRESENTATION_CONTEXT(2) 
PARAMETRIC_REPRESENTATION_CONTEXT() REPRESENTATION_CONTEXT('2D SPACE',''
  ) );
#6052 = ORIENTED_EDGE('',*,*,#6053,.T.);
#6053 = EDGE_CURVE('',#6024,#6054,#6056,.T.);
#6054 = VERTEX_POINT('',#6055);
#6055 = CARTESIAN_POINT('',(-4.5E-02,2.495,1.));
#6056 = SURFACE_CURVE('',#6057,(#6061,#6068),.PCURVE_S1.);
#6057 = LINE('',#6058,#6059);
#6058 = CARTESIAN_POINT('',(-4.5E-02,4.5E-02,1.));
#6059 = VECTOR('',#6060,1.);
#6060 = DIRECTION('',(0.,1.,0.));
#6061 = PCURVE('',#6034,#6062);
#6062 = DEFINITIONAL_REPRESENTATION('',(#6063),#6067);
#6063 = LINE('',#6064,#6065);
#6064 = CARTESIAN_POINT('',(0.,0.));
#6065 = VECTOR('',#6066,1.);
#6066 = DIRECTION('',(0.,-1.));
#6067 = ( GEOMETRIC_REPRESENTATION_CONTEXT(2) 
PARAMETRIC_REPRESENTATION_CONTEXT() REPRESENTATION_CONTEXT('2D SPACE',''
  ) );
#6068 = PCURVE('',#5954,#6069);
#6069 = DEFINITIONAL_REPRESENTATION('',(#6070),#6074);
#6070 = LINE('',#6071,#6072);
#6071 = CARTESIAN_POINT('',(2.45,0.));
#6072 = VECTOR('',#6073,1.);
#6073 = DIRECTION('',(0.,1.));
#6074 = ( GEOMETRIC_REPRESENTATION_CONTEXT(2) 
PARAMETRIC_REPRESENTATION_CONTEXT() REPRESENTATION_CONTEXT('2D SPACE',''
  ) );
#6075 = ORIENTED_EDGE('',*,*,#6076,.T.);
#6076 = EDGE_CURVE('',#6054,#6077,#6079,.T.);
#6077 = VERTEX_POINT('',#6078);
#6078 = CARTESIAN_POINT('',(-4.5E-02,2.495,3.5));
#6079 = SURFACE_CURVE('',#6080,(#6084,#6091),.PCURVE_S1.);
#6080 = LINE('',#6081,#6082);
#6081 = CARTESIAN_POINT('',(-4.5E-02,2.495,1.));
#6082 = VECTOR('',#6083,1.);
#6083 = DIRECTION('',(0.,0.,1.));
#6084 = PCURVE('',#6034,#6085);
#6085 = DEFINITIONAL_REPRESENTATION('',(#6086),#6090);
#6086 = LINE('',#6087,#6088);
#6087 = CARTESIAN_POINT('',(0.,-2.45));
#6088 = VECTOR('',#6089,1.);
#6089 = DIRECTION('',(1.,0.));
#6090 = ( GEOMETRIC_REPRESENTATION_CONTEXT(2) 
PARAMETRIC_REPRESENTATION_CONTEXT() REPRESENTATION_CONTEXT('2D SPACE',''
  ) );
#6091 = PCURVE('',#5982,#6092);
#6092 = DEFINITIONAL_REPRESENTATION('',(#6093),#6097);
#6093 = LINE('',#6094,#6095);
#6094 = CARTESIAN_POINT('',(0.,2.45));
#6095 = VECTOR('',#6096,1.);
#6096 = DIRECTION('',(1.,0.));
#6097 = ( GEOMETRIC_REPRESENTATION_CONTEXT(2) 
PARAMETRIC_REPRESENTATION_CONTEXT() REPRESENTATION_CONTEXT('2D SPACE',''
  ) );
#6098 = ORIENTED_EDGE('',*,*,#6099,.F.);
#6099 = EDGE_CURVE('',#6026,#6077,#6100,.T.);
#6100 = SURFACE_CURVE('',#6101,(#6105,#6112),.PCURVE_S1.);
#6101 = LINE('',#6102,#6103);
#6102 = CARTESIAN_POINT('',(-4.5E-02,4.5E-02,3.5));
#6103 = VECTOR('',#6104,1.);
#6104 = DIRECTION('',(0.,1.,0.));
#6105 = PCURVE('',#6034,#6106);
#6106 = DEFINITIONAL_REPRESENTATION('',(#6107),#6111);
#6107 = LINE('',#6108,#6109);
#6108 = CARTESIAN_POINT('',(2.5,0.));
#6109 = VECTOR('',#6110,1.);
#6110 = DIRECTION('',(0.,-1.));
#6111 = ( GEOMETRIC_REPRESENTATION_CONTEXT(2) 
PARAMETRIC_REPRESENTATION_CONTEXT() REPRESENTATION_CONTEXT('2D SPACE',''
  ) );
#6112 = PCURVE('',#6008,#6113);
#6113 = DEFINITIONAL_REPRESENTATION('',(#6114),#6118);
#6114 = LINE('',#6115,#6116);
#6115 = CARTESIAN_POINT('',(2.45,0.));
#6116 = VECTOR('',#6117,1.);
#6117 = DIRECTION('',(0.,1.));
#6118 = ( GEOMETRIC_REPRESENTATION_CONTEXT(2) 
PARAMETRIC_REPRESENTATION_CONTEXT() REPRESENTATION_CONTEXT('2D SPACE',''
  ) );
#6119 = ADVANCED_FACE('',(#6120),#5926,.F.);
#6120 = FACE_BOUND('',#6121,.F.);
#6121 = EDGE_LOOP('',(#6122,#6143,#6144,#6165));
#6122 = ORIENTED_EDGE('',*,*,#6123,.F.);
#6123 = EDGE_CURVE('',#5904,#6024,#6124,.T.);
#6124 = SURFACE_CURVE('',#6125,(#6129,#6136),.PCURVE_S1.);
#6125 = LINE('',#6126,#6127);
#6126 = CARTESIAN_POINT('',(-2.495,4.5E-02,1.));
#6127 = VECTOR('',#6128,1.);
#6128 = DIRECTION('',(1.,0.,0.));
#6129 = PCURVE('',#5926,#6130);
#6130 = DEFINITIONAL_REPRESENTATION('',(#6131),#6135);
#6131 = LINE('',#6132,#6133);
#6132 = CARTESIAN_POINT('',(0.,0.));
#6133 = VECTOR('',#6134,1.);
#6134 = DIRECTION('',(0.,1.));
#6135 = ( GEOMETRIC_REPRESENTATION_CONTEXT(2) 
PARAMETRIC_REPRESENTATION_CONTEXT() REPRESENTATION_CONTEXT('2D SPACE',''
  ) );
#6136 = PCURVE('',#5954,#6137);
#6137 = DEFINITIONAL_REPRESENTATION('',(#6138),#6142);
#6138 = LINE('',#6139,#6140);
#6139 = CARTESIAN_POINT('',(0.,0.));
#6140 = VECTOR('',#6141,1.);
#6141 = DIRECTION('',(1.,0.));
#6142 = ( GEOMETRIC_REPRESENTATION_CONTEXT(2) 
PARAMETRIC_REPRESENTATION_CONTEXT() REPRESENTATION_CONTEXT('2D SPACE',''
  ) );
#6143 = ORIENTED_EDGE('',*,*,#5903,.T.);
#6144 = ORIENTED_EDGE('',*,*,#6145,.T.);
#6145 = EDGE_CURVE('',#5906,#6026,#6146,.T.);
#6146 = SURFACE_CURVE('',#6147,(#6151,#6158),.PCURVE_S1.);
#6147 = LINE('',#6148,#6149);
#6148 = CARTESIAN_POINT('',(-2.495,4.5E-02,3.5));
#6149 = VECTOR('',#6150,1.);
#6150 = DIRECTION('',(1.,0.,0.));
#6151 = PCURVE('',#5926,#6152);
#6152 = DEFINITIONAL_REPRESENTATION('',(#6153),#6157);
#6153 = LINE('',#6154,#6155);
#6154 = CARTESIAN_POINT('',(2.5,0.));
#6155 = VECTOR('',#6156,1.);
#6156 = DIRECTION('',(0.,1.));
#6157 = ( GEOMETRIC_REPRESENTATION_CONTEXT(2) 
PARAMETRIC_REPRESENTATION_CONTEXT() REPRESENTATION_CONTEXT('2D SPACE',''
  ) );
#6158 = PCURVE('',#6008,#6159);
#6159 = DEFINITIONAL_REPRESENTATION('',(#6160),#6164);
#6160 = LINE('',#6161,#6162);
#6161 = CARTESIAN_POINT('',(0.,0.));
#6162 = VECTOR('',#6163,1.);
#6163 = DIRECTION('',(1.,0.));
#6164 = ( GEOMETRIC_REPRESENTATION_CONTEXT(2) 
PARAMETRIC_REPRESENTATION_CONTEXT() REPRESENTATION_CONTEXT('2D SPACE',''
  ) );
#6165 = ORIENTED_EDGE('',*,*,#6023,.F.);
#6166 = ADVANCED_FACE('',(#6167),#5982,.T.);
#6167 = FACE_BOUND('',#6168,.T.);
#6168 = EDGE_LOOP('',(#6169,#6190,#6191,#6212));
#6169 = ORIENTED_EDGE('',*,*,#6170,.F.);
#6170 = EDGE_CURVE('',#5939,#6054,#6171,.T.);
#6171 = SURFACE_CURVE('',#6172,(#6176,#6183),.PCURVE_S1.);
#6172 = LINE('',#6173,#6174);
#6173 = CARTESIAN_POINT('',(-2.495,2.495,1.));
#6174 = VECTOR('',#6175,1.);
#6175 = DIRECTION('',(1.,0.,0.));
#6176 = PCURVE('',#5982,#6177);
#6177 = DEFINITIONAL_REPRESENTATION('',(#6178),#6182);
#6178 = LINE('',#6179,#6180);
#6179 = CARTESIAN_POINT('',(0.,0.));
#6180 = VECTOR('',#6181,1.);
#6181 = DIRECTION('',(0.,1.));
#6182 = ( GEOMETRIC_REPRESENTATION_CONTEXT(2) 
PARAMETRIC_REPRESENTATION_CONTEXT() REPRESENTATION_CONTEXT('2D SPACE',''
  ) );
#6183 = PCURVE('',#5954,#6184);
#6184 = DEFINITIONAL_REPRESENTATION('',(#6185),#6189);
#6185 = LINE('',#6186,#6187);
#6186 = CARTESIAN_POINT('',(0.,2.45));
#6187 = VECTOR('',#6188,1.);
#6188 = DIRECTION('',(1.,0.));
#6189 = ( GEOMETRIC_REPRESENTATION_CONTEXT(2) 
PARAMETRIC_REPRESENTATION_CONTEXT() REPRESENTATION_CONTEXT('2D SPACE',''
  ) );
#6190 = ORIENTED_EDGE('',*,*,#5966,.T.);
#6191 = ORIENTED_EDGE('',*,*,#6192,.T.);
#6192 = EDGE_CURVE('',#5967,#6077,#6193,.T.);
#6193 = SURFACE_CURVE('',#6194,(#6198,#6205),.PCURVE_S1.);
#6194 = LINE('',#6195,#6196);
#6195 = CARTESIAN_POINT('',(-2.495,2.495,3.5));
#6196 = VECTOR('',#6197,1.);
#6197 = DIRECTION('',(1.,0.,0.));
#6198 = PCURVE('',#5982,#6199);
#6199 = DEFINITIONAL_REPRESENTATION('',(#6200),#6204);
#6200 = LINE('',#6201,#6202);
#6201 = CARTESIAN_POINT('',(2.5,0.));
#6202 = VECTOR('',#6203,1.);
#6203 = DIRECTION('',(0.,1.));
#6204 = ( GEOMETRIC_REPRESENTATION_CONTEXT(2) 
PARAMETRIC_REPRESENTATION_CONTEXT() REPRESENTATION_CONTEXT('2D SPACE',''
  ) );
#6205 = PCURVE('',#6008,#6206);
#6206 = DEFINITIONAL_REPRESENTATION('',(#6207),#6211);
#6207 = LINE('',#6208,#6209);
#6208 = CARTESIAN_POINT('',(0.,2.45));
#6209 = VECTOR('',#6210,1.);
#6210 = DIRECTION('',(1.,0.));
#6211 = ( GEOMETRIC_REPRESENTATION_CONTEXT(2) 
PARAMETRIC_REPRESENTATION_CONTEXT() REPRESENTATION_CONTEXT('2D SPACE',''
  ) );
#6212 = ORIENTED_EDGE('',*,*,#6076,.F.);
#6213 = ADVANCED_FACE('',(#6214),#5954,.F.);
#6214 = FACE_BOUND('',#6215,.F.);
#6215 = EDGE_LOOP('',(#6216,#6217,#6218,#6219));
#6216 = ORIENTED_EDGE('',*,*,#5938,.F.);
#6217 = ORIENTED_EDGE('',*,*,#6123,.T.);
#6218 = ORIENTED_EDGE('',*,*,#6053,.T.);
#6219 = ORIENTED_EDGE('',*,*,#6170,.F.);
#6220 = ADVANCED_FACE('',(#6221),#6008,.T.);
#6221 = FACE_BOUND('',#6222,.T.);
#6222 = EDGE_LOOP('',(#6223,#6224,#6225,#6226));
#6223 = ORIENTED_EDGE('',*,*,#5994,.F.);
#6224 = ORIENTED_EDGE('',*,*,#6145,.T.);
#6225 = ORIENTED_EDGE('',*,*,#6099,.T.);
#6226 = ORIENTED_EDGE('',*,*,#6192,.F.);
#6227 = ( GEOMETRIC_REPRESENTATION_CONTEXT(3) 
GLOBAL_UNCERTAINTY_ASSIGNED_CONTEXT((#6231)) 
GLOBAL_UNIT_ASSIGNED_CONTEXT((#6228,#6229,#6230)) REPRESENTATION_CONTEXT
('Context #1','3D Context with UNIT and UNCERTAINTY') );
#6228 = ( LENGTH_UNIT() NAMED_UNIT(*) SI_UNIT(.MILLI.,.METRE.) );
#6229 = ( NAMED_UNIT(*) PLANE_ANGLE_UNIT() SI_UNIT($,.RADIAN.) );
#6230 = ( NAMED_UNIT(*) SI_UNIT($,.STERADIAN.) SOLID_ANGLE_UNIT() );
#6231 = UNCERTAINTY_MEASURE_WITH_UNIT(LENGTH_MEASURE(1.E-07),#6228,
  'distance_accuracy_value','confusion accuracy');
#6232 = CONTEXT_DEPENDENT_SHAPE_REPRESENTATION(#6233,#6235);
#6233 = ( REPRESENTATION_RELATIONSHIP('','',#5896,#10) 
REPRESENTATION_RELATIONSHIP_WITH_TRANSFORMATION(#6234) 
SHAPE_REPRESENTATION_RELATIONSHIP() );
#6234 = ITEM_DEFINED_TRANSFORMATION('','',#11,#79);
#6235 = PRODUCT_DEFINITION_SHAPE('Placement','Placement of an item',
  #6236);
#6236 = NEXT_ASSEMBLY_USAGE_OCCURRENCE('17','Header body 2 -1.27','',#5,
  #5891,$);
#6237 = PRODUCT_RELATED_PRODUCT_CATEGORY('part',$,(#5893));
#6238 = SHAPE_DEFINITION_REPRESENTATION(#6239,#6245);
#6239 = PRODUCT_DEFINITION_SHAPE('','',#6240);
#6240 = PRODUCT_DEFINITION('design','',#6241,#6244);
#6241 = PRODUCT_DEFINITION_FORMATION('','',#6242);
#6242 = PRODUCT('Header pin 2 1.27','Header pin 2 1.27','',(#6243));
#6243 = PRODUCT_CONTEXT('',#2,'mechanical');
#6244 = PRODUCT_DEFINITION_CONTEXT('part definition',#2,'design');
#6245 = ADVANCED_BREP_SHAPE_REPRESENTATION('',(#11,#6246),#6576);
#6246 = MANIFOLD_SOLID_BREP('',#6247);
#6247 = CLOSED_SHELL('',(#6248,#6368,#6468,#6515,#6562,#6569));
#6248 = ADVANCED_FACE('',(#6249),#6263,.F.);
#6249 = FACE_BOUND('',#6250,.F.);
#6250 = EDGE_LOOP('',(#6251,#6286,#6314,#6342));
#6251 = ORIENTED_EDGE('',*,*,#6252,.F.);
#6252 = EDGE_CURVE('',#6253,#6255,#6257,.T.);
#6253 = VERTEX_POINT('',#6254);
#6254 = CARTESIAN_POINT('',(0.95,0.95,-3.));
#6255 = VERTEX_POINT('',#6256);
#6256 = CARTESIAN_POINT('',(0.95,0.95,4.));
#6257 = SURFACE_CURVE('',#6258,(#6262,#6274),.PCURVE_S1.);
#6258 = LINE('',#6259,#6260);
#6259 = CARTESIAN_POINT('',(0.95,0.95,-3.));
#6260 = VECTOR('',#6261,1.);
#6261 = DIRECTION('',(0.,0.,1.));
#6262 = PCURVE('',#6263,#6268);
#6263 = PLANE('',#6264);
#6264 = AXIS2_PLACEMENT_3D('',#6265,#6266,#6267);
#6265 = CARTESIAN_POINT('',(0.95,0.95,-3.));
#6266 = DIRECTION('',(1.,0.,0.));
#6267 = DIRECTION('',(0.,0.,1.));
#6268 = DEFINITIONAL_REPRESENTATION('',(#6269),#6273);
#6269 = LINE('',#6270,#6271);
#6270 = CARTESIAN_POINT('',(0.,0.));
#6271 = VECTOR('',#6272,1.);
#6272 = DIRECTION('',(1.,0.));
#6273 = ( GEOMETRIC_REPRESENTATION_CONTEXT(2) 
PARAMETRIC_REPRESENTATION_CONTEXT() REPRESENTATION_CONTEXT('2D SPACE',''
  ) );
#6274 = PCURVE('',#6275,#6280);
#6275 = PLANE('',#6276);
#6276 = AXIS2_PLACEMENT_3D('',#6277,#6278,#6279);
#6277 = CARTESIAN_POINT('',(0.95,0.95,-3.));
#6278 = DIRECTION('',(0.,1.,0.));
#6279 = DIRECTION('',(0.,0.,1.));
#6280 = DEFINITIONAL_REPRESENTATION('',(#6281),#6285);
#6281 = LINE('',#6282,#6283);
#6282 = CARTESIAN_POINT('',(0.,0.));
#6283 = VECTOR('',#6284,1.);
#6284 = DIRECTION('',(1.,0.));
#6285 = ( GEOMETRIC_REPRESENTATION_CONTEXT(2) 
PARAMETRIC_REPRESENTATION_CONTEXT() REPRESENTATION_CONTEXT('2D SPACE',''
  ) );
#6286 = ORIENTED_EDGE('',*,*,#6287,.T.);
#6287 = EDGE_CURVE('',#6253,#6288,#6290,.T.);
#6288 = VERTEX_POINT('',#6289);
#6289 = CARTESIAN_POINT('',(0.95,1.59,-3.));
#6290 = SURFACE_CURVE('',#6291,(#6295,#6302),.PCURVE_S1.);
#6291 = LINE('',#6292,#6293);
#6292 = CARTESIAN_POINT('',(0.95,0.95,-3.));
#6293 = VECTOR('',#6294,1.);
#6294 = DIRECTION('',(0.,1.,0.));
#6295 = PCURVE('',#6263,#6296);
#6296 = DEFINITIONAL_REPRESENTATION('',(#6297),#6301);
#6297 = LINE('',#6298,#6299);
#6298 = CARTESIAN_POINT('',(0.,0.));
#6299 = VECTOR('',#6300,1.);
#6300 = DIRECTION('',(0.,-1.));
#6301 = ( GEOMETRIC_REPRESENTATION_CONTEXT(2) 
PARAMETRIC_REPRESENTATION_CONTEXT() REPRESENTATION_CONTEXT('2D SPACE',''
  ) );
#6302 = PCURVE('',#6303,#6308);
#6303 = PLANE('',#6304);
#6304 = AXIS2_PLACEMENT_3D('',#6305,#6306,#6307);
#6305 = CARTESIAN_POINT('',(0.95,0.95,-3.));
#6306 = DIRECTION('',(0.,0.,1.));
#6307 = DIRECTION('',(1.,0.,0.));
#6308 = DEFINITIONAL_REPRESENTATION('',(#6309),#6313);
#6309 = LINE('',#6310,#6311);
#6310 = CARTESIAN_POINT('',(0.,0.));
#6311 = VECTOR('',#6312,1.);
#6312 = DIRECTION('',(0.,1.));
#6313 = ( GEOMETRIC_REPRESENTATION_CONTEXT(2) 
PARAMETRIC_REPRESENTATION_CONTEXT() REPRESENTATION_CONTEXT('2D SPACE',''
  ) );
#6314 = ORIENTED_EDGE('',*,*,#6315,.T.);
#6315 = EDGE_CURVE('',#6288,#6316,#6318,.T.);
#6316 = VERTEX_POINT('',#6317);
#6317 = CARTESIAN_POINT('',(0.95,1.59,4.));
#6318 = SURFACE_CURVE('',#6319,(#6323,#6330),.PCURVE_S1.);
#6319 = LINE('',#6320,#6321);
#6320 = CARTESIAN_POINT('',(0.95,1.59,-3.));
#6321 = VECTOR('',#6322,1.);
#6322 = DIRECTION('',(0.,0.,1.));
#6323 = PCURVE('',#6263,#6324);
#6324 = DEFINITIONAL_REPRESENTATION('',(#6325),#6329);
#6325 = LINE('',#6326,#6327);
#6326 = CARTESIAN_POINT('',(0.,-0.64));
#6327 = VECTOR('',#6328,1.);
#6328 = DIRECTION('',(1.,0.));
#6329 = ( GEOMETRIC_REPRESENTATION_CONTEXT(2) 
PARAMETRIC_REPRESENTATION_CONTEXT() REPRESENTATION_CONTEXT('2D SPACE',''
  ) );
#6330 = PCURVE('',#6331,#6336);
#6331 = PLANE('',#6332);
#6332 = AXIS2_PLACEMENT_3D('',#6333,#6334,#6335);
#6333 = CARTESIAN_POINT('',(0.95,1.59,-3.));
#6334 = DIRECTION('',(0.,1.,0.));
#6335 = DIRECTION('',(0.,0.,1.));
#6336 = DEFINITIONAL_REPRESENTATION('',(#6337),#6341);
#6337 = LINE('',#6338,#6339);
#6338 = CARTESIAN_POINT('',(0.,0.));
#6339 = VECTOR('',#6340,1.);
#6340 = DIRECTION('',(1.,0.));
#6341 = ( GEOMETRIC_REPRESENTATION_CONTEXT(2) 
PARAMETRIC_REPRESENTATION_CONTEXT() REPRESENTATION_CONTEXT('2D SPACE',''
  ) );
#6342 = ORIENTED_EDGE('',*,*,#6343,.F.);
#6343 = EDGE_CURVE('',#6255,#6316,#6344,.T.);
#6344 = SURFACE_CURVE('',#6345,(#6349,#6356),.PCURVE_S1.);
#6345 = LINE('',#6346,#6347);
#6346 = CARTESIAN_POINT('',(0.95,0.95,4.));
#6347 = VECTOR('',#6348,1.);
#6348 = DIRECTION('',(0.,1.,0.));
#6349 = PCURVE('',#6263,#6350);
#6350 = DEFINITIONAL_REPRESENTATION('',(#6351),#6355);
#6351 = LINE('',#6352,#6353);
#6352 = CARTESIAN_POINT('',(7.,0.));
#6353 = VECTOR('',#6354,1.);
#6354 = DIRECTION('',(0.,-1.));
#6355 = ( GEOMETRIC_REPRESENTATION_CONTEXT(2) 
PARAMETRIC_REPRESENTATION_CONTEXT() REPRESENTATION_CONTEXT('2D SPACE',''
  ) );
#6356 = PCURVE('',#6357,#6362);
#6357 = PLANE('',#6358);
#6358 = AXIS2_PLACEMENT_3D('',#6359,#6360,#6361);
#6359 = CARTESIAN_POINT('',(0.95,0.95,4.));
#6360 = DIRECTION('',(0.,0.,1.));
#6361 = DIRECTION('',(1.,0.,0.));
#6362 = DEFINITIONAL_REPRESENTATION('',(#6363),#6367);
#6363 = LINE('',#6364,#6365);
#6364 = CARTESIAN_POINT('',(0.,0.));
#6365 = VECTOR('',#6366,1.);
#6366 = DIRECTION('',(0.,1.));
#6367 = ( GEOMETRIC_REPRESENTATION_CONTEXT(2) 
PARAMETRIC_REPRESENTATION_CONTEXT() REPRESENTATION_CONTEXT('2D SPACE',''
  ) );
#6368 = ADVANCED_FACE('',(#6369),#6383,.T.);
#6369 = FACE_BOUND('',#6370,.T.);
#6370 = EDGE_LOOP('',(#6371,#6401,#6424,#6447));
#6371 = ORIENTED_EDGE('',*,*,#6372,.F.);
#6372 = EDGE_CURVE('',#6373,#6375,#6377,.T.);
#6373 = VERTEX_POINT('',#6374);
#6374 = CARTESIAN_POINT('',(1.59,0.95,-3.));
#6375 = VERTEX_POINT('',#6376);
#6376 = CARTESIAN_POINT('',(1.59,0.95,4.));
#6377 = SURFACE_CURVE('',#6378,(#6382,#6394),.PCURVE_S1.);
#6378 = LINE('',#6379,#6380);
#6379 = CARTESIAN_POINT('',(1.59,0.95,-3.));
#6380 = VECTOR('',#6381,1.);
#6381 = DIRECTION('',(0.,0.,1.));
#6382 = PCURVE('',#6383,#6388);
#6383 = PLANE('',#6384);
#6384 = AXIS2_PLACEMENT_3D('',#6385,#6386,#6387);
#6385 = CARTESIAN_POINT('',(1.59,0.95,-3.));
#6386 = DIRECTION('',(1.,0.,0.));
#6387 = DIRECTION('',(0.,0.,1.));
#6388 = DEFINITIONAL_REPRESENTATION('',(#6389),#6393);
#6389 = LINE('',#6390,#6391);
#6390 = CARTESIAN_POINT('',(0.,0.));
#6391 = VECTOR('',#6392,1.);
#6392 = DIRECTION('',(1.,0.));
#6393 = ( GEOMETRIC_REPRESENTATION_CONTEXT(2) 
PARAMETRIC_REPRESENTATION_CONTEXT() REPRESENTATION_CONTEXT('2D SPACE',''
  ) );
#6394 = PCURVE('',#6275,#6395);
#6395 = DEFINITIONAL_REPRESENTATION('',(#6396),#6400);
#6396 = LINE('',#6397,#6398);
#6397 = CARTESIAN_POINT('',(0.,0.64));
#6398 = VECTOR('',#6399,1.);
#6399 = DIRECTION('',(1.,0.));
#6400 = ( GEOMETRIC_REPRESENTATION_CONTEXT(2) 
PARAMETRIC_REPRESENTATION_CONTEXT() REPRESENTATION_CONTEXT('2D SPACE',''
  ) );
#6401 = ORIENTED_EDGE('',*,*,#6402,.T.);
#6402 = EDGE_CURVE('',#6373,#6403,#6405,.T.);
#6403 = VERTEX_POINT('',#6404);
#6404 = CARTESIAN_POINT('',(1.59,1.59,-3.));
#6405 = SURFACE_CURVE('',#6406,(#6410,#6417),.PCURVE_S1.);
#6406 = LINE('',#6407,#6408);
#6407 = CARTESIAN_POINT('',(1.59,0.95,-3.));
#6408 = VECTOR('',#6409,1.);
#6409 = DIRECTION('',(0.,1.,0.));
#6410 = PCURVE('',#6383,#6411);
#6411 = DEFINITIONAL_REPRESENTATION('',(#6412),#6416);
#6412 = LINE('',#6413,#6414);
#6413 = CARTESIAN_POINT('',(0.,0.));
#6414 = VECTOR('',#6415,1.);
#6415 = DIRECTION('',(0.,-1.));
#6416 = ( GEOMETRIC_REPRESENTATION_CONTEXT(2) 
PARAMETRIC_REPRESENTATION_CONTEXT() REPRESENTATION_CONTEXT('2D SPACE',''
  ) );
#6417 = PCURVE('',#6303,#6418);
#6418 = DEFINITIONAL_REPRESENTATION('',(#6419),#6423);
#6419 = LINE('',#6420,#6421);
#6420 = CARTESIAN_POINT('',(0.64,0.));
#6421 = VECTOR('',#6422,1.);
#6422 = DIRECTION('',(0.,1.));
#6423 = ( GEOMETRIC_REPRESENTATION_CONTEXT(2) 
PARAMETRIC_REPRESENTATION_CONTEXT() REPRESENTATION_CONTEXT('2D SPACE',''
  ) );
#6424 = ORIENTED_EDGE('',*,*,#6425,.T.);
#6425 = EDGE_CURVE('',#6403,#6426,#6428,.T.);
#6426 = VERTEX_POINT('',#6427);
#6427 = CARTESIAN_POINT('',(1.59,1.59,4.));
#6428 = SURFACE_CURVE('',#6429,(#6433,#6440),.PCURVE_S1.);
#6429 = LINE('',#6430,#6431);
#6430 = CARTESIAN_POINT('',(1.59,1.59,-3.));
#6431 = VECTOR('',#6432,1.);
#6432 = DIRECTION('',(0.,0.,1.));
#6433 = PCURVE('',#6383,#6434);
#6434 = DEFINITIONAL_REPRESENTATION('',(#6435),#6439);
#6435 = LINE('',#6436,#6437);
#6436 = CARTESIAN_POINT('',(0.,-0.64));
#6437 = VECTOR('',#6438,1.);
#6438 = DIRECTION('',(1.,0.));
#6439 = ( GEOMETRIC_REPRESENTATION_CONTEXT(2) 
PARAMETRIC_REPRESENTATION_CONTEXT() REPRESENTATION_CONTEXT('2D SPACE',''
  ) );
#6440 = PCURVE('',#6331,#6441);
#6441 = DEFINITIONAL_REPRESENTATION('',(#6442),#6446);
#6442 = LINE('',#6443,#6444);
#6443 = CARTESIAN_POINT('',(0.,0.64));
#6444 = VECTOR('',#6445,1.);
#6445 = DIRECTION('',(1.,0.));
#6446 = ( GEOMETRIC_REPRESENTATION_CONTEXT(2) 
PARAMETRIC_REPRESENTATION_CONTEXT() REPRESENTATION_CONTEXT('2D SPACE',''
  ) );
#6447 = ORIENTED_EDGE('',*,*,#6448,.F.);
#6448 = EDGE_CURVE('',#6375,#6426,#6449,.T.);
#6449 = SURFACE_CURVE('',#6450,(#6454,#6461),.PCURVE_S1.);
#6450 = LINE('',#6451,#6452);
#6451 = CARTESIAN_POINT('',(1.59,0.95,4.));
#6452 = VECTOR('',#6453,1.);
#6453 = DIRECTION('',(0.,1.,0.));
#6454 = PCURVE('',#6383,#6455);
#6455 = DEFINITIONAL_REPRESENTATION('',(#6456),#6460);
#6456 = LINE('',#6457,#6458);
#6457 = CARTESIAN_POINT('',(7.,0.));
#6458 = VECTOR('',#6459,1.);
#6459 = DIRECTION('',(0.,-1.));
#6460 = ( GEOMETRIC_REPRESENTATION_CONTEXT(2) 
PARAMETRIC_REPRESENTATION_CONTEXT() REPRESENTATION_CONTEXT('2D SPACE',''
  ) );
#6461 = PCURVE('',#6357,#6462);
#6462 = DEFINITIONAL_REPRESENTATION('',(#6463),#6467);
#6463 = LINE('',#6464,#6465);
#6464 = CARTESIAN_POINT('',(0.64,0.));
#6465 = VECTOR('',#6466,1.);
#6466 = DIRECTION('',(0.,1.));
#6467 = ( GEOMETRIC_REPRESENTATION_CONTEXT(2) 
PARAMETRIC_REPRESENTATION_CONTEXT() REPRESENTATION_CONTEXT('2D SPACE',''
  ) );
#6468 = ADVANCED_FACE('',(#6469),#6275,.F.);
#6469 = FACE_BOUND('',#6470,.F.);
#6470 = EDGE_LOOP('',(#6471,#6492,#6493,#6514));
#6471 = ORIENTED_EDGE('',*,*,#6472,.F.);
#6472 = EDGE_CURVE('',#6253,#6373,#6473,.T.);
#6473 = SURFACE_CURVE('',#6474,(#6478,#6485),.PCURVE_S1.);
#6474 = LINE('',#6475,#6476);
#6475 = CARTESIAN_POINT('',(0.95,0.95,-3.));
#6476 = VECTOR('',#6477,1.);
#6477 = DIRECTION('',(1.,0.,0.));
#6478 = PCURVE('',#6275,#6479);
#6479 = DEFINITIONAL_REPRESENTATION('',(#6480),#6484);
#6480 = LINE('',#6481,#6482);
#6481 = CARTESIAN_POINT('',(0.,0.));
#6482 = VECTOR('',#6483,1.);
#6483 = DIRECTION('',(0.,1.));
#6484 = ( GEOMETRIC_REPRESENTATION_CONTEXT(2) 
PARAMETRIC_REPRESENTATION_CONTEXT() REPRESENTATION_CONTEXT('2D SPACE',''
  ) );
#6485 = PCURVE('',#6303,#6486);
#6486 = DEFINITIONAL_REPRESENTATION('',(#6487),#6491);
#6487 = LINE('',#6488,#6489);
#6488 = CARTESIAN_POINT('',(0.,0.));
#6489 = VECTOR('',#6490,1.);
#6490 = DIRECTION('',(1.,0.));
#6491 = ( GEOMETRIC_REPRESENTATION_CONTEXT(2) 
PARAMETRIC_REPRESENTATION_CONTEXT() REPRESENTATION_CONTEXT('2D SPACE',''
  ) );
#6492 = ORIENTED_EDGE('',*,*,#6252,.T.);
#6493 = ORIENTED_EDGE('',*,*,#6494,.T.);
#6494 = EDGE_CURVE('',#6255,#6375,#6495,.T.);
#6495 = SURFACE_CURVE('',#6496,(#6500,#6507),.PCURVE_S1.);
#6496 = LINE('',#6497,#6498);
#6497 = CARTESIAN_POINT('',(0.95,0.95,4.));
#6498 = VECTOR('',#6499,1.);
#6499 = DIRECTION('',(1.,0.,0.));
#6500 = PCURVE('',#6275,#6501);
#6501 = DEFINITIONAL_REPRESENTATION('',(#6502),#6506);
#6502 = LINE('',#6503,#6504);
#6503 = CARTESIAN_POINT('',(7.,0.));
#6504 = VECTOR('',#6505,1.);
#6505 = DIRECTION('',(0.,1.));
#6506 = ( GEOMETRIC_REPRESENTATION_CONTEXT(2) 
PARAMETRIC_REPRESENTATION_CONTEXT() REPRESENTATION_CONTEXT('2D SPACE',''
  ) );
#6507 = PCURVE('',#6357,#6508);
#6508 = DEFINITIONAL_REPRESENTATION('',(#6509),#6513);
#6509 = LINE('',#6510,#6511);
#6510 = CARTESIAN_POINT('',(0.,0.));
#6511 = VECTOR('',#6512,1.);
#6512 = DIRECTION('',(1.,0.));
#6513 = ( GEOMETRIC_REPRESENTATION_CONTEXT(2) 
PARAMETRIC_REPRESENTATION_CONTEXT() REPRESENTATION_CONTEXT('2D SPACE',''
  ) );
#6514 = ORIENTED_EDGE('',*,*,#6372,.F.);
#6515 = ADVANCED_FACE('',(#6516),#6331,.T.);
#6516 = FACE_BOUND('',#6517,.T.);
#6517 = EDGE_LOOP('',(#6518,#6539,#6540,#6561));
#6518 = ORIENTED_EDGE('',*,*,#6519,.F.);
#6519 = EDGE_CURVE('',#6288,#6403,#6520,.T.);
#6520 = SURFACE_CURVE('',#6521,(#6525,#6532),.PCURVE_S1.);
#6521 = LINE('',#6522,#6523);
#6522 = CARTESIAN_POINT('',(0.95,1.59,-3.));
#6523 = VECTOR('',#6524,1.);
#6524 = DIRECTION('',(1.,0.,0.));
#6525 = PCURVE('',#6331,#6526);
#6526 = DEFINITIONAL_REPRESENTATION('',(#6527),#6531);
#6527 = LINE('',#6528,#6529);
#6528 = CARTESIAN_POINT('',(0.,0.));
#6529 = VECTOR('',#6530,1.);
#6530 = DIRECTION('',(0.,1.));
#6531 = ( GEOMETRIC_REPRESENTATION_CONTEXT(2) 
PARAMETRIC_REPRESENTATION_CONTEXT() REPRESENTATION_CONTEXT('2D SPACE',''
  ) );
#6532 = PCURVE('',#6303,#6533);
#6533 = DEFINITIONAL_REPRESENTATION('',(#6534),#6538);
#6534 = LINE('',#6535,#6536);
#6535 = CARTESIAN_POINT('',(0.,0.64));
#6536 = VECTOR('',#6537,1.);
#6537 = DIRECTION('',(1.,0.));
#6538 = ( GEOMETRIC_REPRESENTATION_CONTEXT(2) 
PARAMETRIC_REPRESENTATION_CONTEXT() REPRESENTATION_CONTEXT('2D SPACE',''
  ) );
#6539 = ORIENTED_EDGE('',*,*,#6315,.T.);
#6540 = ORIENTED_EDGE('',*,*,#6541,.T.);
#6541 = EDGE_CURVE('',#6316,#6426,#6542,.T.);
#6542 = SURFACE_CURVE('',#6543,(#6547,#6554),.PCURVE_S1.);
#6543 = LINE('',#6544,#6545);
#6544 = CARTESIAN_POINT('',(0.95,1.59,4.));
#6545 = VECTOR('',#6546,1.);
#6546 = DIRECTION('',(1.,0.,0.));
#6547 = PCURVE('',#6331,#6548);
#6548 = DEFINITIONAL_REPRESENTATION('',(#6549),#6553);
#6549 = LINE('',#6550,#6551);
#6550 = CARTESIAN_POINT('',(7.,0.));
#6551 = VECTOR('',#6552,1.);
#6552 = DIRECTION('',(0.,1.));
#6553 = ( GEOMETRIC_REPRESENTATION_CONTEXT(2) 
PARAMETRIC_REPRESENTATION_CONTEXT() REPRESENTATION_CONTEXT('2D SPACE',''
  ) );
#6554 = PCURVE('',#6357,#6555);
#6555 = DEFINITIONAL_REPRESENTATION('',(#6556),#6560);
#6556 = LINE('',#6557,#6558);
#6557 = CARTESIAN_POINT('',(0.,0.64));
#6558 = VECTOR('',#6559,1.);
#6559 = DIRECTION('',(1.,0.));
#6560 = ( GEOMETRIC_REPRESENTATION_CONTEXT(2) 
PARAMETRIC_REPRESENTATION_CONTEXT() REPRESENTATION_CONTEXT('2D SPACE',''
  ) );
#6561 = ORIENTED_EDGE('',*,*,#6425,.F.);
#6562 = ADVANCED_FACE('',(#6563),#6303,.F.);
#6563 = FACE_BOUND('',#6564,.F.);
#6564 = EDGE_LOOP('',(#6565,#6566,#6567,#6568));
#6565 = ORIENTED_EDGE('',*,*,#6287,.F.);
#6566 = ORIENTED_EDGE('',*,*,#6472,.T.);
#6567 = ORIENTED_EDGE('',*,*,#6402,.T.);
#6568 = ORIENTED_EDGE('',*,*,#6519,.F.);
#6569 = ADVANCED_FACE('',(#6570),#6357,.T.);
#6570 = FACE_BOUND('',#6571,.T.);
#6571 = EDGE_LOOP('',(#6572,#6573,#6574,#6575));
#6572 = ORIENTED_EDGE('',*,*,#6343,.F.);
#6573 = ORIENTED_EDGE('',*,*,#6494,.T.);
#6574 = ORIENTED_EDGE('',*,*,#6448,.T.);
#6575 = ORIENTED_EDGE('',*,*,#6541,.F.);
#6576 = ( GEOMETRIC_REPRESENTATION_CONTEXT(3) 
GLOBAL_UNCERTAINTY_ASSIGNED_CONTEXT((#6580)) 
GLOBAL_UNIT_ASSIGNED_CONTEXT((#6577,#6578,#6579)) REPRESENTATION_CONTEXT
('Context #1','3D Context with UNIT and UNCERTAINTY') );
#6577 = ( LENGTH_UNIT() NAMED_UNIT(*) SI_UNIT(.MILLI.,.METRE.) );
#6578 = ( NAMED_UNIT(*) PLANE_ANGLE_UNIT() SI_UNIT($,.RADIAN.) );
#6579 = ( NAMED_UNIT(*) SI_UNIT($,.STERADIAN.) SOLID_ANGLE_UNIT() );
#6580 = UNCERTAINTY_MEASURE_WITH_UNIT(LENGTH_MEASURE(1.E-07),#6577,
  'distance_accuracy_value','confusion accuracy');
#6581 = CONTEXT_DEPENDENT_SHAPE_REPRESENTATION(#6582,#6584);
#6582 = ( REPRESENTATION_RELATIONSHIP('','',#6245,#10) 
REPRESENTATION_RELATIONSHIP_WITH_TRANSFORMATION(#6583) 
SHAPE_REPRESENTATION_RELATIONSHIP() );
#6583 = ITEM_DEFINED_TRANSFORMATION('','',#11,#83);
#6584 = PRODUCT_DEFINITION_SHAPE('Placement','Placement of an item',
  #6585);
#6585 = NEXT_ASSEMBLY_USAGE_OCCURRENCE('18','Header pin 2 1.27','',#5,
  #6240,$);
#6586 = PRODUCT_RELATED_PRODUCT_CATEGORY('part',$,(#6242));
#6587 = SHAPE_DEFINITION_REPRESENTATION(#6588,#6594);
#6588 = PRODUCT_DEFINITION_SHAPE('','',#6589);
#6589 = PRODUCT_DEFINITION('design','',#6590,#6593);
#6590 = PRODUCT_DEFINITION_FORMATION('','',#6591);
#6591 = PRODUCT('Header body 2 1.27','Header body 2 1.27','',(#6592));
#6592 = PRODUCT_CONTEXT('',#2,'mechanical');
#6593 = PRODUCT_DEFINITION_CONTEXT('part definition',#2,'design');
#6594 = ADVANCED_BREP_SHAPE_REPRESENTATION('',(#11,#6595),#6925);
#6595 = MANIFOLD_SOLID_BREP('',#6596);
#6596 = CLOSED_SHELL('',(#6597,#6717,#6817,#6864,#6911,#6918));
#6597 = ADVANCED_FACE('',(#6598),#6612,.F.);
#6598 = FACE_BOUND('',#6599,.F.);
#6599 = EDGE_LOOP('',(#6600,#6635,#6663,#6691));
#6600 = ORIENTED_EDGE('',*,*,#6601,.F.);
#6601 = EDGE_CURVE('',#6602,#6604,#6606,.T.);
#6602 = VERTEX_POINT('',#6603);
#6603 = CARTESIAN_POINT('',(4.5E-02,4.5E-02,1.));
#6604 = VERTEX_POINT('',#6605);
#6605 = CARTESIAN_POINT('',(4.5E-02,4.5E-02,3.5));
#6606 = SURFACE_CURVE('',#6607,(#6611,#6623),.PCURVE_S1.);
#6607 = LINE('',#6608,#6609);
#6608 = CARTESIAN_POINT('',(4.5E-02,4.5E-02,1.));
#6609 = VECTOR('',#6610,1.);
#6610 = DIRECTION('',(0.,0.,1.));
#6611 = PCURVE('',#6612,#6617);
#6612 = PLANE('',#6613);
#6613 = AXIS2_PLACEMENT_3D('',#6614,#6615,#6616);
#6614 = CARTESIAN_POINT('',(4.5E-02,4.5E-02,1.));
#6615 = DIRECTION('',(1.,0.,0.));
#6616 = DIRECTION('',(0.,0.,1.));
#6617 = DEFINITIONAL_REPRESENTATION('',(#6618),#6622);
#6618 = LINE('',#6619,#6620);
#6619 = CARTESIAN_POINT('',(0.,0.));
#6620 = VECTOR('',#6621,1.);
#6621 = DIRECTION('',(1.,0.));
#6622 = ( GEOMETRIC_REPRESENTATION_CONTEXT(2) 
PARAMETRIC_REPRESENTATION_CONTEXT() REPRESENTATION_CONTEXT('2D SPACE',''
  ) );
#6623 = PCURVE('',#6624,#6629);
#6624 = PLANE('',#6625);
#6625 = AXIS2_PLACEMENT_3D('',#6626,#6627,#6628);
#6626 = CARTESIAN_POINT('',(4.5E-02,4.5E-02,1.));
#6627 = DIRECTION('',(0.,1.,0.));
#6628 = DIRECTION('',(0.,0.,1.));
#6629 = DEFINITIONAL_REPRESENTATION('',(#6630),#6634);
#6630 = LINE('',#6631,#6632);
#6631 = CARTESIAN_POINT('',(0.,0.));
#6632 = VECTOR('',#6633,1.);
#6633 = DIRECTION('',(1.,0.));
#6634 = ( GEOMETRIC_REPRESENTATION_CONTEXT(2) 
PARAMETRIC_REPRESENTATION_CONTEXT() REPRESENTATION_CONTEXT('2D SPACE',''
  ) );
#6635 = ORIENTED_EDGE('',*,*,#6636,.T.);
#6636 = EDGE_CURVE('',#6602,#6637,#6639,.T.);
#6637 = VERTEX_POINT('',#6638);
#6638 = CARTESIAN_POINT('',(4.5E-02,2.495,1.));
#6639 = SURFACE_CURVE('',#6640,(#6644,#6651),.PCURVE_S1.);
#6640 = LINE('',#6641,#6642);
#6641 = CARTESIAN_POINT('',(4.5E-02,4.5E-02,1.));
#6642 = VECTOR('',#6643,1.);
#6643 = DIRECTION('',(0.,1.,0.));
#6644 = PCURVE('',#6612,#6645);
#6645 = DEFINITIONAL_REPRESENTATION('',(#6646),#6650);
#6646 = LINE('',#6647,#6648);
#6647 = CARTESIAN_POINT('',(0.,0.));
#6648 = VECTOR('',#6649,1.);
#6649 = DIRECTION('',(0.,-1.));
#6650 = ( GEOMETRIC_REPRESENTATION_CONTEXT(2) 
PARAMETRIC_REPRESENTATION_CONTEXT() REPRESENTATION_CONTEXT('2D SPACE',''
  ) );
#6651 = PCURVE('',#6652,#6657);
#6652 = PLANE('',#6653);
#6653 = AXIS2_PLACEMENT_3D('',#6654,#6655,#6656);
#6654 = CARTESIAN_POINT('',(4.5E-02,4.5E-02,1.));
#6655 = DIRECTION('',(0.,0.,1.));
#6656 = DIRECTION('',(1.,0.,0.));
#6657 = DEFINITIONAL_REPRESENTATION('',(#6658),#6662);
#6658 = LINE('',#6659,#6660);
#6659 = CARTESIAN_POINT('',(0.,0.));
#6660 = VECTOR('',#6661,1.);
#6661 = DIRECTION('',(0.,1.));
#6662 = ( GEOMETRIC_REPRESENTATION_CONTEXT(2) 
PARAMETRIC_REPRESENTATION_CONTEXT() REPRESENTATION_CONTEXT('2D SPACE',''
  ) );
#6663 = ORIENTED_EDGE('',*,*,#6664,.T.);
#6664 = EDGE_CURVE('',#6637,#6665,#6667,.T.);
#6665 = VERTEX_POINT('',#6666);
#6666 = CARTESIAN_POINT('',(4.5E-02,2.495,3.5));
#6667 = SURFACE_CURVE('',#6668,(#6672,#6679),.PCURVE_S1.);
#6668 = LINE('',#6669,#6670);
#6669 = CARTESIAN_POINT('',(4.5E-02,2.495,1.));
#6670 = VECTOR('',#6671,1.);
#6671 = DIRECTION('',(0.,0.,1.));
#6672 = PCURVE('',#6612,#6673);
#6673 = DEFINITIONAL_REPRESENTATION('',(#6674),#6678);
#6674 = LINE('',#6675,#6676);
#6675 = CARTESIAN_POINT('',(0.,-2.45));
#6676 = VECTOR('',#6677,1.);
#6677 = DIRECTION('',(1.,0.));
#6678 = ( GEOMETRIC_REPRESENTATION_CONTEXT(2) 
PARAMETRIC_REPRESENTATION_CONTEXT() REPRESENTATION_CONTEXT('2D SPACE',''
  ) );
#6679 = PCURVE('',#6680,#6685);
#6680 = PLANE('',#6681);
#6681 = AXIS2_PLACEMENT_3D('',#6682,#6683,#6684);
#6682 = CARTESIAN_POINT('',(4.5E-02,2.495,1.));
#6683 = DIRECTION('',(0.,1.,0.));
#6684 = DIRECTION('',(0.,0.,1.));
#6685 = DEFINITIONAL_REPRESENTATION('',(#6686),#6690);
#6686 = LINE('',#6687,#6688);
#6687 = CARTESIAN_POINT('',(0.,0.));
#6688 = VECTOR('',#6689,1.);
#6689 = DIRECTION('',(1.,0.));
#6690 = ( GEOMETRIC_REPRESENTATION_CONTEXT(2) 
PARAMETRIC_REPRESENTATION_CONTEXT() REPRESENTATION_CONTEXT('2D SPACE',''
  ) );
#6691 = ORIENTED_EDGE('',*,*,#6692,.F.);
#6692 = EDGE_CURVE('',#6604,#6665,#6693,.T.);
#6693 = SURFACE_CURVE('',#6694,(#6698,#6705),.PCURVE_S1.);
#6694 = LINE('',#6695,#6696);
#6695 = CARTESIAN_POINT('',(4.5E-02,4.5E-02,3.5));
#6696 = VECTOR('',#6697,1.);
#6697 = DIRECTION('',(0.,1.,0.));
#6698 = PCURVE('',#6612,#6699);
#6699 = DEFINITIONAL_REPRESENTATION('',(#6700),#6704);
#6700 = LINE('',#6701,#6702);
#6701 = CARTESIAN_POINT('',(2.5,0.));
#6702 = VECTOR('',#6703,1.);
#6703 = DIRECTION('',(0.,-1.));
#6704 = ( GEOMETRIC_REPRESENTATION_CONTEXT(2) 
PARAMETRIC_REPRESENTATION_CONTEXT() REPRESENTATION_CONTEXT('2D SPACE',''
  ) );
#6705 = PCURVE('',#6706,#6711);
#6706 = PLANE('',#6707);
#6707 = AXIS2_PLACEMENT_3D('',#6708,#6709,#6710);
#6708 = CARTESIAN_POINT('',(4.5E-02,4.5E-02,3.5));
#6709 = DIRECTION('',(0.,0.,1.));
#6710 = DIRECTION('',(1.,0.,0.));
#6711 = DEFINITIONAL_REPRESENTATION('',(#6712),#6716);
#6712 = LINE('',#6713,#6714);
#6713 = CARTESIAN_POINT('',(0.,0.));
#6714 = VECTOR('',#6715,1.);
#6715 = DIRECTION('',(0.,1.));
#6716 = ( GEOMETRIC_REPRESENTATION_CONTEXT(2) 
PARAMETRIC_REPRESENTATION_CONTEXT() REPRESENTATION_CONTEXT('2D SPACE',''
  ) );
#6717 = ADVANCED_FACE('',(#6718),#6732,.T.);
#6718 = FACE_BOUND('',#6719,.T.);
#6719 = EDGE_LOOP('',(#6720,#6750,#6773,#6796));
#6720 = ORIENTED_EDGE('',*,*,#6721,.F.);
#6721 = EDGE_CURVE('',#6722,#6724,#6726,.T.);
#6722 = VERTEX_POINT('',#6723);
#6723 = CARTESIAN_POINT('',(2.495,4.5E-02,1.));
#6724 = VERTEX_POINT('',#6725);
#6725 = CARTESIAN_POINT('',(2.495,4.5E-02,3.5));
#6726 = SURFACE_CURVE('',#6727,(#6731,#6743),.PCURVE_S1.);
#6727 = LINE('',#6728,#6729);
#6728 = CARTESIAN_POINT('',(2.495,4.5E-02,1.));
#6729 = VECTOR('',#6730,1.);
#6730 = DIRECTION('',(0.,0.,1.));
#6731 = PCURVE('',#6732,#6737);
#6732 = PLANE('',#6733);
#6733 = AXIS2_PLACEMENT_3D('',#6734,#6735,#6736);
#6734 = CARTESIAN_POINT('',(2.495,4.5E-02,1.));
#6735 = DIRECTION('',(1.,0.,0.));
#6736 = DIRECTION('',(0.,0.,1.));
#6737 = DEFINITIONAL_REPRESENTATION('',(#6738),#6742);
#6738 = LINE('',#6739,#6740);
#6739 = CARTESIAN_POINT('',(0.,0.));
#6740 = VECTOR('',#6741,1.);
#6741 = DIRECTION('',(1.,0.));
#6742 = ( GEOMETRIC_REPRESENTATION_CONTEXT(2) 
PARAMETRIC_REPRESENTATION_CONTEXT() REPRESENTATION_CONTEXT('2D SPACE',''
  ) );
#6743 = PCURVE('',#6624,#6744);
#6744 = DEFINITIONAL_REPRESENTATION('',(#6745),#6749);
#6745 = LINE('',#6746,#6747);
#6746 = CARTESIAN_POINT('',(0.,2.45));
#6747 = VECTOR('',#6748,1.);
#6748 = DIRECTION('',(1.,0.));
#6749 = ( GEOMETRIC_REPRESENTATION_CONTEXT(2) 
PARAMETRIC_REPRESENTATION_CONTEXT() REPRESENTATION_CONTEXT('2D SPACE',''
  ) );
#6750 = ORIENTED_EDGE('',*,*,#6751,.T.);
#6751 = EDGE_CURVE('',#6722,#6752,#6754,.T.);
#6752 = VERTEX_POINT('',#6753);
#6753 = CARTESIAN_POINT('',(2.495,2.495,1.));
#6754 = SURFACE_CURVE('',#6755,(#6759,#6766),.PCURVE_S1.);
#6755 = LINE('',#6756,#6757);
#6756 = CARTESIAN_POINT('',(2.495,4.5E-02,1.));
#6757 = VECTOR('',#6758,1.);
#6758 = DIRECTION('',(0.,1.,0.));
#6759 = PCURVE('',#6732,#6760);
#6760 = DEFINITIONAL_REPRESENTATION('',(#6761),#6765);
#6761 = LINE('',#6762,#6763);
#6762 = CARTESIAN_POINT('',(0.,0.));
#6763 = VECTOR('',#6764,1.);
#6764 = DIRECTION('',(0.,-1.));
#6765 = ( GEOMETRIC_REPRESENTATION_CONTEXT(2) 
PARAMETRIC_REPRESENTATION_CONTEXT() REPRESENTATION_CONTEXT('2D SPACE',''
  ) );
#6766 = PCURVE('',#6652,#6767);
#6767 = DEFINITIONAL_REPRESENTATION('',(#6768),#6772);
#6768 = LINE('',#6769,#6770);
#6769 = CARTESIAN_POINT('',(2.45,0.));
#6770 = VECTOR('',#6771,1.);
#6771 = DIRECTION('',(0.,1.));
#6772 = ( GEOMETRIC_REPRESENTATION_CONTEXT(2) 
PARAMETRIC_REPRESENTATION_CONTEXT() REPRESENTATION_CONTEXT('2D SPACE',''
  ) );
#6773 = ORIENTED_EDGE('',*,*,#6774,.T.);
#6774 = EDGE_CURVE('',#6752,#6775,#6777,.T.);
#6775 = VERTEX_POINT('',#6776);
#6776 = CARTESIAN_POINT('',(2.495,2.495,3.5));
#6777 = SURFACE_CURVE('',#6778,(#6782,#6789),.PCURVE_S1.);
#6778 = LINE('',#6779,#6780);
#6779 = CARTESIAN_POINT('',(2.495,2.495,1.));
#6780 = VECTOR('',#6781,1.);
#6781 = DIRECTION('',(0.,0.,1.));
#6782 = PCURVE('',#6732,#6783);
#6783 = DEFINITIONAL_REPRESENTATION('',(#6784),#6788);
#6784 = LINE('',#6785,#6786);
#6785 = CARTESIAN_POINT('',(0.,-2.45));
#6786 = VECTOR('',#6787,1.);
#6787 = DIRECTION('',(1.,0.));
#6788 = ( GEOMETRIC_REPRESENTATION_CONTEXT(2) 
PARAMETRIC_REPRESENTATION_CONTEXT() REPRESENTATION_CONTEXT('2D SPACE',''
  ) );
#6789 = PCURVE('',#6680,#6790);
#6790 = DEFINITIONAL_REPRESENTATION('',(#6791),#6795);
#6791 = LINE('',#6792,#6793);
#6792 = CARTESIAN_POINT('',(0.,2.45));
#6793 = VECTOR('',#6794,1.);
#6794 = DIRECTION('',(1.,0.));
#6795 = ( GEOMETRIC_REPRESENTATION_CONTEXT(2) 
PARAMETRIC_REPRESENTATION_CONTEXT() REPRESENTATION_CONTEXT('2D SPACE',''
  ) );
#6796 = ORIENTED_EDGE('',*,*,#6797,.F.);
#6797 = EDGE_CURVE('',#6724,#6775,#6798,.T.);
#6798 = SURFACE_CURVE('',#6799,(#6803,#6810),.PCURVE_S1.);
#6799 = LINE('',#6800,#6801);
#6800 = CARTESIAN_POINT('',(2.495,4.5E-02,3.5));
#6801 = VECTOR('',#6802,1.);
#6802 = DIRECTION('',(0.,1.,0.));
#6803 = PCURVE('',#6732,#6804);
#6804 = DEFINITIONAL_REPRESENTATION('',(#6805),#6809);
#6805 = LINE('',#6806,#6807);
#6806 = CARTESIAN_POINT('',(2.5,0.));
#6807 = VECTOR('',#6808,1.);
#6808 = DIRECTION('',(0.,-1.));
#6809 = ( GEOMETRIC_REPRESENTATION_CONTEXT(2) 
PARAMETRIC_REPRESENTATION_CONTEXT() REPRESENTATION_CONTEXT('2D SPACE',''
  ) );
#6810 = PCURVE('',#6706,#6811);
#6811 = DEFINITIONAL_REPRESENTATION('',(#6812),#6816);
#6812 = LINE('',#6813,#6814);
#6813 = CARTESIAN_POINT('',(2.45,0.));
#6814 = VECTOR('',#6815,1.);
#6815 = DIRECTION('',(0.,1.));
#6816 = ( GEOMETRIC_REPRESENTATION_CONTEXT(2) 
PARAMETRIC_REPRESENTATION_CONTEXT() REPRESENTATION_CONTEXT('2D SPACE',''
  ) );
#6817 = ADVANCED_FACE('',(#6818),#6624,.F.);
#6818 = FACE_BOUND('',#6819,.F.);
#6819 = EDGE_LOOP('',(#6820,#6841,#6842,#6863));
#6820 = ORIENTED_EDGE('',*,*,#6821,.F.);
#6821 = EDGE_CURVE('',#6602,#6722,#6822,.T.);
#6822 = SURFACE_CURVE('',#6823,(#6827,#6834),.PCURVE_S1.);
#6823 = LINE('',#6824,#6825);
#6824 = CARTESIAN_POINT('',(4.5E-02,4.5E-02,1.));
#6825 = VECTOR('',#6826,1.);
#6826 = DIRECTION('',(1.,0.,0.));
#6827 = PCURVE('',#6624,#6828);
#6828 = DEFINITIONAL_REPRESENTATION('',(#6829),#6833);
#6829 = LINE('',#6830,#6831);
#6830 = CARTESIAN_POINT('',(0.,0.));
#6831 = VECTOR('',#6832,1.);
#6832 = DIRECTION('',(0.,1.));
#6833 = ( GEOMETRIC_REPRESENTATION_CONTEXT(2) 
PARAMETRIC_REPRESENTATION_CONTEXT() REPRESENTATION_CONTEXT('2D SPACE',''
  ) );
#6834 = PCURVE('',#6652,#6835);
#6835 = DEFINITIONAL_REPRESENTATION('',(#6836),#6840);
#6836 = LINE('',#6837,#6838);
#6837 = CARTESIAN_POINT('',(0.,0.));
#6838 = VECTOR('',#6839,1.);
#6839 = DIRECTION('',(1.,0.));
#6840 = ( GEOMETRIC_REPRESENTATION_CONTEXT(2) 
PARAMETRIC_REPRESENTATION_CONTEXT() REPRESENTATION_CONTEXT('2D SPACE',''
  ) );
#6841 = ORIENTED_EDGE('',*,*,#6601,.T.);
#6842 = ORIENTED_EDGE('',*,*,#6843,.T.);
#6843 = EDGE_CURVE('',#6604,#6724,#6844,.T.);
#6844 = SURFACE_CURVE('',#6845,(#6849,#6856),.PCURVE_S1.);
#6845 = LINE('',#6846,#6847);
#6846 = CARTESIAN_POINT('',(4.5E-02,4.5E-02,3.5));
#6847 = VECTOR('',#6848,1.);
#6848 = DIRECTION('',(1.,0.,0.));
#6849 = PCURVE('',#6624,#6850);
#6850 = DEFINITIONAL_REPRESENTATION('',(#6851),#6855);
#6851 = LINE('',#6852,#6853);
#6852 = CARTESIAN_POINT('',(2.5,0.));
#6853 = VECTOR('',#6854,1.);
#6854 = DIRECTION('',(0.,1.));
#6855 = ( GEOMETRIC_REPRESENTATION_CONTEXT(2) 
PARAMETRIC_REPRESENTATION_CONTEXT() REPRESENTATION_CONTEXT('2D SPACE',''
  ) );
#6856 = PCURVE('',#6706,#6857);
#6857 = DEFINITIONAL_REPRESENTATION('',(#6858),#6862);
#6858 = LINE('',#6859,#6860);
#6859 = CARTESIAN_POINT('',(0.,0.));
#6860 = VECTOR('',#6861,1.);
#6861 = DIRECTION('',(1.,0.));
#6862 = ( GEOMETRIC_REPRESENTATION_CONTEXT(2) 
PARAMETRIC_REPRESENTATION_CONTEXT() REPRESENTATION_CONTEXT('2D SPACE',''
  ) );
#6863 = ORIENTED_EDGE('',*,*,#6721,.F.);
#6864 = ADVANCED_FACE('',(#6865),#6680,.T.);
#6865 = FACE_BOUND('',#6866,.T.);
#6866 = EDGE_LOOP('',(#6867,#6888,#6889,#6910));
#6867 = ORIENTED_EDGE('',*,*,#6868,.F.);
#6868 = EDGE_CURVE('',#6637,#6752,#6869,.T.);
#6869 = SURFACE_CURVE('',#6870,(#6874,#6881),.PCURVE_S1.);
#6870 = LINE('',#6871,#6872);
#6871 = CARTESIAN_POINT('',(4.5E-02,2.495,1.));
#6872 = VECTOR('',#6873,1.);
#6873 = DIRECTION('',(1.,0.,0.));
#6874 = PCURVE('',#6680,#6875);
#6875 = DEFINITIONAL_REPRESENTATION('',(#6876),#6880);
#6876 = LINE('',#6877,#6878);
#6877 = CARTESIAN_POINT('',(0.,0.));
#6878 = VECTOR('',#6879,1.);
#6879 = DIRECTION('',(0.,1.));
#6880 = ( GEOMETRIC_REPRESENTATION_CONTEXT(2) 
PARAMETRIC_REPRESENTATION_CONTEXT() REPRESENTATION_CONTEXT('2D SPACE',''
  ) );
#6881 = PCURVE('',#6652,#6882);
#6882 = DEFINITIONAL_REPRESENTATION('',(#6883),#6887);
#6883 = LINE('',#6884,#6885);
#6884 = CARTESIAN_POINT('',(0.,2.45));
#6885 = VECTOR('',#6886,1.);
#6886 = DIRECTION('',(1.,0.));
#6887 = ( GEOMETRIC_REPRESENTATION_CONTEXT(2) 
PARAMETRIC_REPRESENTATION_CONTEXT() REPRESENTATION_CONTEXT('2D SPACE',''
  ) );
#6888 = ORIENTED_EDGE('',*,*,#6664,.T.);
#6889 = ORIENTED_EDGE('',*,*,#6890,.T.);
#6890 = EDGE_CURVE('',#6665,#6775,#6891,.T.);
#6891 = SURFACE_CURVE('',#6892,(#6896,#6903),.PCURVE_S1.);
#6892 = LINE('',#6893,#6894);
#6893 = CARTESIAN_POINT('',(4.5E-02,2.495,3.5));
#6894 = VECTOR('',#6895,1.);
#6895 = DIRECTION('',(1.,0.,0.));
#6896 = PCURVE('',#6680,#6897);
#6897 = DEFINITIONAL_REPRESENTATION('',(#6898),#6902);
#6898 = LINE('',#6899,#6900);
#6899 = CARTESIAN_POINT('',(2.5,0.));
#6900 = VECTOR('',#6901,1.);
#6901 = DIRECTION('',(0.,1.));
#6902 = ( GEOMETRIC_REPRESENTATION_CONTEXT(2) 
PARAMETRIC_REPRESENTATION_CONTEXT() REPRESENTATION_CONTEXT('2D SPACE',''
  ) );
#6903 = PCURVE('',#6706,#6904);
#6904 = DEFINITIONAL_REPRESENTATION('',(#6905),#6909);
#6905 = LINE('',#6906,#6907);
#6906 = CARTESIAN_POINT('',(0.,2.45));
#6907 = VECTOR('',#6908,1.);
#6908 = DIRECTION('',(1.,0.));
#6909 = ( GEOMETRIC_REPRESENTATION_CONTEXT(2) 
PARAMETRIC_REPRESENTATION_CONTEXT() REPRESENTATION_CONTEXT('2D SPACE',''
  ) );
#6910 = ORIENTED_EDGE('',*,*,#6774,.F.);
#6911 = ADVANCED_FACE('',(#6912),#6652,.F.);
#6912 = FACE_BOUND('',#6913,.F.);
#6913 = EDGE_LOOP('',(#6914,#6915,#6916,#6917));
#6914 = ORIENTED_EDGE('',*,*,#6636,.F.);
#6915 = ORIENTED_EDGE('',*,*,#6821,.T.);
#6916 = ORIENTED_EDGE('',*,*,#6751,.T.);
#6917 = ORIENTED_EDGE('',*,*,#6868,.F.);
#6918 = ADVANCED_FACE('',(#6919),#6706,.T.);
#6919 = FACE_BOUND('',#6920,.T.);
#6920 = EDGE_LOOP('',(#6921,#6922,#6923,#6924));
#6921 = ORIENTED_EDGE('',*,*,#6692,.F.);
#6922 = ORIENTED_EDGE('',*,*,#6843,.T.);
#6923 = ORIENTED_EDGE('',*,*,#6797,.T.);
#6924 = ORIENTED_EDGE('',*,*,#6890,.F.);
#6925 = ( GEOMETRIC_REPRESENTATION_CONTEXT(3) 
GLOBAL_UNCERTAINTY_ASSIGNED_CONTEXT((#6929)) 
GLOBAL_UNIT_ASSIGNED_CONTEXT((#6926,#6927,#6928)) REPRESENTATION_CONTEXT
('Context #1','3D Context with UNIT and UNCERTAINTY') );
#6926 = ( LENGTH_UNIT() NAMED_UNIT(*) SI_UNIT(.MILLI.,.METRE.) );
#6927 = ( NAMED_UNIT(*) PLANE_ANGLE_UNIT() SI_UNIT($,.RADIAN.) );
#6928 = ( NAMED_UNIT(*) SI_UNIT($,.STERADIAN.) SOLID_ANGLE_UNIT() );
#6929 = UNCERTAINTY_MEASURE_WITH_UNIT(LENGTH_MEASURE(1.E-07),#6926,
  'distance_accuracy_value','confusion accuracy');
#6930 = CONTEXT_DEPENDENT_SHAPE_REPRESENTATION(#6931,#6933);
#6931 = ( REPRESENTATION_RELATIONSHIP('','',#6594,#10) 
REPRESENTATION_RELATIONSHIP_WITH_TRANSFORMATION(#6932) 
SHAPE_REPRESENTATION_RELATIONSHIP() );
#6932 = ITEM_DEFINED_TRANSFORMATION('','',#11,#87);
#6933 = PRODUCT_DEFINITION_SHAPE('Placement','Placement of an item',
  #6934);
#6934 = NEXT_ASSEMBLY_USAGE_OCCURRENCE('19','Header body 2 1.27','',#5,
  #6589,$);
#6935 = PRODUCT_RELATED_PRODUCT_CATEGORY('part',$,(#6591));
#6936 = SHAPE_DEFINITION_REPRESENTATION(#6937,#6943);
#6937 = PRODUCT_DEFINITION_SHAPE('','',#6938);
#6938 = PRODUCT_DEFINITION('design','',#6939,#6942);
#6939 = PRODUCT_DEFINITION_FORMATION('','',#6940);
#6940 = PRODUCT('Header pin 3 -1.27','Header pin 3 -1.27','',(#6941));
#6941 = PRODUCT_CONTEXT('',#2,'mechanical');
#6942 = PRODUCT_DEFINITION_CONTEXT('part definition',#2,'design');
#6943 = ADVANCED_BREP_SHAPE_REPRESENTATION('',(#11,#6944),#7274);
#6944 = MANIFOLD_SOLID_BREP('',#6945);
#6945 = CLOSED_SHELL('',(#6946,#7066,#7166,#7213,#7260,#7267));
#6946 = ADVANCED_FACE('',(#6947),#6961,.F.);
#6947 = FACE_BOUND('',#6948,.F.);
#6948 = EDGE_LOOP('',(#6949,#6984,#7012,#7040));
#6949 = ORIENTED_EDGE('',*,*,#6950,.F.);
#6950 = EDGE_CURVE('',#6951,#6953,#6955,.T.);
#6951 = VERTEX_POINT('',#6952);
#6952 = CARTESIAN_POINT('',(-1.59,3.49,-3.));
#6953 = VERTEX_POINT('',#6954);
#6954 = CARTESIAN_POINT('',(-1.59,3.49,4.));
#6955 = SURFACE_CURVE('',#6956,(#6960,#6972),.PCURVE_S1.);
#6956 = LINE('',#6957,#6958);
#6957 = CARTESIAN_POINT('',(-1.59,3.49,-3.));
#6958 = VECTOR('',#6959,1.);
#6959 = DIRECTION('',(0.,0.,1.));
#6960 = PCURVE('',#6961,#6966);
#6961 = PLANE('',#6962);
#6962 = AXIS2_PLACEMENT_3D('',#6963,#6964,#6965);
#6963 = CARTESIAN_POINT('',(-1.59,3.49,-3.));
#6964 = DIRECTION('',(1.,0.,0.));
#6965 = DIRECTION('',(0.,0.,1.));
#6966 = DEFINITIONAL_REPRESENTATION('',(#6967),#6971);
#6967 = LINE('',#6968,#6969);
#6968 = CARTESIAN_POINT('',(0.,0.));
#6969 = VECTOR('',#6970,1.);
#6970 = DIRECTION('',(1.,0.));
#6971 = ( GEOMETRIC_REPRESENTATION_CONTEXT(2) 
PARAMETRIC_REPRESENTATION_CONTEXT() REPRESENTATION_CONTEXT('2D SPACE',''
  ) );
#6972 = PCURVE('',#6973,#6978);
#6973 = PLANE('',#6974);
#6974 = AXIS2_PLACEMENT_3D('',#6975,#6976,#6977);
#6975 = CARTESIAN_POINT('',(-1.59,3.49,-3.));
#6976 = DIRECTION('',(0.,1.,0.));
#6977 = DIRECTION('',(0.,0.,1.));
#6978 = DEFINITIONAL_REPRESENTATION('',(#6979),#6983);
#6979 = LINE('',#6980,#6981);
#6980 = CARTESIAN_POINT('',(0.,0.));
#6981 = VECTOR('',#6982,1.);
#6982 = DIRECTION('',(1.,0.));
#6983 = ( GEOMETRIC_REPRESENTATION_CONTEXT(2) 
PARAMETRIC_REPRESENTATION_CONTEXT() REPRESENTATION_CONTEXT('2D SPACE',''
  ) );
#6984 = ORIENTED_EDGE('',*,*,#6985,.T.);
#6985 = EDGE_CURVE('',#6951,#6986,#6988,.T.);
#6986 = VERTEX_POINT('',#6987);
#6987 = CARTESIAN_POINT('',(-1.59,4.13,-3.));
#6988 = SURFACE_CURVE('',#6989,(#6993,#7000),.PCURVE_S1.);
#6989 = LINE('',#6990,#6991);
#6990 = CARTESIAN_POINT('',(-1.59,3.49,-3.));
#6991 = VECTOR('',#6992,1.);
#6992 = DIRECTION('',(0.,1.,0.));
#6993 = PCURVE('',#6961,#6994);
#6994 = DEFINITIONAL_REPRESENTATION('',(#6995),#6999);
#6995 = LINE('',#6996,#6997);
#6996 = CARTESIAN_POINT('',(0.,0.));
#6997 = VECTOR('',#6998,1.);
#6998 = DIRECTION('',(0.,-1.));
#6999 = ( GEOMETRIC_REPRESENTATION_CONTEXT(2) 
PARAMETRIC_REPRESENTATION_CONTEXT() REPRESENTATION_CONTEXT('2D SPACE',''
  ) );
#7000 = PCURVE('',#7001,#7006);
#7001 = PLANE('',#7002);
#7002 = AXIS2_PLACEMENT_3D('',#7003,#7004,#7005);
#7003 = CARTESIAN_POINT('',(-1.59,3.49,-3.));
#7004 = DIRECTION('',(0.,0.,1.));
#7005 = DIRECTION('',(1.,0.,0.));
#7006 = DEFINITIONAL_REPRESENTATION('',(#7007),#7011);
#7007 = LINE('',#7008,#7009);
#7008 = CARTESIAN_POINT('',(0.,0.));
#7009 = VECTOR('',#7010,1.);
#7010 = DIRECTION('',(0.,1.));
#7011 = ( GEOMETRIC_REPRESENTATION_CONTEXT(2) 
PARAMETRIC_REPRESENTATION_CONTEXT() REPRESENTATION_CONTEXT('2D SPACE',''
  ) );
#7012 = ORIENTED_EDGE('',*,*,#7013,.T.);
#7013 = EDGE_CURVE('',#6986,#7014,#7016,.T.);
#7014 = VERTEX_POINT('',#7015);
#7015 = CARTESIAN_POINT('',(-1.59,4.13,4.));
#7016 = SURFACE_CURVE('',#7017,(#7021,#7028),.PCURVE_S1.);
#7017 = LINE('',#7018,#7019);
#7018 = CARTESIAN_POINT('',(-1.59,4.13,-3.));
#7019 = VECTOR('',#7020,1.);
#7020 = DIRECTION('',(0.,0.,1.));
#7021 = PCURVE('',#6961,#7022);
#7022 = DEFINITIONAL_REPRESENTATION('',(#7023),#7027);
#7023 = LINE('',#7024,#7025);
#7024 = CARTESIAN_POINT('',(0.,-0.64));
#7025 = VECTOR('',#7026,1.);
#7026 = DIRECTION('',(1.,0.));
#7027 = ( GEOMETRIC_REPRESENTATION_CONTEXT(2) 
PARAMETRIC_REPRESENTATION_CONTEXT() REPRESENTATION_CONTEXT('2D SPACE',''
  ) );
#7028 = PCURVE('',#7029,#7034);
#7029 = PLANE('',#7030);
#7030 = AXIS2_PLACEMENT_3D('',#7031,#7032,#7033);
#7031 = CARTESIAN_POINT('',(-1.59,4.13,-3.));
#7032 = DIRECTION('',(0.,1.,0.));
#7033 = DIRECTION('',(0.,0.,1.));
#7034 = DEFINITIONAL_REPRESENTATION('',(#7035),#7039);
#7035 = LINE('',#7036,#7037);
#7036 = CARTESIAN_POINT('',(0.,0.));
#7037 = VECTOR('',#7038,1.);
#7038 = DIRECTION('',(1.,0.));
#7039 = ( GEOMETRIC_REPRESENTATION_CONTEXT(2) 
PARAMETRIC_REPRESENTATION_CONTEXT() REPRESENTATION_CONTEXT('2D SPACE',''
  ) );
#7040 = ORIENTED_EDGE('',*,*,#7041,.F.);
#7041 = EDGE_CURVE('',#6953,#7014,#7042,.T.);
#7042 = SURFACE_CURVE('',#7043,(#7047,#7054),.PCURVE_S1.);
#7043 = LINE('',#7044,#7045);
#7044 = CARTESIAN_POINT('',(-1.59,3.49,4.));
#7045 = VECTOR('',#7046,1.);
#7046 = DIRECTION('',(0.,1.,0.));
#7047 = PCURVE('',#6961,#7048);
#7048 = DEFINITIONAL_REPRESENTATION('',(#7049),#7053);
#7049 = LINE('',#7050,#7051);
#7050 = CARTESIAN_POINT('',(7.,0.));
#7051 = VECTOR('',#7052,1.);
#7052 = DIRECTION('',(0.,-1.));
#7053 = ( GEOMETRIC_REPRESENTATION_CONTEXT(2) 
PARAMETRIC_REPRESENTATION_CONTEXT() REPRESENTATION_CONTEXT('2D SPACE',''
  ) );
#7054 = PCURVE('',#7055,#7060);
#7055 = PLANE('',#7056);
#7056 = AXIS2_PLACEMENT_3D('',#7057,#7058,#7059);
#7057 = CARTESIAN_POINT('',(-1.59,3.49,4.));
#7058 = DIRECTION('',(0.,0.,1.));
#7059 = DIRECTION('',(1.,0.,0.));
#7060 = DEFINITIONAL_REPRESENTATION('',(#7061),#7065);
#7061 = LINE('',#7062,#7063);
#7062 = CARTESIAN_POINT('',(0.,0.));
#7063 = VECTOR('',#7064,1.);
#7064 = DIRECTION('',(0.,1.));
#7065 = ( GEOMETRIC_REPRESENTATION_CONTEXT(2) 
PARAMETRIC_REPRESENTATION_CONTEXT() REPRESENTATION_CONTEXT('2D SPACE',''
  ) );
#7066 = ADVANCED_FACE('',(#7067),#7081,.T.);
#7067 = FACE_BOUND('',#7068,.T.);
#7068 = EDGE_LOOP('',(#7069,#7099,#7122,#7145));
#7069 = ORIENTED_EDGE('',*,*,#7070,.F.);
#7070 = EDGE_CURVE('',#7071,#7073,#7075,.T.);
#7071 = VERTEX_POINT('',#7072);
#7072 = CARTESIAN_POINT('',(-0.95,3.49,-3.));
#7073 = VERTEX_POINT('',#7074);
#7074 = CARTESIAN_POINT('',(-0.95,3.49,4.));
#7075 = SURFACE_CURVE('',#7076,(#7080,#7092),.PCURVE_S1.);
#7076 = LINE('',#7077,#7078);
#7077 = CARTESIAN_POINT('',(-0.95,3.49,-3.));
#7078 = VECTOR('',#7079,1.);
#7079 = DIRECTION('',(0.,0.,1.));
#7080 = PCURVE('',#7081,#7086);
#7081 = PLANE('',#7082);
#7082 = AXIS2_PLACEMENT_3D('',#7083,#7084,#7085);
#7083 = CARTESIAN_POINT('',(-0.95,3.49,-3.));
#7084 = DIRECTION('',(1.,0.,0.));
#7085 = DIRECTION('',(0.,0.,1.));
#7086 = DEFINITIONAL_REPRESENTATION('',(#7087),#7091);
#7087 = LINE('',#7088,#7089);
#7088 = CARTESIAN_POINT('',(0.,0.));
#7089 = VECTOR('',#7090,1.);
#7090 = DIRECTION('',(1.,0.));
#7091 = ( GEOMETRIC_REPRESENTATION_CONTEXT(2) 
PARAMETRIC_REPRESENTATION_CONTEXT() REPRESENTATION_CONTEXT('2D SPACE',''
  ) );
#7092 = PCURVE('',#6973,#7093);
#7093 = DEFINITIONAL_REPRESENTATION('',(#7094),#7098);
#7094 = LINE('',#7095,#7096);
#7095 = CARTESIAN_POINT('',(0.,0.64));
#7096 = VECTOR('',#7097,1.);
#7097 = DIRECTION('',(1.,0.));
#7098 = ( GEOMETRIC_REPRESENTATION_CONTEXT(2) 
PARAMETRIC_REPRESENTATION_CONTEXT() REPRESENTATION_CONTEXT('2D SPACE',''
  ) );
#7099 = ORIENTED_EDGE('',*,*,#7100,.T.);
#7100 = EDGE_CURVE('',#7071,#7101,#7103,.T.);
#7101 = VERTEX_POINT('',#7102);
#7102 = CARTESIAN_POINT('',(-0.95,4.13,-3.));
#7103 = SURFACE_CURVE('',#7104,(#7108,#7115),.PCURVE_S1.);
#7104 = LINE('',#7105,#7106);
#7105 = CARTESIAN_POINT('',(-0.95,3.49,-3.));
#7106 = VECTOR('',#7107,1.);
#7107 = DIRECTION('',(0.,1.,0.));
#7108 = PCURVE('',#7081,#7109);
#7109 = DEFINITIONAL_REPRESENTATION('',(#7110),#7114);
#7110 = LINE('',#7111,#7112);
#7111 = CARTESIAN_POINT('',(0.,0.));
#7112 = VECTOR('',#7113,1.);
#7113 = DIRECTION('',(0.,-1.));
#7114 = ( GEOMETRIC_REPRESENTATION_CONTEXT(2) 
PARAMETRIC_REPRESENTATION_CONTEXT() REPRESENTATION_CONTEXT('2D SPACE',''
  ) );
#7115 = PCURVE('',#7001,#7116);
#7116 = DEFINITIONAL_REPRESENTATION('',(#7117),#7121);
#7117 = LINE('',#7118,#7119);
#7118 = CARTESIAN_POINT('',(0.64,0.));
#7119 = VECTOR('',#7120,1.);
#7120 = DIRECTION('',(0.,1.));
#7121 = ( GEOMETRIC_REPRESENTATION_CONTEXT(2) 
PARAMETRIC_REPRESENTATION_CONTEXT() REPRESENTATION_CONTEXT('2D SPACE',''
  ) );
#7122 = ORIENTED_EDGE('',*,*,#7123,.T.);
#7123 = EDGE_CURVE('',#7101,#7124,#7126,.T.);
#7124 = VERTEX_POINT('',#7125);
#7125 = CARTESIAN_POINT('',(-0.95,4.13,4.));
#7126 = SURFACE_CURVE('',#7127,(#7131,#7138),.PCURVE_S1.);
#7127 = LINE('',#7128,#7129);
#7128 = CARTESIAN_POINT('',(-0.95,4.13,-3.));
#7129 = VECTOR('',#7130,1.);
#7130 = DIRECTION('',(0.,0.,1.));
#7131 = PCURVE('',#7081,#7132);
#7132 = DEFINITIONAL_REPRESENTATION('',(#7133),#7137);
#7133 = LINE('',#7134,#7135);
#7134 = CARTESIAN_POINT('',(0.,-0.64));
#7135 = VECTOR('',#7136,1.);
#7136 = DIRECTION('',(1.,0.));
#7137 = ( GEOMETRIC_REPRESENTATION_CONTEXT(2) 
PARAMETRIC_REPRESENTATION_CONTEXT() REPRESENTATION_CONTEXT('2D SPACE',''
  ) );
#7138 = PCURVE('',#7029,#7139);
#7139 = DEFINITIONAL_REPRESENTATION('',(#7140),#7144);
#7140 = LINE('',#7141,#7142);
#7141 = CARTESIAN_POINT('',(0.,0.64));
#7142 = VECTOR('',#7143,1.);
#7143 = DIRECTION('',(1.,0.));
#7144 = ( GEOMETRIC_REPRESENTATION_CONTEXT(2) 
PARAMETRIC_REPRESENTATION_CONTEXT() REPRESENTATION_CONTEXT('2D SPACE',''
  ) );
#7145 = ORIENTED_EDGE('',*,*,#7146,.F.);
#7146 = EDGE_CURVE('',#7073,#7124,#7147,.T.);
#7147 = SURFACE_CURVE('',#7148,(#7152,#7159),.PCURVE_S1.);
#7148 = LINE('',#7149,#7150);
#7149 = CARTESIAN_POINT('',(-0.95,3.49,4.));
#7150 = VECTOR('',#7151,1.);
#7151 = DIRECTION('',(0.,1.,0.));
#7152 = PCURVE('',#7081,#7153);
#7153 = DEFINITIONAL_REPRESENTATION('',(#7154),#7158);
#7154 = LINE('',#7155,#7156);
#7155 = CARTESIAN_POINT('',(7.,0.));
#7156 = VECTOR('',#7157,1.);
#7157 = DIRECTION('',(0.,-1.));
#7158 = ( GEOMETRIC_REPRESENTATION_CONTEXT(2) 
PARAMETRIC_REPRESENTATION_CONTEXT() REPRESENTATION_CONTEXT('2D SPACE',''
  ) );
#7159 = PCURVE('',#7055,#7160);
#7160 = DEFINITIONAL_REPRESENTATION('',(#7161),#7165);
#7161 = LINE('',#7162,#7163);
#7162 = CARTESIAN_POINT('',(0.64,0.));
#7163 = VECTOR('',#7164,1.);
#7164 = DIRECTION('',(0.,1.));
#7165 = ( GEOMETRIC_REPRESENTATION_CONTEXT(2) 
PARAMETRIC_REPRESENTATION_CONTEXT() REPRESENTATION_CONTEXT('2D SPACE',''
  ) );
#7166 = ADVANCED_FACE('',(#7167),#6973,.F.);
#7167 = FACE_BOUND('',#7168,.F.);
#7168 = EDGE_LOOP('',(#7169,#7190,#7191,#7212));
#7169 = ORIENTED_EDGE('',*,*,#7170,.F.);
#7170 = EDGE_CURVE('',#6951,#7071,#7171,.T.);
#7171 = SURFACE_CURVE('',#7172,(#7176,#7183),.PCURVE_S1.);
#7172 = LINE('',#7173,#7174);
#7173 = CARTESIAN_POINT('',(-1.59,3.49,-3.));
#7174 = VECTOR('',#7175,1.);
#7175 = DIRECTION('',(1.,0.,0.));
#7176 = PCURVE('',#6973,#7177);
#7177 = DEFINITIONAL_REPRESENTATION('',(#7178),#7182);
#7178 = LINE('',#7179,#7180);
#7179 = CARTESIAN_POINT('',(0.,0.));
#7180 = VECTOR('',#7181,1.);
#7181 = DIRECTION('',(0.,1.));
#7182 = ( GEOMETRIC_REPRESENTATION_CONTEXT(2) 
PARAMETRIC_REPRESENTATION_CONTEXT() REPRESENTATION_CONTEXT('2D SPACE',''
  ) );
#7183 = PCURVE('',#7001,#7184);
#7184 = DEFINITIONAL_REPRESENTATION('',(#7185),#7189);
#7185 = LINE('',#7186,#7187);
#7186 = CARTESIAN_POINT('',(0.,0.));
#7187 = VECTOR('',#7188,1.);
#7188 = DIRECTION('',(1.,0.));
#7189 = ( GEOMETRIC_REPRESENTATION_CONTEXT(2) 
PARAMETRIC_REPRESENTATION_CONTEXT() REPRESENTATION_CONTEXT('2D SPACE',''
  ) );
#7190 = ORIENTED_EDGE('',*,*,#6950,.T.);
#7191 = ORIENTED_EDGE('',*,*,#7192,.T.);
#7192 = EDGE_CURVE('',#6953,#7073,#7193,.T.);
#7193 = SURFACE_CURVE('',#7194,(#7198,#7205),.PCURVE_S1.);
#7194 = LINE('',#7195,#7196);
#7195 = CARTESIAN_POINT('',(-1.59,3.49,4.));
#7196 = VECTOR('',#7197,1.);
#7197 = DIRECTION('',(1.,0.,0.));
#7198 = PCURVE('',#6973,#7199);
#7199 = DEFINITIONAL_REPRESENTATION('',(#7200),#7204);
#7200 = LINE('',#7201,#7202);
#7201 = CARTESIAN_POINT('',(7.,0.));
#7202 = VECTOR('',#7203,1.);
#7203 = DIRECTION('',(0.,1.));
#7204 = ( GEOMETRIC_REPRESENTATION_CONTEXT(2) 
PARAMETRIC_REPRESENTATION_CONTEXT() REPRESENTATION_CONTEXT('2D SPACE',''
  ) );
#7205 = PCURVE('',#7055,#7206);
#7206 = DEFINITIONAL_REPRESENTATION('',(#7207),#7211);
#7207 = LINE('',#7208,#7209);
#7208 = CARTESIAN_POINT('',(0.,0.));
#7209 = VECTOR('',#7210,1.);
#7210 = DIRECTION('',(1.,0.));
#7211 = ( GEOMETRIC_REPRESENTATION_CONTEXT(2) 
PARAMETRIC_REPRESENTATION_CONTEXT() REPRESENTATION_CONTEXT('2D SPACE',''
  ) );
#7212 = ORIENTED_EDGE('',*,*,#7070,.F.);
#7213 = ADVANCED_FACE('',(#7214),#7029,.T.);
#7214 = FACE_BOUND('',#7215,.T.);
#7215 = EDGE_LOOP('',(#7216,#7237,#7238,#7259));
#7216 = ORIENTED_EDGE('',*,*,#7217,.F.);
#7217 = EDGE_CURVE('',#6986,#7101,#7218,.T.);
#7218 = SURFACE_CURVE('',#7219,(#7223,#7230),.PCURVE_S1.);
#7219 = LINE('',#7220,#7221);
#7220 = CARTESIAN_POINT('',(-1.59,4.13,-3.));
#7221 = VECTOR('',#7222,1.);
#7222 = DIRECTION('',(1.,0.,0.));
#7223 = PCURVE('',#7029,#7224);
#7224 = DEFINITIONAL_REPRESENTATION('',(#7225),#7229);
#7225 = LINE('',#7226,#7227);
#7226 = CARTESIAN_POINT('',(0.,0.));
#7227 = VECTOR('',#7228,1.);
#7228 = DIRECTION('',(0.,1.));
#7229 = ( GEOMETRIC_REPRESENTATION_CONTEXT(2) 
PARAMETRIC_REPRESENTATION_CONTEXT() REPRESENTATION_CONTEXT('2D SPACE',''
  ) );
#7230 = PCURVE('',#7001,#7231);
#7231 = DEFINITIONAL_REPRESENTATION('',(#7232),#7236);
#7232 = LINE('',#7233,#7234);
#7233 = CARTESIAN_POINT('',(0.,0.64));
#7234 = VECTOR('',#7235,1.);
#7235 = DIRECTION('',(1.,0.));
#7236 = ( GEOMETRIC_REPRESENTATION_CONTEXT(2) 
PARAMETRIC_REPRESENTATION_CONTEXT() REPRESENTATION_CONTEXT('2D SPACE',''
  ) );
#7237 = ORIENTED_EDGE('',*,*,#7013,.T.);
#7238 = ORIENTED_EDGE('',*,*,#7239,.T.);
#7239 = EDGE_CURVE('',#7014,#7124,#7240,.T.);
#7240 = SURFACE_CURVE('',#7241,(#7245,#7252),.PCURVE_S1.);
#7241 = LINE('',#7242,#7243);
#7242 = CARTESIAN_POINT('',(-1.59,4.13,4.));
#7243 = VECTOR('',#7244,1.);
#7244 = DIRECTION('',(1.,0.,0.));
#7245 = PCURVE('',#7029,#7246);
#7246 = DEFINITIONAL_REPRESENTATION('',(#7247),#7251);
#7247 = LINE('',#7248,#7249);
#7248 = CARTESIAN_POINT('',(7.,0.));
#7249 = VECTOR('',#7250,1.);
#7250 = DIRECTION('',(0.,1.));
#7251 = ( GEOMETRIC_REPRESENTATION_CONTEXT(2) 
PARAMETRIC_REPRESENTATION_CONTEXT() REPRESENTATION_CONTEXT('2D SPACE',''
  ) );
#7252 = PCURVE('',#7055,#7253);
#7253 = DEFINITIONAL_REPRESENTATION('',(#7254),#7258);
#7254 = LINE('',#7255,#7256);
#7255 = CARTESIAN_POINT('',(0.,0.64));
#7256 = VECTOR('',#7257,1.);
#7257 = DIRECTION('',(1.,0.));
#7258 = ( GEOMETRIC_REPRESENTATION_CONTEXT(2) 
PARAMETRIC_REPRESENTATION_CONTEXT() REPRESENTATION_CONTEXT('2D SPACE',''
  ) );
#7259 = ORIENTED_EDGE('',*,*,#7123,.F.);
#7260 = ADVANCED_FACE('',(#7261),#7001,.F.);
#7261 = FACE_BOUND('',#7262,.F.);
#7262 = EDGE_LOOP('',(#7263,#7264,#7265,#7266));
#7263 = ORIENTED_EDGE('',*,*,#6985,.F.);
#7264 = ORIENTED_EDGE('',*,*,#7170,.T.);
#7265 = ORIENTED_EDGE('',*,*,#7100,.T.);
#7266 = ORIENTED_EDGE('',*,*,#7217,.F.);
#7267 = ADVANCED_FACE('',(#7268),#7055,.T.);
#7268 = FACE_BOUND('',#7269,.T.);
#7269 = EDGE_LOOP('',(#7270,#7271,#7272,#7273));
#7270 = ORIENTED_EDGE('',*,*,#7041,.F.);
#7271 = ORIENTED_EDGE('',*,*,#7192,.T.);
#7272 = ORIENTED_EDGE('',*,*,#7146,.T.);
#7273 = ORIENTED_EDGE('',*,*,#7239,.F.);
#7274 = ( GEOMETRIC_REPRESENTATION_CONTEXT(3) 
GLOBAL_UNCERTAINTY_ASSIGNED_CONTEXT((#7278)) 
GLOBAL_UNIT_ASSIGNED_CONTEXT((#7275,#7276,#7277)) REPRESENTATION_CONTEXT
('Context #1','3D Context with UNIT and UNCERTAINTY') );
#7275 = ( LENGTH_UNIT() NAMED_UNIT(*) SI_UNIT(.MILLI.,.METRE.) );
#7276 = ( NAMED_UNIT(*) PLANE_ANGLE_UNIT() SI_UNIT($,.RADIAN.) );
#7277 = ( NAMED_UNIT(*) SI_UNIT($,.STERADIAN.) SOLID_ANGLE_UNIT() );
#7278 = UNCERTAINTY_MEASURE_WITH_UNIT(LENGTH_MEASURE(1.E-07),#7275,
  'distance_accuracy_value','confusion accuracy');
#7279 = CONTEXT_DEPENDENT_SHAPE_REPRESENTATION(#7280,#7282);
#7280 = ( REPRESENTATION_RELATIONSHIP('','',#6943,#10) 
REPRESENTATION_RELATIONSHIP_WITH_TRANSFORMATION(#7281) 
SHAPE_REPRESENTATION_RELATIONSHIP() );
#7281 = ITEM_DEFINED_TRANSFORMATION('','',#11,#91);
#7282 = PRODUCT_DEFINITION_SHAPE('Placement','Placement of an item',
  #7283);
#7283 = NEXT_ASSEMBLY_USAGE_OCCURRENCE('20','Header pin 3 -1.27','',#5,
  #6938,$);
#7284 = PRODUCT_RELATED_PRODUCT_CATEGORY('part',$,(#6940));
#7285 = SHAPE_DEFINITION_REPRESENTATION(#7286,#7292);
#7286 = PRODUCT_DEFINITION_SHAPE('','',#7287);
#7287 = PRODUCT_DEFINITION('design','',#7288,#7291);
#7288 = PRODUCT_DEFINITION_FORMATION('','',#7289);
#7289 = PRODUCT('Header body 3 -1.27','Header body 3 -1.27','',(#7290));
#7290 = PRODUCT_CONTEXT('',#2,'mechanical');
#7291 = PRODUCT_DEFINITION_CONTEXT('part definition',#2,'design');
#7292 = ADVANCED_BREP_SHAPE_REPRESENTATION('',(#11,#7293),#7623);
#7293 = MANIFOLD_SOLID_BREP('',#7294);
#7294 = CLOSED_SHELL('',(#7295,#7415,#7515,#7562,#7609,#7616));
#7295 = ADVANCED_FACE('',(#7296),#7310,.F.);
#7296 = FACE_BOUND('',#7297,.F.);
#7297 = EDGE_LOOP('',(#7298,#7333,#7361,#7389));
#7298 = ORIENTED_EDGE('',*,*,#7299,.F.);
#7299 = EDGE_CURVE('',#7300,#7302,#7304,.T.);
#7300 = VERTEX_POINT('',#7301);
#7301 = CARTESIAN_POINT('',(-2.495,2.585,1.));
#7302 = VERTEX_POINT('',#7303);
#7303 = CARTESIAN_POINT('',(-2.495,2.585,3.5));
#7304 = SURFACE_CURVE('',#7305,(#7309,#7321),.PCURVE_S1.);
#7305 = LINE('',#7306,#7307);
#7306 = CARTESIAN_POINT('',(-2.495,2.585,1.));
#7307 = VECTOR('',#7308,1.);
#7308 = DIRECTION('',(0.,0.,1.));
#7309 = PCURVE('',#7310,#7315);
#7310 = PLANE('',#7311);
#7311 = AXIS2_PLACEMENT_3D('',#7312,#7313,#7314);
#7312 = CARTESIAN_POINT('',(-2.495,2.585,1.));
#7313 = DIRECTION('',(1.,0.,0.));
#7314 = DIRECTION('',(0.,0.,1.));
#7315 = DEFINITIONAL_REPRESENTATION('',(#7316),#7320);
#7316 = LINE('',#7317,#7318);
#7317 = CARTESIAN_POINT('',(0.,0.));
#7318 = VECTOR('',#7319,1.);
#7319 = DIRECTION('',(1.,0.));
#7320 = ( GEOMETRIC_REPRESENTATION_CONTEXT(2) 
PARAMETRIC_REPRESENTATION_CONTEXT() REPRESENTATION_CONTEXT('2D SPACE',''
  ) );
#7321 = PCURVE('',#7322,#7327);
#7322 = PLANE('',#7323);
#7323 = AXIS2_PLACEMENT_3D('',#7324,#7325,#7326);
#7324 = CARTESIAN_POINT('',(-2.495,2.585,1.));
#7325 = DIRECTION('',(0.,1.,0.));
#7326 = DIRECTION('',(0.,0.,1.));
#7327 = DEFINITIONAL_REPRESENTATION('',(#7328),#7332);
#7328 = LINE('',#7329,#7330);
#7329 = CARTESIAN_POINT('',(0.,0.));
#7330 = VECTOR('',#7331,1.);
#7331 = DIRECTION('',(1.,0.));
#7332 = ( GEOMETRIC_REPRESENTATION_CONTEXT(2) 
PARAMETRIC_REPRESENTATION_CONTEXT() REPRESENTATION_CONTEXT('2D SPACE',''
  ) );
#7333 = ORIENTED_EDGE('',*,*,#7334,.T.);
#7334 = EDGE_CURVE('',#7300,#7335,#7337,.T.);
#7335 = VERTEX_POINT('',#7336);
#7336 = CARTESIAN_POINT('',(-2.495,5.035,1.));
#7337 = SURFACE_CURVE('',#7338,(#7342,#7349),.PCURVE_S1.);
#7338 = LINE('',#7339,#7340);
#7339 = CARTESIAN_POINT('',(-2.495,2.585,1.));
#7340 = VECTOR('',#7341,1.);
#7341 = DIRECTION('',(0.,1.,0.));
#7342 = PCURVE('',#7310,#7343);
#7343 = DEFINITIONAL_REPRESENTATION('',(#7344),#7348);
#7344 = LINE('',#7345,#7346);
#7345 = CARTESIAN_POINT('',(0.,0.));
#7346 = VECTOR('',#7347,1.);
#7347 = DIRECTION('',(0.,-1.));
#7348 = ( GEOMETRIC_REPRESENTATION_CONTEXT(2) 
PARAMETRIC_REPRESENTATION_CONTEXT() REPRESENTATION_CONTEXT('2D SPACE',''
  ) );
#7349 = PCURVE('',#7350,#7355);
#7350 = PLANE('',#7351);
#7351 = AXIS2_PLACEMENT_3D('',#7352,#7353,#7354);
#7352 = CARTESIAN_POINT('',(-2.495,2.585,1.));
#7353 = DIRECTION('',(0.,0.,1.));
#7354 = DIRECTION('',(1.,0.,0.));
#7355 = DEFINITIONAL_REPRESENTATION('',(#7356),#7360);
#7356 = LINE('',#7357,#7358);
#7357 = CARTESIAN_POINT('',(0.,0.));
#7358 = VECTOR('',#7359,1.);
#7359 = DIRECTION('',(0.,1.));
#7360 = ( GEOMETRIC_REPRESENTATION_CONTEXT(2) 
PARAMETRIC_REPRESENTATION_CONTEXT() REPRESENTATION_CONTEXT('2D SPACE',''
  ) );
#7361 = ORIENTED_EDGE('',*,*,#7362,.T.);
#7362 = EDGE_CURVE('',#7335,#7363,#7365,.T.);
#7363 = VERTEX_POINT('',#7364);
#7364 = CARTESIAN_POINT('',(-2.495,5.035,3.5));
#7365 = SURFACE_CURVE('',#7366,(#7370,#7377),.PCURVE_S1.);
#7366 = LINE('',#7367,#7368);
#7367 = CARTESIAN_POINT('',(-2.495,5.035,1.));
#7368 = VECTOR('',#7369,1.);
#7369 = DIRECTION('',(0.,0.,1.));
#7370 = PCURVE('',#7310,#7371);
#7371 = DEFINITIONAL_REPRESENTATION('',(#7372),#7376);
#7372 = LINE('',#7373,#7374);
#7373 = CARTESIAN_POINT('',(0.,-2.45));
#7374 = VECTOR('',#7375,1.);
#7375 = DIRECTION('',(1.,0.));
#7376 = ( GEOMETRIC_REPRESENTATION_CONTEXT(2) 
PARAMETRIC_REPRESENTATION_CONTEXT() REPRESENTATION_CONTEXT('2D SPACE',''
  ) );
#7377 = PCURVE('',#7378,#7383);
#7378 = PLANE('',#7379);
#7379 = AXIS2_PLACEMENT_3D('',#7380,#7381,#7382);
#7380 = CARTESIAN_POINT('',(-2.495,5.035,1.));
#7381 = DIRECTION('',(0.,1.,0.));
#7382 = DIRECTION('',(0.,0.,1.));
#7383 = DEFINITIONAL_REPRESENTATION('',(#7384),#7388);
#7384 = LINE('',#7385,#7386);
#7385 = CARTESIAN_POINT('',(0.,0.));
#7386 = VECTOR('',#7387,1.);
#7387 = DIRECTION('',(1.,0.));
#7388 = ( GEOMETRIC_REPRESENTATION_CONTEXT(2) 
PARAMETRIC_REPRESENTATION_CONTEXT() REPRESENTATION_CONTEXT('2D SPACE',''
  ) );
#7389 = ORIENTED_EDGE('',*,*,#7390,.F.);
#7390 = EDGE_CURVE('',#7302,#7363,#7391,.T.);
#7391 = SURFACE_CURVE('',#7392,(#7396,#7403),.PCURVE_S1.);
#7392 = LINE('',#7393,#7394);
#7393 = CARTESIAN_POINT('',(-2.495,2.585,3.5));
#7394 = VECTOR('',#7395,1.);
#7395 = DIRECTION('',(0.,1.,0.));
#7396 = PCURVE('',#7310,#7397);
#7397 = DEFINITIONAL_REPRESENTATION('',(#7398),#7402);
#7398 = LINE('',#7399,#7400);
#7399 = CARTESIAN_POINT('',(2.5,0.));
#7400 = VECTOR('',#7401,1.);
#7401 = DIRECTION('',(0.,-1.));
#7402 = ( GEOMETRIC_REPRESENTATION_CONTEXT(2) 
PARAMETRIC_REPRESENTATION_CONTEXT() REPRESENTATION_CONTEXT('2D SPACE',''
  ) );
#7403 = PCURVE('',#7404,#7409);
#7404 = PLANE('',#7405);
#7405 = AXIS2_PLACEMENT_3D('',#7406,#7407,#7408);
#7406 = CARTESIAN_POINT('',(-2.495,2.585,3.5));
#7407 = DIRECTION('',(0.,0.,1.));
#7408 = DIRECTION('',(1.,0.,0.));
#7409 = DEFINITIONAL_REPRESENTATION('',(#7410),#7414);
#7410 = LINE('',#7411,#7412);
#7411 = CARTESIAN_POINT('',(0.,0.));
#7412 = VECTOR('',#7413,1.);
#7413 = DIRECTION('',(0.,1.));
#7414 = ( GEOMETRIC_REPRESENTATION_CONTEXT(2) 
PARAMETRIC_REPRESENTATION_CONTEXT() REPRESENTATION_CONTEXT('2D SPACE',''
  ) );
#7415 = ADVANCED_FACE('',(#7416),#7430,.T.);
#7416 = FACE_BOUND('',#7417,.T.);
#7417 = EDGE_LOOP('',(#7418,#7448,#7471,#7494));
#7418 = ORIENTED_EDGE('',*,*,#7419,.F.);
#7419 = EDGE_CURVE('',#7420,#7422,#7424,.T.);
#7420 = VERTEX_POINT('',#7421);
#7421 = CARTESIAN_POINT('',(-4.5E-02,2.585,1.));
#7422 = VERTEX_POINT('',#7423);
#7423 = CARTESIAN_POINT('',(-4.5E-02,2.585,3.5));
#7424 = SURFACE_CURVE('',#7425,(#7429,#7441),.PCURVE_S1.);
#7425 = LINE('',#7426,#7427);
#7426 = CARTESIAN_POINT('',(-4.5E-02,2.585,1.));
#7427 = VECTOR('',#7428,1.);
#7428 = DIRECTION('',(0.,0.,1.));
#7429 = PCURVE('',#7430,#7435);
#7430 = PLANE('',#7431);
#7431 = AXIS2_PLACEMENT_3D('',#7432,#7433,#7434);
#7432 = CARTESIAN_POINT('',(-4.5E-02,2.585,1.));
#7433 = DIRECTION('',(1.,0.,0.));
#7434 = DIRECTION('',(0.,0.,1.));
#7435 = DEFINITIONAL_REPRESENTATION('',(#7436),#7440);
#7436 = LINE('',#7437,#7438);
#7437 = CARTESIAN_POINT('',(0.,0.));
#7438 = VECTOR('',#7439,1.);
#7439 = DIRECTION('',(1.,0.));
#7440 = ( GEOMETRIC_REPRESENTATION_CONTEXT(2) 
PARAMETRIC_REPRESENTATION_CONTEXT() REPRESENTATION_CONTEXT('2D SPACE',''
  ) );
#7441 = PCURVE('',#7322,#7442);
#7442 = DEFINITIONAL_REPRESENTATION('',(#7443),#7447);
#7443 = LINE('',#7444,#7445);
#7444 = CARTESIAN_POINT('',(0.,2.45));
#7445 = VECTOR('',#7446,1.);
#7446 = DIRECTION('',(1.,0.));
#7447 = ( GEOMETRIC_REPRESENTATION_CONTEXT(2) 
PARAMETRIC_REPRESENTATION_CONTEXT() REPRESENTATION_CONTEXT('2D SPACE',''
  ) );
#7448 = ORIENTED_EDGE('',*,*,#7449,.T.);
#7449 = EDGE_CURVE('',#7420,#7450,#7452,.T.);
#7450 = VERTEX_POINT('',#7451);
#7451 = CARTESIAN_POINT('',(-4.5E-02,5.035,1.));
#7452 = SURFACE_CURVE('',#7453,(#7457,#7464),.PCURVE_S1.);
#7453 = LINE('',#7454,#7455);
#7454 = CARTESIAN_POINT('',(-4.5E-02,2.585,1.));
#7455 = VECTOR('',#7456,1.);
#7456 = DIRECTION('',(0.,1.,0.));
#7457 = PCURVE('',#7430,#7458);
#7458 = DEFINITIONAL_REPRESENTATION('',(#7459),#7463);
#7459 = LINE('',#7460,#7461);
#7460 = CARTESIAN_POINT('',(0.,0.));
#7461 = VECTOR('',#7462,1.);
#7462 = DIRECTION('',(0.,-1.));
#7463 = ( GEOMETRIC_REPRESENTATION_CONTEXT(2) 
PARAMETRIC_REPRESENTATION_CONTEXT() REPRESENTATION_CONTEXT('2D SPACE',''
  ) );
#7464 = PCURVE('',#7350,#7465);
#7465 = DEFINITIONAL_REPRESENTATION('',(#7466),#7470);
#7466 = LINE('',#7467,#7468);
#7467 = CARTESIAN_POINT('',(2.45,0.));
#7468 = VECTOR('',#7469,1.);
#7469 = DIRECTION('',(0.,1.));
#7470 = ( GEOMETRIC_REPRESENTATION_CONTEXT(2) 
PARAMETRIC_REPRESENTATION_CONTEXT() REPRESENTATION_CONTEXT('2D SPACE',''
  ) );
#7471 = ORIENTED_EDGE('',*,*,#7472,.T.);
#7472 = EDGE_CURVE('',#7450,#7473,#7475,.T.);
#7473 = VERTEX_POINT('',#7474);
#7474 = CARTESIAN_POINT('',(-4.5E-02,5.035,3.5));
#7475 = SURFACE_CURVE('',#7476,(#7480,#7487),.PCURVE_S1.);
#7476 = LINE('',#7477,#7478);
#7477 = CARTESIAN_POINT('',(-4.5E-02,5.035,1.));
#7478 = VECTOR('',#7479,1.);
#7479 = DIRECTION('',(0.,0.,1.));
#7480 = PCURVE('',#7430,#7481);
#7481 = DEFINITIONAL_REPRESENTATION('',(#7482),#7486);
#7482 = LINE('',#7483,#7484);
#7483 = CARTESIAN_POINT('',(0.,-2.45));
#7484 = VECTOR('',#7485,1.);
#7485 = DIRECTION('',(1.,0.));
#7486 = ( GEOMETRIC_REPRESENTATION_CONTEXT(2) 
PARAMETRIC_REPRESENTATION_CONTEXT() REPRESENTATION_CONTEXT('2D SPACE',''
  ) );
#7487 = PCURVE('',#7378,#7488);
#7488 = DEFINITIONAL_REPRESENTATION('',(#7489),#7493);
#7489 = LINE('',#7490,#7491);
#7490 = CARTESIAN_POINT('',(0.,2.45));
#7491 = VECTOR('',#7492,1.);
#7492 = DIRECTION('',(1.,0.));
#7493 = ( GEOMETRIC_REPRESENTATION_CONTEXT(2) 
PARAMETRIC_REPRESENTATION_CONTEXT() REPRESENTATION_CONTEXT('2D SPACE',''
  ) );
#7494 = ORIENTED_EDGE('',*,*,#7495,.F.);
#7495 = EDGE_CURVE('',#7422,#7473,#7496,.T.);
#7496 = SURFACE_CURVE('',#7497,(#7501,#7508),.PCURVE_S1.);
#7497 = LINE('',#7498,#7499);
#7498 = CARTESIAN_POINT('',(-4.5E-02,2.585,3.5));
#7499 = VECTOR('',#7500,1.);
#7500 = DIRECTION('',(0.,1.,0.));
#7501 = PCURVE('',#7430,#7502);
#7502 = DEFINITIONAL_REPRESENTATION('',(#7503),#7507);
#7503 = LINE('',#7504,#7505);
#7504 = CARTESIAN_POINT('',(2.5,0.));
#7505 = VECTOR('',#7506,1.);
#7506 = DIRECTION('',(0.,-1.));
#7507 = ( GEOMETRIC_REPRESENTATION_CONTEXT(2) 
PARAMETRIC_REPRESENTATION_CONTEXT() REPRESENTATION_CONTEXT('2D SPACE',''
  ) );
#7508 = PCURVE('',#7404,#7509);
#7509 = DEFINITIONAL_REPRESENTATION('',(#7510),#7514);
#7510 = LINE('',#7511,#7512);
#7511 = CARTESIAN_POINT('',(2.45,0.));
#7512 = VECTOR('',#7513,1.);
#7513 = DIRECTION('',(0.,1.));
#7514 = ( GEOMETRIC_REPRESENTATION_CONTEXT(2) 
PARAMETRIC_REPRESENTATION_CONTEXT() REPRESENTATION_CONTEXT('2D SPACE',''
  ) );
#7515 = ADVANCED_FACE('',(#7516),#7322,.F.);
#7516 = FACE_BOUND('',#7517,.F.);
#7517 = EDGE_LOOP('',(#7518,#7539,#7540,#7561));
#7518 = ORIENTED_EDGE('',*,*,#7519,.F.);
#7519 = EDGE_CURVE('',#7300,#7420,#7520,.T.);
#7520 = SURFACE_CURVE('',#7521,(#7525,#7532),.PCURVE_S1.);
#7521 = LINE('',#7522,#7523);
#7522 = CARTESIAN_POINT('',(-2.495,2.585,1.));
#7523 = VECTOR('',#7524,1.);
#7524 = DIRECTION('',(1.,0.,0.));
#7525 = PCURVE('',#7322,#7526);
#7526 = DEFINITIONAL_REPRESENTATION('',(#7527),#7531);
#7527 = LINE('',#7528,#7529);
#7528 = CARTESIAN_POINT('',(0.,0.));
#7529 = VECTOR('',#7530,1.);
#7530 = DIRECTION('',(0.,1.));
#7531 = ( GEOMETRIC_REPRESENTATION_CONTEXT(2) 
PARAMETRIC_REPRESENTATION_CONTEXT() REPRESENTATION_CONTEXT('2D SPACE',''
  ) );
#7532 = PCURVE('',#7350,#7533);
#7533 = DEFINITIONAL_REPRESENTATION('',(#7534),#7538);
#7534 = LINE('',#7535,#7536);
#7535 = CARTESIAN_POINT('',(0.,0.));
#7536 = VECTOR('',#7537,1.);
#7537 = DIRECTION('',(1.,0.));
#7538 = ( GEOMETRIC_REPRESENTATION_CONTEXT(2) 
PARAMETRIC_REPRESENTATION_CONTEXT() REPRESENTATION_CONTEXT('2D SPACE',''
  ) );
#7539 = ORIENTED_EDGE('',*,*,#7299,.T.);
#7540 = ORIENTED_EDGE('',*,*,#7541,.T.);
#7541 = EDGE_CURVE('',#7302,#7422,#7542,.T.);
#7542 = SURFACE_CURVE('',#7543,(#7547,#7554),.PCURVE_S1.);
#7543 = LINE('',#7544,#7545);
#7544 = CARTESIAN_POINT('',(-2.495,2.585,3.5));
#7545 = VECTOR('',#7546,1.);
#7546 = DIRECTION('',(1.,0.,0.));
#7547 = PCURVE('',#7322,#7548);
#7548 = DEFINITIONAL_REPRESENTATION('',(#7549),#7553);
#7549 = LINE('',#7550,#7551);
#7550 = CARTESIAN_POINT('',(2.5,0.));
#7551 = VECTOR('',#7552,1.);
#7552 = DIRECTION('',(0.,1.));
#7553 = ( GEOMETRIC_REPRESENTATION_CONTEXT(2) 
PARAMETRIC_REPRESENTATION_CONTEXT() REPRESENTATION_CONTEXT('2D SPACE',''
  ) );
#7554 = PCURVE('',#7404,#7555);
#7555 = DEFINITIONAL_REPRESENTATION('',(#7556),#7560);
#7556 = LINE('',#7557,#7558);
#7557 = CARTESIAN_POINT('',(0.,0.));
#7558 = VECTOR('',#7559,1.);
#7559 = DIRECTION('',(1.,0.));
#7560 = ( GEOMETRIC_REPRESENTATION_CONTEXT(2) 
PARAMETRIC_REPRESENTATION_CONTEXT() REPRESENTATION_CONTEXT('2D SPACE',''
  ) );
#7561 = ORIENTED_EDGE('',*,*,#7419,.F.);
#7562 = ADVANCED_FACE('',(#7563),#7378,.T.);
#7563 = FACE_BOUND('',#7564,.T.);
#7564 = EDGE_LOOP('',(#7565,#7586,#7587,#7608));
#7565 = ORIENTED_EDGE('',*,*,#7566,.F.);
#7566 = EDGE_CURVE('',#7335,#7450,#7567,.T.);
#7567 = SURFACE_CURVE('',#7568,(#7572,#7579),.PCURVE_S1.);
#7568 = LINE('',#7569,#7570);
#7569 = CARTESIAN_POINT('',(-2.495,5.035,1.));
#7570 = VECTOR('',#7571,1.);
#7571 = DIRECTION('',(1.,0.,0.));
#7572 = PCURVE('',#7378,#7573);
#7573 = DEFINITIONAL_REPRESENTATION('',(#7574),#7578);
#7574 = LINE('',#7575,#7576);
#7575 = CARTESIAN_POINT('',(0.,0.));
#7576 = VECTOR('',#7577,1.);
#7577 = DIRECTION('',(0.,1.));
#7578 = ( GEOMETRIC_REPRESENTATION_CONTEXT(2) 
PARAMETRIC_REPRESENTATION_CONTEXT() REPRESENTATION_CONTEXT('2D SPACE',''
  ) );
#7579 = PCURVE('',#7350,#7580);
#7580 = DEFINITIONAL_REPRESENTATION('',(#7581),#7585);
#7581 = LINE('',#7582,#7583);
#7582 = CARTESIAN_POINT('',(0.,2.45));
#7583 = VECTOR('',#7584,1.);
#7584 = DIRECTION('',(1.,0.));
#7585 = ( GEOMETRIC_REPRESENTATION_CONTEXT(2) 
PARAMETRIC_REPRESENTATION_CONTEXT() REPRESENTATION_CONTEXT('2D SPACE',''
  ) );
#7586 = ORIENTED_EDGE('',*,*,#7362,.T.);
#7587 = ORIENTED_EDGE('',*,*,#7588,.T.);
#7588 = EDGE_CURVE('',#7363,#7473,#7589,.T.);
#7589 = SURFACE_CURVE('',#7590,(#7594,#7601),.PCURVE_S1.);
#7590 = LINE('',#7591,#7592);
#7591 = CARTESIAN_POINT('',(-2.495,5.035,3.5));
#7592 = VECTOR('',#7593,1.);
#7593 = DIRECTION('',(1.,0.,0.));
#7594 = PCURVE('',#7378,#7595);
#7595 = DEFINITIONAL_REPRESENTATION('',(#7596),#7600);
#7596 = LINE('',#7597,#7598);
#7597 = CARTESIAN_POINT('',(2.5,0.));
#7598 = VECTOR('',#7599,1.);
#7599 = DIRECTION('',(0.,1.));
#7600 = ( GEOMETRIC_REPRESENTATION_CONTEXT(2) 
PARAMETRIC_REPRESENTATION_CONTEXT() REPRESENTATION_CONTEXT('2D SPACE',''
  ) );
#7601 = PCURVE('',#7404,#7602);
#7602 = DEFINITIONAL_REPRESENTATION('',(#7603),#7607);
#7603 = LINE('',#7604,#7605);
#7604 = CARTESIAN_POINT('',(0.,2.45));
#7605 = VECTOR('',#7606,1.);
#7606 = DIRECTION('',(1.,0.));
#7607 = ( GEOMETRIC_REPRESENTATION_CONTEXT(2) 
PARAMETRIC_REPRESENTATION_CONTEXT() REPRESENTATION_CONTEXT('2D SPACE',''
  ) );
#7608 = ORIENTED_EDGE('',*,*,#7472,.F.);
#7609 = ADVANCED_FACE('',(#7610),#7350,.F.);
#7610 = FACE_BOUND('',#7611,.F.);
#7611 = EDGE_LOOP('',(#7612,#7613,#7614,#7615));
#7612 = ORIENTED_EDGE('',*,*,#7334,.F.);
#7613 = ORIENTED_EDGE('',*,*,#7519,.T.);
#7614 = ORIENTED_EDGE('',*,*,#7449,.T.);
#7615 = ORIENTED_EDGE('',*,*,#7566,.F.);
#7616 = ADVANCED_FACE('',(#7617),#7404,.T.);
#7617 = FACE_BOUND('',#7618,.T.);
#7618 = EDGE_LOOP('',(#7619,#7620,#7621,#7622));
#7619 = ORIENTED_EDGE('',*,*,#7390,.F.);
#7620 = ORIENTED_EDGE('',*,*,#7541,.T.);
#7621 = ORIENTED_EDGE('',*,*,#7495,.T.);
#7622 = ORIENTED_EDGE('',*,*,#7588,.F.);
#7623 = ( GEOMETRIC_REPRESENTATION_CONTEXT(3) 
GLOBAL_UNCERTAINTY_ASSIGNED_CONTEXT((#7627)) 
GLOBAL_UNIT_ASSIGNED_CONTEXT((#7624,#7625,#7626)) REPRESENTATION_CONTEXT
('Context #1','3D Context with UNIT and UNCERTAINTY') );
#7624 = ( LENGTH_UNIT() NAMED_UNIT(*) SI_UNIT(.MILLI.,.METRE.) );
#7625 = ( NAMED_UNIT(*) PLANE_ANGLE_UNIT() SI_UNIT($,.RADIAN.) );
#7626 = ( NAMED_UNIT(*) SI_UNIT($,.STERADIAN.) SOLID_ANGLE_UNIT() );
#7627 = UNCERTAINTY_MEASURE_WITH_UNIT(LENGTH_MEASURE(1.E-07),#7624,
  'distance_accuracy_value','confusion accuracy');
#7628 = CONTEXT_DEPENDENT_SHAPE_REPRESENTATION(#7629,#7631);
#7629 = ( REPRESENTATION_RELATIONSHIP('','',#7292,#10) 
REPRESENTATION_RELATIONSHIP_WITH_TRANSFORMATION(#7630) 
SHAPE_REPRESENTATION_RELATIONSHIP() );
#7630 = ITEM_DEFINED_TRANSFORMATION('','',#11,#95);
#7631 = PRODUCT_DEFINITION_SHAPE('Placement','Placement of an item',
  #7632);
#7632 = NEXT_ASSEMBLY_USAGE_OCCURRENCE('21','Header body 3 -1.27','',#5,
  #7287,$);
#7633 = PRODUCT_RELATED_PRODUCT_CATEGORY('part',$,(#7289));
#7634 = SHAPE_DEFINITION_REPRESENTATION(#7635,#7641);
#7635 = PRODUCT_DEFINITION_SHAPE('','',#7636);
#7636 = PRODUCT_DEFINITION('design','',#7637,#7640);
#7637 = PRODUCT_DEFINITION_FORMATION('','',#7638);
#7638 = PRODUCT('Header pin 3 1.27','Header pin 3 1.27','',(#7639));
#7639 = PRODUCT_CONTEXT('',#2,'mechanical');
#7640 = PRODUCT_DEFINITION_CONTEXT('part definition',#2,'design');
#7641 = ADVANCED_BREP_SHAPE_REPRESENTATION('',(#11,#7642),#7972);
#7642 = MANIFOLD_SOLID_BREP('',#7643);
#7643 = CLOSED_SHELL('',(#7644,#7764,#7864,#7911,#7958,#7965));
#7644 = ADVANCED_FACE('',(#7645),#7659,.F.);
#7645 = FACE_BOUND('',#7646,.F.);
#7646 = EDGE_LOOP('',(#7647,#7682,#7710,#7738));
#7647 = ORIENTED_EDGE('',*,*,#7648,.F.);
#7648 = EDGE_CURVE('',#7649,#7651,#7653,.T.);
#7649 = VERTEX_POINT('',#7650);
#7650 = CARTESIAN_POINT('',(0.95,3.49,-3.));
#7651 = VERTEX_POINT('',#7652);
#7652 = CARTESIAN_POINT('',(0.95,3.49,4.));
#7653 = SURFACE_CURVE('',#7654,(#7658,#7670),.PCURVE_S1.);
#7654 = LINE('',#7655,#7656);
#7655 = CARTESIAN_POINT('',(0.95,3.49,-3.));
#7656 = VECTOR('',#7657,1.);
#7657 = DIRECTION('',(0.,0.,1.));
#7658 = PCURVE('',#7659,#7664);
#7659 = PLANE('',#7660);
#7660 = AXIS2_PLACEMENT_3D('',#7661,#7662,#7663);
#7661 = CARTESIAN_POINT('',(0.95,3.49,-3.));
#7662 = DIRECTION('',(1.,0.,0.));
#7663 = DIRECTION('',(0.,0.,1.));
#7664 = DEFINITIONAL_REPRESENTATION('',(#7665),#7669);
#7665 = LINE('',#7666,#7667);
#7666 = CARTESIAN_POINT('',(0.,0.));
#7667 = VECTOR('',#7668,1.);
#7668 = DIRECTION('',(1.,0.));
#7669 = ( GEOMETRIC_REPRESENTATION_CONTEXT(2) 
PARAMETRIC_REPRESENTATION_CONTEXT() REPRESENTATION_CONTEXT('2D SPACE',''
  ) );
#7670 = PCURVE('',#7671,#7676);
#7671 = PLANE('',#7672);
#7672 = AXIS2_PLACEMENT_3D('',#7673,#7674,#7675);
#7673 = CARTESIAN_POINT('',(0.95,3.49,-3.));
#7674 = DIRECTION('',(0.,1.,0.));
#7675 = DIRECTION('',(0.,0.,1.));
#7676 = DEFINITIONAL_REPRESENTATION('',(#7677),#7681);
#7677 = LINE('',#7678,#7679);
#7678 = CARTESIAN_POINT('',(0.,0.));
#7679 = VECTOR('',#7680,1.);
#7680 = DIRECTION('',(1.,0.));
#7681 = ( GEOMETRIC_REPRESENTATION_CONTEXT(2) 
PARAMETRIC_REPRESENTATION_CONTEXT() REPRESENTATION_CONTEXT('2D SPACE',''
  ) );
#7682 = ORIENTED_EDGE('',*,*,#7683,.T.);
#7683 = EDGE_CURVE('',#7649,#7684,#7686,.T.);
#7684 = VERTEX_POINT('',#7685);
#7685 = CARTESIAN_POINT('',(0.95,4.13,-3.));
#7686 = SURFACE_CURVE('',#7687,(#7691,#7698),.PCURVE_S1.);
#7687 = LINE('',#7688,#7689);
#7688 = CARTESIAN_POINT('',(0.95,3.49,-3.));
#7689 = VECTOR('',#7690,1.);
#7690 = DIRECTION('',(0.,1.,0.));
#7691 = PCURVE('',#7659,#7692);
#7692 = DEFINITIONAL_REPRESENTATION('',(#7693),#7697);
#7693 = LINE('',#7694,#7695);
#7694 = CARTESIAN_POINT('',(0.,0.));
#7695 = VECTOR('',#7696,1.);
#7696 = DIRECTION('',(0.,-1.));
#7697 = ( GEOMETRIC_REPRESENTATION_CONTEXT(2) 
PARAMETRIC_REPRESENTATION_CONTEXT() REPRESENTATION_CONTEXT('2D SPACE',''
  ) );
#7698 = PCURVE('',#7699,#7704);
#7699 = PLANE('',#7700);
#7700 = AXIS2_PLACEMENT_3D('',#7701,#7702,#7703);
#7701 = CARTESIAN_POINT('',(0.95,3.49,-3.));
#7702 = DIRECTION('',(0.,0.,1.));
#7703 = DIRECTION('',(1.,0.,0.));
#7704 = DEFINITIONAL_REPRESENTATION('',(#7705),#7709);
#7705 = LINE('',#7706,#7707);
#7706 = CARTESIAN_POINT('',(0.,0.));
#7707 = VECTOR('',#7708,1.);
#7708 = DIRECTION('',(0.,1.));
#7709 = ( GEOMETRIC_REPRESENTATION_CONTEXT(2) 
PARAMETRIC_REPRESENTATION_CONTEXT() REPRESENTATION_CONTEXT('2D SPACE',''
  ) );
#7710 = ORIENTED_EDGE('',*,*,#7711,.T.);
#7711 = EDGE_CURVE('',#7684,#7712,#7714,.T.);
#7712 = VERTEX_POINT('',#7713);
#7713 = CARTESIAN_POINT('',(0.95,4.13,4.));
#7714 = SURFACE_CURVE('',#7715,(#7719,#7726),.PCURVE_S1.);
#7715 = LINE('',#7716,#7717);
#7716 = CARTESIAN_POINT('',(0.95,4.13,-3.));
#7717 = VECTOR('',#7718,1.);
#7718 = DIRECTION('',(0.,0.,1.));
#7719 = PCURVE('',#7659,#7720);
#7720 = DEFINITIONAL_REPRESENTATION('',(#7721),#7725);
#7721 = LINE('',#7722,#7723);
#7722 = CARTESIAN_POINT('',(0.,-0.64));
#7723 = VECTOR('',#7724,1.);
#7724 = DIRECTION('',(1.,0.));
#7725 = ( GEOMETRIC_REPRESENTATION_CONTEXT(2) 
PARAMETRIC_REPRESENTATION_CONTEXT() REPRESENTATION_CONTEXT('2D SPACE',''
  ) );
#7726 = PCURVE('',#7727,#7732);
#7727 = PLANE('',#7728);
#7728 = AXIS2_PLACEMENT_3D('',#7729,#7730,#7731);
#7729 = CARTESIAN_POINT('',(0.95,4.13,-3.));
#7730 = DIRECTION('',(0.,1.,0.));
#7731 = DIRECTION('',(0.,0.,1.));
#7732 = DEFINITIONAL_REPRESENTATION('',(#7733),#7737);
#7733 = LINE('',#7734,#7735);
#7734 = CARTESIAN_POINT('',(0.,0.));
#7735 = VECTOR('',#7736,1.);
#7736 = DIRECTION('',(1.,0.));
#7737 = ( GEOMETRIC_REPRESENTATION_CONTEXT(2) 
PARAMETRIC_REPRESENTATION_CONTEXT() REPRESENTATION_CONTEXT('2D SPACE',''
  ) );
#7738 = ORIENTED_EDGE('',*,*,#7739,.F.);
#7739 = EDGE_CURVE('',#7651,#7712,#7740,.T.);
#7740 = SURFACE_CURVE('',#7741,(#7745,#7752),.PCURVE_S1.);
#7741 = LINE('',#7742,#7743);
#7742 = CARTESIAN_POINT('',(0.95,3.49,4.));
#7743 = VECTOR('',#7744,1.);
#7744 = DIRECTION('',(0.,1.,0.));
#7745 = PCURVE('',#7659,#7746);
#7746 = DEFINITIONAL_REPRESENTATION('',(#7747),#7751);
#7747 = LINE('',#7748,#7749);
#7748 = CARTESIAN_POINT('',(7.,0.));
#7749 = VECTOR('',#7750,1.);
#7750 = DIRECTION('',(0.,-1.));
#7751 = ( GEOMETRIC_REPRESENTATION_CONTEXT(2) 
PARAMETRIC_REPRESENTATION_CONTEXT() REPRESENTATION_CONTEXT('2D SPACE',''
  ) );
#7752 = PCURVE('',#7753,#7758);
#7753 = PLANE('',#7754);
#7754 = AXIS2_PLACEMENT_3D('',#7755,#7756,#7757);
#7755 = CARTESIAN_POINT('',(0.95,3.49,4.));
#7756 = DIRECTION('',(0.,0.,1.));
#7757 = DIRECTION('',(1.,0.,0.));
#7758 = DEFINITIONAL_REPRESENTATION('',(#7759),#7763);
#7759 = LINE('',#7760,#7761);
#7760 = CARTESIAN_POINT('',(0.,0.));
#7761 = VECTOR('',#7762,1.);
#7762 = DIRECTION('',(0.,1.));
#7763 = ( GEOMETRIC_REPRESENTATION_CONTEXT(2) 
PARAMETRIC_REPRESENTATION_CONTEXT() REPRESENTATION_CONTEXT('2D SPACE',''
  ) );
#7764 = ADVANCED_FACE('',(#7765),#7779,.T.);
#7765 = FACE_BOUND('',#7766,.T.);
#7766 = EDGE_LOOP('',(#7767,#7797,#7820,#7843));
#7767 = ORIENTED_EDGE('',*,*,#7768,.F.);
#7768 = EDGE_CURVE('',#7769,#7771,#7773,.T.);
#7769 = VERTEX_POINT('',#7770);
#7770 = CARTESIAN_POINT('',(1.59,3.49,-3.));
#7771 = VERTEX_POINT('',#7772);
#7772 = CARTESIAN_POINT('',(1.59,3.49,4.));
#7773 = SURFACE_CURVE('',#7774,(#7778,#7790),.PCURVE_S1.);
#7774 = LINE('',#7775,#7776);
#7775 = CARTESIAN_POINT('',(1.59,3.49,-3.));
#7776 = VECTOR('',#7777,1.);
#7777 = DIRECTION('',(0.,0.,1.));
#7778 = PCURVE('',#7779,#7784);
#7779 = PLANE('',#7780);
#7780 = AXIS2_PLACEMENT_3D('',#7781,#7782,#7783);
#7781 = CARTESIAN_POINT('',(1.59,3.49,-3.));
#7782 = DIRECTION('',(1.,0.,0.));
#7783 = DIRECTION('',(0.,0.,1.));
#7784 = DEFINITIONAL_REPRESENTATION('',(#7785),#7789);
#7785 = LINE('',#7786,#7787);
#7786 = CARTESIAN_POINT('',(0.,0.));
#7787 = VECTOR('',#7788,1.);
#7788 = DIRECTION('',(1.,0.));
#7789 = ( GEOMETRIC_REPRESENTATION_CONTEXT(2) 
PARAMETRIC_REPRESENTATION_CONTEXT() REPRESENTATION_CONTEXT('2D SPACE',''
  ) );
#7790 = PCURVE('',#7671,#7791);
#7791 = DEFINITIONAL_REPRESENTATION('',(#7792),#7796);
#7792 = LINE('',#7793,#7794);
#7793 = CARTESIAN_POINT('',(0.,0.64));
#7794 = VECTOR('',#7795,1.);
#7795 = DIRECTION('',(1.,0.));
#7796 = ( GEOMETRIC_REPRESENTATION_CONTEXT(2) 
PARAMETRIC_REPRESENTATION_CONTEXT() REPRESENTATION_CONTEXT('2D SPACE',''
  ) );
#7797 = ORIENTED_EDGE('',*,*,#7798,.T.);
#7798 = EDGE_CURVE('',#7769,#7799,#7801,.T.);
#7799 = VERTEX_POINT('',#7800);
#7800 = CARTESIAN_POINT('',(1.59,4.13,-3.));
#7801 = SURFACE_CURVE('',#7802,(#7806,#7813),.PCURVE_S1.);
#7802 = LINE('',#7803,#7804);
#7803 = CARTESIAN_POINT('',(1.59,3.49,-3.));
#7804 = VECTOR('',#7805,1.);
#7805 = DIRECTION('',(0.,1.,0.));
#7806 = PCURVE('',#7779,#7807);
#7807 = DEFINITIONAL_REPRESENTATION('',(#7808),#7812);
#7808 = LINE('',#7809,#7810);
#7809 = CARTESIAN_POINT('',(0.,0.));
#7810 = VECTOR('',#7811,1.);
#7811 = DIRECTION('',(0.,-1.));
#7812 = ( GEOMETRIC_REPRESENTATION_CONTEXT(2) 
PARAMETRIC_REPRESENTATION_CONTEXT() REPRESENTATION_CONTEXT('2D SPACE',''
  ) );
#7813 = PCURVE('',#7699,#7814);
#7814 = DEFINITIONAL_REPRESENTATION('',(#7815),#7819);
#7815 = LINE('',#7816,#7817);
#7816 = CARTESIAN_POINT('',(0.64,0.));
#7817 = VECTOR('',#7818,1.);
#7818 = DIRECTION('',(0.,1.));
#7819 = ( GEOMETRIC_REPRESENTATION_CONTEXT(2) 
PARAMETRIC_REPRESENTATION_CONTEXT() REPRESENTATION_CONTEXT('2D SPACE',''
  ) );
#7820 = ORIENTED_EDGE('',*,*,#7821,.T.);
#7821 = EDGE_CURVE('',#7799,#7822,#7824,.T.);
#7822 = VERTEX_POINT('',#7823);
#7823 = CARTESIAN_POINT('',(1.59,4.13,4.));
#7824 = SURFACE_CURVE('',#7825,(#7829,#7836),.PCURVE_S1.);
#7825 = LINE('',#7826,#7827);
#7826 = CARTESIAN_POINT('',(1.59,4.13,-3.));
#7827 = VECTOR('',#7828,1.);
#7828 = DIRECTION('',(0.,0.,1.));
#7829 = PCURVE('',#7779,#7830);
#7830 = DEFINITIONAL_REPRESENTATION('',(#7831),#7835);
#7831 = LINE('',#7832,#7833);
#7832 = CARTESIAN_POINT('',(0.,-0.64));
#7833 = VECTOR('',#7834,1.);
#7834 = DIRECTION('',(1.,0.));
#7835 = ( GEOMETRIC_REPRESENTATION_CONTEXT(2) 
PARAMETRIC_REPRESENTATION_CONTEXT() REPRESENTATION_CONTEXT('2D SPACE',''
  ) );
#7836 = PCURVE('',#7727,#7837);
#7837 = DEFINITIONAL_REPRESENTATION('',(#7838),#7842);
#7838 = LINE('',#7839,#7840);
#7839 = CARTESIAN_POINT('',(0.,0.64));
#7840 = VECTOR('',#7841,1.);
#7841 = DIRECTION('',(1.,0.));
#7842 = ( GEOMETRIC_REPRESENTATION_CONTEXT(2) 
PARAMETRIC_REPRESENTATION_CONTEXT() REPRESENTATION_CONTEXT('2D SPACE',''
  ) );
#7843 = ORIENTED_EDGE('',*,*,#7844,.F.);
#7844 = EDGE_CURVE('',#7771,#7822,#7845,.T.);
#7845 = SURFACE_CURVE('',#7846,(#7850,#7857),.PCURVE_S1.);
#7846 = LINE('',#7847,#7848);
#7847 = CARTESIAN_POINT('',(1.59,3.49,4.));
#7848 = VECTOR('',#7849,1.);
#7849 = DIRECTION('',(0.,1.,0.));
#7850 = PCURVE('',#7779,#7851);
#7851 = DEFINITIONAL_REPRESENTATION('',(#7852),#7856);
#7852 = LINE('',#7853,#7854);
#7853 = CARTESIAN_POINT('',(7.,0.));
#7854 = VECTOR('',#7855,1.);
#7855 = DIRECTION('',(0.,-1.));
#7856 = ( GEOMETRIC_REPRESENTATION_CONTEXT(2) 
PARAMETRIC_REPRESENTATION_CONTEXT() REPRESENTATION_CONTEXT('2D SPACE',''
  ) );
#7857 = PCURVE('',#7753,#7858);
#7858 = DEFINITIONAL_REPRESENTATION('',(#7859),#7863);
#7859 = LINE('',#7860,#7861);
#7860 = CARTESIAN_POINT('',(0.64,0.));
#7861 = VECTOR('',#7862,1.);
#7862 = DIRECTION('',(0.,1.));
#7863 = ( GEOMETRIC_REPRESENTATION_CONTEXT(2) 
PARAMETRIC_REPRESENTATION_CONTEXT() REPRESENTATION_CONTEXT('2D SPACE',''
  ) );
#7864 = ADVANCED_FACE('',(#7865),#7671,.F.);
#7865 = FACE_BOUND('',#7866,.F.);
#7866 = EDGE_LOOP('',(#7867,#7888,#7889,#7910));
#7867 = ORIENTED_EDGE('',*,*,#7868,.F.);
#7868 = EDGE_CURVE('',#7649,#7769,#7869,.T.);
#7869 = SURFACE_CURVE('',#7870,(#7874,#7881),.PCURVE_S1.);
#7870 = LINE('',#7871,#7872);
#7871 = CARTESIAN_POINT('',(0.95,3.49,-3.));
#7872 = VECTOR('',#7873,1.);
#7873 = DIRECTION('',(1.,0.,0.));
#7874 = PCURVE('',#7671,#7875);
#7875 = DEFINITIONAL_REPRESENTATION('',(#7876),#7880);
#7876 = LINE('',#7877,#7878);
#7877 = CARTESIAN_POINT('',(0.,0.));
#7878 = VECTOR('',#7879,1.);
#7879 = DIRECTION('',(0.,1.));
#7880 = ( GEOMETRIC_REPRESENTATION_CONTEXT(2) 
PARAMETRIC_REPRESENTATION_CONTEXT() REPRESENTATION_CONTEXT('2D SPACE',''
  ) );
#7881 = PCURVE('',#7699,#7882);
#7882 = DEFINITIONAL_REPRESENTATION('',(#7883),#7887);
#7883 = LINE('',#7884,#7885);
#7884 = CARTESIAN_POINT('',(0.,0.));
#7885 = VECTOR('',#7886,1.);
#7886 = DIRECTION('',(1.,0.));
#7887 = ( GEOMETRIC_REPRESENTATION_CONTEXT(2) 
PARAMETRIC_REPRESENTATION_CONTEXT() REPRESENTATION_CONTEXT('2D SPACE',''
  ) );
#7888 = ORIENTED_EDGE('',*,*,#7648,.T.);
#7889 = ORIENTED_EDGE('',*,*,#7890,.T.);
#7890 = EDGE_CURVE('',#7651,#7771,#7891,.T.);
#7891 = SURFACE_CURVE('',#7892,(#7896,#7903),.PCURVE_S1.);
#7892 = LINE('',#7893,#7894);
#7893 = CARTESIAN_POINT('',(0.95,3.49,4.));
#7894 = VECTOR('',#7895,1.);
#7895 = DIRECTION('',(1.,0.,0.));
#7896 = PCURVE('',#7671,#7897);
#7897 = DEFINITIONAL_REPRESENTATION('',(#7898),#7902);
#7898 = LINE('',#7899,#7900);
#7899 = CARTESIAN_POINT('',(7.,0.));
#7900 = VECTOR('',#7901,1.);
#7901 = DIRECTION('',(0.,1.));
#7902 = ( GEOMETRIC_REPRESENTATION_CONTEXT(2) 
PARAMETRIC_REPRESENTATION_CONTEXT() REPRESENTATION_CONTEXT('2D SPACE',''
  ) );
#7903 = PCURVE('',#7753,#7904);
#7904 = DEFINITIONAL_REPRESENTATION('',(#7905),#7909);
#7905 = LINE('',#7906,#7907);
#7906 = CARTESIAN_POINT('',(0.,0.));
#7907 = VECTOR('',#7908,1.);
#7908 = DIRECTION('',(1.,0.));
#7909 = ( GEOMETRIC_REPRESENTATION_CONTEXT(2) 
PARAMETRIC_REPRESENTATION_CONTEXT() REPRESENTATION_CONTEXT('2D SPACE',''
  ) );
#7910 = ORIENTED_EDGE('',*,*,#7768,.F.);
#7911 = ADVANCED_FACE('',(#7912),#7727,.T.);
#7912 = FACE_BOUND('',#7913,.T.);
#7913 = EDGE_LOOP('',(#7914,#7935,#7936,#7957));
#7914 = ORIENTED_EDGE('',*,*,#7915,.F.);
#7915 = EDGE_CURVE('',#7684,#7799,#7916,.T.);
#7916 = SURFACE_CURVE('',#7917,(#7921,#7928),.PCURVE_S1.);
#7917 = LINE('',#7918,#7919);
#7918 = CARTESIAN_POINT('',(0.95,4.13,-3.));
#7919 = VECTOR('',#7920,1.);
#7920 = DIRECTION('',(1.,0.,0.));
#7921 = PCURVE('',#7727,#7922);
#7922 = DEFINITIONAL_REPRESENTATION('',(#7923),#7927);
#7923 = LINE('',#7924,#7925);
#7924 = CARTESIAN_POINT('',(0.,0.));
#7925 = VECTOR('',#7926,1.);
#7926 = DIRECTION('',(0.,1.));
#7927 = ( GEOMETRIC_REPRESENTATION_CONTEXT(2) 
PARAMETRIC_REPRESENTATION_CONTEXT() REPRESENTATION_CONTEXT('2D SPACE',''
  ) );
#7928 = PCURVE('',#7699,#7929);
#7929 = DEFINITIONAL_REPRESENTATION('',(#7930),#7934);
#7930 = LINE('',#7931,#7932);
#7931 = CARTESIAN_POINT('',(0.,0.64));
#7932 = VECTOR('',#7933,1.);
#7933 = DIRECTION('',(1.,0.));
#7934 = ( GEOMETRIC_REPRESENTATION_CONTEXT(2) 
PARAMETRIC_REPRESENTATION_CONTEXT() REPRESENTATION_CONTEXT('2D SPACE',''
  ) );
#7935 = ORIENTED_EDGE('',*,*,#7711,.T.);
#7936 = ORIENTED_EDGE('',*,*,#7937,.T.);
#7937 = EDGE_CURVE('',#7712,#7822,#7938,.T.);
#7938 = SURFACE_CURVE('',#7939,(#7943,#7950),.PCURVE_S1.);
#7939 = LINE('',#7940,#7941);
#7940 = CARTESIAN_POINT('',(0.95,4.13,4.));
#7941 = VECTOR('',#7942,1.);
#7942 = DIRECTION('',(1.,0.,0.));
#7943 = PCURVE('',#7727,#7944);
#7944 = DEFINITIONAL_REPRESENTATION('',(#7945),#7949);
#7945 = LINE('',#7946,#7947);
#7946 = CARTESIAN_POINT('',(7.,0.));
#7947 = VECTOR('',#7948,1.);
#7948 = DIRECTION('',(0.,1.));
#7949 = ( GEOMETRIC_REPRESENTATION_CONTEXT(2) 
PARAMETRIC_REPRESENTATION_CONTEXT() REPRESENTATION_CONTEXT('2D SPACE',''
  ) );
#7950 = PCURVE('',#7753,#7951);
#7951 = DEFINITIONAL_REPRESENTATION('',(#7952),#7956);
#7952 = LINE('',#7953,#7954);
#7953 = CARTESIAN_POINT('',(0.,0.64));
#7954 = VECTOR('',#7955,1.);
#7955 = DIRECTION('',(1.,0.));
#7956 = ( GEOMETRIC_REPRESENTATION_CONTEXT(2) 
PARAMETRIC_REPRESENTATION_CONTEXT() REPRESENTATION_CONTEXT('2D SPACE',''
  ) );
#7957 = ORIENTED_EDGE('',*,*,#7821,.F.);
#7958 = ADVANCED_FACE('',(#7959),#7699,.F.);
#7959 = FACE_BOUND('',#7960,.F.);
#7960 = EDGE_LOOP('',(#7961,#7962,#7963,#7964));
#7961 = ORIENTED_EDGE('',*,*,#7683,.F.);
#7962 = ORIENTED_EDGE('',*,*,#7868,.T.);
#7963 = ORIENTED_EDGE('',*,*,#7798,.T.);
#7964 = ORIENTED_EDGE('',*,*,#7915,.F.);
#7965 = ADVANCED_FACE('',(#7966),#7753,.T.);
#7966 = FACE_BOUND('',#7967,.T.);
#7967 = EDGE_LOOP('',(#7968,#7969,#7970,#7971));
#7968 = ORIENTED_EDGE('',*,*,#7739,.F.);
#7969 = ORIENTED_EDGE('',*,*,#7890,.T.);
#7970 = ORIENTED_EDGE('',*,*,#7844,.T.);
#7971 = ORIENTED_EDGE('',*,*,#7937,.F.);
#7972 = ( GEOMETRIC_REPRESENTATION_CONTEXT(3) 
GLOBAL_UNCERTAINTY_ASSIGNED_CONTEXT((#7976)) 
GLOBAL_UNIT_ASSIGNED_CONTEXT((#7973,#7974,#7975)) REPRESENTATION_CONTEXT
('Context #1','3D Context with UNIT and UNCERTAINTY') );
#7973 = ( LENGTH_UNIT() NAMED_UNIT(*) SI_UNIT(.MILLI.,.METRE.) );
#7974 = ( NAMED_UNIT(*) PLANE_ANGLE_UNIT() SI_UNIT($,.RADIAN.) );
#7975 = ( NAMED_UNIT(*) SI_UNIT($,.STERADIAN.) SOLID_ANGLE_UNIT() );
#7976 = UNCERTAINTY_MEASURE_WITH_UNIT(LENGTH_MEASURE(1.E-07),#7973,
  'distance_accuracy_value','confusion accuracy');
#7977 = CONTEXT_DEPENDENT_SHAPE_REPRESENTATION(#7978,#7980);
#7978 = ( REPRESENTATION_RELATIONSHIP('','',#7641,#10) 
REPRESENTATION_RELATIONSHIP_WITH_TRANSFORMATION(#7979) 
SHAPE_REPRESENTATION_RELATIONSHIP() );
#7979 = ITEM_DEFINED_TRANSFORMATION('','',#11,#99);
#7980 = PRODUCT_DEFINITION_SHAPE('Placement','Placement of an item',
  #7981);
#7981 = NEXT_ASSEMBLY_USAGE_OCCURRENCE('22','Header pin 3 1.27','',#5,
  #7636,$);
#7982 = PRODUCT_RELATED_PRODUCT_CATEGORY('part',$,(#7638));
#7983 = SHAPE_DEFINITION_REPRESENTATION(#7984,#7990);
#7984 = PRODUCT_DEFINITION_SHAPE('','',#7985);
#7985 = PRODUCT_DEFINITION('design','',#7986,#7989);
#7986 = PRODUCT_DEFINITION_FORMATION('','',#7987);
#7987 = PRODUCT('Header body 3 1.27','Header body 3 1.27','',(#7988));
#7988 = PRODUCT_CONTEXT('',#2,'mechanical');
#7989 = PRODUCT_DEFINITION_CONTEXT('part definition',#2,'design');
#7990 = ADVANCED_BREP_SHAPE_REPRESENTATION('',(#11,#7991),#8321);
#7991 = MANIFOLD_SOLID_BREP('',#7992);
#7992 = CLOSED_SHELL('',(#7993,#8113,#8213,#8260,#8307,#8314));
#7993 = ADVANCED_FACE('',(#7994),#8008,.F.);
#7994 = FACE_BOUND('',#7995,.F.);
#7995 = EDGE_LOOP('',(#7996,#8031,#8059,#8087));
#7996 = ORIENTED_EDGE('',*,*,#7997,.F.);
#7997 = EDGE_CURVE('',#7998,#8000,#8002,.T.);
#7998 = VERTEX_POINT('',#7999);
#7999 = CARTESIAN_POINT('',(4.5E-02,2.585,1.));
#8000 = VERTEX_POINT('',#8001);
#8001 = CARTESIAN_POINT('',(4.5E-02,2.585,3.5));
#8002 = SURFACE_CURVE('',#8003,(#8007,#8019),.PCURVE_S1.);
#8003 = LINE('',#8004,#8005);
#8004 = CARTESIAN_POINT('',(4.5E-02,2.585,1.));
#8005 = VECTOR('',#8006,1.);
#8006 = DIRECTION('',(0.,0.,1.));
#8007 = PCURVE('',#8008,#8013);
#8008 = PLANE('',#8009);
#8009 = AXIS2_PLACEMENT_3D('',#8010,#8011,#8012);
#8010 = CARTESIAN_POINT('',(4.5E-02,2.585,1.));
#8011 = DIRECTION('',(1.,0.,0.));
#8012 = DIRECTION('',(0.,0.,1.));
#8013 = DEFINITIONAL_REPRESENTATION('',(#8014),#8018);
#8014 = LINE('',#8015,#8016);
#8015 = CARTESIAN_POINT('',(0.,0.));
#8016 = VECTOR('',#8017,1.);
#8017 = DIRECTION('',(1.,0.));
#8018 = ( GEOMETRIC_REPRESENTATION_CONTEXT(2) 
PARAMETRIC_REPRESENTATION_CONTEXT() REPRESENTATION_CONTEXT('2D SPACE',''
  ) );
#8019 = PCURVE('',#8020,#8025);
#8020 = PLANE('',#8021);
#8021 = AXIS2_PLACEMENT_3D('',#8022,#8023,#8024);
#8022 = CARTESIAN_POINT('',(4.5E-02,2.585,1.));
#8023 = DIRECTION('',(0.,1.,0.));
#8024 = DIRECTION('',(0.,0.,1.));
#8025 = DEFINITIONAL_REPRESENTATION('',(#8026),#8030);
#8026 = LINE('',#8027,#8028);
#8027 = CARTESIAN_POINT('',(0.,0.));
#8028 = VECTOR('',#8029,1.);
#8029 = DIRECTION('',(1.,0.));
#8030 = ( GEOMETRIC_REPRESENTATION_CONTEXT(2) 
PARAMETRIC_REPRESENTATION_CONTEXT() REPRESENTATION_CONTEXT('2D SPACE',''
  ) );
#8031 = ORIENTED_EDGE('',*,*,#8032,.T.);
#8032 = EDGE_CURVE('',#7998,#8033,#8035,.T.);
#8033 = VERTEX_POINT('',#8034);
#8034 = CARTESIAN_POINT('',(4.5E-02,5.035,1.));
#8035 = SURFACE_CURVE('',#8036,(#8040,#8047),.PCURVE_S1.);
#8036 = LINE('',#8037,#8038);
#8037 = CARTESIAN_POINT('',(4.5E-02,2.585,1.));
#8038 = VECTOR('',#8039,1.);
#8039 = DIRECTION('',(0.,1.,0.));
#8040 = PCURVE('',#8008,#8041);
#8041 = DEFINITIONAL_REPRESENTATION('',(#8042),#8046);
#8042 = LINE('',#8043,#8044);
#8043 = CARTESIAN_POINT('',(0.,0.));
#8044 = VECTOR('',#8045,1.);
#8045 = DIRECTION('',(0.,-1.));
#8046 = ( GEOMETRIC_REPRESENTATION_CONTEXT(2) 
PARAMETRIC_REPRESENTATION_CONTEXT() REPRESENTATION_CONTEXT('2D SPACE',''
  ) );
#8047 = PCURVE('',#8048,#8053);
#8048 = PLANE('',#8049);
#8049 = AXIS2_PLACEMENT_3D('',#8050,#8051,#8052);
#8050 = CARTESIAN_POINT('',(4.5E-02,2.585,1.));
#8051 = DIRECTION('',(0.,0.,1.));
#8052 = DIRECTION('',(1.,0.,0.));
#8053 = DEFINITIONAL_REPRESENTATION('',(#8054),#8058);
#8054 = LINE('',#8055,#8056);
#8055 = CARTESIAN_POINT('',(0.,0.));
#8056 = VECTOR('',#8057,1.);
#8057 = DIRECTION('',(0.,1.));
#8058 = ( GEOMETRIC_REPRESENTATION_CONTEXT(2) 
PARAMETRIC_REPRESENTATION_CONTEXT() REPRESENTATION_CONTEXT('2D SPACE',''
  ) );
#8059 = ORIENTED_EDGE('',*,*,#8060,.T.);
#8060 = EDGE_CURVE('',#8033,#8061,#8063,.T.);
#8061 = VERTEX_POINT('',#8062);
#8062 = CARTESIAN_POINT('',(4.5E-02,5.035,3.5));
#8063 = SURFACE_CURVE('',#8064,(#8068,#8075),.PCURVE_S1.);
#8064 = LINE('',#8065,#8066);
#8065 = CARTESIAN_POINT('',(4.5E-02,5.035,1.));
#8066 = VECTOR('',#8067,1.);
#8067 = DIRECTION('',(0.,0.,1.));
#8068 = PCURVE('',#8008,#8069);
#8069 = DEFINITIONAL_REPRESENTATION('',(#8070),#8074);
#8070 = LINE('',#8071,#8072);
#8071 = CARTESIAN_POINT('',(0.,-2.45));
#8072 = VECTOR('',#8073,1.);
#8073 = DIRECTION('',(1.,0.));
#8074 = ( GEOMETRIC_REPRESENTATION_CONTEXT(2) 
PARAMETRIC_REPRESENTATION_CONTEXT() REPRESENTATION_CONTEXT('2D SPACE',''
  ) );
#8075 = PCURVE('',#8076,#8081);
#8076 = PLANE('',#8077);
#8077 = AXIS2_PLACEMENT_3D('',#8078,#8079,#8080);
#8078 = CARTESIAN_POINT('',(4.5E-02,5.035,1.));
#8079 = DIRECTION('',(0.,1.,0.));
#8080 = DIRECTION('',(0.,0.,1.));
#8081 = DEFINITIONAL_REPRESENTATION('',(#8082),#8086);
#8082 = LINE('',#8083,#8084);
#8083 = CARTESIAN_POINT('',(0.,0.));
#8084 = VECTOR('',#8085,1.);
#8085 = DIRECTION('',(1.,0.));
#8086 = ( GEOMETRIC_REPRESENTATION_CONTEXT(2) 
PARAMETRIC_REPRESENTATION_CONTEXT() REPRESENTATION_CONTEXT('2D SPACE',''
  ) );
#8087 = ORIENTED_EDGE('',*,*,#8088,.F.);
#8088 = EDGE_CURVE('',#8000,#8061,#8089,.T.);
#8089 = SURFACE_CURVE('',#8090,(#8094,#8101),.PCURVE_S1.);
#8090 = LINE('',#8091,#8092);
#8091 = CARTESIAN_POINT('',(4.5E-02,2.585,3.5));
#8092 = VECTOR('',#8093,1.);
#8093 = DIRECTION('',(0.,1.,0.));
#8094 = PCURVE('',#8008,#8095);
#8095 = DEFINITIONAL_REPRESENTATION('',(#8096),#8100);
#8096 = LINE('',#8097,#8098);
#8097 = CARTESIAN_POINT('',(2.5,0.));
#8098 = VECTOR('',#8099,1.);
#8099 = DIRECTION('',(0.,-1.));
#8100 = ( GEOMETRIC_REPRESENTATION_CONTEXT(2) 
PARAMETRIC_REPRESENTATION_CONTEXT() REPRESENTATION_CONTEXT('2D SPACE',''
  ) );
#8101 = PCURVE('',#8102,#8107);
#8102 = PLANE('',#8103);
#8103 = AXIS2_PLACEMENT_3D('',#8104,#8105,#8106);
#8104 = CARTESIAN_POINT('',(4.5E-02,2.585,3.5));
#8105 = DIRECTION('',(0.,0.,1.));
#8106 = DIRECTION('',(1.,0.,0.));
#8107 = DEFINITIONAL_REPRESENTATION('',(#8108),#8112);
#8108 = LINE('',#8109,#8110);
#8109 = CARTESIAN_POINT('',(0.,0.));
#8110 = VECTOR('',#8111,1.);
#8111 = DIRECTION('',(0.,1.));
#8112 = ( GEOMETRIC_REPRESENTATION_CONTEXT(2) 
PARAMETRIC_REPRESENTATION_CONTEXT() REPRESENTATION_CONTEXT('2D SPACE',''
  ) );
#8113 = ADVANCED_FACE('',(#8114),#8128,.T.);
#8114 = FACE_BOUND('',#8115,.T.);
#8115 = EDGE_LOOP('',(#8116,#8146,#8169,#8192));
#8116 = ORIENTED_EDGE('',*,*,#8117,.F.);
#8117 = EDGE_CURVE('',#8118,#8120,#8122,.T.);
#8118 = VERTEX_POINT('',#8119);
#8119 = CARTESIAN_POINT('',(2.495,2.585,1.));
#8120 = VERTEX_POINT('',#8121);
#8121 = CARTESIAN_POINT('',(2.495,2.585,3.5));
#8122 = SURFACE_CURVE('',#8123,(#8127,#8139),.PCURVE_S1.);
#8123 = LINE('',#8124,#8125);
#8124 = CARTESIAN_POINT('',(2.495,2.585,1.));
#8125 = VECTOR('',#8126,1.);
#8126 = DIRECTION('',(0.,0.,1.));
#8127 = PCURVE('',#8128,#8133);
#8128 = PLANE('',#8129);
#8129 = AXIS2_PLACEMENT_3D('',#8130,#8131,#8132);
#8130 = CARTESIAN_POINT('',(2.495,2.585,1.));
#8131 = DIRECTION('',(1.,0.,0.));
#8132 = DIRECTION('',(0.,0.,1.));
#8133 = DEFINITIONAL_REPRESENTATION('',(#8134),#8138);
#8134 = LINE('',#8135,#8136);
#8135 = CARTESIAN_POINT('',(0.,0.));
#8136 = VECTOR('',#8137,1.);
#8137 = DIRECTION('',(1.,0.));
#8138 = ( GEOMETRIC_REPRESENTATION_CONTEXT(2) 
PARAMETRIC_REPRESENTATION_CONTEXT() REPRESENTATION_CONTEXT('2D SPACE',''
  ) );
#8139 = PCURVE('',#8020,#8140);
#8140 = DEFINITIONAL_REPRESENTATION('',(#8141),#8145);
#8141 = LINE('',#8142,#8143);
#8142 = CARTESIAN_POINT('',(0.,2.45));
#8143 = VECTOR('',#8144,1.);
#8144 = DIRECTION('',(1.,0.));
#8145 = ( GEOMETRIC_REPRESENTATION_CONTEXT(2) 
PARAMETRIC_REPRESENTATION_CONTEXT() REPRESENTATION_CONTEXT('2D SPACE',''
  ) );
#8146 = ORIENTED_EDGE('',*,*,#8147,.T.);
#8147 = EDGE_CURVE('',#8118,#8148,#8150,.T.);
#8148 = VERTEX_POINT('',#8149);
#8149 = CARTESIAN_POINT('',(2.495,5.035,1.));
#8150 = SURFACE_CURVE('',#8151,(#8155,#8162),.PCURVE_S1.);
#8151 = LINE('',#8152,#8153);
#8152 = CARTESIAN_POINT('',(2.495,2.585,1.));
#8153 = VECTOR('',#8154,1.);
#8154 = DIRECTION('',(0.,1.,0.));
#8155 = PCURVE('',#8128,#8156);
#8156 = DEFINITIONAL_REPRESENTATION('',(#8157),#8161);
#8157 = LINE('',#8158,#8159);
#8158 = CARTESIAN_POINT('',(0.,0.));
#8159 = VECTOR('',#8160,1.);
#8160 = DIRECTION('',(0.,-1.));
#8161 = ( GEOMETRIC_REPRESENTATION_CONTEXT(2) 
PARAMETRIC_REPRESENTATION_CONTEXT() REPRESENTATION_CONTEXT('2D SPACE',''
  ) );
#8162 = PCURVE('',#8048,#8163);
#8163 = DEFINITIONAL_REPRESENTATION('',(#8164),#8168);
#8164 = LINE('',#8165,#8166);
#8165 = CARTESIAN_POINT('',(2.45,0.));
#8166 = VECTOR('',#8167,1.);
#8167 = DIRECTION('',(0.,1.));
#8168 = ( GEOMETRIC_REPRESENTATION_CONTEXT(2) 
PARAMETRIC_REPRESENTATION_CONTEXT() REPRESENTATION_CONTEXT('2D SPACE',''
  ) );
#8169 = ORIENTED_EDGE('',*,*,#8170,.T.);
#8170 = EDGE_CURVE('',#8148,#8171,#8173,.T.);
#8171 = VERTEX_POINT('',#8172);
#8172 = CARTESIAN_POINT('',(2.495,5.035,3.5));
#8173 = SURFACE_CURVE('',#8174,(#8178,#8185),.PCURVE_S1.);
#8174 = LINE('',#8175,#8176);
#8175 = CARTESIAN_POINT('',(2.495,5.035,1.));
#8176 = VECTOR('',#8177,1.);
#8177 = DIRECTION('',(0.,0.,1.));
#8178 = PCURVE('',#8128,#8179);
#8179 = DEFINITIONAL_REPRESENTATION('',(#8180),#8184);
#8180 = LINE('',#8181,#8182);
#8181 = CARTESIAN_POINT('',(0.,-2.45));
#8182 = VECTOR('',#8183,1.);
#8183 = DIRECTION('',(1.,0.));
#8184 = ( GEOMETRIC_REPRESENTATION_CONTEXT(2) 
PARAMETRIC_REPRESENTATION_CONTEXT() REPRESENTATION_CONTEXT('2D SPACE',''
  ) );
#8185 = PCURVE('',#8076,#8186);
#8186 = DEFINITIONAL_REPRESENTATION('',(#8187),#8191);
#8187 = LINE('',#8188,#8189);
#8188 = CARTESIAN_POINT('',(0.,2.45));
#8189 = VECTOR('',#8190,1.);
#8190 = DIRECTION('',(1.,0.));
#8191 = ( GEOMETRIC_REPRESENTATION_CONTEXT(2) 
PARAMETRIC_REPRESENTATION_CONTEXT() REPRESENTATION_CONTEXT('2D SPACE',''
  ) );
#8192 = ORIENTED_EDGE('',*,*,#8193,.F.);
#8193 = EDGE_CURVE('',#8120,#8171,#8194,.T.);
#8194 = SURFACE_CURVE('',#8195,(#8199,#8206),.PCURVE_S1.);
#8195 = LINE('',#8196,#8197);
#8196 = CARTESIAN_POINT('',(2.495,2.585,3.5));
#8197 = VECTOR('',#8198,1.);
#8198 = DIRECTION('',(0.,1.,0.));
#8199 = PCURVE('',#8128,#8200);
#8200 = DEFINITIONAL_REPRESENTATION('',(#8201),#8205);
#8201 = LINE('',#8202,#8203);
#8202 = CARTESIAN_POINT('',(2.5,0.));
#8203 = VECTOR('',#8204,1.);
#8204 = DIRECTION('',(0.,-1.));
#8205 = ( GEOMETRIC_REPRESENTATION_CONTEXT(2) 
PARAMETRIC_REPRESENTATION_CONTEXT() REPRESENTATION_CONTEXT('2D SPACE',''
  ) );
#8206 = PCURVE('',#8102,#8207);
#8207 = DEFINITIONAL_REPRESENTATION('',(#8208),#8212);
#8208 = LINE('',#8209,#8210);
#8209 = CARTESIAN_POINT('',(2.45,0.));
#8210 = VECTOR('',#8211,1.);
#8211 = DIRECTION('',(0.,1.));
#8212 = ( GEOMETRIC_REPRESENTATION_CONTEXT(2) 
PARAMETRIC_REPRESENTATION_CONTEXT() REPRESENTATION_CONTEXT('2D SPACE',''
  ) );
#8213 = ADVANCED_FACE('',(#8214),#8020,.F.);
#8214 = FACE_BOUND('',#8215,.F.);
#8215 = EDGE_LOOP('',(#8216,#8237,#8238,#8259));
#8216 = ORIENTED_EDGE('',*,*,#8217,.F.);
#8217 = EDGE_CURVE('',#7998,#8118,#8218,.T.);
#8218 = SURFACE_CURVE('',#8219,(#8223,#8230),.PCURVE_S1.);
#8219 = LINE('',#8220,#8221);
#8220 = CARTESIAN_POINT('',(4.5E-02,2.585,1.));
#8221 = VECTOR('',#8222,1.);
#8222 = DIRECTION('',(1.,0.,0.));
#8223 = PCURVE('',#8020,#8224);
#8224 = DEFINITIONAL_REPRESENTATION('',(#8225),#8229);
#8225 = LINE('',#8226,#8227);
#8226 = CARTESIAN_POINT('',(0.,0.));
#8227 = VECTOR('',#8228,1.);
#8228 = DIRECTION('',(0.,1.));
#8229 = ( GEOMETRIC_REPRESENTATION_CONTEXT(2) 
PARAMETRIC_REPRESENTATION_CONTEXT() REPRESENTATION_CONTEXT('2D SPACE',''
  ) );
#8230 = PCURVE('',#8048,#8231);
#8231 = DEFINITIONAL_REPRESENTATION('',(#8232),#8236);
#8232 = LINE('',#8233,#8234);
#8233 = CARTESIAN_POINT('',(0.,0.));
#8234 = VECTOR('',#8235,1.);
#8235 = DIRECTION('',(1.,0.));
#8236 = ( GEOMETRIC_REPRESENTATION_CONTEXT(2) 
PARAMETRIC_REPRESENTATION_CONTEXT() REPRESENTATION_CONTEXT('2D SPACE',''
  ) );
#8237 = ORIENTED_EDGE('',*,*,#7997,.T.);
#8238 = ORIENTED_EDGE('',*,*,#8239,.T.);
#8239 = EDGE_CURVE('',#8000,#8120,#8240,.T.);
#8240 = SURFACE_CURVE('',#8241,(#8245,#8252),.PCURVE_S1.);
#8241 = LINE('',#8242,#8243);
#8242 = CARTESIAN_POINT('',(4.5E-02,2.585,3.5));
#8243 = VECTOR('',#8244,1.);
#8244 = DIRECTION('',(1.,0.,0.));
#8245 = PCURVE('',#8020,#8246);
#8246 = DEFINITIONAL_REPRESENTATION('',(#8247),#8251);
#8247 = LINE('',#8248,#8249);
#8248 = CARTESIAN_POINT('',(2.5,0.));
#8249 = VECTOR('',#8250,1.);
#8250 = DIRECTION('',(0.,1.));
#8251 = ( GEOMETRIC_REPRESENTATION_CONTEXT(2) 
PARAMETRIC_REPRESENTATION_CONTEXT() REPRESENTATION_CONTEXT('2D SPACE',''
  ) );
#8252 = PCURVE('',#8102,#8253);
#8253 = DEFINITIONAL_REPRESENTATION('',(#8254),#8258);
#8254 = LINE('',#8255,#8256);
#8255 = CARTESIAN_POINT('',(0.,0.));
#8256 = VECTOR('',#8257,1.);
#8257 = DIRECTION('',(1.,0.));
#8258 = ( GEOMETRIC_REPRESENTATION_CONTEXT(2) 
PARAMETRIC_REPRESENTATION_CONTEXT() REPRESENTATION_CONTEXT('2D SPACE',''
  ) );
#8259 = ORIENTED_EDGE('',*,*,#8117,.F.);
#8260 = ADVANCED_FACE('',(#8261),#8076,.T.);
#8261 = FACE_BOUND('',#8262,.T.);
#8262 = EDGE_LOOP('',(#8263,#8284,#8285,#8306));
#8263 = ORIENTED_EDGE('',*,*,#8264,.F.);
#8264 = EDGE_CURVE('',#8033,#8148,#8265,.T.);
#8265 = SURFACE_CURVE('',#8266,(#8270,#8277),.PCURVE_S1.);
#8266 = LINE('',#8267,#8268);
#8267 = CARTESIAN_POINT('',(4.5E-02,5.035,1.));
#8268 = VECTOR('',#8269,1.);
#8269 = DIRECTION('',(1.,0.,0.));
#8270 = PCURVE('',#8076,#8271);
#8271 = DEFINITIONAL_REPRESENTATION('',(#8272),#8276);
#8272 = LINE('',#8273,#8274);
#8273 = CARTESIAN_POINT('',(0.,0.));
#8274 = VECTOR('',#8275,1.);
#8275 = DIRECTION('',(0.,1.));
#8276 = ( GEOMETRIC_REPRESENTATION_CONTEXT(2) 
PARAMETRIC_REPRESENTATION_CONTEXT() REPRESENTATION_CONTEXT('2D SPACE',''
  ) );
#8277 = PCURVE('',#8048,#8278);
#8278 = DEFINITIONAL_REPRESENTATION('',(#8279),#8283);
#8279 = LINE('',#8280,#8281);
#8280 = CARTESIAN_POINT('',(0.,2.45));
#8281 = VECTOR('',#8282,1.);
#8282 = DIRECTION('',(1.,0.));
#8283 = ( GEOMETRIC_REPRESENTATION_CONTEXT(2) 
PARAMETRIC_REPRESENTATION_CONTEXT() REPRESENTATION_CONTEXT('2D SPACE',''
  ) );
#8284 = ORIENTED_EDGE('',*,*,#8060,.T.);
#8285 = ORIENTED_EDGE('',*,*,#8286,.T.);
#8286 = EDGE_CURVE('',#8061,#8171,#8287,.T.);
#8287 = SURFACE_CURVE('',#8288,(#8292,#8299),.PCURVE_S1.);
#8288 = LINE('',#8289,#8290);
#8289 = CARTESIAN_POINT('',(4.5E-02,5.035,3.5));
#8290 = VECTOR('',#8291,1.);
#8291 = DIRECTION('',(1.,0.,0.));
#8292 = PCURVE('',#8076,#8293);
#8293 = DEFINITIONAL_REPRESENTATION('',(#8294),#8298);
#8294 = LINE('',#8295,#8296);
#8295 = CARTESIAN_POINT('',(2.5,0.));
#8296 = VECTOR('',#8297,1.);
#8297 = DIRECTION('',(0.,1.));
#8298 = ( GEOMETRIC_REPRESENTATION_CONTEXT(2) 
PARAMETRIC_REPRESENTATION_CONTEXT() REPRESENTATION_CONTEXT('2D SPACE',''
  ) );
#8299 = PCURVE('',#8102,#8300);
#8300 = DEFINITIONAL_REPRESENTATION('',(#8301),#8305);
#8301 = LINE('',#8302,#8303);
#8302 = CARTESIAN_POINT('',(0.,2.45));
#8303 = VECTOR('',#8304,1.);
#8304 = DIRECTION('',(1.,0.));
#8305 = ( GEOMETRIC_REPRESENTATION_CONTEXT(2) 
PARAMETRIC_REPRESENTATION_CONTEXT() REPRESENTATION_CONTEXT('2D SPACE',''
  ) );
#8306 = ORIENTED_EDGE('',*,*,#8170,.F.);
#8307 = ADVANCED_FACE('',(#8308),#8048,.F.);
#8308 = FACE_BOUND('',#8309,.F.);
#8309 = EDGE_LOOP('',(#8310,#8311,#8312,#8313));
#8310 = ORIENTED_EDGE('',*,*,#8032,.F.);
#8311 = ORIENTED_EDGE('',*,*,#8217,.T.);
#8312 = ORIENTED_EDGE('',*,*,#8147,.T.);
#8313 = ORIENTED_EDGE('',*,*,#8264,.F.);
#8314 = ADVANCED_FACE('',(#8315),#8102,.T.);
#8315 = FACE_BOUND('',#8316,.T.);
#8316 = EDGE_LOOP('',(#8317,#8318,#8319,#8320));
#8317 = ORIENTED_EDGE('',*,*,#8088,.F.);
#8318 = ORIENTED_EDGE('',*,*,#8239,.T.);
#8319 = ORIENTED_EDGE('',*,*,#8193,.T.);
#8320 = ORIENTED_EDGE('',*,*,#8286,.F.);
#8321 = ( GEOMETRIC_REPRESENTATION_CONTEXT(3) 
GLOBAL_UNCERTAINTY_ASSIGNED_CONTEXT((#8325)) 
GLOBAL_UNIT_ASSIGNED_CONTEXT((#8322,#8323,#8324)) REPRESENTATION_CONTEXT
('Context #1','3D Context with UNIT and UNCERTAINTY') );
#8322 = ( LENGTH_UNIT() NAMED_UNIT(*) SI_UNIT(.MILLI.,.METRE.) );
#8323 = ( NAMED_UNIT(*) PLANE_ANGLE_UNIT() SI_UNIT($,.RADIAN.) );
#8324 = ( NAMED_UNIT(*) SI_UNIT($,.STERADIAN.) SOLID_ANGLE_UNIT() );
#8325 = UNCERTAINTY_MEASURE_WITH_UNIT(LENGTH_MEASURE(1.E-07),#8322,
  'distance_accuracy_value','confusion accuracy');
#8326 = CONTEXT_DEPENDENT_SHAPE_REPRESENTATION(#8327,#8329);
#8327 = ( REPRESENTATION_RELATIONSHIP('','',#7990,#10) 
REPRESENTATION_RELATIONSHIP_WITH_TRANSFORMATION(#8328) 
SHAPE_REPRESENTATION_RELATIONSHIP() );
#8328 = ITEM_DEFINED_TRANSFORMATION('','',#11,#103);
#8329 = PRODUCT_DEFINITION_SHAPE('Placement','Placement of an item',
  #8330);
#8330 = NEXT_ASSEMBLY_USAGE_OCCURRENCE('23','Header body 3 1.27','',#5,
  #7985,$);
#8331 = PRODUCT_RELATED_PRODUCT_CATEGORY('part',$,(#7987));
#8332 = SHAPE_DEFINITION_REPRESENTATION(#8333,#8339);
#8333 = PRODUCT_DEFINITION_SHAPE('','',#8334);
#8334 = PRODUCT_DEFINITION('design','',#8335,#8338);
#8335 = PRODUCT_DEFINITION_FORMATION('','',#8336);
#8336 = PRODUCT('Antenna pad','Antenna pad','',(#8337));
#8337 = PRODUCT_CONTEXT('',#2,'mechanical');
#8338 = PRODUCT_DEFINITION_CONTEXT('part definition',#2,'design');
#8339 = ADVANCED_BREP_SHAPE_REPRESENTATION('',(#11,#8340),#8670);
#8340 = MANIFOLD_SOLID_BREP('',#8341);
#8341 = CLOSED_SHELL('',(#8342,#8462,#8562,#8609,#8656,#8663));
#8342 = ADVANCED_FACE('',(#8343),#8357,.F.);
#8343 = FACE_BOUND('',#8344,.F.);
#8344 = EDGE_LOOP('',(#8345,#8380,#8408,#8436));
#8345 = ORIENTED_EDGE('',*,*,#8346,.F.);
#8346 = EDGE_CURVE('',#8347,#8349,#8351,.T.);
#8347 = VERTEX_POINT('',#8348);
#8348 = CARTESIAN_POINT('',(21.25,-2.,1.));
#8349 = VERTEX_POINT('',#8350);
#8350 = CARTESIAN_POINT('',(21.25,-2.,1.25));
#8351 = SURFACE_CURVE('',#8352,(#8356,#8368),.PCURVE_S1.);
#8352 = LINE('',#8353,#8354);
#8353 = CARTESIAN_POINT('',(21.25,-2.,1.));
#8354 = VECTOR('',#8355,1.);
#8355 = DIRECTION('',(0.,0.,1.));
#8356 = PCURVE('',#8357,#8362);
#8357 = PLANE('',#8358);
#8358 = AXIS2_PLACEMENT_3D('',#8359,#8360,#8361);
#8359 = CARTESIAN_POINT('',(21.25,-2.,1.));
#8360 = DIRECTION('',(1.,0.,0.));
#8361 = DIRECTION('',(0.,0.,1.));
#8362 = DEFINITIONAL_REPRESENTATION('',(#8363),#8367);
#8363 = LINE('',#8364,#8365);
#8364 = CARTESIAN_POINT('',(0.,0.));
#8365 = VECTOR('',#8366,1.);
#8366 = DIRECTION('',(1.,0.));
#8367 = ( GEOMETRIC_REPRESENTATION_CONTEXT(2) 
PARAMETRIC_REPRESENTATION_CONTEXT() REPRESENTATION_CONTEXT('2D SPACE',''
  ) );
#8368 = PCURVE('',#8369,#8374);
#8369 = PLANE('',#8370);
#8370 = AXIS2_PLACEMENT_3D('',#8371,#8372,#8373);
#8371 = CARTESIAN_POINT('',(21.25,-2.,1.));
#8372 = DIRECTION('',(0.,1.,0.));
#8373 = DIRECTION('',(0.,0.,1.));
#8374 = DEFINITIONAL_REPRESENTATION('',(#8375),#8379);
#8375 = LINE('',#8376,#8377);
#8376 = CARTESIAN_POINT('',(0.,0.));
#8377 = VECTOR('',#8378,1.);
#8378 = DIRECTION('',(1.,0.));
#8379 = ( GEOMETRIC_REPRESENTATION_CONTEXT(2) 
PARAMETRIC_REPRESENTATION_CONTEXT() REPRESENTATION_CONTEXT('2D SPACE',''
  ) );
#8380 = ORIENTED_EDGE('',*,*,#8381,.T.);
#8381 = EDGE_CURVE('',#8347,#8382,#8384,.T.);
#8382 = VERTEX_POINT('',#8383);
#8383 = CARTESIAN_POINT('',(21.25,2.,1.));
#8384 = SURFACE_CURVE('',#8385,(#8389,#8396),.PCURVE_S1.);
#8385 = LINE('',#8386,#8387);
#8386 = CARTESIAN_POINT('',(21.25,-2.,1.));
#8387 = VECTOR('',#8388,1.);
#8388 = DIRECTION('',(0.,1.,0.));
#8389 = PCURVE('',#8357,#8390);
#8390 = DEFINITIONAL_REPRESENTATION('',(#8391),#8395);
#8391 = LINE('',#8392,#8393);
#8392 = CARTESIAN_POINT('',(0.,0.));
#8393 = VECTOR('',#8394,1.);
#8394 = DIRECTION('',(0.,-1.));
#8395 = ( GEOMETRIC_REPRESENTATION_CONTEXT(2) 
PARAMETRIC_REPRESENTATION_CONTEXT() REPRESENTATION_CONTEXT('2D SPACE',''
  ) );
#8396 = PCURVE('',#8397,#8402);
#8397 = PLANE('',#8398);
#8398 = AXIS2_PLACEMENT_3D('',#8399,#8400,#8401);
#8399 = CARTESIAN_POINT('',(21.25,-2.,1.));
#8400 = DIRECTION('',(0.,0.,1.));
#8401 = DIRECTION('',(1.,0.,0.));
#8402 = DEFINITIONAL_REPRESENTATION('',(#8403),#8407);
#8403 = LINE('',#8404,#8405);
#8404 = CARTESIAN_POINT('',(0.,0.));
#8405 = VECTOR('',#8406,1.);
#8406 = DIRECTION('',(0.,1.));
#8407 = ( GEOMETRIC_REPRESENTATION_CONTEXT(2) 
PARAMETRIC_REPRESENTATION_CONTEXT() REPRESENTATION_CONTEXT('2D SPACE',''
  ) );
#8408 = ORIENTED_EDGE('',*,*,#8409,.T.);
#8409 = EDGE_CURVE('',#8382,#8410,#8412,.T.);
#8410 = VERTEX_POINT('',#8411);
#8411 = CARTESIAN_POINT('',(21.25,2.,1.25));
#8412 = SURFACE_CURVE('',#8413,(#8417,#8424),.PCURVE_S1.);
#8413 = LINE('',#8414,#8415);
#8414 = CARTESIAN_POINT('',(21.25,2.,1.));
#8415 = VECTOR('',#8416,1.);
#8416 = DIRECTION('',(0.,0.,1.));
#8417 = PCURVE('',#8357,#8418);
#8418 = DEFINITIONAL_REPRESENTATION('',(#8419),#8423);
#8419 = LINE('',#8420,#8421);
#8420 = CARTESIAN_POINT('',(0.,-4.));
#8421 = VECTOR('',#8422,1.);
#8422 = DIRECTION('',(1.,0.));
#8423 = ( GEOMETRIC_REPRESENTATION_CONTEXT(2) 
PARAMETRIC_REPRESENTATION_CONTEXT() REPRESENTATION_CONTEXT('2D SPACE',''
  ) );
#8424 = PCURVE('',#8425,#8430);
#8425 = PLANE('',#8426);
#8426 = AXIS2_PLACEMENT_3D('',#8427,#8428,#8429);
#8427 = CARTESIAN_POINT('',(21.25,2.,1.));
#8428 = DIRECTION('',(0.,1.,0.));
#8429 = DIRECTION('',(0.,0.,1.));
#8430 = DEFINITIONAL_REPRESENTATION('',(#8431),#8435);
#8431 = LINE('',#8432,#8433);
#8432 = CARTESIAN_POINT('',(0.,0.));
#8433 = VECTOR('',#8434,1.);
#8434 = DIRECTION('',(1.,0.));
#8435 = ( GEOMETRIC_REPRESENTATION_CONTEXT(2) 
PARAMETRIC_REPRESENTATION_CONTEXT() REPRESENTATION_CONTEXT('2D SPACE',''
  ) );
#8436 = ORIENTED_EDGE('',*,*,#8437,.F.);
#8437 = EDGE_CURVE('',#8349,#8410,#8438,.T.);
#8438 = SURFACE_CURVE('',#8439,(#8443,#8450),.PCURVE_S1.);
#8439 = LINE('',#8440,#8441);
#8440 = CARTESIAN_POINT('',(21.25,-2.,1.25));
#8441 = VECTOR('',#8442,1.);
#8442 = DIRECTION('',(0.,1.,0.));
#8443 = PCURVE('',#8357,#8444);
#8444 = DEFINITIONAL_REPRESENTATION('',(#8445),#8449);
#8445 = LINE('',#8446,#8447);
#8446 = CARTESIAN_POINT('',(0.25,0.));
#8447 = VECTOR('',#8448,1.);
#8448 = DIRECTION('',(0.,-1.));
#8449 = ( GEOMETRIC_REPRESENTATION_CONTEXT(2) 
PARAMETRIC_REPRESENTATION_CONTEXT() REPRESENTATION_CONTEXT('2D SPACE',''
  ) );
#8450 = PCURVE('',#8451,#8456);
#8451 = PLANE('',#8452);
#8452 = AXIS2_PLACEMENT_3D('',#8453,#8454,#8455);
#8453 = CARTESIAN_POINT('',(21.25,-2.,1.25));
#8454 = DIRECTION('',(0.,0.,1.));
#8455 = DIRECTION('',(1.,0.,0.));
#8456 = DEFINITIONAL_REPRESENTATION('',(#8457),#8461);
#8457 = LINE('',#8458,#8459);
#8458 = CARTESIAN_POINT('',(0.,0.));
#8459 = VECTOR('',#8460,1.);
#8460 = DIRECTION('',(0.,1.));
#8461 = ( GEOMETRIC_REPRESENTATION_CONTEXT(2) 
PARAMETRIC_REPRESENTATION_CONTEXT() REPRESENTATION_CONTEXT('2D SPACE',''
  ) );
#8462 = ADVANCED_FACE('',(#8463),#8477,.T.);
#8463 = FACE_BOUND('',#8464,.T.);
#8464 = EDGE_LOOP('',(#8465,#8495,#8518,#8541));
#8465 = ORIENTED_EDGE('',*,*,#8466,.F.);
#8466 = EDGE_CURVE('',#8467,#8469,#8471,.T.);
#8467 = VERTEX_POINT('',#8468);
#8468 = CARTESIAN_POINT('',(24.75,-2.,1.));
#8469 = VERTEX_POINT('',#8470);
#8470 = CARTESIAN_POINT('',(24.75,-2.,1.25));
#8471 = SURFACE_CURVE('',#8472,(#8476,#8488),.PCURVE_S1.);
#8472 = LINE('',#8473,#8474);
#8473 = CARTESIAN_POINT('',(24.75,-2.,1.));
#8474 = VECTOR('',#8475,1.);
#8475 = DIRECTION('',(0.,0.,1.));
#8476 = PCURVE('',#8477,#8482);
#8477 = PLANE('',#8478);
#8478 = AXIS2_PLACEMENT_3D('',#8479,#8480,#8481);
#8479 = CARTESIAN_POINT('',(24.75,-2.,1.));
#8480 = DIRECTION('',(1.,0.,0.));
#8481 = DIRECTION('',(0.,0.,1.));
#8482 = DEFINITIONAL_REPRESENTATION('',(#8483),#8487);
#8483 = LINE('',#8484,#8485);
#8484 = CARTESIAN_POINT('',(0.,0.));
#8485 = VECTOR('',#8486,1.);
#8486 = DIRECTION('',(1.,0.));
#8487 = ( GEOMETRIC_REPRESENTATION_CONTEXT(2) 
PARAMETRIC_REPRESENTATION_CONTEXT() REPRESENTATION_CONTEXT('2D SPACE',''
  ) );
#8488 = PCURVE('',#8369,#8489);
#8489 = DEFINITIONAL_REPRESENTATION('',(#8490),#8494);
#8490 = LINE('',#8491,#8492);
#8491 = CARTESIAN_POINT('',(0.,3.5));
#8492 = VECTOR('',#8493,1.);
#8493 = DIRECTION('',(1.,0.));
#8494 = ( GEOMETRIC_REPRESENTATION_CONTEXT(2) 
PARAMETRIC_REPRESENTATION_CONTEXT() REPRESENTATION_CONTEXT('2D SPACE',''
  ) );
#8495 = ORIENTED_EDGE('',*,*,#8496,.T.);
#8496 = EDGE_CURVE('',#8467,#8497,#8499,.T.);
#8497 = VERTEX_POINT('',#8498);
#8498 = CARTESIAN_POINT('',(24.75,2.,1.));
#8499 = SURFACE_CURVE('',#8500,(#8504,#8511),.PCURVE_S1.);
#8500 = LINE('',#8501,#8502);
#8501 = CARTESIAN_POINT('',(24.75,-2.,1.));
#8502 = VECTOR('',#8503,1.);
#8503 = DIRECTION('',(0.,1.,0.));
#8504 = PCURVE('',#8477,#8505);
#8505 = DEFINITIONAL_REPRESENTATION('',(#8506),#8510);
#8506 = LINE('',#8507,#8508);
#8507 = CARTESIAN_POINT('',(0.,0.));
#8508 = VECTOR('',#8509,1.);
#8509 = DIRECTION('',(0.,-1.));
#8510 = ( GEOMETRIC_REPRESENTATION_CONTEXT(2) 
PARAMETRIC_REPRESENTATION_CONTEXT() REPRESENTATION_CONTEXT('2D SPACE',''
  ) );
#8511 = PCURVE('',#8397,#8512);
#8512 = DEFINITIONAL_REPRESENTATION('',(#8513),#8517);
#8513 = LINE('',#8514,#8515);
#8514 = CARTESIAN_POINT('',(3.5,0.));
#8515 = VECTOR('',#8516,1.);
#8516 = DIRECTION('',(0.,1.));
#8517 = ( GEOMETRIC_REPRESENTATION_CONTEXT(2) 
PARAMETRIC_REPRESENTATION_CONTEXT() REPRESENTATION_CONTEXT('2D SPACE',''
  ) );
#8518 = ORIENTED_EDGE('',*,*,#8519,.T.);
#8519 = EDGE_CURVE('',#8497,#8520,#8522,.T.);
#8520 = VERTEX_POINT('',#8521);
#8521 = CARTESIAN_POINT('',(24.75,2.,1.25));
#8522 = SURFACE_CURVE('',#8523,(#8527,#8534),.PCURVE_S1.);
#8523 = LINE('',#8524,#8525);
#8524 = CARTESIAN_POINT('',(24.75,2.,1.));
#8525 = VECTOR('',#8526,1.);
#8526 = DIRECTION('',(0.,0.,1.));
#8527 = PCURVE('',#8477,#8528);
#8528 = DEFINITIONAL_REPRESENTATION('',(#8529),#8533);
#8529 = LINE('',#8530,#8531);
#8530 = CARTESIAN_POINT('',(0.,-4.));
#8531 = VECTOR('',#8532,1.);
#8532 = DIRECTION('',(1.,0.));
#8533 = ( GEOMETRIC_REPRESENTATION_CONTEXT(2) 
PARAMETRIC_REPRESENTATION_CONTEXT() REPRESENTATION_CONTEXT('2D SPACE',''
  ) );
#8534 = PCURVE('',#8425,#8535);
#8535 = DEFINITIONAL_REPRESENTATION('',(#8536),#8540);
#8536 = LINE('',#8537,#8538);
#8537 = CARTESIAN_POINT('',(0.,3.5));
#8538 = VECTOR('',#8539,1.);
#8539 = DIRECTION('',(1.,0.));
#8540 = ( GEOMETRIC_REPRESENTATION_CONTEXT(2) 
PARAMETRIC_REPRESENTATION_CONTEXT() REPRESENTATION_CONTEXT('2D SPACE',''
  ) );
#8541 = ORIENTED_EDGE('',*,*,#8542,.F.);
#8542 = EDGE_CURVE('',#8469,#8520,#8543,.T.);
#8543 = SURFACE_CURVE('',#8544,(#8548,#8555),.PCURVE_S1.);
#8544 = LINE('',#8545,#8546);
#8545 = CARTESIAN_POINT('',(24.75,-2.,1.25));
#8546 = VECTOR('',#8547,1.);
#8547 = DIRECTION('',(0.,1.,0.));
#8548 = PCURVE('',#8477,#8549);
#8549 = DEFINITIONAL_REPRESENTATION('',(#8550),#8554);
#8550 = LINE('',#8551,#8552);
#8551 = CARTESIAN_POINT('',(0.25,0.));
#8552 = VECTOR('',#8553,1.);
#8553 = DIRECTION('',(0.,-1.));
#8554 = ( GEOMETRIC_REPRESENTATION_CONTEXT(2) 
PARAMETRIC_REPRESENTATION_CONTEXT() REPRESENTATION_CONTEXT('2D SPACE',''
  ) );
#8555 = PCURVE('',#8451,#8556);
#8556 = DEFINITIONAL_REPRESENTATION('',(#8557),#8561);
#8557 = LINE('',#8558,#8559);
#8558 = CARTESIAN_POINT('',(3.5,0.));
#8559 = VECTOR('',#8560,1.);
#8560 = DIRECTION('',(0.,1.));
#8561 = ( GEOMETRIC_REPRESENTATION_CONTEXT(2) 
PARAMETRIC_REPRESENTATION_CONTEXT() REPRESENTATION_CONTEXT('2D SPACE',''
  ) );
#8562 = ADVANCED_FACE('',(#8563),#8369,.F.);
#8563 = FACE_BOUND('',#8564,.F.);
#8564 = EDGE_LOOP('',(#8565,#8586,#8587,#8608));
#8565 = ORIENTED_EDGE('',*,*,#8566,.F.);
#8566 = EDGE_CURVE('',#8347,#8467,#8567,.T.);
#8567 = SURFACE_CURVE('',#8568,(#8572,#8579),.PCURVE_S1.);
#8568 = LINE('',#8569,#8570);
#8569 = CARTESIAN_POINT('',(21.25,-2.,1.));
#8570 = VECTOR('',#8571,1.);
#8571 = DIRECTION('',(1.,0.,0.));
#8572 = PCURVE('',#8369,#8573);
#8573 = DEFINITIONAL_REPRESENTATION('',(#8574),#8578);
#8574 = LINE('',#8575,#8576);
#8575 = CARTESIAN_POINT('',(0.,0.));
#8576 = VECTOR('',#8577,1.);
#8577 = DIRECTION('',(0.,1.));
#8578 = ( GEOMETRIC_REPRESENTATION_CONTEXT(2) 
PARAMETRIC_REPRESENTATION_CONTEXT() REPRESENTATION_CONTEXT('2D SPACE',''
  ) );
#8579 = PCURVE('',#8397,#8580);
#8580 = DEFINITIONAL_REPRESENTATION('',(#8581),#8585);
#8581 = LINE('',#8582,#8583);
#8582 = CARTESIAN_POINT('',(0.,0.));
#8583 = VECTOR('',#8584,1.);
#8584 = DIRECTION('',(1.,0.));
#8585 = ( GEOMETRIC_REPRESENTATION_CONTEXT(2) 
PARAMETRIC_REPRESENTATION_CONTEXT() REPRESENTATION_CONTEXT('2D SPACE',''
  ) );
#8586 = ORIENTED_EDGE('',*,*,#8346,.T.);
#8587 = ORIENTED_EDGE('',*,*,#8588,.T.);
#8588 = EDGE_CURVE('',#8349,#8469,#8589,.T.);
#8589 = SURFACE_CURVE('',#8590,(#8594,#8601),.PCURVE_S1.);
#8590 = LINE('',#8591,#8592);
#8591 = CARTESIAN_POINT('',(21.25,-2.,1.25));
#8592 = VECTOR('',#8593,1.);
#8593 = DIRECTION('',(1.,0.,0.));
#8594 = PCURVE('',#8369,#8595);
#8595 = DEFINITIONAL_REPRESENTATION('',(#8596),#8600);
#8596 = LINE('',#8597,#8598);
#8597 = CARTESIAN_POINT('',(0.25,0.));
#8598 = VECTOR('',#8599,1.);
#8599 = DIRECTION('',(0.,1.));
#8600 = ( GEOMETRIC_REPRESENTATION_CONTEXT(2) 
PARAMETRIC_REPRESENTATION_CONTEXT() REPRESENTATION_CONTEXT('2D SPACE',''
  ) );
#8601 = PCURVE('',#8451,#8602);
#8602 = DEFINITIONAL_REPRESENTATION('',(#8603),#8607);
#8603 = LINE('',#8604,#8605);
#8604 = CARTESIAN_POINT('',(0.,0.));
#8605 = VECTOR('',#8606,1.);
#8606 = DIRECTION('',(1.,0.));
#8607 = ( GEOMETRIC_REPRESENTATION_CONTEXT(2) 
PARAMETRIC_REPRESENTATION_CONTEXT() REPRESENTATION_CONTEXT('2D SPACE',''
  ) );
#8608 = ORIENTED_EDGE('',*,*,#8466,.F.);
#8609 = ADVANCED_FACE('',(#8610),#8425,.T.);
#8610 = FACE_BOUND('',#8611,.T.);
#8611 = EDGE_LOOP('',(#8612,#8633,#8634,#8655));
#8612 = ORIENTED_EDGE('',*,*,#8613,.F.);
#8613 = EDGE_CURVE('',#8382,#8497,#8614,.T.);
#8614 = SURFACE_CURVE('',#8615,(#8619,#8626),.PCURVE_S1.);
#8615 = LINE('',#8616,#8617);
#8616 = CARTESIAN_POINT('',(21.25,2.,1.));
#8617 = VECTOR('',#8618,1.);
#8618 = DIRECTION('',(1.,0.,0.));
#8619 = PCURVE('',#8425,#8620);
#8620 = DEFINITIONAL_REPRESENTATION('',(#8621),#8625);
#8621 = LINE('',#8622,#8623);
#8622 = CARTESIAN_POINT('',(0.,0.));
#8623 = VECTOR('',#8624,1.);
#8624 = DIRECTION('',(0.,1.));
#8625 = ( GEOMETRIC_REPRESENTATION_CONTEXT(2) 
PARAMETRIC_REPRESENTATION_CONTEXT() REPRESENTATION_CONTEXT('2D SPACE',''
  ) );
#8626 = PCURVE('',#8397,#8627);
#8627 = DEFINITIONAL_REPRESENTATION('',(#8628),#8632);
#8628 = LINE('',#8629,#8630);
#8629 = CARTESIAN_POINT('',(0.,4.));
#8630 = VECTOR('',#8631,1.);
#8631 = DIRECTION('',(1.,0.));
#8632 = ( GEOMETRIC_REPRESENTATION_CONTEXT(2) 
PARAMETRIC_REPRESENTATION_CONTEXT() REPRESENTATION_CONTEXT('2D SPACE',''
  ) );
#8633 = ORIENTED_EDGE('',*,*,#8409,.T.);
#8634 = ORIENTED_EDGE('',*,*,#8635,.T.);
#8635 = EDGE_CURVE('',#8410,#8520,#8636,.T.);
#8636 = SURFACE_CURVE('',#8637,(#8641,#8648),.PCURVE_S1.);
#8637 = LINE('',#8638,#8639);
#8638 = CARTESIAN_POINT('',(21.25,2.,1.25));
#8639 = VECTOR('',#8640,1.);
#8640 = DIRECTION('',(1.,0.,0.));
#8641 = PCURVE('',#8425,#8642);
#8642 = DEFINITIONAL_REPRESENTATION('',(#8643),#8647);
#8643 = LINE('',#8644,#8645);
#8644 = CARTESIAN_POINT('',(0.25,0.));
#8645 = VECTOR('',#8646,1.);
#8646 = DIRECTION('',(0.,1.));
#8647 = ( GEOMETRIC_REPRESENTATION_CONTEXT(2) 
PARAMETRIC_REPRESENTATION_CONTEXT() REPRESENTATION_CONTEXT('2D SPACE',''
  ) );
#8648 = PCURVE('',#8451,#8649);
#8649 = DEFINITIONAL_REPRESENTATION('',(#8650),#8654);
#8650 = LINE('',#8651,#8652);
#8651 = CARTESIAN_POINT('',(0.,4.));
#8652 = VECTOR('',#8653,1.);
#8653 = DIRECTION('',(1.,0.));
#8654 = ( GEOMETRIC_REPRESENTATION_CONTEXT(2) 
PARAMETRIC_REPRESENTATION_CONTEXT() REPRESENTATION_CONTEXT('2D SPACE',''
  ) );
#8655 = ORIENTED_EDGE('',*,*,#8519,.F.);
#8656 = ADVANCED_FACE('',(#8657),#8397,.F.);
#8657 = FACE_BOUND('',#8658,.F.);
#8658 = EDGE_LOOP('',(#8659,#8660,#8661,#8662));
#8659 = ORIENTED_EDGE('',*,*,#8381,.F.);
#8660 = ORIENTED_EDGE('',*,*,#8566,.T.);
#8661 = ORIENTED_EDGE('',*,*,#8496,.T.);
#8662 = ORIENTED_EDGE('',*,*,#8613,.F.);
#8663 = ADVANCED_FACE('',(#8664),#8451,.T.);
#8664 = FACE_BOUND('',#8665,.T.);
#8665 = EDGE_LOOP('',(#8666,#8667,#8668,#8669));
#8666 = ORIENTED_EDGE('',*,*,#8437,.F.);
#8667 = ORIENTED_EDGE('',*,*,#8588,.T.);
#8668 = ORIENTED_EDGE('',*,*,#8542,.T.);
#8669 = ORIENTED_EDGE('',*,*,#8635,.F.);
#8670 = ( GEOMETRIC_REPRESENTATION_CONTEXT(3) 
GLOBAL_UNCERTAINTY_ASSIGNED_CONTEXT((#8674)) 
GLOBAL_UNIT_ASSIGNED_CONTEXT((#8671,#8672,#8673)) REPRESENTATION_CONTEXT
('Context #1','3D Context with UNIT and UNCERTAINTY') );
#8671 = ( LENGTH_UNIT() NAMED_UNIT(*) SI_UNIT(.MILLI.,.METRE.) );
#8672 = ( NAMED_UNIT(*) PLANE_ANGLE_UNIT() SI_UNIT($,.RADIAN.) );
#8673 = ( NAMED_UNIT(*) SI_UNIT($,.STERADIAN.) SOLID_ANGLE_UNIT() );
#8674 = UNCERTAINTY_MEASURE_WITH_UNIT(LENGTH_MEASURE(1.E-07),#8671,
  'distance_accuracy_value','confusion accuracy');
#8675 = CONTEXT_DEPENDENT_SHAPE_REPRESENTATION(#8676,#8678);
#8676 = ( REPRESENTATION_RELATIONSHIP('','',#8339,#10) 
REPRESENTATION_RELATIONSHIP_WITH_TRANSFORMATION(#8677) 
SHAPE_REPRESENTATION_RELATIONSHIP() );
#8677 = ITEM_DEFINED_TRANSFORMATION('','',#11,#107);
#8678 = PRODUCT_DEFINITION_SHAPE('Placement','Placement of an item',
  #8679);
#8679 = NEXT_ASSEMBLY_USAGE_OCCURRENCE('24','Antenna pad','',#5,#8334,$
  );
#8680 = PRODUCT_RELATED_PRODUCT_CATEGORY('part',$,(#8336));
#8681 = SHAPE_DEFINITION_REPRESENTATION(#8682,#8688);
#8682 = PRODUCT_DEFINITION_SHAPE('','',#8683);
#8683 = PRODUCT_DEFINITION('design','',#8684,#8687);
#8684 = PRODUCT_DEFINITION_FORMATION('','',#8685);
#8685 = PRODUCT('433MHz spring antenna','433MHz spring antenna','',(
    #8686));
#8686 = PRODUCT_CONTEXT('',#2,'mechanical');
#8687 = PRODUCT_DEFINITION_CONTEXT('part definition',#2,'design');
#8688 = ADVANCED_BREP_SHAPE_REPRESENTATION('',(#11,#8689),#9889);
#8689 = MANIFOLD_SOLID_BREP('',#8690);
#8690 = CLOSED_SHELL('',(#8691,#9881,#9885));
#8691 = ADVANCED_FACE('',(#8692),#8840,.T.);
#8692 = FACE_BOUND('',#8693,.T.);
#8693 = EDGE_LOOP('',(#8694,#9812,#9846,#9847));
#8694 = ORIENTED_EDGE('',*,*,#8695,.T.);
#8695 = EDGE_CURVE('',#8696,#8698,#8700,.T.);
#8696 = VERTEX_POINT('',#8697);
#8697 = CARTESIAN_POINT('',(25.,0.28,3.1));
#8698 = VERTEX_POINT('',#8699);
#8699 = CARTESIAN_POINT('',(40.772099055805,2.501475424355E-03,
    6.036279125443));
#8700 = SEAM_CURVE('',#8701,(#8839,#9805),.PCURVE_S1.);
#8701 = ( BOUNDED_CURVE() B_SPLINE_CURVE(9,(#8702,#8703,#8704,#8705,
    #8706,#8707,#8708,#8709,#8710,#8711,#8712,#8713,#8714,#8715,#8716,
    #8717,#8718,#8719,#8720,#8721,#8722,#8723,#8724,#8725,#8726,#8727,
    #8728,#8729,#8730,#8731,#8732,#8733,#8734,#8735,#8736,#8737,#8738,
    #8739,#8740,#8741,#8742,#8743,#8744,#8745,#8746,#8747,#8748,#8749,
    #8750,#8751,#8752,#8753,#8754,#8755,#8756,#8757,#8758,#8759,#8760,
    #8761,#8762,#8763,#8764,#8765,#8766,#8767,#8768,#8769,#8770,#8771,
    #8772,#8773,#8774,#8775,#8776,#8777,#8778,#8779,#8780,#8781,#8782,
    #8783,#8784,#8785,#8786,#8787,#8788,#8789,#8790,#8791,#8792,#8793,
    #8794,#8795,#8796,#8797,#8798,#8799,#8800,#8801,#8802,#8803,#8804,
    #8805,#8806,#8807,#8808,#8809,#8810,#8811,#8812,#8813,#8814,#8815,
    #8816,#8817,#8818,#8819,#8820,#8821,#8822,#8823,#8824,#8825,#8826,
    #8827,#8828,#8829,#8830,#8831,#8832,#8833,#8834,#8835,#8836,#8837,
#8838),.UNSPECIFIED.,.F.,.F.) B_SPLINE_CURVE_WITH_KNOTS((10,8,9,8,9,8,9,
    8,9,8,9,8,9,8,9,8,10),(0.,4.084958001828,8.169916003657,
    12.254874005485,16.339832007314,20.424790009142,24.509748010971,
    28.594706012799,32.679664014627,36.764622016456,40.849580018284,
    44.934538020113,49.019496021941,53.10445402377,57.189412025598,
61.274370027426,65.359328029255),.UNSPECIFIED.) CURVE() 
GEOMETRIC_REPRESENTATION_ITEM() RATIONAL_B_SPLINE_CURVE((1.669078461068,
    1.669078461068,1.669078461068,1.669078461068,1.669078461068,
    1.669078461068,1.669078461068,1.669078461068,1.669078461068,
    1.669078461068,1.669078461068,1.669078461068,1.669078461069,
    1.669078461068,1.669078461069,1.669078461068,1.669078461068,
    1.669078461068,1.669078461068,1.669078461068,1.669078461068,
    1.669078461069,1.669078461068,1.669078461068,1.669078461068,
    1.669078461068,1.669078461068,1.669078461068,1.669078461068,
    1.669078461069,1.669078461068,1.669078461069,1.669078461068,
    1.669078461068,1.669078461068,1.669078461068,1.669078461068,
    1.669078461068,1.669078461069,1.669078461068,1.669078461069,
    1.669078461068,1.669078461068,1.669078461068,1.669078461068,
    1.669078461068,1.669078461069,1.669078461068,1.669078461069,
    1.669078461068,1.669078461068,1.669078461068,1.669078461068,
    1.669078461068,1.669078461068,1.669078461069,1.669078461068,
    1.669078461069,1.669078461068,1.669078461068,1.669078461068,
    1.669078461068,1.669078461068,1.669078461068,1.669078461068,
    1.669078461068,1.669078461068,1.669078461068,1.669078461068,
    1.669078461068,1.669078461068,1.669078461068,1.669078461068,
    1.669078461068,1.669078461068,1.669078461068,1.669078461068,
    1.669078461068,1.669078461068,1.669078461068,1.669078461068,
    1.669078461068,1.669078461068,1.669078461068,1.669078461068,
    1.669078461068,1.669078461068,1.669078461068,1.669078461069,
    1.669078461068,1.669078461069,1.669078461068,1.669078461068,
    1.669078461068,1.669078461068,1.669078461068,1.669078461068,
    1.669078461068,1.669078461068,1.669078461068,1.669078461068,
    1.669078461068,1.669078461068,1.669078461068,1.669078461068,
    1.669078461068,1.669078461068,1.669078461068,1.669078461068,
    1.669078461068,1.669078461068,1.669078461068,1.669078461068,
    1.669078461068,1.669078461068,1.669078461068,1.669078461068,
    1.669078461068,1.669078461068,1.669078461068,1.669078461068,
    1.669078461068,1.669078461068,1.669078461068,1.669078461068,
    1.669078461068,1.669078461068,1.669078461068,1.669078461068,
    1.669078461068,1.669078461068,1.669078461068,1.669078461068,
    1.669078461068,1.669078461068,1.669078461068,1.669078461068)) 
REPRESENTATION_ITEM('') );
#8702 = CARTESIAN_POINT('',(25.,0.28,3.1));
#8703 = CARTESIAN_POINT('',(24.997412497209,0.26411567518,3.220239303748
    ));
#8704 = CARTESIAN_POINT('',(24.994538761281,0.189867898943,
    3.333108318929));
#8705 = CARTESIAN_POINT('',(24.992140172941,5.842985711673E-02,
    3.405460450033));
#8706 = CARTESIAN_POINT('',(24.990530977096,-0.114351407275,
    3.402714239866));
#8707 = CARTESIAN_POINT('',(24.990402309521,-0.26931205443,
    3.288445404051));
#8708 = CARTESIAN_POINT('',(24.99235601642,-0.327631873439,
    3.091672267146));
#8709 = CARTESIAN_POINT('',(24.996805925346,-0.251715492539,
    2.904342842771));
#8710 = CARTESIAN_POINT('',(25.004402339079,-8.940059490096E-02,
    2.801683626223));
#8711 = CARTESIAN_POINT('',(25.026864935581,0.271824269602,
    2.814760362182));
#8712 = CARTESIAN_POINT('',(25.041742294671,0.470737943166,
    2.930913697468));
#8713 = CARTESIAN_POINT('',(25.060774385745,0.616087205669,
    3.179287048039));
#8714 = CARTESIAN_POINT('',(25.08453515889,0.616345193379,3.541746574819
    ));
#8715 = CARTESIAN_POINT('',(25.113456954217,0.373246553964,
    3.901068749936));
#8716 = CARTESIAN_POINT('',(25.148047833276,-8.213954282445E-02,
    4.080317209296));
#8717 = CARTESIAN_POINT('',(25.188837595025,-0.577642943943,
    3.965161703539));
#8718 = CARTESIAN_POINT('',(25.236134256795,-0.936673108028,
    3.609059580263));
#8719 = CARTESIAN_POINT('',(25.290450096916,-1.064170932491,
    3.135926219133));
#8720 = CARTESIAN_POINT('',(25.346895101545,-1.188300492792,
    2.663060221144));
#8721 = CARTESIAN_POINT('',(25.410021428923,-1.080200635668,
    2.076316294401));
#8722 = CARTESIAN_POINT('',(25.480255009131,-0.649317240581,
    1.506823801199));
#8723 = CARTESIAN_POINT('',(25.557745418766,0.124163321322,
    1.150980588001));
#8724 = CARTESIAN_POINT('',(25.642811102644,1.084019279685,
    1.260326575826));
#8725 = CARTESIAN_POINT('',(25.735686335907,1.900343112177,
    1.903824974047));
#8726 = CARTESIAN_POINT('',(25.83646798421,2.259185479205,2.881600214305
    ));
#8727 = CARTESIAN_POINT('',(25.945345889812,2.097557452699,
    3.875887401203));
#8728 = CARTESIAN_POINT('',(26.17942707349,0.942981185506,5.387420150793
    ));
#8729 = CARTESIAN_POINT('',(26.304636227827,-4.943475429504E-02,
    5.904441932239));
#8730 = CARTESIAN_POINT('',(26.438086493982,-1.348011847876,
    5.924244085459));
#8731 = CARTESIAN_POINT('',(26.579887306027,-2.660166704758,
    5.248571796567));
#8732 = CARTESIAN_POINT('',(26.729897588954,-3.536087172585,
    3.872368584813));
#8733 = CARTESIAN_POINT('',(26.888307162517,-3.564498648742,
    2.191548138859));
#8734 = CARTESIAN_POINT('',(27.054763449025,-2.768161428816,
    0.756503337718));
#8735 = CARTESIAN_POINT('',(27.229348035898,-1.454218351969,
    -7.562245782021E-02));
#8736 = CARTESIAN_POINT('',(27.411749710385,-1.989580832545E-02,
    -0.203600958905));
#8737 = CARTESIAN_POINT('',(27.592422371226,1.414639786986,
    -0.327986025393));
#8738 = CARTESIAN_POINT('',(27.780394408108,2.966285284483,
    0.251729615047));
#8739 = CARTESIAN_POINT('',(27.975318694714,4.23672525307,1.633160893443
    ));
#8740 = CARTESIAN_POINT('',(28.177143433562,4.750262856102,
    3.648625586738));
#8741 = CARTESIAN_POINT('',(28.385310906867,4.134606508942,5.79446696667
    ));
#8742 = CARTESIAN_POINT('',(28.599712805259,2.498527594459,
    7.319933321274));
#8743 = CARTESIAN_POINT('',(28.819832579505,0.419493717172,
    7.823879421601));
#8744 = CARTESIAN_POINT('',(29.045329046001,-1.508794365288,
    7.328037996347));
#8745 = CARTESIAN_POINT('',(29.506167425674,-4.244679472897,
    4.942057094509));
#8746 = CARTESIAN_POINT('',(29.741515852818,-5.052580934703,
    3.051769689571));
#8747 = CARTESIAN_POINT('',(29.981317189615,-4.891183588942,
    0.767909217447));
#8748 = CARTESIAN_POINT('',(30.225249297555,-3.549304445751,
    -1.331573168033));
#8749 = CARTESIAN_POINT('',(30.47247514074,-1.219007092605,
    -2.518807261459));
#8750 = CARTESIAN_POINT('',(30.72300113132,1.340243034362,
    -2.354109035023));
#8751 = CARTESIAN_POINT('',(30.975667202765,3.370878271938,
    -1.053138190926));
#8752 = CARTESIAN_POINT('',(31.230392374524,4.467453997828,
    0.866980822987));
#8753 = CARTESIAN_POINT('',(31.486291413644,4.588618126265,
    2.852846497871));
#8754 = CARTESIAN_POINT('',(31.738247821935,4.709380965596,
    4.839202993574));
#8755 = CARTESIAN_POINT('',(31.991185420843,3.854771246136,
    6.891201823197));
#8756 = CARTESIAN_POINT('',(32.244274538121,1.984940526898,
    8.455700514718));
#8757 = CARTESIAN_POINT('',(32.49743885885,-0.574779703065,8.95863367714
    ));
#8758 = CARTESIAN_POINT('',(32.749533064452,-3.103614773265,
    8.06715466431));
#8759 = CARTESIAN_POINT('',(33.00050735366,-4.765563284857,
    6.098699741982));
#8760 = CARTESIAN_POINT('',(33.249477466617,-5.244711145589,
    3.763102761937));
#8761 = CARTESIAN_POINT('',(33.496027696063,-4.663695744633,
    1.687665715791));
#8762 = CARTESIAN_POINT('',(33.983118420995,-2.127456614512,
    -1.182271345852));
#8763 = CARTESIAN_POINT('',(34.223666205607,-0.171958502385,
    -1.976984635796));
#8764 = CARTESIAN_POINT('',(34.46064310512,2.097235577345,
    -1.752104260433));
#8765 = CARTESIAN_POINT('',(34.693605406999,4.068606777417,
    -0.384979963351));
#8766 = CARTESIAN_POINT('',(34.921808367392,5.071358599526,1.81010326679
    ));
#8767 = CARTESIAN_POINT('',(35.145080172722,4.850591463017,
    4.067718682548));
#8768 = CARTESIAN_POINT('',(35.362545012184,3.70339944945,5.782543564219
    ));
#8769 = CARTESIAN_POINT('',(35.574044440074,2.104831513668,
    6.683650931701));
#8770 = CARTESIAN_POINT('',(35.778957231764,0.501579872447,
    6.797186028822));
#8771 = CARTESIAN_POINT('',(35.981463461729,-1.101973557803,
    6.913893603762));
#8772 = CARTESIAN_POINT('',(36.177698650628,-2.713509517356,
    6.243029589515));
#8773 = CARTESIAN_POINT('',(36.367143398213,-3.887657982051,
    4.808996054824));
#8774 = CARTESIAN_POINT('',(36.549761364409,-4.217082351131,
    2.925654611684));
#8775 = CARTESIAN_POINT('',(36.724920272597,-3.548576003257,
    1.174224093435));
#8776 = CARTESIAN_POINT('',(36.892664914901,-2.219345084015,
    8.357176913898E-02));
#8777 = CARTESIAN_POINT('',(37.052591997921,-0.717995301254,
    -0.226872732316));
#8778 = CARTESIAN_POINT('',(37.204602975805,0.578239575181,
    0.109774762178));
#8779 = CARTESIAN_POINT('',(37.492475519174,2.364446335891,1.57223188386
    ));
#8780 = CARTESIAN_POINT('',(37.628341926366,2.853821406907,
    2.697968402663));
#8781 = CARTESIAN_POINT('',(37.755986871115,2.746576922094,3.96793605962
    ));
#8782 = CARTESIAN_POINT('',(37.87535016529,2.012491372936,5.014408351649
    ));
#8783 = CARTESIAN_POINT('',(37.986331470646,0.92190109617,5.516394517084
    ));
#8784 = CARTESIAN_POINT('',(38.088936644329,-0.147551973751,
    5.426738884683));
#8785 = CARTESIAN_POINT('',(38.183247181993,-0.93246686098,
    4.946938444507));
#8786 = CARTESIAN_POINT('',(38.269265426862,-1.364699715411,
    4.291560341399));
#8787 = CARTESIAN_POINT('',(38.347195689218,-1.477046240777,
    3.641218395231));
#8788 = CARTESIAN_POINT('',(38.426544361787,-1.593122022738,
    2.991050726122));
#8789 = CARTESIAN_POINT('',(38.498337156006,-1.389980144613,
    2.342331765393));
#8790 = CARTESIAN_POINT('',(38.562830769266,-0.901129926565,
    1.869717931922));
#8791 = CARTESIAN_POINT('',(38.620155112765,-0.272394755443,
    1.716126885539));
#8792 = CARTESIAN_POINT('',(38.670617389347,0.281587235656,
    1.869245622838));
#8793 = CARTESIAN_POINT('',(38.714530681544,0.635639534734,
    2.199972157924));
#8794 = CARTESIAN_POINT('',(38.752177629651,0.794282920765,
    2.567617830645));
#8795 = CARTESIAN_POINT('',(38.783966730304,0.799077496209,2.89972462158
    ));
#8796 = CARTESIAN_POINT('',(38.836604743358,0.613288397498,
    3.415033757674));
#8797 = CARTESIAN_POINT('',(38.857463401176,0.422809061498,
    3.598632924038));
#8798 = CARTESIAN_POINT('',(38.873224864491,0.188235763134,
    3.671767898932));
#8799 = CARTESIAN_POINT('',(38.884429732357,-2.0222349607E-02,
    3.641341731343));
#8800 = CARTESIAN_POINT('',(38.891417832595,-0.176128251955,
    3.555796250393));
#8801 = CARTESIAN_POINT('',(38.894734939216,-0.284183353212,
    3.445453801707));
#8802 = CARTESIAN_POINT('',(38.895038987334,-0.348844962954,
    3.313709952826));
#8803 = CARTESIAN_POINT('',(38.892655346245,-0.361715940807,
    3.179202812243));
#8804 = CARTESIAN_POINT('',(38.888365708051,-0.32837329561,3.06047407761
    ));
#8805 = CARTESIAN_POINT('',(38.887970850502,-0.295515293977,
    2.94100578871));
#8806 = CARTESIAN_POINT('',(38.885926780655,-0.215334441877,
    2.837235461563));
#8807 = CARTESIAN_POINT('',(38.882978688742,-9.317091565773E-02,
    2.770432686443));
#8808 = CARTESIAN_POINT('',(38.879438927646,6.024807835024E-02,
    2.759321940512));
#8809 = CARTESIAN_POINT('',(38.875997560495,0.211018215038,
    2.834735115746));
#8810 = CARTESIAN_POINT('',(38.873263980015,0.299280721278,
    2.987253465711));
#8811 = CARTESIAN_POINT('',(38.871669794416,0.281774067186,
    3.155417177488));
#8812 = CARTESIAN_POINT('',(38.871886241774,0.182851894909,
    3.274008581401));
#8813 = CARTESIAN_POINT('',(38.876978682598,-8.300117889602E-02,
    3.353677053719));
#8814 = CARTESIAN_POINT('',(38.881866715085,-0.250028393384,
    3.314374788913));
#8815 = CARTESIAN_POINT('',(38.889629676659,-0.400322155816,
    3.167478239898));
#8816 = CARTESIAN_POINT('',(38.900893340147,-0.462707343952,
    2.91152590427));
#8817 = CARTESIAN_POINT('',(38.916116397877,-0.342712418111,
    2.62004941207));
#8818 = CARTESIAN_POINT('',(38.935865034486,-3.802904027601E-02,
    2.434023044039));
#8819 = CARTESIAN_POINT('',(38.960746099365,0.332866268209,
    2.466368466025));
#8820 = CARTESIAN_POINT('',(38.991101498977,0.62507788945,2.695529298359
    ));
#8821 = CARTESIAN_POINT('',(39.02754475905,0.751690205286,3.034542208018
    ));
#8822 = CARTESIAN_POINT('',(39.066655568411,0.875349067494,
    3.373220962326));
#8823 = CARTESIAN_POINT('',(39.111591512413,0.832787913744,
    3.819088663186));
#8824 = CARTESIAN_POINT('',(39.162879756841,0.540032312965,
    4.278691871783));
#8825 = CARTESIAN_POINT('',(39.220715134769,-3.829821701065E-02,
    4.599973643292));
#8826 = CARTESIAN_POINT('',(39.285516157799,-0.801403450834,
    4.564110405361));
#8827 = CARTESIAN_POINT('',(39.357609481553,-1.485151172502,
    4.085602836482));
#8828 = CARTESIAN_POINT('',(39.437163364258,-1.812364437772,
    3.305223463068));
#8829 = CARTESIAN_POINT('',(39.524474950753,-1.709451774559,
    2.486059504713));
#8830 = CARTESIAN_POINT('',(39.714926064234,-0.790920298192,
    1.210991110381));
#8831 = CARTESIAN_POINT('',(39.818068474559,2.505264721794E-02,
    0.755572159829));
#8832 = CARTESIAN_POINT('',(39.929324396455,1.115369627459,
    0.704717393488));
#8833 = CARTESIAN_POINT('',(40.048808163467,2.259158137139,
    1.248631395438));
#8834 = CARTESIAN_POINT('',(40.176662992511,3.03893001651,2.409808988379
    ));
#8835 = CARTESIAN_POINT('',(40.31293656225,3.109038413373,3.877468883011
    ));
#8836 = CARTESIAN_POINT('',(40.457605692517,2.430469438231,
    5.152407884713));
#8837 = CARTESIAN_POINT('',(40.610706611741,1.279165343165,
    5.907779055325));
#8838 = CARTESIAN_POINT('',(40.772099055805,2.501475424355E-03,
    6.036279125443));
#8839 = PCURVE('',#8840,#9800);
#8840 = ( BOUNDED_SURFACE() B_SPLINE_SURFACE(6,9,(
    (#8841,#8842,#8843,#8844,#8845,#8846,#8847,#8848,#8849,#8850,#8851
      ,#8852,#8853,#8854,#8855,#8856,#8857,#8858,#8859,#8860,#8861,#8862
      ,#8863,#8864,#8865,#8866,#8867,#8868,#8869,#8870,#8871,#8872,#8873
      ,#8874,#8875,#8876,#8877,#8878,#8879,#8880,#8881,#8882,#8883,#8884
      ,#8885,#8886,#8887,#8888,#8889,#8890,#8891,#8892,#8893,#8894,#8895
      ,#8896,#8897,#8898,#8899,#8900,#8901,#8902,#8903,#8904,#8905,#8906
      ,#8907,#8908,#8909,#8910,#8911,#8912,#8913,#8914,#8915,#8916,#8917
      ,#8918,#8919,#8920,#8921,#8922,#8923,#8924,#8925,#8926,#8927,#8928
      ,#8929,#8930,#8931,#8932,#8933,#8934,#8935,#8936,#8937,#8938,#8939
      ,#8940,#8941,#8942,#8943,#8944,#8945,#8946,#8947,#8948,#8949,#8950
      ,#8951,#8952,#8953,#8954,#8955,#8956,#8957,#8958,#8959,#8960,#8961
      ,#8962,#8963,#8964,#8965,#8966,#8967,#8968,#8969,#8970,#8971,#8972
      ,#8973,#8974,#8975,#8976,#8977)
    ,(#8978,#8979,#8980,#8981,#8982,#8983,#8984,#8985,#8986,#8987,#8988
      ,#8989,#8990,#8991,#8992,#8993,#8994,#8995,#8996,#8997,#8998,#8999
      ,#9000,#9001,#9002,#9003,#9004,#9005,#9006,#9007,#9008,#9009,#9010
      ,#9011,#9012,#9013,#9014,#9015,#9016,#9017,#9018,#9019,#9020,#9021
      ,#9022,#9023,#9024,#9025,#9026,#9027,#9028,#9029,#9030,#9031,#9032
      ,#9033,#9034,#9035,#9036,#9037,#9038,#9039,#9040,#9041,#9042,#9043
      ,#9044,#9045,#9046,#9047,#9048,#9049,#9050,#9051,#9052,#9053,#9054
      ,#9055,#9056,#9057,#9058,#9059,#9060,#9061,#9062,#9063,#9064,#9065
      ,#9066,#9067,#9068,#9069,#9070,#9071,#9072,#9073,#9074,#9075,#9076
      ,#9077,#9078,#9079,#9080,#9081,#9082,#9083,#9084,#9085,#9086,#9087
      ,#9088,#9089,#9090,#9091,#9092,#9093,#9094,#9095,#9096,#9097,#9098
      ,#9099,#9100,#9101,#9102,#9103,#9104,#9105,#9106,#9107,#9108,#9109
      ,#9110,#9111,#9112,#9113,#9114)
    ,(#9115,#9116,#9117,#9118,#9119,#9120,#9121,#9122,#9123,#9124,#9125
      ,#9126,#9127,#9128,#9129,#9130,#9131,#9132,#9133,#9134,#9135,#9136
      ,#9137,#9138,#9139,#9140,#9141,#9142,#9143,#9144,#9145,#9146,#9147
      ,#9148,#9149,#9150,#9151,#9152,#9153,#9154,#9155,#9156,#9157,#9158
      ,#9159,#9160,#9161,#9162,#9163,#9164,#9165,#9166,#9167,#9168,#9169
      ,#9170,#9171,#9172,#9173,#9174,#9175,#9176,#9177,#9178,#9179,#9180
      ,#9181,#9182,#9183,#9184,#9185,#9186,#9187,#9188,#9189,#9190,#9191
      ,#9192,#9193,#9194,#9195,#9196,#9197,#9198,#9199,#9200,#9201,#9202
      ,#9203,#9204,#9205,#9206,#9207,#9208,#9209,#9210,#9211,#9212,#9213
      ,#9214,#9215,#9216,#9217,#9218,#9219,#9220,#9221,#9222,#9223,#9224
      ,#9225,#9226,#9227,#9228,#9229,#9230,#9231,#9232,#9233,#9234,#9235
      ,#9236,#9237,#9238,#9239,#9240,#9241,#9242,#9243,#9244,#9245,#9246
      ,#9247,#9248,#9249,#9250,#9251)
    ,(#9252,#9253,#9254,#9255,#9256,#9257,#9258,#9259,#9260,#9261,#9262
      ,#9263,#9264,#9265,#9266,#9267,#9268,#9269,#9270,#9271,#9272,#9273
      ,#9274,#9275,#9276,#9277,#9278,#9279,#9280,#9281,#9282,#9283,#9284
      ,#9285,#9286,#9287,#9288,#9289,#9290,#9291,#9292,#9293,#9294,#9295
      ,#9296,#9297,#9298,#9299,#9300,#9301,#9302,#9303,#9304,#9305,#9306
      ,#9307,#9308,#9309,#9310,#9311,#9312,#9313,#9314,#9315,#9316,#9317
      ,#9318,#9319,#9320,#9321,#9322,#9323,#9324,#9325,#9326,#9327,#9328
      ,#9329,#9330,#9331,#9332,#9333,#9334,#9335,#9336,#9337,#9338,#9339
      ,#9340,#9341,#9342,#9343,#9344,#9345,#9346,#9347,#9348,#9349,#9350
      ,#9351,#9352,#9353,#9354,#9355,#9356,#9357,#9358,#9359,#9360,#9361
      ,#9362,#9363,#9364,#9365,#9366,#9367,#9368,#9369,#9370,#9371,#9372
      ,#9373,#9374,#9375,#9376,#9377,#9378,#9379,#9380,#9381,#9382,#9383
      ,#9384,#9385,#9386,#9387,#9388)
    ,(#9389,#9390,#9391,#9392,#9393,#9394,#9395,#9396,#9397,#9398,#9399
      ,#9400,#9401,#9402,#9403,#9404,#9405,#9406,#9407,#9408,#9409,#9410
      ,#9411,#9412,#9413,#9414,#9415,#9416,#9417,#9418,#9419,#9420,#9421
      ,#9422,#9423,#9424,#9425,#9426,#9427,#9428,#9429,#9430,#9431,#9432
      ,#9433,#9434,#9435,#9436,#9437,#9438,#9439,#9440,#9441,#9442,#9443
      ,#9444,#9445,#9446,#9447,#9448,#9449,#9450,#9451,#9452,#9453,#9454
      ,#9455,#9456,#9457,#9458,#9459,#9460,#9461,#9462,#9463,#9464,#9465
      ,#9466,#9467,#9468,#9469,#9470,#9471,#9472,#9473,#9474,#9475,#9476
      ,#9477,#9478,#9479,#9480,#9481,#9482,#9483,#9484,#9485,#9486,#9487
      ,#9488,#9489,#9490,#9491,#9492,#9493,#9494,#9495,#9496,#9497,#9498
      ,#9499,#9500,#9501,#9502,#9503,#9504,#9505,#9506,#9507,#9508,#9509
      ,#9510,#9511,#9512,#9513,#9514,#9515,#9516,#9517,#9518,#9519,#9520
      ,#9521,#9522,#9523,#9524,#9525)
    ,(#9526,#9527,#9528,#9529,#9530,#9531,#9532,#9533,#9534,#9535,#9536
      ,#9537,#9538,#9539,#9540,#9541,#9542,#9543,#9544,#9545,#9546,#9547
      ,#9548,#9549,#9550,#9551,#9552,#9553,#9554,#9555,#9556,#9557,#9558
      ,#9559,#9560,#9561,#9562,#9563,#9564,#9565,#9566,#9567,#9568,#9569
      ,#9570,#9571,#9572,#9573,#9574,#9575,#9576,#9577,#9578,#9579,#9580
      ,#9581,#9582,#9583,#9584,#9585,#9586,#9587,#9588,#9589,#9590,#9591
      ,#9592,#9593,#9594,#9595,#9596,#9597,#9598,#9599,#9600,#9601,#9602
      ,#9603,#9604,#9605,#9606,#9607,#9608,#9609,#9610,#9611,#9612,#9613
      ,#9614,#9615,#9616,#9617,#9618,#9619,#9620,#9621,#9622,#9623,#9624
      ,#9625,#9626,#9627,#9628,#9629,#9630,#9631,#9632,#9633,#9634,#9635
      ,#9636,#9637,#9638,#9639,#9640,#9641,#9642,#9643,#9644,#9645,#9646
      ,#9647,#9648,#9649,#9650,#9651,#9652,#9653,#9654,#9655,#9656,#9657
      ,#9658,#9659,#9660,#9661,#9662)
    ,(#9663,#9664,#9665,#9666,#9667,#9668,#9669,#9670,#9671,#9672,#9673
      ,#9674,#9675,#9676,#9677,#9678,#9679,#9680,#9681,#9682,#9683,#9684
      ,#9685,#9686,#9687,#9688,#9689,#9690,#9691,#9692,#9693,#9694,#9695
      ,#9696,#9697,#9698,#9699,#9700,#9701,#9702,#9703,#9704,#9705,#9706
      ,#9707,#9708,#9709,#9710,#9711,#9712,#9713,#9714,#9715,#9716,#9717
      ,#9718,#9719,#9720,#9721,#9722,#9723,#9724,#9725,#9726,#9727,#9728
      ,#9729,#9730,#9731,#9732,#9733,#9734,#9735,#9736,#9737,#9738,#9739
      ,#9740,#9741,#9742,#9743,#9744,#9745,#9746,#9747,#9748,#9749,#9750
      ,#9751,#9752,#9753,#9754,#9755,#9756,#9757,#9758,#9759,#9760,#9761
      ,#9762,#9763,#9764,#9765,#9766,#9767,#9768,#9769,#9770,#9771,#9772
      ,#9773,#9774,#9775,#9776,#9777,#9778,#9779,#9780,#9781,#9782,#9783
      ,#9784,#9785,#9786,#9787,#9788,#9789,#9790,#9791,#9792,#9793,#9794
      ,#9795,#9796,#9797,#9798,#9799
)),.UNSPECIFIED.,.T.,.F.,.F.) B_SPLINE_SURFACE_WITH_KNOTS((1,6,6,1),(10,
    8,9,8,9,8,9,8,9,8,9,8,9,8,9,8,10),(-6.28318530718,0.,6.28318530718,
    12.566370614359),(0.,4.084958001828,8.169916003657,12.254874005485,
    16.339832007314,20.424790009142,24.509748010971,28.594706012799,
    32.679664014627,36.764622016456,40.849580018284,44.934538020113,
    49.019496021941,53.10445402377,57.189412025598,61.274370027426,
65.359328029255),.UNSPECIFIED.) GEOMETRIC_REPRESENTATION_ITEM() 
RATIONAL_B_SPLINE_SURFACE((
    (1.669078461068,1.669078461068,1.669078461068,1.669078461068
      ,1.669078461068,1.669078461068,1.669078461068,1.669078461068
      ,1.669078461068,1.669078461068,1.669078461068,1.669078461068
      ,1.669078461069,1.669078461068,1.669078461069,1.669078461068
      ,1.669078461068,1.669078461068,1.669078461068,1.669078461068
      ,1.669078461068,1.669078461069,1.669078461068,1.669078461068
      ,1.669078461068,1.669078461068,1.669078461068,1.669078461068
      ,1.669078461068,1.669078461069,1.669078461068,1.669078461069
      ,1.669078461068,1.669078461068,1.669078461068,1.669078461068
      ,1.669078461068,1.669078461068,1.669078461069,1.669078461068
      ,1.669078461069,1.669078461068,1.669078461068,1.669078461068
      ,1.669078461068,1.669078461068,1.669078461069,1.669078461068
      ,1.669078461069,1.669078461068,1.669078461068,1.669078461068
      ,1.669078461068,1.669078461068,1.669078461068,1.669078461069
      ,1.669078461068,1.669078461069,1.669078461068,1.669078461068
      ,1.669078461068,1.669078461068,1.669078461068,1.669078461068
      ,1.669078461068,1.669078461068,1.669078461068,1.669078461068
      ,1.669078461068,1.669078461068,1.669078461068,1.669078461068
      ,1.669078461068,1.669078461068,1.669078461068,1.669078461068
      ,1.669078461068,1.669078461068,1.669078461068,1.669078461068
      ,1.669078461068,1.669078461068,1.669078461068,1.669078461068
      ,1.669078461068,1.669078461068,1.669078461068,1.669078461068
      ,1.669078461069,1.669078461068,1.669078461069,1.669078461068
      ,1.669078461068,1.669078461068,1.669078461068,1.669078461068
      ,1.669078461068,1.669078461068,1.669078461068,1.669078461068
      ,1.669078461068,1.669078461068,1.669078461068,1.669078461068
      ,1.669078461068,1.669078461068,1.669078461068,1.669078461068
      ,1.669078461068,1.669078461068,1.669078461068,1.669078461068
      ,1.669078461068,1.669078461068,1.669078461068,1.669078461068
      ,1.669078461068,1.669078461068,1.669078461068,1.669078461068
      ,1.669078461068,1.669078461068,1.669078461068,1.669078461068
      ,1.669078461068,1.669078461068,1.669078461068,1.669078461068
      ,1.669078461068,1.669078461068,1.669078461068,1.669078461068
      ,1.669078461068,1.669078461068,1.669078461068,1.669078461068
      ,1.669078461068)
    ,(1.03672962321,1.03672962321,1.03672962321,1.03672962321
      ,1.03672962321,1.03672962321,1.03672962321,1.03672962321
      ,1.03672962321,1.03672962321,1.03672962321,1.036729623209
      ,1.03672962321,1.036729623209,1.03672962321,1.03672962321
      ,1.03672962321,1.03672962321,1.03672962321,1.03672962321
      ,1.036729623209,1.03672962321,1.036729623209,1.03672962321
      ,1.03672962321,1.03672962321,1.03672962321,1.03672962321
      ,1.036729623209,1.03672962321,1.036729623209,1.03672962321
      ,1.03672962321,1.03672962321,1.03672962321,1.03672962321
      ,1.03672962321,1.036729623209,1.03672962321,1.036729623209
      ,1.03672962321,1.03672962321,1.03672962321,1.03672962321
      ,1.03672962321,1.036729623209,1.03672962321,1.036729623209
      ,1.03672962321,1.03672962321,1.03672962321,1.03672962321
      ,1.03672962321,1.03672962321,1.036729623209,1.03672962321
      ,1.036729623209,1.03672962321,1.03672962321,1.03672962321
      ,1.03672962321,1.03672962321,1.03672962321,1.03672962321
      ,1.03672962321,1.03672962321,1.03672962321,1.03672962321
      ,1.03672962321,1.03672962321,1.03672962321,1.03672962321
      ,1.03672962321,1.03672962321,1.03672962321,1.03672962321
      ,1.03672962321,1.03672962321,1.03672962321,1.03672962321
      ,1.03672962321,1.03672962321,1.03672962321,1.03672962321
      ,1.03672962321,1.03672962321,1.03672962321,1.03672962321
      ,1.03672962321,1.036729623209,1.03672962321,1.036729623209
      ,1.03672962321,1.03672962321,1.03672962321,1.03672962321
      ,1.03672962321,1.036729623209,1.03672962321,1.03672962321
      ,1.03672962321,1.03672962321,1.03672962321,1.03672962321
      ,1.03672962321,1.03672962321,1.03672962321,1.03672962321
      ,1.03672962321,1.03672962321,1.03672962321,1.03672962321
      ,1.03672962321,1.03672962321,1.03672962321,1.03672962321
      ,1.03672962321,1.03672962321,1.03672962321,1.03672962321
      ,1.03672962321,1.03672962321,1.03672962321,1.03672962321
      ,1.03672962321,1.03672962321,1.03672962321,1.03672962321
      ,1.03672962321,1.03672962321,1.03672962321,1.03672962321
      ,1.03672962321,1.03672962321,1.03672962321,1.03672962321
      ,1.03672962321)
    ,(1.038346699848,1.038346699848,1.038346699848,1.038346699847
      ,1.038346699848,1.038346699847,1.038346699848,1.038346699847
      ,1.038346699848,1.038346699847,1.038346699848,1.038346699847
      ,1.038346699848,1.038346699847,1.038346699848,1.038346699847
      ,1.038346699848,1.038346699848,1.038346699847,1.038346699848
      ,1.038346699847,1.038346699848,1.038346699847,1.038346699848
      ,1.038346699847,1.038346699848,1.038346699847,1.038346699848
      ,1.038346699847,1.038346699848,1.038346699847,1.038346699848
      ,1.038346699847,1.038346699848,1.038346699848,1.038346699847
      ,1.038346699848,1.038346699847,1.038346699848,1.038346699847
      ,1.038346699848,1.038346699847,1.038346699848,1.038346699847
      ,1.038346699848,1.038346699847,1.038346699848,1.038346699847
      ,1.038346699848,1.038346699847,1.038346699848,1.038346699848
      ,1.038346699847,1.038346699848,1.038346699847,1.038346699848
      ,1.038346699847,1.038346699848,1.038346699847,1.038346699848
      ,1.038346699848,1.038346699848,1.038346699847,1.038346699848
      ,1.038346699847,1.038346699848,1.038346699847,1.038346699848
      ,1.038346699848,1.038346699848,1.038346699848,1.038346699847
      ,1.038346699848,1.038346699847,1.038346699848,1.038346699847
      ,1.038346699848,1.038346699848,1.038346699848,1.038346699847
      ,1.038346699848,1.038346699847,1.038346699848,1.038346699847
      ,1.038346699848,1.038346699848,1.038346699848,1.038346699847
      ,1.038346699848,1.038346699847,1.038346699848,1.038346699847
      ,1.038346699848,1.038346699847,1.038346699848,1.038346699847
      ,1.038346699848,1.038346699847,1.038346699848,1.038346699847
      ,1.038346699848,1.038346699848,1.038346699848,1.038346699848
      ,1.038346699848,1.038346699847,1.038346699848,1.038346699847
      ,1.038346699848,1.038346699847,1.038346699848,1.038346699848
      ,1.038346699848,1.038346699847,1.038346699848,1.038346699847
      ,1.038346699848,1.038346699847,1.038346699848,1.038346699848
      ,1.038346699848,1.038346699848,1.038346699848,1.038346699847
      ,1.038346699848,1.038346699848,1.038346699848,1.038346699848
      ,1.038346699848,1.038346699848,1.038346699847,1.038346699848
      ,1.038346699847,1.038346699848,1.038346699847,1.038346699848
      ,1.038346699848)
    ,(0.853534330196,0.853534330196,0.853534330196,0.853534330196
      ,0.853534330196,0.853534330196,0.853534330196,0.853534330196
      ,0.853534330196,0.853534330196,0.853534330196,0.853534330196
      ,0.853534330196,0.853534330196,0.853534330196,0.853534330196
      ,0.853534330196,0.853534330196,0.853534330196,0.853534330196
      ,0.853534330196,0.853534330196,0.853534330196,0.853534330196
      ,0.853534330196,0.853534330196,0.853534330196,0.853534330196
      ,0.853534330196,0.853534330196,0.853534330196,0.853534330196
      ,0.853534330196,0.853534330196,0.853534330196,0.853534330196
      ,0.853534330196,0.853534330196,0.853534330197,0.853534330196
      ,0.853534330196,0.853534330196,0.853534330196,0.853534330196
      ,0.853534330196,0.853534330196,0.853534330196,0.853534330196
      ,0.853534330196,0.853534330196,0.853534330196,0.853534330196
      ,0.853534330196,0.853534330196,0.853534330196,0.853534330196
      ,0.853534330196,0.853534330196,0.853534330196,0.853534330196
      ,0.853534330196,0.853534330196,0.853534330196,0.853534330196
      ,0.853534330196,0.853534330196,0.853534330196,0.853534330196
      ,0.853534330196,0.853534330196,0.853534330196,0.853534330196
      ,0.853534330196,0.853534330196,0.853534330196,0.853534330196
      ,0.853534330196,0.853534330196,0.853534330196,0.853534330196
      ,0.853534330196,0.853534330196,0.853534330196,0.853534330196
      ,0.853534330196,0.853534330196,0.853534330196,0.853534330196
      ,0.853534330196,0.853534330196,0.853534330196,0.853534330196
      ,0.853534330196,0.853534330196,0.853534330196,0.853534330196
      ,0.853534330196,0.853534330196,0.853534330196,0.853534330196
      ,0.853534330196,0.853534330196,0.853534330196,0.853534330196
      ,0.853534330196,0.853534330196,0.853534330196,0.853534330196
      ,0.853534330196,0.853534330196,0.853534330196,0.853534330196
      ,0.853534330196,0.853534330196,0.853534330196,0.853534330196
      ,0.853534330196,0.853534330196,0.853534330196,0.853534330196
      ,0.853534330196,0.853534330196,0.853534330196,0.853534330196
      ,0.853534330196,0.853534330196,0.853534330196,0.853534330196
      ,0.853534330196,0.853534330196,0.853534330196,0.853534330196
      ,0.853534330196,0.853534330196,0.853534330196,0.853534330196
      ,0.853534330196)
    ,(1.038346699848,1.038346699848,1.038346699848,1.038346699847
      ,1.038346699848,1.038346699847,1.038346699848,1.038346699847
      ,1.038346699848,1.038346699847,1.038346699848,1.038346699847
      ,1.038346699848,1.038346699847,1.038346699848,1.038346699847
      ,1.038346699848,1.038346699848,1.038346699847,1.038346699848
      ,1.038346699847,1.038346699848,1.038346699847,1.038346699848
      ,1.038346699847,1.038346699848,1.038346699847,1.038346699848
      ,1.038346699847,1.038346699848,1.038346699847,1.038346699848
      ,1.038346699847,1.038346699848,1.038346699848,1.038346699847
      ,1.038346699848,1.038346699847,1.038346699848,1.038346699847
      ,1.038346699848,1.038346699847,1.038346699848,1.038346699847
      ,1.038346699848,1.038346699847,1.038346699848,1.038346699847
      ,1.038346699848,1.038346699847,1.038346699848,1.038346699848
      ,1.038346699847,1.038346699848,1.038346699847,1.038346699848
      ,1.038346699847,1.038346699848,1.038346699847,1.038346699848
      ,1.038346699848,1.038346699848,1.038346699847,1.038346699848
      ,1.038346699847,1.038346699848,1.038346699847,1.038346699848
      ,1.038346699848,1.038346699848,1.038346699848,1.038346699847
      ,1.038346699848,1.038346699847,1.038346699848,1.038346699847
      ,1.038346699848,1.038346699848,1.038346699848,1.038346699847
      ,1.038346699848,1.038346699847,1.038346699848,1.038346699847
      ,1.038346699848,1.038346699848,1.038346699848,1.038346699847
      ,1.038346699848,1.038346699847,1.038346699848,1.038346699847
      ,1.038346699848,1.038346699847,1.038346699848,1.038346699847
      ,1.038346699848,1.038346699847,1.038346699848,1.038346699847
      ,1.038346699848,1.038346699848,1.038346699848,1.038346699848
      ,1.038346699848,1.038346699847,1.038346699848,1.038346699847
      ,1.038346699848,1.038346699847,1.038346699848,1.038346699848
      ,1.038346699848,1.038346699847,1.038346699848,1.038346699847
      ,1.038346699848,1.038346699847,1.038346699848,1.038346699848
      ,1.038346699848,1.038346699848,1.038346699848,1.038346699847
      ,1.038346699848,1.038346699848,1.038346699848,1.038346699848
      ,1.038346699848,1.038346699848,1.038346699847,1.038346699848
      ,1.038346699847,1.038346699848,1.038346699847,1.038346699848
      ,1.038346699848)
    ,(1.03672962321,1.03672962321,1.03672962321,1.03672962321
      ,1.03672962321,1.03672962321,1.03672962321,1.03672962321
      ,1.03672962321,1.03672962321,1.03672962321,1.036729623209
      ,1.03672962321,1.036729623209,1.03672962321,1.03672962321
      ,1.03672962321,1.03672962321,1.03672962321,1.03672962321
      ,1.036729623209,1.03672962321,1.036729623209,1.03672962321
      ,1.03672962321,1.03672962321,1.03672962321,1.03672962321
      ,1.036729623209,1.03672962321,1.036729623209,1.03672962321
      ,1.03672962321,1.03672962321,1.03672962321,1.03672962321
      ,1.03672962321,1.036729623209,1.03672962321,1.036729623209
      ,1.03672962321,1.03672962321,1.03672962321,1.03672962321
      ,1.03672962321,1.036729623209,1.03672962321,1.036729623209
      ,1.03672962321,1.03672962321,1.03672962321,1.03672962321
      ,1.03672962321,1.03672962321,1.036729623209,1.03672962321
      ,1.036729623209,1.03672962321,1.03672962321,1.03672962321
      ,1.03672962321,1.03672962321,1.03672962321,1.03672962321
      ,1.03672962321,1.03672962321,1.03672962321,1.03672962321
      ,1.03672962321,1.03672962321,1.03672962321,1.03672962321
      ,1.03672962321,1.03672962321,1.03672962321,1.03672962321
      ,1.03672962321,1.03672962321,1.03672962321,1.03672962321
      ,1.03672962321,1.03672962321,1.03672962321,1.03672962321
      ,1.03672962321,1.03672962321,1.03672962321,1.03672962321
      ,1.03672962321,1.036729623209,1.03672962321,1.036729623209
      ,1.03672962321,1.03672962321,1.03672962321,1.03672962321
      ,1.03672962321,1.036729623209,1.03672962321,1.036729623209
      ,1.03672962321,1.03672962321,1.03672962321,1.03672962321
      ,1.03672962321,1.03672962321,1.03672962321,1.03672962321
      ,1.03672962321,1.03672962321,1.03672962321,1.03672962321
      ,1.03672962321,1.03672962321,1.03672962321,1.03672962321
      ,1.03672962321,1.03672962321,1.03672962321,1.03672962321
      ,1.03672962321,1.03672962321,1.03672962321,1.03672962321
      ,1.03672962321,1.03672962321,1.03672962321,1.03672962321
      ,1.03672962321,1.03672962321,1.03672962321,1.03672962321
      ,1.03672962321,1.03672962321,1.03672962321,1.03672962321
      ,1.03672962321)
    ,(1.669078461068,1.669078461068,1.669078461068,1.669078461068
      ,1.669078461068,1.669078461068,1.669078461068,1.669078461068
      ,1.669078461068,1.669078461068,1.669078461068,1.669078461068
      ,1.669078461069,1.669078461068,1.669078461069,1.669078461068
      ,1.669078461068,1.669078461068,1.669078461068,1.669078461068
      ,1.669078461068,1.669078461069,1.669078461068,1.669078461068
      ,1.669078461068,1.669078461068,1.669078461068,1.669078461068
      ,1.669078461068,1.669078461069,1.669078461068,1.669078461069
      ,1.669078461068,1.669078461068,1.669078461068,1.669078461068
      ,1.669078461068,1.669078461068,1.669078461069,1.669078461068
      ,1.669078461069,1.669078461068,1.669078461068,1.669078461068
      ,1.669078461068,1.669078461068,1.669078461069,1.669078461068
      ,1.669078461069,1.669078461068,1.669078461068,1.669078461068
      ,1.669078461068,1.669078461068,1.669078461068,1.669078461069
      ,1.669078461068,1.669078461069,1.669078461068,1.669078461068
      ,1.669078461068,1.669078461068,1.669078461068,1.669078461068
      ,1.669078461068,1.669078461068,1.669078461068,1.669078461068
      ,1.669078461068,1.669078461068,1.669078461068,1.669078461068
      ,1.669078461068,1.669078461068,1.669078461068,1.669078461068
      ,1.669078461068,1.669078461068,1.669078461068,1.669078461068
      ,1.669078461068,1.669078461068,1.669078461068,1.669078461068
      ,1.669078461068,1.669078461068,1.669078461068,1.669078461068
      ,1.669078461069,1.669078461068,1.669078461069,1.669078461068
      ,1.669078461068,1.669078461068,1.669078461068,1.669078461068
      ,1.669078461068,1.669078461068,1.669078461068,1.669078461068
      ,1.669078461068,1.669078461068,1.669078461068,1.669078461068
      ,1.669078461068,1.669078461068,1.669078461068,1.669078461068
      ,1.669078461068,1.669078461068,1.669078461068,1.669078461068
      ,1.669078461068,1.669078461068,1.669078461068,1.669078461068
      ,1.669078461068,1.669078461068,1.669078461068,1.669078461068
      ,1.669078461068,1.669078461068,1.669078461068,1.669078461068
      ,1.669078461068,1.669078461068,1.669078461068,1.669078461068
      ,1.669078461068,1.669078461068,1.669078461068,1.669078461068
      ,1.669078461068,1.669078461068,1.669078461068,1.669078461068
,1.669078461068))) REPRESENTATION_ITEM('') SURFACE() );
#8841 = CARTESIAN_POINT('',(25.,0.28,3.1));
#8842 = CARTESIAN_POINT('',(24.997412497209,0.26411567518,3.220239303748
    ));
#8843 = CARTESIAN_POINT('',(24.994538761281,0.189867898943,
    3.333108318929));
#8844 = CARTESIAN_POINT('',(24.992140172941,5.842985711673E-02,
    3.405460450033));
#8845 = CARTESIAN_POINT('',(24.990530977096,-0.114351407275,
    3.402714239866));
#8846 = CARTESIAN_POINT('',(24.990402309521,-0.26931205443,
    3.288445404051));
#8847 = CARTESIAN_POINT('',(24.99235601642,-0.327631873439,
    3.091672267146));
#8848 = CARTESIAN_POINT('',(24.996805925346,-0.251715492539,
    2.904342842771));
#8849 = CARTESIAN_POINT('',(25.004402339079,-8.940059490096E-02,
    2.801683626223));
#8850 = CARTESIAN_POINT('',(25.026864935581,0.271824269602,
    2.814760362182));
#8851 = CARTESIAN_POINT('',(25.041742294671,0.470737943166,
    2.930913697468));
#8852 = CARTESIAN_POINT('',(25.060774385745,0.616087205669,
    3.179287048039));
#8853 = CARTESIAN_POINT('',(25.08453515889,0.616345193379,3.541746574819
    ));
#8854 = CARTESIAN_POINT('',(25.113456954217,0.373246553964,
    3.901068749936));
#8855 = CARTESIAN_POINT('',(25.148047833276,-8.213954282445E-02,
    4.080317209296));
#8856 = CARTESIAN_POINT('',(25.188837595025,-0.577642943943,
    3.965161703539));
#8857 = CARTESIAN_POINT('',(25.236134256795,-0.936673108028,
    3.609059580263));
#8858 = CARTESIAN_POINT('',(25.290450096916,-1.064170932491,
    3.135926219133));
#8859 = CARTESIAN_POINT('',(25.346895101545,-1.188300492792,
    2.663060221144));
#8860 = CARTESIAN_POINT('',(25.410021428923,-1.080200635668,
    2.076316294401));
#8861 = CARTESIAN_POINT('',(25.480255009131,-0.649317240581,
    1.506823801199));
#8862 = CARTESIAN_POINT('',(25.557745418766,0.124163321322,
    1.150980588001));
#8863 = CARTESIAN_POINT('',(25.642811102644,1.084019279685,
    1.260326575826));
#8864 = CARTESIAN_POINT('',(25.735686335907,1.900343112177,
    1.903824974047));
#8865 = CARTESIAN_POINT('',(25.83646798421,2.259185479205,2.881600214305
    ));
#8866 = CARTESIAN_POINT('',(25.945345889812,2.097557452699,
    3.875887401203));
#8867 = CARTESIAN_POINT('',(26.17942707349,0.942981185506,5.387420150793
    ));
#8868 = CARTESIAN_POINT('',(26.304636227827,-4.943475429504E-02,
    5.904441932239));
#8869 = CARTESIAN_POINT('',(26.438086493982,-1.348011847876,
    5.924244085459));
#8870 = CARTESIAN_POINT('',(26.579887306027,-2.660166704758,
    5.248571796567));
#8871 = CARTESIAN_POINT('',(26.729897588954,-3.536087172585,
    3.872368584813));
#8872 = CARTESIAN_POINT('',(26.888307162517,-3.564498648742,
    2.191548138859));
#8873 = CARTESIAN_POINT('',(27.054763449025,-2.768161428816,
    0.756503337718));
#8874 = CARTESIAN_POINT('',(27.229348035898,-1.454218351969,
    -7.562245782021E-02));
#8875 = CARTESIAN_POINT('',(27.411749710385,-1.989580832545E-02,
    -0.203600958905));
#8876 = CARTESIAN_POINT('',(27.592422371226,1.414639786986,
    -0.327986025393));
#8877 = CARTESIAN_POINT('',(27.780394408108,2.966285284483,
    0.251729615047));
#8878 = CARTESIAN_POINT('',(27.975318694714,4.23672525307,1.633160893443
    ));
#8879 = CARTESIAN_POINT('',(28.177143433562,4.750262856102,
    3.648625586738));
#8880 = CARTESIAN_POINT('',(28.385310906867,4.134606508942,5.79446696667
    ));
#8881 = CARTESIAN_POINT('',(28.599712805259,2.498527594459,
    7.319933321274));
#8882 = CARTESIAN_POINT('',(28.819832579505,0.419493717172,
    7.823879421601));
#8883 = CARTESIAN_POINT('',(29.045329046001,-1.508794365288,
    7.328037996347));
#8884 = CARTESIAN_POINT('',(29.506167425674,-4.244679472897,
    4.942057094509));
#8885 = CARTESIAN_POINT('',(29.741515852818,-5.052580934703,
    3.051769689571));
#8886 = CARTESIAN_POINT('',(29.981317189615,-4.891183588942,
    0.767909217447));
#8887 = CARTESIAN_POINT('',(30.225249297555,-3.549304445751,
    -1.331573168033));
#8888 = CARTESIAN_POINT('',(30.47247514074,-1.219007092605,
    -2.518807261459));
#8889 = CARTESIAN_POINT('',(30.72300113132,1.340243034362,
    -2.354109035023));
#8890 = CARTESIAN_POINT('',(30.975667202765,3.370878271938,
    -1.053138190926));
#8891 = CARTESIAN_POINT('',(31.230392374524,4.467453997828,
    0.866980822987));
#8892 = CARTESIAN_POINT('',(31.486291413644,4.588618126265,
    2.852846497871));
#8893 = CARTESIAN_POINT('',(31.738247821935,4.709380965596,
    4.839202993574));
#8894 = CARTESIAN_POINT('',(31.991185420843,3.854771246136,
    6.891201823197));
#8895 = CARTESIAN_POINT('',(32.244274538121,1.984940526898,
    8.455700514718));
#8896 = CARTESIAN_POINT('',(32.49743885885,-0.574779703065,8.95863367714
    ));
#8897 = CARTESIAN_POINT('',(32.749533064452,-3.103614773265,
    8.06715466431));
#8898 = CARTESIAN_POINT('',(33.00050735366,-4.765563284857,
    6.098699741982));
#8899 = CARTESIAN_POINT('',(33.249477466617,-5.244711145589,
    3.763102761937));
#8900 = CARTESIAN_POINT('',(33.496027696063,-4.663695744633,
    1.687665715791));
#8901 = CARTESIAN_POINT('',(33.983118420995,-2.127456614512,
    -1.182271345852));
#8902 = CARTESIAN_POINT('',(34.223666205607,-0.171958502385,
    -1.976984635796));
#8903 = CARTESIAN_POINT('',(34.46064310512,2.097235577345,
    -1.752104260433));
#8904 = CARTESIAN_POINT('',(34.693605406999,4.068606777417,
    -0.384979963351));
#8905 = CARTESIAN_POINT('',(34.921808367392,5.071358599526,1.81010326679
    ));
#8906 = CARTESIAN_POINT('',(35.145080172722,4.850591463017,
    4.067718682548));
#8907 = CARTESIAN_POINT('',(35.362545012184,3.70339944945,5.782543564219
    ));
#8908 = CARTESIAN_POINT('',(35.574044440074,2.104831513668,
    6.683650931701));
#8909 = CARTESIAN_POINT('',(35.778957231764,0.501579872447,
    6.797186028822));
#8910 = CARTESIAN_POINT('',(35.981463461729,-1.101973557803,
    6.913893603762));
#8911 = CARTESIAN_POINT('',(36.177698650628,-2.713509517356,
    6.243029589515));
#8912 = CARTESIAN_POINT('',(36.367143398213,-3.887657982051,
    4.808996054824));
#8913 = CARTESIAN_POINT('',(36.549761364409,-4.217082351131,
    2.925654611684));
#8914 = CARTESIAN_POINT('',(36.724920272597,-3.548576003257,
    1.174224093435));
#8915 = CARTESIAN_POINT('',(36.892664914901,-2.219345084015,
    8.357176913898E-02));
#8916 = CARTESIAN_POINT('',(37.052591997921,-0.717995301254,
    -0.226872732316));
#8917 = CARTESIAN_POINT('',(37.204602975805,0.578239575181,
    0.109774762178));
#8918 = CARTESIAN_POINT('',(37.492475519174,2.364446335891,1.57223188386
    ));
#8919 = CARTESIAN_POINT('',(37.628341926366,2.853821406907,
    2.697968402663));
#8920 = CARTESIAN_POINT('',(37.755986871115,2.746576922094,3.96793605962
    ));
#8921 = CARTESIAN_POINT('',(37.87535016529,2.012491372936,5.014408351649
    ));
#8922 = CARTESIAN_POINT('',(37.986331470646,0.92190109617,5.516394517084
    ));
#8923 = CARTESIAN_POINT('',(38.088936644329,-0.147551973751,
    5.426738884683));
#8924 = CARTESIAN_POINT('',(38.183247181993,-0.93246686098,
    4.946938444507));
#8925 = CARTESIAN_POINT('',(38.269265426862,-1.364699715411,
    4.291560341399));
#8926 = CARTESIAN_POINT('',(38.347195689218,-1.477046240777,
    3.641218395231));
#8927 = CARTESIAN_POINT('',(38.426544361787,-1.593122022738,
    2.991050726122));
#8928 = CARTESIAN_POINT('',(38.498337156006,-1.389980144613,
    2.342331765393));
#8929 = CARTESIAN_POINT('',(38.562830769266,-0.901129926565,
    1.869717931922));
#8930 = CARTESIAN_POINT('',(38.620155112765,-0.272394755443,
    1.716126885539));
#8931 = CARTESIAN_POINT('',(38.670617389347,0.281587235656,
    1.869245622838));
#8932 = CARTESIAN_POINT('',(38.714530681544,0.635639534734,
    2.199972157924));
#8933 = CARTESIAN_POINT('',(38.752177629651,0.794282920765,
    2.567617830645));
#8934 = CARTESIAN_POINT('',(38.783966730304,0.799077496209,2.89972462158
    ));
#8935 = CARTESIAN_POINT('',(38.836604743358,0.613288397498,
    3.415033757674));
#8936 = CARTESIAN_POINT('',(38.857463401176,0.422809061498,
    3.598632924038));
#8937 = CARTESIAN_POINT('',(38.873224864491,0.188235763134,
    3.671767898932));
#8938 = CARTESIAN_POINT('',(38.884429732357,-2.0222349607E-02,
    3.641341731343));
#8939 = CARTESIAN_POINT('',(38.891417832595,-0.176128251955,
    3.555796250393));
#8940 = CARTESIAN_POINT('',(38.894734939216,-0.284183353212,
    3.445453801707));
#8941 = CARTESIAN_POINT('',(38.895038987334,-0.348844962954,
    3.313709952826));
#8942 = CARTESIAN_POINT('',(38.892655346245,-0.361715940807,
    3.179202812243));
#8943 = CARTESIAN_POINT('',(38.888365708051,-0.32837329561,3.06047407761
    ));
#8944 = CARTESIAN_POINT('',(38.887970850502,-0.295515293977,
    2.94100578871));
#8945 = CARTESIAN_POINT('',(38.885926780655,-0.215334441877,
    2.837235461563));
#8946 = CARTESIAN_POINT('',(38.882978688742,-9.317091565773E-02,
    2.770432686443));
#8947 = CARTESIAN_POINT('',(38.879438927646,6.024807835024E-02,
    2.759321940512));
#8948 = CARTESIAN_POINT('',(38.875997560495,0.211018215038,
    2.834735115746));
#8949 = CARTESIAN_POINT('',(38.873263980015,0.299280721278,
    2.987253465711));
#8950 = CARTESIAN_POINT('',(38.871669794416,0.281774067186,
    3.155417177488));
#8951 = CARTESIAN_POINT('',(38.871886241774,0.182851894909,
    3.274008581401));
#8952 = CARTESIAN_POINT('',(38.876978682598,-8.300117889602E-02,
    3.353677053719));
#8953 = CARTESIAN_POINT('',(38.881866715085,-0.250028393384,
    3.314374788913));
#8954 = CARTESIAN_POINT('',(38.889629676659,-0.400322155816,
    3.167478239898));
#8955 = CARTESIAN_POINT('',(38.900893340147,-0.462707343952,
    2.91152590427));
#8956 = CARTESIAN_POINT('',(38.916116397877,-0.342712418111,
    2.62004941207));
#8957 = CARTESIAN_POINT('',(38.935865034486,-3.802904027601E-02,
    2.434023044039));
#8958 = CARTESIAN_POINT('',(38.960746099365,0.332866268209,
    2.466368466025));
#8959 = CARTESIAN_POINT('',(38.991101498977,0.62507788945,2.695529298359
    ));
#8960 = CARTESIAN_POINT('',(39.02754475905,0.751690205286,3.034542208018
    ));
#8961 = CARTESIAN_POINT('',(39.066655568411,0.875349067494,
    3.373220962326));
#8962 = CARTESIAN_POINT('',(39.111591512413,0.832787913744,
    3.819088663186));
#8963 = CARTESIAN_POINT('',(39.162879756841,0.540032312965,
    4.278691871783));
#8964 = CARTESIAN_POINT('',(39.220715134769,-3.829821701065E-02,
    4.599973643292));
#8965 = CARTESIAN_POINT('',(39.285516157799,-0.801403450834,
    4.564110405361));
#8966 = CARTESIAN_POINT('',(39.357609481553,-1.485151172502,
    4.085602836482));
#8967 = CARTESIAN_POINT('',(39.437163364258,-1.812364437772,
    3.305223463068));
#8968 = CARTESIAN_POINT('',(39.524474950753,-1.709451774559,
    2.486059504713));
#8969 = CARTESIAN_POINT('',(39.714926064234,-0.790920298192,
    1.210991110381));
#8970 = CARTESIAN_POINT('',(39.818068474559,2.505264721794E-02,
    0.755572159829));
#8971 = CARTESIAN_POINT('',(39.929324396455,1.115369627459,
    0.704717393488));
#8972 = CARTESIAN_POINT('',(40.048808163467,2.259158137139,
    1.248631395438));
#8973 = CARTESIAN_POINT('',(40.176662992511,3.03893001651,2.409808988379
    ));
#8974 = CARTESIAN_POINT('',(40.31293656225,3.109038413373,3.877468883011
    ));
#8975 = CARTESIAN_POINT('',(40.457605692517,2.430469438231,
    5.152407884713));
#8976 = CARTESIAN_POINT('',(40.610706611741,1.279165343165,
    5.907779055325));
#8977 = CARTESIAN_POINT('',(40.772099055805,2.501475424355E-03,
    6.036279125443));
#8978 = CARTESIAN_POINT('',(25.,0.28,3.56523206116));
#8979 = CARTESIAN_POINT('',(25.023220266315,6.433289262534E-02,
    3.685471364908));
#8980 = CARTESIAN_POINT('',(25.046187616651,-0.20962685835,
    3.700081787025));
#8981 = CARTESIAN_POINT('',(25.069509827699,-0.485117989031,
    3.576844340214));
#8982 = CARTESIAN_POINT('',(25.09343702087,-0.689329590693,
    3.316072176176));
#8983 = CARTESIAN_POINT('',(25.11852111532,-0.739193494749,2.96265812431
    ));
#8984 = CARTESIAN_POINT('',(25.145242640523,-0.594743166893,
    2.619991478118));
#8985 = CARTESIAN_POINT('',(25.173931764719,-0.29528897815,
    2.405118668842));
#8986 = CARTESIAN_POINT('',(25.205108144782,5.557610099338E-02,
    2.370167251359));
#8987 = CARTESIAN_POINT('',(25.273215760498,0.663148216551,
    2.631227574435));
#8988 = CARTESIAN_POINT('',(25.310155930618,0.919819577495,2.92754026064
    ));
#8989 = CARTESIAN_POINT('',(25.35038895567,1.028750503742,3.372587327676
    ));
#8990 = CARTESIAN_POINT('',(25.3943734713,0.894190903733,3.890102763208)
  );
#8991 = CARTESIAN_POINT('',(25.4424553665,0.46434708385,4.309421142588)
  );
#8992 = CARTESIAN_POINT('',(25.495041026657,-0.163626111649,
    4.448981996219));
#8993 = CARTESIAN_POINT('',(25.552554234647,-0.772944890563,
    4.235389590468));
#8994 = CARTESIAN_POINT('',(25.615242025892,-1.182158057972,
    3.762752783178));
#8995 = CARTESIAN_POINT('',(25.683514563515,-1.308187849488,
    3.184884773512));
#8996 = CARTESIAN_POINT('',(25.753495919873,-1.431537066503,2.6072313288
    ));
#8997 = CARTESIAN_POINT('',(25.828793744636,-1.271140245998,
    1.926905185307));
#8998 = CARTESIAN_POINT('',(25.909750211807,-0.748870742434,
    1.303629500467));
#8999 = CARTESIAN_POINT('',(25.996484873814,0.123734316567,
    0.953600039664));
#9000 = CARTESIAN_POINT('',(26.089254036982,1.14913406389,1.113274084542
    ));
#9001 = CARTESIAN_POINT('',(26.188246412486,1.984644655348,
    1.815385947189));
#9002 = CARTESIAN_POINT('',(26.293540180088,2.33616770662,2.832070195491
    ));
#9003 = CARTESIAN_POINT('',(26.40528907703,2.16097351822,3.844880388861)
  );
#9004 = CARTESIAN_POINT('',(26.641806123024,0.991519220671,
    5.367915245161));
#9005 = CARTESIAN_POINT('',(26.766579017424,-2.234775395735E-03,
    5.878012225285));
#9006 = CARTESIAN_POINT('',(26.897925766802,-1.283790096072,
    5.886753192031));
#9007 = CARTESIAN_POINT('',(27.035935813298,-2.557384268202,
    5.215050231944));
#9008 = CARTESIAN_POINT('',(27.180497674946,-3.389360106023,
    3.88127958929));
#9009 = CARTESIAN_POINT('',(27.331765535865,-3.40846801115,
    2.277513022745));
#9010 = CARTESIAN_POINT('',(27.489459146843,-2.652214143352,
    0.918578394981));
#9011 = CARTESIAN_POINT('',(27.653645772876,-1.415761357513,
    0.132093040258));
#9012 = CARTESIAN_POINT('',(27.824078899742,-7.125390032957E-02,
    5.654523031221E-03));
#9013 = CARTESIAN_POINT('',(27.99314358178,1.273422160721,
    -0.117911954328));
#9014 = CARTESIAN_POINT('',(28.168041467476,2.723568515746,
    0.418529936901));
#9015 = CARTESIAN_POINT('',(28.348498762358,3.906160872362,
    1.699630933984));
#9016 = CARTESIAN_POINT('',(28.534472584846,4.382640875766,
    3.562388728072));
#9017 = CARTESIAN_POINT('',(28.725523510085,3.818683123372,
    5.536130615674));
#9018 = CARTESIAN_POINT('',(28.921562688309,2.324359582297,
    6.937166900101));
#9019 = CARTESIAN_POINT('',(29.122181887221,0.427833796122,
    7.405285776142));
#9020 = CARTESIAN_POINT('',(29.327108984234,-1.3312909534,6.963045810495
    ));
#9021 = CARTESIAN_POINT('',(29.74485759268,-3.83289465335,4.809441269202
    ));
#9022 = CARTESIAN_POINT('',(29.957684286925,-4.575639418658,
    3.097941391157));
#9023 = CARTESIAN_POINT('',(30.174084294326,-4.439711897552,
    1.028456155212));
#9024 = CARTESIAN_POINT('',(30.393802386432,-3.235369799092,
    -0.875178867275));
#9025 = CARTESIAN_POINT('',(30.616170229363,-1.138178735409,
    -1.956754614672));
#9026 = CARTESIAN_POINT('',(30.841195983158,1.169098293321,
    -1.821643592001));
#9027 = CARTESIAN_POINT('',(31.067952677767,3.00542289615,
    -0.661312067604));
#9028 = CARTESIAN_POINT('',(31.29637785831,4.004073078373,1.06101585959)
  );
#9029 = CARTESIAN_POINT('',(31.52576505426,4.12508977904,2.847929817416)
  );
#9030 = CARTESIAN_POINT('',(31.752008206224,4.245774252114,
    4.635235171589));
#9031 = CARTESIAN_POINT('',(31.979058172541,3.488857813195,
    6.487061084272));
#9032 = CARTESIAN_POINT('',(32.206254184012,1.815652810081,
    7.906191322308));
#9033 = CARTESIAN_POINT('',(32.433533611045,-0.48473391624,
    8.374811657492));
#9034 = CARTESIAN_POINT('',(32.659985322656,-2.767513482834,
    7.589496618834));
#9035 = CARTESIAN_POINT('',(32.885566916847,-4.279728950963,
    5.827105466274));
#9036 = CARTESIAN_POINT('',(33.109574404093,-4.728620975408,
    3.722438503987));
#9037 = CARTESIAN_POINT('',(33.331674935781,-4.217398638206,
    1.842861843517));
#9038 = CARTESIAN_POINT('',(33.771128128007,-1.939803038782,
    -0.76980919453));
#9039 = CARTESIAN_POINT('',(33.988486613214,-0.17319317454,
    -1.503097154633));
#9040 = CARTESIAN_POINT('',(34.203018763242,1.888140566229,
    -1.315996107545));
#9041 = CARTESIAN_POINT('',(34.414371046859,3.692626293286,
    -8.91804385286E-02));
#9042 = CARTESIAN_POINT('',(34.621946097705,4.628485913651,
    1.903804156463));
#9043 = CARTESIAN_POINT('',(34.825609571103,4.44805966844,3.974150745955
    ));
#9044 = CARTESIAN_POINT('',(35.024657849114,3.408316582065,5.56125168901
    ));
#9045 = CARTESIAN_POINT('',(35.218966241603,1.93974350176,6.405274464975
    ));
#9046 = CARTESIAN_POINT('',(35.408036349741,0.455379435327,
    6.520194892465));
#9047 = CARTESIAN_POINT('',(35.595177054201,-1.029226570493,
    6.637638849342));
#9048 = CARTESIAN_POINT('',(35.777329966672,-2.532277958465,
    6.025982471757));
#9049 = CARTESIAN_POINT('',(35.954079537759,-3.641780839715,
    4.697881314719));
#9050 = CARTESIAN_POINT('',(36.125394865925,-3.972268254071,
    2.933876828995));
#9051 = CARTESIAN_POINT('',(36.290771048508,-3.363430553136,
    1.268461898427));
#9052 = CARTESIAN_POINT('',(36.450241178997,-2.108607547377,
    0.210451205241));
#9053 = CARTESIAN_POINT('',(36.603482753216,-0.666997943522,
    -0.104081796868));
#9054 = CARTESIAN_POINT('',(36.750415083778,0.592940447074,
    0.212953423041));
#9055 = CARTESIAN_POINT('',(37.031405073499,2.343553569396,
    1.636466838433));
#9056 = CARTESIAN_POINT('',(37.16546653451,2.833681526058,2.742957349773
    ));
#9057 = CARTESIAN_POINT('',(37.292972060455,2.740442385132,
    4.008706240596));
#9058 = CARTESIAN_POINT('',(37.41387126639,2.016348815582,5.077165713692
    ));
#9059 = CARTESIAN_POINT('',(37.528083103682,0.904216199601,
    5.613097618583));
#9060 = CARTESIAN_POINT('',(37.635610202224,-0.220419150544,
    5.537377463224));
#9061 = CARTESIAN_POINT('',(37.736514984541,-1.065816563605,
    5.029106782535));
#9062 = CARTESIAN_POINT('',(37.83079879007,-1.536060488668,
    4.312416136644));
#9063 = CARTESIAN_POINT('',(37.918621736578,-1.650007669803,
    3.587836919806));
#9064 = CARTESIAN_POINT('',(38.007565050669,-1.766934291295,
    2.863395338462));
#9065 = CARTESIAN_POINT('',(38.090472082695,-1.528090769224,
    2.128251772714));
#9066 = CARTESIAN_POINT('',(38.167545900584,-0.95431159949,
    1.578342161165));
#9067 = CARTESIAN_POINT('',(38.238888642243,-0.190165976979,
    1.38875246203));
#9068 = CARTESIAN_POINT('',(38.304743888436,0.518023781267,
    1.586172538658));
#9069 = CARTESIAN_POINT('',(38.365359919386,0.988830475488,
    2.044337399574));
#9070 = CARTESIAN_POINT('',(38.420960803578,1.181446112482,
    2.580503656379));
#9071 = CARTESIAN_POINT('',(38.471871118198,1.137138989473,
    3.070342134633));
#9072 = CARTESIAN_POINT('',(38.564926785219,0.733558760133,
    3.805579154546));
#9073 = CARTESIAN_POINT('',(38.607079887473,0.374402208142,
    4.051253989742));
#9074 = CARTESIAN_POINT('',(38.645146869086,-6.371152135539E-02,
    4.101978718303));
#9075 = CARTESIAN_POINT('',(38.679557457521,-0.461886915515,
    3.940231551255));
#9076 = CARTESIAN_POINT('',(38.710582156162,-0.720592734756,
    3.631901685734));
#9077 = CARTESIAN_POINT('',(38.738655264093,-0.802692421637,
    3.274909483579));
#9078 = CARTESIAN_POINT('',(38.764300333677,-0.73014511792,
    2.952672138023));
#9079 = CARTESIAN_POINT('',(38.787776951632,-0.548681924104,
    2.721066904333));
#9080 = CARTESIAN_POINT('',(38.809707537557,-0.318575945188,
    2.60204439394));
#9081 = CARTESIAN_POINT('',(38.834743095899,-8.885632282047E-02,
    2.482419946508));
#9082 = CARTESIAN_POINT('',(38.858438898036,0.190351282043,
    2.475319487432));
#9083 = CARTESIAN_POINT('',(38.881389412221,0.45881883503,2.603488125231
    ));
#9084 = CARTESIAN_POINT('',(38.903843085108,0.647671006462,
    2.853877107871));
#9085 = CARTESIAN_POINT('',(38.926350620507,0.69392135773,3.17692359576)
  );
#9086 = CARTESIAN_POINT('',(38.949398252287,0.572824884974,
    3.484675928388));
#9087 = CARTESIAN_POINT('',(38.973330111704,0.319372277051,
    3.684336003732));
#9088 = CARTESIAN_POINT('',(38.998682212983,1.857301457876E-02,
    3.731817673867));
#9089 = CARTESIAN_POINT('',(39.05305579574,-0.513580601209,3.54407701509
    ));
#9090 = CARTESIAN_POINT('',(39.082086893864,-0.744973027342,
    3.308584384778));
#9091 = CARTESIAN_POINT('',(39.113388021873,-0.857752837254,
    2.943952794163));
#9092 = CARTESIAN_POINT('',(39.147458843949,-0.772388792591,
    2.510972008728));
#9093 = CARTESIAN_POINT('',(39.184666040491,-0.440232799973,
    2.145602949634));
#9094 = CARTESIAN_POINT('',(39.225462084995,6.800675268765E-02,
    2.00073958961));
#9095 = CARTESIAN_POINT('',(39.270331931087,0.578249425221,
    2.148548514266));
#9096 = CARTESIAN_POINT('',(39.319549481886,0.934307002958,
    2.520255606268));
#9097 = CARTESIAN_POINT('',(39.373605377534,1.05962683729,2.99143826695)
  );
#9098 = CARTESIAN_POINT('',(39.429798347211,1.182598671764,
    3.462353234852));
#9099 = CARTESIAN_POINT('',(39.49062147706,1.074331348921,4.030577705366
    ));
#9100 = CARTESIAN_POINT('',(39.556497456071,0.661977423022,
    4.566359759173));
#9101 = CARTESIAN_POINT('',(39.627581849665,-5.525890715069E-02,
    4.888812692348));
#9102 = CARTESIAN_POINT('',(39.704210602987,-0.923926594045,
    4.787608324961));
#9103 = CARTESIAN_POINT('',(39.786645979417,-1.653762171063,
    4.216919081942));
#9104 = CARTESIAN_POINT('',(39.875023043503,-1.980043235947,
    3.357550247331));
#9105 = CARTESIAN_POINT('',(39.969581008934,-1.851637334677,
    2.484346564886));
#9106 = CARTESIAN_POINT('',(40.171310958589,-0.87038170552,
    1.149853694272));
#9107 = CARTESIAN_POINT('',(40.278485280675,-1.728000492625E-02,
    0.688990558539));
#9108 = CARTESIAN_POINT('',(40.39212749408,1.097903130702,0.655078117578
    ));
#9109 = CARTESIAN_POINT('',(40.512330514762,2.237679257429,
    1.222661781125));
#9110 = CARTESIAN_POINT('',(40.639210362162,2.992165380223,
    2.383614411042));
#9111 = CARTESIAN_POINT('',(40.772806905713,3.045048718543,
    3.818157342013));
#9112 = CARTESIAN_POINT('',(40.913103478262,2.382566102198,
    5.048779850549));
#9113 = CARTESIAN_POINT('',(41.060130753904,1.276063497892,
    5.774028076937));
#9114 = CARTESIAN_POINT('',(41.213778833222,5.751536052916E-02,
    5.900878544213));
#9115 = CARTESIAN_POINT('',(25.,-0.295273493353,3.632031467309));
#9116 = CARTESIAN_POINT('',(25.026925504574,-0.539626008179,
    3.505233327108));
#9117 = CARTESIAN_POINT('',(25.053852547327,-0.722811218554,
    3.258733692615));
#9118 = CARTESIAN_POINT('',(25.081362745252,-0.780829193734,
    2.926165234679));
#9119 = CARTESIAN_POINT('',(25.109702697595,-0.672781533113,
    2.578997829864));
#9120 = CARTESIAN_POINT('',(25.139398415283,-0.401237125351,
    2.307022709454));
#9121 = CARTESIAN_POINT('',(25.170908726447,-2.258166651536E-02,
    2.190233119744));
#9122 = CARTESIAN_POINT('',(25.20455130419,0.367464566099,2.265401520684
    ));
#9123 = CARTESIAN_POINT('',(25.240817966555,0.670953472908,
    2.504749327567));
#9124 = CARTESIAN_POINT('',(25.319339837861,0.985467521709,
    3.171653028576));
#9125 = CARTESIAN_POINT('',(25.361603468062,0.996478801941,3.59945336446
    ));
#9126 = CARTESIAN_POINT('',(25.407254373438,0.800817017797,
    4.049778374836));
#9127 = CARTESIAN_POINT('',(25.456726697728,0.376414360198,
    4.414780194044));
#9128 = CARTESIAN_POINT('',(25.51034375561,-0.232018023736,
    4.550508123655));
#9129 = CARTESIAN_POINT('',(25.56848624305,-0.87196902948,4.361751433577
    ));
#9130 = CARTESIAN_POINT('',(25.631551051251,-1.34278879542,
    3.875395319745));
#9131 = CARTESIAN_POINT('',(25.69976302924,-1.524983552021,
    3.239709830332));
#9132 = CARTESIAN_POINT('',(25.773502383621,-1.403763256819,
    2.620819806896));
#9133 = CARTESIAN_POINT('',(25.848785272442,-1.279896378784,
    2.00212373943));
#9134 = CARTESIAN_POINT('',(25.929324675559,-0.85213797349,
    1.402776113451));
#9135 = CARTESIAN_POINT('',(26.015426375668,-0.11100417639,
    0.993048270444));
#9136 = CARTESIAN_POINT('',(26.107203263468,0.855665550334,
    0.958439157425));
#9137 = CARTESIAN_POINT('',(26.204879617085,1.800707222831,
    1.444924118672));
#9138 = CARTESIAN_POINT('',(26.308619078783,2.406238433793,
    2.382853353356));
#9139 = CARTESIAN_POINT('',(26.418487926677,2.464440832132,3.48602153036
    ));
#9140 = CARTESIAN_POINT('',(26.534611400289,2.015784008186,
    4.444717503754));
#9141 = CARTESIAN_POINT('',(26.779442599126,0.451519479308,
    5.662983544534));
#9142 = CARTESIAN_POINT('',(26.908154321176,-0.663640292155,
    5.922538880114));
#9143 = CARTESIAN_POINT('',(27.043203428903,-1.934629927864,
    5.625950655995));
#9144 = CARTESIAN_POINT('',(27.184654718651,-3.038945889572,
    4.673879560036));
#9145 = CARTESIAN_POINT('',(27.332390220103,-3.57237964284,
    3.181191704324));
#9146 = CARTESIAN_POINT('',(27.486530965616,-3.264442813335,
    1.593853360129));
#9147 = CARTESIAN_POINT('',(27.646796823221,-2.24983857328,
    0.397144784251));
#9148 = CARTESIAN_POINT('',(27.813230852067,-0.874965020575,
    -0.148884435859));
#9149 = CARTESIAN_POINT('',(27.985578072483,0.483903895213,
    -2.780578284089E-02));
#9150 = CARTESIAN_POINT('',(28.15649858744,1.842948773747,
    9.598580494207E-02));
#9151 = CARTESIAN_POINT('',(28.332937092907,3.183560557599,
    0.886861216408));
#9152 = CARTESIAN_POINT('',(28.514598664737,4.128729937344,
    2.358418911997));
#9153 = CARTESIAN_POINT('',(28.701457560381,4.283037755537,
    4.274767051911));
#9154 = CARTESIAN_POINT('',(28.89303567252,3.40525158026,6.124603957754)
  );
#9155 = CARTESIAN_POINT('',(29.089271816034,1.712370470731,
    7.266314735868));
#9156 = CARTESIAN_POINT('',(29.289734388867,-0.227222214262,
    7.433219943327));
#9157 = CARTESIAN_POINT('',(29.494160694877,-1.892296040672,
    6.730602803379));
#9158 = CARTESIAN_POINT('',(29.910216690629,-4.034825021818,
    4.236254363781));
#9159 = CARTESIAN_POINT('',(30.121851509609,-4.512514437518,
    2.444358074339));
#9160 = CARTESIAN_POINT('',(30.336718877577,-4.077732822275,
    0.433526269549));
#9161 = CARTESIAN_POINT('',(30.554555402702,-2.624279071763,
    -1.258238694209));
#9162 = CARTESIAN_POINT('',(30.774723162073,-0.419067220218,
    -2.019641790279));
#9163 = CARTESIAN_POINT('',(30.997199639179,1.818581701741,
    -1.564801418239));
#9164 = CARTESIAN_POINT('',(31.221107134521,3.452626610897,
    -0.175983430702));
#9165 = CARTESIAN_POINT('',(31.446364062687,4.191059174203,1.64399517004
    ));
#9166 = CARTESIAN_POINT('',(31.672292646137,4.064614621079,3.40495241382
    ));
#9167 = CARTESIAN_POINT('',(31.895180757953,3.937970751781,
    5.166288238726));
#9168 = CARTESIAN_POINT('',(32.118605919959,2.946466907949,
    6.868662153269));
#9169 = CARTESIAN_POINT('',(32.341920632198,1.12197859945,8.022203985357
    ));
#9170 = CARTESIAN_POINT('',(32.565082017677,-1.181518542608,
    8.162954336176));
#9171 = CARTESIAN_POINT('',(32.787186990206,-3.294082220767,
    7.085105710367));
#9172 = CARTESIAN_POINT('',(33.008221373045,-4.519937610416,
    5.16307906824));
#9173 = CARTESIAN_POINT('',(33.227492771048,-4.662775330048,
    3.05758723878));
#9174 = CARTESIAN_POINT('',(33.444692710353,-3.904033133349,
    1.307051747079));
#9175 = CARTESIAN_POINT('',(33.874056179359,-1.331376700123,
    -0.901287797803));
#9176 = CARTESIAN_POINT('',(34.086225222389,0.482795911456,
    -1.359251620173));
#9177 = CARTESIAN_POINT('',(34.295448838814,2.450371264881,
    -0.880462615566));
#9178 = CARTESIAN_POINT('',(34.501382084042,4.016183905277,
    0.571350928577));
#9179 = CARTESIAN_POINT('',(34.703481920264,4.622708789978,
    2.639661085165));
#9180 = CARTESIAN_POINT('',(34.901591802395,4.130066031839,
    4.612178019788));
#9181 = CARTESIAN_POINT('',(35.095083232478,2.878246753547,
    5.979072368313));
#9182 = CARTESIAN_POINT('',(35.283819038894,1.330267146383,
    6.555510529453));
#9183 = CARTESIAN_POINT('',(35.467347226833,-0.112506529905,
    6.423295443711));
#9184 = CARTESIAN_POINT('',(35.649112324287,-1.555501417628,
    6.293584207873));
#9185 = CARTESIAN_POINT('',(35.825923804967,-2.895919892066,
    5.455206993139));
#9186 = CARTESIAN_POINT('',(35.997393329174,-3.733498817213,
    3.988625691676));
#9187 = CARTESIAN_POINT('',(36.163510196794,-3.738357548566,
    2.233731504759));
#9188 = CARTESIAN_POINT('',(36.323793074186,-2.844465149563,
    0.743897749799));
#9189 = CARTESIAN_POINT('',(36.478300171492,-1.435043084729,
    -2.899840691032E-02));
#9190 = CARTESIAN_POINT('',(36.626728577857,7.160857537604E-03,
    -4.017482460967E-02));
#9191 = CARTESIAN_POINT('',(36.76902124466,1.141152733205,0.523954070537
    ));
#9192 = CARTESIAN_POINT('',(37.04111961029,2.494265383865,2.248672587659
    ));
#9193 = CARTESIAN_POINT('',(37.170929576144,2.712791278196,
    3.409184799267));
#9194 = CARTESIAN_POINT('',(37.294397023927,2.329001408871,
    4.592959763997));
#9195 = CARTESIAN_POINT('',(37.411497062426,1.373739630014,
    5.436069351571));
#9196 = CARTESIAN_POINT('',(37.52216163398,0.169950836614,5.656160463052
    ));
#9197 = CARTESIAN_POINT('',(37.626413651137,-0.880680473985,
    5.267637502534));
#9198 = CARTESIAN_POINT('',(37.724339090724,-1.527024441838,
    4.535163507561));
#9199 = CARTESIAN_POINT('',(37.815944529794,-1.741736723812,
    3.717327047007));
#9200 = CARTESIAN_POINT('',(37.901412848026,-1.608834180915,
    3.010419955399));
#9201 = CARTESIAN_POINT('',(37.988071830128,-1.4787575229,2.303659353708
    ));
#9202 = CARTESIAN_POINT('',(38.069001772297,-1.001641450197,
    1.705151328343));
#9203 = CARTESIAN_POINT('',(38.14441537114,-0.26343404326,1.405194009759
    ));
#9204 = CARTESIAN_POINT('',(38.214425966774,0.528808530036,
    1.534181763298));
#9205 = CARTESIAN_POINT('',(38.279283065105,1.102679622344,
    2.028828850688));
#9206 = CARTESIAN_POINT('',(38.339240609581,1.316259931282,
    2.676229295464));
#9207 = CARTESIAN_POINT('',(38.394528486704,1.213394924203,
    3.254537795263));
#9208 = CARTESIAN_POINT('',(38.445472336134,0.909541602554,
    3.656759452595));
#9209 = CARTESIAN_POINT('',(38.539290309436,0.152627798578,
    4.046918596099));
#9210 = CARTESIAN_POINT('',(38.582172143573,-0.300287896372,
    4.035159077737));
#9211 = CARTESIAN_POINT('',(38.621315769917,-0.703271705809,
    3.78938700916));
#9212 = CARTESIAN_POINT('',(38.65715045608,-0.918250670818,
    3.365825321351));
#9213 = CARTESIAN_POINT('',(38.689942702081,-0.882674061447,
    2.916089567888));
#9214 = CARTESIAN_POINT('',(38.720121756638,-0.645217315013,
    2.579846727619));
#9215 = CARTESIAN_POINT('',(38.748205071619,-0.318711946765,
    2.416573128541));
#9216 = CARTESIAN_POINT('',(38.774442469394,4.81771180881E-03,
    2.420483255001));
#9217 = CARTESIAN_POINT('',(38.799445241173,0.25797577919,2.548336413097
    ));
#9218 = CARTESIAN_POINT('',(38.827459817722,0.510759003821,
    2.675729036108));
#9219 = CARTESIAN_POINT('',(38.854424245466,0.693863836698,
    2.926953843838));
#9220 = CARTESIAN_POINT('',(38.880911237828,0.741373115438,
    3.259242148652));
#9221 = CARTESIAN_POINT('',(38.907167430221,0.617663784436,
    3.589711063777));
#9222 = CARTESIAN_POINT('',(38.933721251306,0.345337989237,
    3.826152793875));
#9223 = CARTESIAN_POINT('',(38.961040175522,-5.504185429507E-03,
    3.905419623923));
#9224 = CARTESIAN_POINT('',(38.989457535725,-0.345303860635,
    3.814831705906));
#9225 = CARTESIAN_POINT('',(39.019484336939,-0.595519635676,
    3.589346418324));
#9226 = CARTESIAN_POINT('',(39.083549211938,-0.830756264626,
    2.999733079496));
#9227 = CARTESIAN_POINT('',(39.117596424394,-0.815835577785,
    2.635387210221));
#9228 = CARTESIAN_POINT('',(39.154064222854,-0.624835059127,
    2.267889001244));
#9229 = CARTESIAN_POINT('',(39.193429396118,-0.251477330642,
    1.988622557713));
#9230 = CARTESIAN_POINT('',(39.236037592689,0.257684472351,
    1.906604748328));
#9231 = CARTESIAN_POINT('',(39.282316693588,0.777414983605,
    2.089210340419));
#9232 = CARTESIAN_POINT('',(39.332725469876,1.149504126968,
    2.509422192271));
#9233 = CARTESIAN_POINT('',(39.387516322138,1.279009461001,
    3.044514688056));
#9234 = CARTESIAN_POINT('',(39.447149902607,1.157140621689,
    3.557551345319));
#9235 = CARTESIAN_POINT('',(39.508751931182,1.03292900566,4.070341316533
    ));
#9236 = CARTESIAN_POINT('',(39.574982131796,0.656922489751,
    4.558886556402));
#9237 = CARTESIAN_POINT('',(39.646226297075,2.442074169724E-02,
    4.882631824814));
#9238 = CARTESIAN_POINT('',(39.722632911145,-0.789470176047,
    4.890728217107));
#9239 = CARTESIAN_POINT('',(39.804504856318,-1.581281562885,
    4.462074425274));
#9240 = CARTESIAN_POINT('',(39.892078066068,-2.084144159126,
    3.652725811077));
#9241 = CARTESIAN_POINT('',(39.985474300106,-2.118129878799,
    2.702664529627));
#9242 = CARTESIAN_POINT('',(40.084902374325,-1.71506111875,
    1.879427201553));
#9243 = CARTESIAN_POINT('',(40.296036295843,-0.333143197286,
    0.84375258071));
#9244 = CARTESIAN_POINT('',(40.407744019238,0.645888413746,
    0.631703956259));
#9245 = CARTESIAN_POINT('',(40.5257286646,1.756952971659,0.903266284129)
  );
#9246 = CARTESIAN_POINT('',(40.650062712275,2.731788351883,
    1.755659566149));
#9247 = CARTESIAN_POINT('',(40.780840280579,3.192831793717,
    3.081213027794));
#9248 = CARTESIAN_POINT('',(40.918081479744,2.916699484014,
    4.507812710064));
#9249 = CARTESIAN_POINT('',(41.061752048955,1.992219815684,
    5.582022150425));
#9250 = CARTESIAN_POINT('',(41.211863847413,0.74088864316,6.070104263255
    ));
#9251 = CARTESIAN_POINT('',(41.368291094973,-0.498512696993,
    5.949463655444));
#9252 = CARTESIAN_POINT('',(25.,-0.769752737882,3.1));
#9253 = CARTESIAN_POINT('',(24.997411916637,-0.785637062702,
    2.769448095494));
#9254 = CARTESIAN_POINT('',(24.994993195896,-0.641914193048,
    2.431590954379));
#9255 = CARTESIAN_POINT('',(24.993497728165,-0.338766460409,
    2.173204320643));
#9256 = CARTESIAN_POINT('',(24.993250132044,6.649455958135E-02,
    2.080410056188));
#9257 = CARTESIAN_POINT('',(24.99493074223,0.470500006635,2.177408199509
    ));
#9258 = CARTESIAN_POINT('',(24.999133590571,0.786427601427,
    2.431038389127));
#9259 = CARTESIAN_POINT('',(25.006271623102,0.969086509043,2.78018957719
    ));
#9260 = CARTESIAN_POINT('',(25.016978572963,0.995548111757,
    3.160328537147));
#9261 = CARTESIAN_POINT('',(25.046485598885,0.757458733176,
    3.849009958377));
#9262 = CARTESIAN_POINT('',(25.065296502149,0.492961582471,
    4.157897202295));
#9263 = CARTESIAN_POINT('',(25.088660253657,9.203533896445E-02,
    4.364371472221));
#9264 = CARTESIAN_POINT('',(25.117136324311,-0.401285720931,
    4.40789984262));
#9265 = CARTESIAN_POINT('',(25.1511385118,-0.921341954763,4.234009762791
    ));
#9266 = CARTESIAN_POINT('',(25.191154639939,-1.35336571631,3.82454647833
    ));
#9267 = CARTESIAN_POINT('',(25.237693213185,-1.566317030511,
    3.237446079316));
#9268 = CARTESIAN_POINT('',(25.291037741165,-1.497938117045,
    2.614347610206));
#9269 = CARTESIAN_POINT('',(25.351672592953,-1.17464134239,
    2.093799113062));
#9270 = CARTESIAN_POINT('',(25.414245134515,-0.847858150563,
    1.573494205593));
#9271 = CARTESIAN_POINT('',(25.483747198858,-0.26558207312,
    1.159038335786));
#9272 = CARTESIAN_POINT('',(25.560560254433,0.540738525223,
    0.993317254614));
#9273 = CARTESIAN_POINT('',(25.644829588164,1.459895782329,
    1.211526366432));
#9274 = CARTESIAN_POINT('',(25.736831481006,2.255942171157,
    1.904046930881));
#9275 = CARTESIAN_POINT('',(25.836766400756,2.647575065125,
    2.962505039372));
#9276 = CARTESIAN_POINT('',(25.94471439096,2.473086857635,4.087900704288
    ));
#9277 = CARTESIAN_POINT('',(26.060822751367,1.816001675814,
    4.978587670492));
#9278 = CARTESIAN_POINT('',(26.309437292649,-5.512178277192E-02,
    5.93096798914));
#9279 = CARTESIAN_POINT('',(26.441948280195,-1.268727062738,
    5.992618493459));
#9280 = CARTESIAN_POINT('',(26.582705708689,-2.55248386232,
    5.458157426805));
#9281 = CARTESIAN_POINT('',(26.731779276869,-3.565844936973,4.2698324515
    ));
#9282 = CARTESIAN_POINT('',(26.889008316243,-3.908502968224,
    2.592521158921));
#9283 = CARTESIAN_POINT('',(27.054531488423,-3.342564428856,
    0.921489969887));
#9284 = CARTESIAN_POINT('',(27.227977478986,-2.064290108938,
    -0.237468040843));
#9285 = CARTESIAN_POINT('',(27.40938745738,-0.477455214508,
    -0.642770318917));
#9286 = CARTESIAN_POINT('',(27.598417811625,1.006606289621,
    -0.319485701566));
#9287 = CARTESIAN_POINT('',(27.785518366724,2.490905919525,
    7.291028796051E-03));
#9288 = CARTESIAN_POINT('',(27.979727250209,3.869267589914,
    1.062632252387));
#9289 = CARTESIAN_POINT('',(28.180639565006,4.729477557528,
    2.817894218461));
#9290 = CARTESIAN_POINT('',(28.388232452687,4.664828314949,
    4.971160512308));
#9291 = CARTESIAN_POINT('',(28.601846614379,3.462955837775,
    6.935992999945));
#9292 = CARTESIAN_POINT('',(28.82141912425,1.427410125147,8.020846779191
    ));
#9293 = CARTESIAN_POINT('',(29.046362408234,-0.778030452286,
    7.984528535358));
#9294 = CARTESIAN_POINT('',(29.276334389403,-2.579017700888,
    6.999509663062));
#9295 = CARTESIAN_POINT('',(29.74537400055,-4.721050968113,
    3.930858431735));
#9296 = CARTESIAN_POINT('',(29.984448395504,-5.062353963394,
    1.847020663014));
#9297 = CARTESIAN_POINT('',(30.227584339294,-4.348937642335,
    -0.385977838321));
#9298 = CARTESIAN_POINT('',(30.474427265946,-2.516446404337,
    -2.150155774765));
#9299 = CARTESIAN_POINT('',(30.724151431784,7.204195593292E-02,
    -2.780825738461));
#9300 = CARTESIAN_POINT('',(30.976706812758,2.570254609679,
    -2.024936811875));
#9301 = CARTESIAN_POINT('',(31.230962177411,4.28268315471,
    -0.270177667791));
#9302 = CARTESIAN_POINT('',(31.486796782115,4.930073972964,
    1.879956194457));
#9303 = CARTESIAN_POINT('',(31.743330915272,4.599712156962,
    3.870583412686));
#9304 = CARTESIAN_POINT('',(31.99590217863,4.269173492438,5.86170411673)
  );
#9305 = CARTESIAN_POINT('',(32.249008058016,2.960894775045,
    7.693431619678));
#9306 = CARTESIAN_POINT('',(32.501798840695,0.763486308466,
    8.811375302925));
#9307 = CARTESIAN_POINT('',(32.7542306704,-1.869857393247,8.725005184472
    ));
#9308 = CARTESIAN_POINT('',(33.005111549428,-4.152553052605,
    7.271898223309));
#9309 = CARTESIAN_POINT('',(33.254441242981,-5.331186196848,
    4.958151728265));
#9310 = CARTESIAN_POINT('',(33.501309416109,-5.259776821904,
    2.560543879116));
#9311 = CARTESIAN_POINT('',(33.74532313065,-4.208803520194,
    0.669262623361));
#9312 = CARTESIAN_POINT('',(34.226483685018,-1.066373788191,
    -1.530260702276));
#9313 = CARTESIAN_POINT('',(34.463637629539,1.025406655185,
    -1.838659503849));
#9314 = CARTESIAN_POINT('',(34.696808293726,3.177972667141,
    -1.071611644065));
#9315 = CARTESIAN_POINT('',(34.925544005566,4.757541282372,
    0.742848371932));
#9316 = CARTESIAN_POINT('',(35.149160545172,5.17685303926,3.128336446798
    ));
#9317 = CARTESIAN_POINT('',(35.367435770736,4.375786984753,
    5.256499436326));
#9318 = CARTESIAN_POINT('',(35.579585833542,2.81344812318,6.602958524225
    ));
#9319 = CARTESIAN_POINT('',(35.785420667566,1.035920255645,
    7.030737088588));
#9320 = CARTESIAN_POINT('',(35.984371544301,-0.522587271609,
    6.692939053175));
#9321 = CARTESIAN_POINT('',(36.181094326264,-2.081374444881,
    6.358447614777));
#9322 = CARTESIAN_POINT('',(36.371272207368,-3.424563549508,
    5.258353000183));
#9323 = CARTESIAN_POINT('',(36.554408229496,-4.119445874119,
    3.543867223865));
#9324 = CARTESIAN_POINT('',(36.730501490968,-3.854388080029,
    1.645882839434));
#9325 = CARTESIAN_POINT('',(36.898929350569,-2.65008335588,
    0.192314090186));
#9326 = CARTESIAN_POINT('',(37.05978549817,-1.019246259077,
    -0.386616756048));
#9327 = CARTESIAN_POINT('',(37.21268122656,0.498840509079,
    -0.142428279206));
#9328 = CARTESIAN_POINT('',(37.357556446585,1.574759564528,
    0.650251619226));
#9329 = CARTESIAN_POINT('',(37.631006940736,2.644937681249,
    2.672548082422));
#9330 = CARTESIAN_POINT('',(37.759588177866,2.638499036256,
    3.901905425482));
#9331 = CARTESIAN_POINT('',(37.879901010971,1.997391259586,
    5.023393317689));
#9332 = CARTESIAN_POINT('',(37.991929204073,0.83885452184,5.652888787867
    ));
#9333 = CARTESIAN_POINT('',(38.095591070671,-0.413344659438,
    5.56963807323));
#9334 = CARTESIAN_POINT('',(38.190930325043,-1.333297738299,
    4.905532109979));
#9335 = CARTESIAN_POINT('',(38.278076441799,-1.73913514544,
    4.024067379077));
#9336 = CARTESIAN_POINT('',(38.357041584707,-1.695117441501,
    3.200183922946));
#9337 = CARTESIAN_POINT('',(38.428083178556,-1.356595922206,
    2.601540682901));
#9338 = CARTESIAN_POINT('',(38.50074954825,-1.021719911502,
    2.003097477774));
#9339 = CARTESIAN_POINT('',(38.5660225443,-0.393135045243,1.626353540485
    ));
#9340 = CARTESIAN_POINT('',(38.624190485777,0.373509890599,
    1.630102061583));
#9341 = CARTESIAN_POINT('',(38.675411002397,1.018037359609,
    2.067279601996));
#9342 = CARTESIAN_POINT('',(38.720018778671,1.286512359925,
    2.751167582768));
#9343 = CARTESIAN_POINT('',(38.758354210087,1.140590122141,3.39381918531
    ));
#9344 = CARTESIAN_POINT('',(38.790725899909,0.751142658236,3.79421170959
    ));
#9345 = CARTESIAN_POINT('',(38.817566271191,0.295185256944,
    3.925109224878));
#9346 = CARTESIAN_POINT('',(38.86100555769,-0.478299900578,
    3.753101044444));
#9347 = CARTESIAN_POINT('',(38.877614668937,-0.795675000064,
    3.450672474602));
#9348 = CARTESIAN_POINT('',(38.889496543124,-0.912814254881,
    2.988635036237));
#9349 = CARTESIAN_POINT('',(38.897219989496,-0.737269972946,
    2.514859850155));
#9350 = CARTESIAN_POINT('',(38.901135694166,-0.329238072397,
    2.229649895797));
#9351 = CARTESIAN_POINT('',(38.901809422704,0.139029345187,
    2.221795021449));
#9352 = CARTESIAN_POINT('',(38.899923187535,0.501837694736,
    2.430037409771));
#9353 = CARTESIAN_POINT('',(38.895801775694,0.697290805268,2.75073664537
    ));
#9354 = CARTESIAN_POINT('',(38.890248303086,0.721144953687,3.0825808847)
  );
#9355 = CARTESIAN_POINT('',(38.888626536411,0.744509716744,
    3.413907541587));
#9356 = CARTESIAN_POINT('',(38.885802949662,0.597176559054,
    3.756197976637));
#9357 = CARTESIAN_POINT('',(38.882522525557,0.277804939297,
    4.010786327567));
#9358 = CARTESIAN_POINT('',(38.879111055836,-0.148418654296,
    4.077289371879));
#9359 = CARTESIAN_POINT('',(38.876254469516,-0.551597675557,
    3.929785070274));
#9360 = CARTESIAN_POINT('',(38.874560196017,-0.827718735079,
    3.624692945237));
#9361 = CARTESIAN_POINT('',(38.874463058461,-0.940970687845,
    3.254962994393));
#9362 = CARTESIAN_POINT('',(38.876624088227,-0.894695126657,
    2.894078663616));
#9363 = CARTESIAN_POINT('',(38.886489007328,-0.548964307819,
    2.310477796861));
#9364 = CARTESIAN_POINT('',(38.894204698168,-0.249657823488,
    2.087449131473));
#9365 = CARTESIAN_POINT('',(38.905228540058,0.144554433757,
    1.992370071599));
#9366 = CARTESIAN_POINT('',(38.920177604643,0.568985373555,
    2.063296958832));
#9367 = CARTESIAN_POINT('',(38.939496313393,0.956390520446,2.30823719906
    ));
#9368 = CARTESIAN_POINT('',(38.963735768173,1.228708995899,
    2.708987506099));
#9369 = CARTESIAN_POINT('',(38.99348697846,1.310993051443,3.208158355295
    ));
#9370 = CARTESIAN_POINT('',(39.029070430596,1.17306643991,3.698114721805
    ));
#9371 = CARTESIAN_POINT('',(39.07107712578,0.848950226537,4.078872726582
    ));
#9372 = CARTESIAN_POINT('',(39.115582652632,0.521731456541,
    4.459317495092));
#9373 = CARTESIAN_POINT('',(39.166222779838,7.818354835393E-03,
    4.727728881831));
#9374 = CARTESIAN_POINT('',(39.223484718938,-0.655324773491,
    4.780450182755));
#9375 = CARTESIAN_POINT('',(39.287560669581,-1.37363501066,
    4.527790744518));
#9376 = CARTESIAN_POINT('',(39.358830443823,-1.968835439127,
    3.911521342178));
#9377 = CARTESIAN_POINT('',(39.43758952207,-2.226329947625,
    3.021663175355));
#9378 = CARTESIAN_POINT('',(39.523990581073,-2.02041012919,
    2.096485144853));
#9379 = CARTESIAN_POINT('',(39.61829047456,-1.422975153559,
    1.382658114683));
#9380 = CARTESIAN_POINT('',(39.822946699817,0.210246193045,
    0.668439699436));
#9381 = CARTESIAN_POINT('',(39.933305215215,1.246286597988,
    0.668481153614));
#9382 = CARTESIAN_POINT('',(40.051859930146,2.322572895325,
    1.170614346997));
#9383 = CARTESIAN_POINT('',(40.17869349906,3.166430625519,2.228044149549
    ));
#9384 = CARTESIAN_POINT('',(40.313916299921,3.417356617744,
    3.689642470505));
#9385 = CARTESIAN_POINT('',(40.4575420011,2.891593996217,5.151484543058)
  );
#9386 = CARTESIAN_POINT('',(40.609513611249,1.730720919719,
    6.152614004032));
#9387 = CARTESIAN_POINT('',(40.769834480863,0.303396869892,
    6.483099533159));
#9388 = CARTESIAN_POINT('',(40.938327411038,-1.026546516392,
    6.160412824117));
#9389 = CARTESIAN_POINT('',(25.,-0.295273493353,2.567968532691));
#9390 = CARTESIAN_POINT('',(24.967898853528,-8.268962816787E-02,
    2.44117039249));
#9391 = CARTESIAN_POINT('',(24.935723043359,0.190899592241,
    2.419404467506));
#9392 = CARTESIAN_POINT('',(24.904405504416,0.462354938577,
    2.534181834657));
#9393 = CARTESIAN_POINT('',(24.874339497011,0.64228899677,2.777162608795
    ));
#9394 = CARTESIAN_POINT('',(24.846369443596,0.673459711024,
    3.052152286461));
#9395 = CARTESIAN_POINT('',(24.821231643787,0.58834619188,3.269045365237
    ));
#9396 = CARTESIAN_POINT('',(24.799435113423,0.467124359225,
    3.407210058595));
#9397 = CARTESIAN_POINT('',(24.781770479416,0.339367708806,
    3.491698892111));
#9398 = CARTESIAN_POINT('',(24.755894616454,9.044471021314E-02,
    3.591422973582));
#9399 = CARTESIAN_POINT('',(24.747696936244,-3.064542616068E-02,
    3.607168974346));
#9400 = CARTESIAN_POINT('',(24.744857787066,-0.143012431235,
    3.607668554846));
#9401 = CARTESIAN_POINT('',(24.748075055929,-0.259064891151,
    3.618031777382));
#9402 = CARTESIAN_POINT('',(24.757869785552,-0.440380054794,
    3.616538430766));
#9403 = CARTESIAN_POINT('',(24.774855222179,-0.685595722922,
    3.518553881616));
#9404 = CARTESIAN_POINT('',(24.799670733371,-0.896100830838,
    3.257339294835));
#9405 = CARTESIAN_POINT('',(24.832680643911,-0.963518730378,
    2.888187968068));
#9406 = CARTESIAN_POINT('',(24.874498714826,-0.845656070162,
    2.508843467783));
#9407 = CARTESIAN_POINT('',(24.918821720728,-0.723573966732,
    2.129813681684));
#9408 = CARTESIAN_POINT('',(24.97152288932,-0.415427395988,
    1.744504116484));
#9409 = CARTESIAN_POINT('',(25.033099567358,0.116691204426,
    1.457787358708));
#9410 = CARTESIAN_POINT('',(25.103733315785,0.856646755408,
    1.409881229102));
#9411 = CARTESIAN_POINT('',(25.18379053379,1.651778904788,1.781257571332
    ));
#9412 = CARTESIAN_POINT('',(25.273539075966,2.213426813725,
    2.585128085279));
#9413 = CARTESIAN_POINT('',(25.373087958186,2.288369701927,
    3.599304903478));
#9414 = CARTESIAN_POINT('',(25.482644998127,1.870740941697,
    4.515635686961));
#9415 = CARTESIAN_POINT('',(25.721904975589,0.340504937427,
    5.707594500782));
#9416 = CARTESIAN_POINT('',(25.851614496516,-0.771594477291,
    5.982988006238));
#9417 = CARTESIAN_POINT('',(25.991474696219,-2.081515732597,
    5.711698551322));
#9418 = CARTESIAN_POINT('',(26.141596095895,-3.274026379932,
    4.750548941627));
#9419 = CARTESIAN_POINT('',(26.301793041044,-3.907968795154,
    3.160810758199));
#9420 = CARTESIAN_POINT('',(26.472268068624,-3.621310776633,
    1.397237403795));
#9421 = CARTESIAN_POINT('',(26.652575619437,-2.515029257953,
    2.645223002613E-02));
#9422 = CARTESIAN_POINT('',(26.842791510386,-0.962922549288,
    -0.623964252799));
#9423 = CARTESIAN_POINT('',(27.042512785532,0.601368375107,
    -0.506407798442));
#9424 = CARTESIAN_POINT('',(27.239982674497,2.165936921744,
    -0.384488459851));
#9425 = CARTESIAN_POINT('',(27.446323933531,3.73869408941,0.505361197849
    ));
#9426 = CARTESIAN_POINT('',(27.661073916405,4.884785537077,
    2.206390897793));
#9427 = CARTESIAN_POINT('',(27.884186488408,5.123850235767,
    4.472005059703));
#9428 = CARTESIAN_POINT('',(28.114912986672,4.127820794266,
    6.715462066446));
#9429 = CARTESIAN_POINT('',(28.353147718713,2.11072161978,8.141765065691
    ));
#9430 = CARTESIAN_POINT('',(28.59821134369,-0.246297358956,
    8.390613081043));
#9431 = CARTESIAN_POINT('',(28.849683211435,-2.298275802443,
    7.56540050718));
#9432 = CARTESIAN_POINT('',(29.36429266524,-4.976645244665,
    4.539568765417));
#9433 = CARTESIAN_POINT('',(29.627438425106,-5.60335883878,
    2.338755730073));
#9434 = CARTESIAN_POINT('',(29.895828517131,-5.110323507531,
    -0.162387817955));
#9435 = CARTESIAN_POINT('',(30.169046515066,-3.342299709828,
    -2.302088204058));
#9436 = CARTESIAN_POINT('',(30.446068646501,-0.603935087545,
    -3.305149472739));
#9437 = CARTESIAN_POINT('',(30.726868397195,2.210018127991,
    -2.782638255348));
#9438 = CARTESIAN_POINT('',(31.010034937329,4.28848370695,
    -1.072154802903));
#9439 = CARTESIAN_POINT('',(31.295444310198,5.250888240522,
    1.200204838926));
#9440 = CARTESIAN_POINT('',(31.582009878934,5.124780879175,
    3.416197678003));
#9441 = CARTESIAN_POINT('',(31.863708475387,4.998316246515,
    5.632796498471));
#9442 = CARTESIAN_POINT('',(32.146342949486,3.783371656733,
    7.792999095111));
#9443 = CARTESIAN_POINT('',(32.42887949197,1.509167703101,9.279022705925
    ));
#9444 = CARTESIAN_POINT('',(32.711243925236,-1.387468201235,
    9.498252187255));
#9445 = CARTESIAN_POINT('',(32.991997537198,-4.062801651952,
    8.177588933353));
#9446 = CARTESIAN_POINT('',(33.271109227759,-5.631121361967,
    5.784260251057));
#9447 = CARTESIAN_POINT('',(33.547474293603,-5.8431592005,3.150593145423
    ));
#9448 = CARTESIAN_POINT('',(33.820594749395,-4.924788684014,
    0.952092446342));
#9449 = CARTESIAN_POINT('',(34.35891316171,-1.76057157114,
    -1.844657190833));
#9450 = CARTESIAN_POINT('',(34.624119981017,0.485619811583,
    -2.443110936806));
#9451 = CARTESIAN_POINT('',(34.884678464485,2.928606257085,
    -1.877914338508));
#9452 = CARTESIAN_POINT('',(35.140037407916,4.87611367088,-0.10519167611
    ));
#9453 = CARTESIAN_POINT('',(35.389316696716,5.635632122517,
    2.425351599715));
#9454 = CARTESIAN_POINT('',(35.632274088212,5.050723050934,
    4.826183419479));
#9455 = CARTESIAN_POINT('',(35.867887250777,3.553150243739,
    6.485203612909));
#9456 = CARTESIAN_POINT('',(36.095941808209,1.707850827919,
    7.192203708714));
#9457 = CARTESIAN_POINT('',(36.315704842712,-6.838462702182E-03,
    7.056820142503));
#9458 = CARTESIAN_POINT('',(36.532613447085,-1.721885850827,
    6.925424678963));
#9459 = CARTESIAN_POINT('',(36.741633431077,-3.310426544762,
    5.951629772981));
#9460 = CARTESIAN_POINT('',(36.94213893085,-4.295860647946,
    4.242763543097));
#9461 = CARTESIAN_POINT('',(37.134106807451,-4.298288018327,
    2.214925929194));
#9462 = CARTESIAN_POINT('',(37.316764401858,-3.26792352106,
    0.528360249907));
#9463 = CARTESIAN_POINT('',(37.49019668094,-1.688318209219,
    -0.319192734413));
#9464 = CARTESIAN_POINT('',(37.65391595547,-0.109478563207,
    -0.321018072581));
#9465 = CARTESIAN_POINT('',(37.80782433156,1.107529399403,0.287967349429
    ));
#9466 = CARTESIAN_POINT('',(38.095664239624,2.542050608242,
    2.101756586004));
#9467 = CARTESIAN_POINT('',(38.229602416946,2.758854528149,
    3.306287610781));
#9468 = CARTESIAN_POINT('',(38.353388738674,2.343032113,4.499711593813)
  );
#9469 = CARTESIAN_POINT('',(38.466975892073,1.364917018495,
    5.292532849256));
#9470 = CARTESIAN_POINT('',(38.570251700944,0.210399130084,
    5.434984420903));
#9471 = CARTESIAN_POINT('',(38.663246459096,-0.714021147493,
    5.014588711636));
#9472 = CARTESIAN_POINT('',(38.746089766771,-1.222031540979,
    4.347230881686));
#9473 = CARTESIAN_POINT('',(38.818790496845,-1.349806196032,
    3.669626382017));
#9474 = CARTESIAN_POINT('',(38.881632604614,-1.213242687744,
    3.132512248983));
#9475 = CARTESIAN_POINT('',(38.946347049208,-1.081220018516,
    2.595628411203));
#9476 = CARTESIAN_POINT('',(39.001856884977,-0.685759530626,
    2.194787800697));
#9477 = CARTESIAN_POINT('',(39.048497467998,-0.141798731157,
    2.071618754724));
#9478 = CARTESIAN_POINT('',(39.086445660522,0.340737666854,
    2.282941401507));
#9479 = CARTESIAN_POINT('',(39.116096482709,0.561910003099,
    2.676263973523));
#9480 = CARTESIAN_POINT('',(39.137852091643,0.508453633578,
    3.032191817232));
#9481 = CARTESIAN_POINT('',(39.152076337269,0.32788845045,3.225065773256
    ));
#9482 = CARTESIAN_POINT('',(39.159286796966,0.136338862168,
    3.266528884254));
#9483 = CARTESIAN_POINT('',(39.16066288786,-0.122450481053,
    3.153676457841));
#9484 = CARTESIAN_POINT('',(39.154840793507,-0.189573389059,
    2.999939582671));
#9485 = CARTESIAN_POINT('',(39.142967997638,-0.12702645256,
    2.805423466701));
#9486 = CARTESIAN_POINT('',(39.125727349601,9.190949085537E-02,
    2.682214698921));
#9487 = CARTESIAN_POINT('',(39.103543905892,0.362606571018,
    2.742023806669));
#9488 = CARTESIAN_POINT('',(39.077101876908,0.540698977169,
    2.969909887017));
#9489 = CARTESIAN_POINT('',(39.047226070152,0.553384788897,
    3.242326529477));
#9490 = CARTESIAN_POINT('',(39.014316763681,0.432439944817,
    3.468316109447));
#9491 = CARTESIAN_POINT('',(38.979349531342,0.23556761279,3.596841181462
    ));
#9492 = CARTESIAN_POINT('',(38.949200526273,3.809563929296E-02,
    3.72459096495));
#9493 = CARTESIAN_POINT('',(38.917293594954,-0.234006742237,
    3.754715740896));
#9494 = CARTESIAN_POINT('',(38.88454617699,-0.521119053591,
    3.641072066563));
#9495 = CARTESIAN_POINT('',(38.85135107195,-0.725869941916,
    3.373447703483));
#9496 = CARTESIAN_POINT('',(38.818555446373,-0.759141641568,
    3.043510949869));
#9497 = CARTESIAN_POINT('',(38.786908459456,-0.63114508568,
    2.767731898659));
#9498 = CARTESIAN_POINT('',(38.756943518359,-0.431297206461,
    2.60510656997));
#9499 = CARTESIAN_POINT('',(38.729480907497,-0.219786572345,
    2.542261045038));
#9500 = CARTESIAN_POINT('',(38.680831632108,0.154050333934,
    2.564256768722));
#9501 = CARTESIAN_POINT('',(38.659659646628,0.316184941973,
    2.648630825462));
#9502 = CARTESIAN_POINT('',(38.642291752014,0.421384825335,
    2.779128792326));
#9503 = CARTESIAN_POINT('',(38.629493168471,0.456815537682,
    2.904755793456));
#9504 = CARTESIAN_POINT('',(38.621819991051,0.480729770327,
    2.991742547904));
#9505 = CARTESIAN_POINT('',(38.61996017703,0.534893527207,3.080201509193
    ));
#9506 = CARTESIAN_POINT('',(38.624651293309,0.588272122655,
    3.236329167911));
#9507 = CARTESIAN_POINT('',(38.636301275412,0.571751158191,
    3.445394710603));
#9508 = CARTESIAN_POINT('',(38.655651835294,0.452838438583,
    3.656137212148));
#9509 = CARTESIAN_POINT('',(38.678184128241,0.330198168999,
    3.866481016717));
#9510 = CARTESIAN_POINT('',(38.708077698156,0.104472566519,
    4.075176017835));
#9511 = CARTESIAN_POINT('',(38.745957293443,-0.25448796323,
    4.224687624477));
#9512 = CARTESIAN_POINT('',(38.792061209848,-0.75067826287,
    4.230105375672));
#9513 = CARTESIAN_POINT('',(38.846881172896,-1.301050800203,
    3.950897591033));
#9514 = CARTESIAN_POINT('',(38.910800391787,-1.698502822435,
    3.352383764232));
#9515 = CARTESIAN_POINT('',(38.984016545698,-1.7346206391,2.58298448977)
  );
#9516 = CARTESIAN_POINT('',(39.066870948666,-1.389859145392,
    1.88334497922));
#9517 = CARTESIAN_POINT('',(39.2522083,-0.151401771169,0.983583997826));
#9518 = CARTESIAN_POINT('',(39.354694372053,0.742710214803,0.78398712841
    ));
#9519 = CARTESIAN_POINT('',(39.467221172703,1.796901748514,1.01679954636
    ));
#9520 = CARTESIAN_POINT('',(39.589910167865,2.780914114455,
    1.815056384047));
#9521 = CARTESIAN_POINT('',(39.722917681,3.299790278046,3.141124373462)
  );
#9522 = CARTESIAN_POINT('',(39.866281683339,3.063054535935,
    4.643468047777));
#9523 = CARTESIAN_POINT('',(40.019953017731,2.101782695314,
    5.819036662852));
#9524 = CARTESIAN_POINT('',(40.183956247051,0.747983078088,
    6.376014948382));
#9525 = CARTESIAN_POINT('',(40.358096142053,-0.624338582431,
    6.259147256039));
#9526 = CARTESIAN_POINT('',(25.,0.28,2.63476793884));
#9527 = CARTESIAN_POINT('',(24.971604728105,0.463898457735,
    2.755007242589));
#9528 = CARTESIAN_POINT('',(24.942889905911,0.589362656237,
    2.966134850832));
#9529 = CARTESIAN_POINT('',(24.914770518184,0.601977703264,
    3.234076559851));
#9530 = CARTESIAN_POINT('',(24.887624933322,0.460626776142,
    3.489356303556));
#9531 = CARTESIAN_POINT('',(24.862283503723,0.20056938589,3.614232683792
    ));
#9532 = CARTESIAN_POINT('',(24.839469392318,-6.052057998612E-02,
    3.563353056174));
#9533 = CARTESIAN_POINT('',(24.819680085973,-0.208142006928,
    3.403567016699));
#9534 = CARTESIAN_POINT('',(24.803696533376,-0.234377290795,
    3.233200001087));
#9535 = CARTESIAN_POINT('',(24.780514110665,-0.119499677348,
    2.998293149929));
#9536 = CARTESIAN_POINT('',(24.773328658724,2.165630883683E-02,
    2.934287134295));
#9537 = CARTESIAN_POINT('',(24.771159815819,0.203423907596,
    2.985986768403));
#9538 = CARTESIAN_POINT('',(24.774696846482,0.338499483026,
    3.193390386429));
#9539 = CARTESIAN_POINT('',(24.784458541934,0.282146024077,
    3.492716357284));
#9540 = CARTESIAN_POINT('',(24.801054639896,-6.529740002214E-04,
    3.711652422372));
#9541 = CARTESIAN_POINT('',(24.825120955403,-0.382340997322,
    3.69493381661));
#9542 = CARTESIAN_POINT('',(24.857026487697,-0.691188158084,
    3.455366377349));
#9543 = CARTESIAN_POINT('',(24.897385630316,-0.820154015493,
    3.086967664755));
#9544 = CARTESIAN_POINT('',(24.940294283217,-0.945063919082,
    2.718889113487));
#9545 = CARTESIAN_POINT('',(24.991249113209,-0.889261025339,
    2.225727403496));
#9546 = CARTESIAN_POINT('',(25.050759806455,-0.549763738728,
    1.71001810193));
#9547 = CARTESIAN_POINT('',(25.119005963717,0.124592326078,
    1.348361136339));
#9548 = CARTESIAN_POINT('',(25.196368168307,1.018904495479,1.40737906711
    ));
#9549 = CARTESIAN_POINT('',(25.283126259328,1.816041569005,
    1.992264000905));
#9550 = CARTESIAN_POINT('',(25.379395788332,2.18220325179,2.931130233119
    ));
#9551 = CARTESIAN_POINT('',(25.485402702594,2.034141387179,
    3.906894413546));
#9552 = CARTESIAN_POINT('',(25.717048023957,0.894443150341,
    5.406925056424));
#9553 = CARTESIAN_POINT('',(25.84269343823,-9.663473319435E-02,
    5.930871639193));
#9554 = CARTESIAN_POINT('',(25.978247221164,-1.412233599681,
    5.961734978888));
#9555 = CARTESIAN_POINT('',(26.123838798755,-2.762949141314,
    5.28209336119));
#9556 = CARTESIAN_POINT('',(26.279297502962,-3.682814239147,
    3.863457580336));
#9557 = CARTESIAN_POINT('',(26.444848789169,-3.720529286335,
    2.105583254973));
#9558 = CARTESIAN_POINT('',(26.620067751208,-2.884108714279,
    0.594428280456));
#9559 = CARTESIAN_POINT('',(26.80505029892,-1.492675346425,
    -0.283337955898));
#9560 = CARTESIAN_POINT('',(26.999420521027,3.146228367867E-02,
    -0.412856440841));
#9561 = CARTESIAN_POINT('',(27.191701160673,1.55585741325,
    -0.538060096457));
#9562 = CARTESIAN_POINT('',(27.392747348738,3.20900205322,
    8.492929319297E-02));
#9563 = CARTESIAN_POINT('',(27.602138627071,4.567289633778,
    1.566690852903));
#9564 = CARTESIAN_POINT('',(27.819814282277,5.117884836438,
    3.734862445404));
#9565 = CARTESIAN_POINT('',(28.045098303652,4.45052989451,6.052803317667
    ));
#9566 = CARTESIAN_POINT('',(28.277862922206,2.672695606621,
    7.702699742447));
#9567 = CARTESIAN_POINT('',(28.51748327179,0.411153638221,8.242473067061
    ));
#9568 = CARTESIAN_POINT('',(28.763549107768,-1.686297777176,7.6930301822
    ));
#9569 = CARTESIAN_POINT('',(29.267477258668,-4.656464292443,
    5.074672919816));
#9570 = CARTESIAN_POINT('',(29.52534741871,-5.529522450748,
    3.005597987984));
#9571 = CARTESIAN_POINT('',(29.788550084905,-5.34265528033,
    0.507362279683));
#9572 = CARTESIAN_POINT('',(30.056696208675,-3.863239092411,
    -1.787967468792));
#9573 = CARTESIAN_POINT('',(30.32878005212,-1.299835449802,
    -3.080859908242));
#9574 = CARTESIAN_POINT('',(30.604806279481,1.511387775404,
    -2.886574478046));
#9575 = CARTESIAN_POINT('',(30.883381727763,3.736333647725,
    -1.444964314248));
#9576 = CARTESIAN_POINT('',(31.164406890737,4.930834917283,
    0.672945786383));
#9577 = CARTESIAN_POINT('',(31.446817773029,5.052146473489,
    2.857763178326));
#9578 = CARTESIAN_POINT('',(31.724487437646,5.172987679079,5.04317081556
    ));
#9579 = CARTESIAN_POINT('',(32.003312669145,4.220684679077,
    7.295342562122));
#9580 = CARTESIAN_POINT('',(32.282294892229,2.154228243714,
    9.005209707127));
#9581 = CARTESIAN_POINT('',(32.561344106656,-0.664825489889,
    9.542455696787));
#9582 = CARTESIAN_POINT('',(32.839080806248,-3.439716063694,
    8.544812709786));
#9583 = CARTESIAN_POINT('',(33.115447790474,-5.251397618752,
    6.370294017691));
#9584 = CARTESIAN_POINT('',(33.389380529141,-5.76080131577,
    3.803767019886));
#9585 = CARTESIAN_POINT('',(33.660380456345,-5.10999285106,
    1.532469588065));
#9586 = CARTESIAN_POINT('',(34.195108713983,-2.315110190242,
    -1.594733497174));
#9587 = CARTESIAN_POINT('',(34.458845798,-0.170723830229,-2.45087211696)
  );
#9588 = CARTESIAN_POINT('',(34.718267446998,2.30633058846,
    -2.188212413319));
#9589 = CARTESIAN_POINT('',(34.972839767138,4.444587261549,
    -0.680779488174));
#9590 = CARTESIAN_POINT('',(35.221670637078,5.5142312854,1.716402377117)
  );
#9591 = CARTESIAN_POINT('',(35.464550774342,5.253123257596,
    4.161286619141));
#9592 = CARTESIAN_POINT('',(35.700432175254,3.998482316836,
    6.003835439427));
#9593 = CARTESIAN_POINT('',(35.929122638545,2.269919525576,
    6.962027398428));
#9594 = CARTESIAN_POINT('',(36.149878113787,0.547780309568,
    7.074177165179));
#9595 = CARTESIAN_POINT('',(36.367749869256,-1.174720545114,
    7.190148358181));
#9596 = CARTESIAN_POINT('',(36.578067334583,-2.894741076246,
    6.460076707274));
#9597 = CARTESIAN_POINT('',(36.780207258667,-4.133535124387,
    4.920110794929));
#9598 = CARTESIAN_POINT('',(36.974127862894,-4.461896448191,
    2.917432394372));
#9599 = CARTESIAN_POINT('',(37.159069496685,-3.733721453378,
    1.079986288443));
#9600 = CARTESIAN_POINT('',(37.335088650806,-2.330082620652,
    -4.330766696297E-02));
#9601 = CARTESIAN_POINT('',(37.501701242626,-0.768992658985,
    -0.349663667763));
#9602 = CARTESIAN_POINT('',(37.658790867832,0.563538703288,
    6.596101314789E-03));
#9603 = CARTESIAN_POINT('',(37.953545964849,2.385339102387,
    1.507996929288));
#9604 = CARTESIAN_POINT('',(38.091217318221,2.873961287757,
    2.652979455553));
#9605 = CARTESIAN_POINT('',(38.219001681776,2.752711459055,
    3.927165878644));
#9606 = CARTESIAN_POINT('',(38.33682906419,2.00863393029,4.951650989607)
  );
#9607 = CARTESIAN_POINT('',(38.444579837609,0.939585992739,
    5.419691415585));
#9608 = CARTESIAN_POINT('',(38.542263086433,-7.468479695822E-02,
    5.316100306143));
#9609 = CARTESIAN_POINT('',(38.629979379445,-0.799117158355,
    4.864770106479));
#9610 = CARTESIAN_POINT('',(38.707732063654,-1.193338942153,
    4.270704546154));
#9611 = CARTESIAN_POINT('',(38.775769641858,-1.304084811751,
    3.694599870657));
#9612 = CARTESIAN_POINT('',(38.845523672904,-1.419309754181,
    3.118706113782));
#9613 = CARTESIAN_POINT('',(38.906202229317,-1.251869520002,
    2.556411758071));
#9614 = CARTESIAN_POINT('',(38.958115637947,-0.847948253641,
    2.161093702679));
#9615 = CARTESIAN_POINT('',(39.001421583287,-0.354623533907,
    2.043501309047));
#9616 = CARTESIAN_POINT('',(39.036490890258,4.515069004492E-02,
    2.152318707018));
#9617 = CARTESIAN_POINT('',(39.063701443704,0.28244859398,2.355606916273
    ));
#9618 = CARTESIAN_POINT('',(39.083394455723,0.407119729048,
    2.554732004912));
#9619 = CARTESIAN_POINT('',(39.09606234241,0.461016002944,2.729107108526
    ));
#9620 = CARTESIAN_POINT('',(39.108282701497,0.493018034863,
    3.024488360803));
#9621 = CARTESIAN_POINT('',(39.107846914878,0.471215914854,
    3.146011858335));
#9622 = CARTESIAN_POINT('',(39.101302859895,0.440183047623,
    3.241557079561));
#9623 = CARTESIAN_POINT('',(39.089302007194,0.421442216301,3.34245191143
    ));
#9624 = CARTESIAN_POINT('',(39.072253509026,0.368336230845,
    3.479690815052));
#9625 = CARTESIAN_POINT('',(39.05081461434,0.234325715214,3.615998119835
    ));
#9626 = CARTESIAN_POINT('',(39.02577764099,3.245519201115E-02,
    3.674747767629));
#9627 = CARTESIAN_POINT('',(38.997533740858,-0.174749957511,
    3.637338720154));
#9628 = CARTESIAN_POINT('',(38.967023878544,-0.338170646032,
    3.518903761281));
#9629 = CARTESIAN_POINT('',(38.941198605105,-0.502174265134,
    3.399591630911));
#9630 = CARTESIAN_POINT('',(38.913414663274,-0.621020165798,
    3.199151435693));
#9631 = CARTESIAN_POINT('',(38.884567965263,-0.645160666346,
    2.937377247655));
#9632 = CARTESIAN_POINT('',(38.855034770186,-0.527174849762,
    2.664766773153));
#9633 = CARTESIAN_POINT('',(38.825644500481,-0.271884927653,
    2.492546635731));
#9634 = CARTESIAN_POINT('',(38.797129707743,2.57365575826E-02,
    2.489831003033));
#9635 = CARTESIAN_POINT('',(38.770009477128,0.244175857321,
    2.626498351243));
#9636 = CARTESIAN_POINT('',(38.745090270565,0.347130775239,
    2.816199488935));
#9637 = CARTESIAN_POINT('',(38.700901569455,0.347578243417,
    3.163277092348));
#9638 = CARTESIAN_POINT('',(38.681646536306,0.244916240574,
    3.320165193046));
#9639 = CARTESIAN_POINT('',(38.665871331444,5.71085256215E-02,
    3.391003685635));
#9640 = CARTESIAN_POINT('',(38.654327836345,-0.153025895313,
    3.31207979981));
#9641 = CARTESIAN_POINT('',(38.647566755262,-0.245192036249,
    3.094495874508));
#9642 = CARTESIAN_POINT('',(38.646267983978,-0.14406483324,
    2.867306498466));
#9643 = CARTESIAN_POINT('',(38.651160267642,8.748311119707E-02,
    2.784188417784));
#9644 = CARTESIAN_POINT('',(38.662653516069,0.315848775941,
    2.870802990449));
#9645 = CARTESIAN_POINT('',(38.681484140566,0.443753573282,
    3.077646149085));
#9646 = CARTESIAN_POINT('',(38.703512789611,0.568099463223,
    3.284088689801));
#9647 = CARTESIAN_POINT('',(38.732561547766,0.591244478566,
    3.607599621005));
#9648 = CARTESIAN_POINT('',(38.769262057613,0.418087202909,
    3.991023984393));
#9649 = CARTESIAN_POINT('',(38.813848419871,-2.133752687056E-02,
    4.311134594236));
#9650 = CARTESIAN_POINT('',(38.866821712612,-0.678880307624,
    4.34061248576));
#9651 = CARTESIAN_POINT('',(38.928572983688,-1.316540173942,
    3.954286591023));
#9652 = CARTESIAN_POINT('',(38.999303685013,-1.644685639598,
    3.252896678805));
#9653 = CARTESIAN_POINT('',(39.079368892571,-1.567266214442,
    2.48777244454));
#9654 = CARTESIAN_POINT('',(39.258541169879,-0.711458890864,
    1.272128526489));
#9655 = CARTESIAN_POINT('',(39.357651668443,6.738529936236E-02,
    0.822153761118));
#9656 = CARTESIAN_POINT('',(39.46652129883,1.132836124216,0.7543566694)
  );
#9657 = CARTESIAN_POINT('',(39.585285812173,2.28063701685,1.27460100975)
  );
#9658 = CARTESIAN_POINT('',(39.71411562286,3.085694652795,2.436003565717
    ));
#9659 = CARTESIAN_POINT('',(39.853066218787,3.173028108204,
    3.936780424009));
#9660 = CARTESIAN_POINT('',(40.002107906772,2.478372774263,
    5.256035918877));
#9661 = CARTESIAN_POINT('',(40.161282469578,1.282267188438,
    6.041530033714));
#9662 = CARTESIAN_POINT('',(40.330419278387,-5.251240968045E-02,
    6.171679706672));
#9663 = CARTESIAN_POINT('',(25.,0.28,3.1));
#9664 = CARTESIAN_POINT('',(24.997412497209,0.26411567518,3.220239303748
    ));
#9665 = CARTESIAN_POINT('',(24.994538761281,0.189867898943,
    3.333108318929));
#9666 = CARTESIAN_POINT('',(24.992140172941,5.842985711673E-02,
    3.405460450033));
#9667 = CARTESIAN_POINT('',(24.990530977096,-0.114351407275,
    3.402714239866));
#9668 = CARTESIAN_POINT('',(24.990402309521,-0.26931205443,
    3.288445404051));
#9669 = CARTESIAN_POINT('',(24.99235601642,-0.327631873439,
    3.091672267146));
#9670 = CARTESIAN_POINT('',(24.996805925346,-0.251715492539,
    2.904342842771));
#9671 = CARTESIAN_POINT('',(25.004402339079,-8.940059490096E-02,
    2.801683626223));
#9672 = CARTESIAN_POINT('',(25.026864935581,0.271824269602,
    2.814760362182));
#9673 = CARTESIAN_POINT('',(25.041742294671,0.470737943166,
    2.930913697468));
#9674 = CARTESIAN_POINT('',(25.060774385745,0.616087205669,
    3.179287048039));
#9675 = CARTESIAN_POINT('',(25.08453515889,0.616345193379,3.541746574819
    ));
#9676 = CARTESIAN_POINT('',(25.113456954217,0.373246553964,
    3.901068749936));
#9677 = CARTESIAN_POINT('',(25.148047833276,-8.213954282445E-02,
    4.080317209296));
#9678 = CARTESIAN_POINT('',(25.188837595025,-0.577642943943,
    3.965161703539));
#9679 = CARTESIAN_POINT('',(25.236134256795,-0.936673108028,
    3.609059580263));
#9680 = CARTESIAN_POINT('',(25.290450096916,-1.064170932491,
    3.135926219133));
#9681 = CARTESIAN_POINT('',(25.346895101545,-1.188300492792,
    2.663060221144));
#9682 = CARTESIAN_POINT('',(25.410021428923,-1.080200635668,
    2.076316294401));
#9683 = CARTESIAN_POINT('',(25.480255009131,-0.649317240581,
    1.506823801199));
#9684 = CARTESIAN_POINT('',(25.557745418766,0.124163321322,
    1.150980588001));
#9685 = CARTESIAN_POINT('',(25.642811102644,1.084019279685,
    1.260326575826));
#9686 = CARTESIAN_POINT('',(25.735686335907,1.900343112177,
    1.903824974047));
#9687 = CARTESIAN_POINT('',(25.83646798421,2.259185479205,2.881600214305
    ));
#9688 = CARTESIAN_POINT('',(25.945345889812,2.097557452699,
    3.875887401203));
#9689 = CARTESIAN_POINT('',(26.17942707349,0.942981185506,5.387420150793
    ));
#9690 = CARTESIAN_POINT('',(26.304636227827,-4.943475429504E-02,
    5.904441932239));
#9691 = CARTESIAN_POINT('',(26.438086493982,-1.348011847876,
    5.924244085459));
#9692 = CARTESIAN_POINT('',(26.579887306027,-2.660166704758,
    5.248571796567));
#9693 = CARTESIAN_POINT('',(26.729897588954,-3.536087172585,
    3.872368584813));
#9694 = CARTESIAN_POINT('',(26.888307162517,-3.564498648742,
    2.191548138859));
#9695 = CARTESIAN_POINT('',(27.054763449025,-2.768161428816,
    0.756503337718));
#9696 = CARTESIAN_POINT('',(27.229348035898,-1.454218351969,
    -7.562245782021E-02));
#9697 = CARTESIAN_POINT('',(27.411749710385,-1.989580832545E-02,
    -0.203600958905));
#9698 = CARTESIAN_POINT('',(27.592422371226,1.414639786986,
    -0.327986025393));
#9699 = CARTESIAN_POINT('',(27.780394408108,2.966285284483,
    0.251729615047));
#9700 = CARTESIAN_POINT('',(27.975318694714,4.23672525307,1.633160893443
    ));
#9701 = CARTESIAN_POINT('',(28.177143433562,4.750262856102,
    3.648625586738));
#9702 = CARTESIAN_POINT('',(28.385310906867,4.134606508942,5.79446696667
    ));
#9703 = CARTESIAN_POINT('',(28.599712805259,2.498527594459,
    7.319933321274));
#9704 = CARTESIAN_POINT('',(28.819832579505,0.419493717172,
    7.823879421601));
#9705 = CARTESIAN_POINT('',(29.045329046001,-1.508794365288,
    7.328037996347));
#9706 = CARTESIAN_POINT('',(29.506167425674,-4.244679472897,
    4.942057094509));
#9707 = CARTESIAN_POINT('',(29.741515852818,-5.052580934703,
    3.051769689571));
#9708 = CARTESIAN_POINT('',(29.981317189615,-4.891183588942,
    0.767909217447));
#9709 = CARTESIAN_POINT('',(30.225249297555,-3.549304445751,
    -1.331573168033));
#9710 = CARTESIAN_POINT('',(30.47247514074,-1.219007092605,
    -2.518807261459));
#9711 = CARTESIAN_POINT('',(30.72300113132,1.340243034362,
    -2.354109035023));
#9712 = CARTESIAN_POINT('',(30.975667202765,3.370878271938,
    -1.053138190926));
#9713 = CARTESIAN_POINT('',(31.230392374524,4.467453997828,
    0.866980822987));
#9714 = CARTESIAN_POINT('',(31.486291413644,4.588618126265,
    2.852846497871));
#9715 = CARTESIAN_POINT('',(31.738247821935,4.709380965596,
    4.839202993574));
#9716 = CARTESIAN_POINT('',(31.991185420843,3.854771246136,
    6.891201823197));
#9717 = CARTESIAN_POINT('',(32.244274538121,1.984940526898,
    8.455700514718));
#9718 = CARTESIAN_POINT('',(32.49743885885,-0.574779703065,8.95863367714
    ));
#9719 = CARTESIAN_POINT('',(32.749533064452,-3.103614773265,
    8.06715466431));
#9720 = CARTESIAN_POINT('',(33.00050735366,-4.765563284857,
    6.098699741982));
#9721 = CARTESIAN_POINT('',(33.249477466617,-5.244711145589,
    3.763102761937));
#9722 = CARTESIAN_POINT('',(33.496027696063,-4.663695744633,
    1.687665715791));
#9723 = CARTESIAN_POINT('',(33.983118420995,-2.127456614512,
    -1.182271345852));
#9724 = CARTESIAN_POINT('',(34.223666205607,-0.171958502385,
    -1.976984635796));
#9725 = CARTESIAN_POINT('',(34.46064310512,2.097235577345,
    -1.752104260433));
#9726 = CARTESIAN_POINT('',(34.693605406999,4.068606777417,
    -0.384979963351));
#9727 = CARTESIAN_POINT('',(34.921808367392,5.071358599526,1.81010326679
    ));
#9728 = CARTESIAN_POINT('',(35.145080172722,4.850591463017,
    4.067718682548));
#9729 = CARTESIAN_POINT('',(35.362545012184,3.70339944945,5.782543564219
    ));
#9730 = CARTESIAN_POINT('',(35.574044440074,2.104831513668,
    6.683650931701));
#9731 = CARTESIAN_POINT('',(35.778957231764,0.501579872447,
    6.797186028822));
#9732 = CARTESIAN_POINT('',(35.981463461729,-1.101973557803,
    6.913893603762));
#9733 = CARTESIAN_POINT('',(36.177698650628,-2.713509517356,
    6.243029589515));
#9734 = CARTESIAN_POINT('',(36.367143398213,-3.887657982051,
    4.808996054824));
#9735 = CARTESIAN_POINT('',(36.549761364409,-4.217082351131,
    2.925654611684));
#9736 = CARTESIAN_POINT('',(36.724920272597,-3.548576003257,
    1.174224093435));
#9737 = CARTESIAN_POINT('',(36.892664914901,-2.219345084015,
    8.357176913898E-02));
#9738 = CARTESIAN_POINT('',(37.052591997921,-0.717995301254,
    -0.226872732316));
#9739 = CARTESIAN_POINT('',(37.204602975805,0.578239575181,
    0.109774762178));
#9740 = CARTESIAN_POINT('',(37.492475519174,2.364446335891,1.57223188386
    ));
#9741 = CARTESIAN_POINT('',(37.628341926366,2.853821406907,
    2.697968402663));
#9742 = CARTESIAN_POINT('',(37.755986871115,2.746576922094,3.96793605962
    ));
#9743 = CARTESIAN_POINT('',(37.87535016529,2.012491372936,5.014408351649
    ));
#9744 = CARTESIAN_POINT('',(37.986331470646,0.92190109617,5.516394517084
    ));
#9745 = CARTESIAN_POINT('',(38.088936644329,-0.147551973751,
    5.426738884683));
#9746 = CARTESIAN_POINT('',(38.183247181993,-0.93246686098,
    4.946938444507));
#9747 = CARTESIAN_POINT('',(38.269265426862,-1.364699715411,
    4.291560341399));
#9748 = CARTESIAN_POINT('',(38.347195689218,-1.477046240777,
    3.641218395231));
#9749 = CARTESIAN_POINT('',(38.426544361787,-1.593122022738,
    2.991050726122));
#9750 = CARTESIAN_POINT('',(38.498337156006,-1.389980144613,
    2.342331765393));
#9751 = CARTESIAN_POINT('',(38.562830769266,-0.901129926565,
    1.869717931922));
#9752 = CARTESIAN_POINT('',(38.620155112765,-0.272394755443,
    1.716126885539));
#9753 = CARTESIAN_POINT('',(38.670617389347,0.281587235656,
    1.869245622838));
#9754 = CARTESIAN_POINT('',(38.714530681544,0.635639534734,
    2.199972157924));
#9755 = CARTESIAN_POINT('',(38.752177629651,0.794282920765,
    2.567617830645));
#9756 = CARTESIAN_POINT('',(38.783966730304,0.799077496209,2.89972462158
    ));
#9757 = CARTESIAN_POINT('',(38.836604743358,0.613288397498,
    3.415033757674));
#9758 = CARTESIAN_POINT('',(38.857463401176,0.422809061498,
    3.598632924038));
#9759 = CARTESIAN_POINT('',(38.873224864491,0.188235763134,
    3.671767898932));
#9760 = CARTESIAN_POINT('',(38.884429732357,-2.0222349607E-02,
    3.641341731343));
#9761 = CARTESIAN_POINT('',(38.891417832595,-0.176128251955,
    3.555796250393));
#9762 = CARTESIAN_POINT('',(38.894734939216,-0.284183353212,
    3.445453801707));
#9763 = CARTESIAN_POINT('',(38.895038987334,-0.348844962954,
    3.313709952826));
#9764 = CARTESIAN_POINT('',(38.892655346245,-0.361715940807,
    3.179202812243));
#9765 = CARTESIAN_POINT('',(38.888365708051,-0.32837329561,3.06047407761
    ));
#9766 = CARTESIAN_POINT('',(38.887970850502,-0.295515293977,
    2.94100578871));
#9767 = CARTESIAN_POINT('',(38.885926780655,-0.215334441877,
    2.837235461563));
#9768 = CARTESIAN_POINT('',(38.882978688742,-9.317091565773E-02,
    2.770432686443));
#9769 = CARTESIAN_POINT('',(38.879438927646,6.024807835024E-02,
    2.759321940512));
#9770 = CARTESIAN_POINT('',(38.875997560495,0.211018215038,
    2.834735115746));
#9771 = CARTESIAN_POINT('',(38.873263980015,0.299280721278,
    2.987253465711));
#9772 = CARTESIAN_POINT('',(38.871669794416,0.281774067186,
    3.155417177488));
#9773 = CARTESIAN_POINT('',(38.871886241774,0.182851894909,
    3.274008581401));
#9774 = CARTESIAN_POINT('',(38.876978682598,-8.300117889602E-02,
    3.353677053719));
#9775 = CARTESIAN_POINT('',(38.881866715085,-0.250028393384,
    3.314374788913));
#9776 = CARTESIAN_POINT('',(38.889629676659,-0.400322155816,
    3.167478239898));
#9777 = CARTESIAN_POINT('',(38.900893340147,-0.462707343952,
    2.91152590427));
#9778 = CARTESIAN_POINT('',(38.916116397877,-0.342712418111,
    2.62004941207));
#9779 = CARTESIAN_POINT('',(38.935865034486,-3.802904027601E-02,
    2.434023044039));
#9780 = CARTESIAN_POINT('',(38.960746099365,0.332866268209,
    2.466368466025));
#9781 = CARTESIAN_POINT('',(38.991101498977,0.62507788945,2.695529298359
    ));
#9782 = CARTESIAN_POINT('',(39.02754475905,0.751690205286,3.034542208018
    ));
#9783 = CARTESIAN_POINT('',(39.066655568411,0.875349067494,
    3.373220962326));
#9784 = CARTESIAN_POINT('',(39.111591512413,0.832787913744,
    3.819088663186));
#9785 = CARTESIAN_POINT('',(39.162879756841,0.540032312965,
    4.278691871783));
#9786 = CARTESIAN_POINT('',(39.220715134769,-3.829821701065E-02,
    4.599973643292));
#9787 = CARTESIAN_POINT('',(39.285516157799,-0.801403450834,
    4.564110405361));
#9788 = CARTESIAN_POINT('',(39.357609481553,-1.485151172502,
    4.085602836482));
#9789 = CARTESIAN_POINT('',(39.437163364258,-1.812364437772,
    3.305223463068));
#9790 = CARTESIAN_POINT('',(39.524474950753,-1.709451774559,
    2.486059504713));
#9791 = CARTESIAN_POINT('',(39.714926064234,-0.790920298192,
    1.210991110381));
#9792 = CARTESIAN_POINT('',(39.818068474559,2.505264721794E-02,
    0.755572159829));
#9793 = CARTESIAN_POINT('',(39.929324396455,1.115369627459,
    0.704717393488));
#9794 = CARTESIAN_POINT('',(40.048808163467,2.259158137139,
    1.248631395438));
#9795 = CARTESIAN_POINT('',(40.176662992511,3.03893001651,2.409808988379
    ));
#9796 = CARTESIAN_POINT('',(40.31293656225,3.109038413373,3.877468883011
    ));
#9797 = CARTESIAN_POINT('',(40.457605692517,2.430469438231,
    5.152407884713));
#9798 = CARTESIAN_POINT('',(40.610706611741,1.279165343165,
    5.907779055325));
#9799 = CARTESIAN_POINT('',(40.772099055805,2.501475424355E-03,
    6.036279125443));
#9800 = DEFINITIONAL_REPRESENTATION('',(#9801),#9804);
#9801 = B_SPLINE_CURVE_WITH_KNOTS('',1,(#9802,#9803),.UNSPECIFIED.,.F.,
  .F.,(2,2),(0.,65.359328029255),.PIECEWISE_BEZIER_KNOTS.);
#9802 = CARTESIAN_POINT('',(6.28318530718,0.));
#9803 = CARTESIAN_POINT('',(6.28318530718,65.359328029255));
#9804 = ( GEOMETRIC_REPRESENTATION_CONTEXT(2) 
PARAMETRIC_REPRESENTATION_CONTEXT() REPRESENTATION_CONTEXT('2D SPACE',''
  ) );
#9805 = PCURVE('',#8840,#9806);
#9806 = DEFINITIONAL_REPRESENTATION('',(#9807),#9811);
#9807 = LINE('',#9808,#9809);
#9808 = CARTESIAN_POINT('',(0.,0.));
#9809 = VECTOR('',#9810,1.);
#9810 = DIRECTION('',(0.,1.));
#9811 = ( GEOMETRIC_REPRESENTATION_CONTEXT(2) 
PARAMETRIC_REPRESENTATION_CONTEXT() REPRESENTATION_CONTEXT('2D SPACE',''
  ) );
#9812 = ORIENTED_EDGE('',*,*,#9813,.F.);
#9813 = EDGE_CURVE('',#8698,#8698,#9814,.T.);
#9814 = SURFACE_CURVE('',#9815,(#9823,#9830),.PCURVE_S1.);
#9815 = ( BOUNDED_CURVE() B_SPLINE_CURVE(6,(#9816,#9817,#9818,#9819,
#9820,#9821,#9822),.UNSPECIFIED.,.T.,.F.) B_SPLINE_CURVE_WITH_KNOTS((1,6
    ,6,1),(-6.28318530718,0.,6.28318530718,12.566370614359),
.UNSPECIFIED.) CURVE() GEOMETRIC_REPRESENTATION_ITEM() 
RATIONAL_B_SPLINE_CURVE((1.669078461068,1.03672962321,1.038346699848,
    0.853534330196,1.038346699848,1.03672962321,1.669078461068)) 
REPRESENTATION_ITEM('') );
#9816 = CARTESIAN_POINT('',(40.772099055805,2.501475424355E-03,
    6.036279125443));
#9817 = CARTESIAN_POINT('',(41.213778833222,5.751536052916E-02,
    5.900878544213));
#9818 = CARTESIAN_POINT('',(41.368291094973,-0.498512696993,
    5.949463655444));
#9819 = CARTESIAN_POINT('',(40.938327411038,-1.026546516392,
    6.160412824117));
#9820 = CARTESIAN_POINT('',(40.358096142053,-0.624338582431,
    6.259147256039));
#9821 = CARTESIAN_POINT('',(40.330419278387,-5.251240968045E-02,
    6.171679706672));
#9822 = CARTESIAN_POINT('',(40.772099055805,2.501475424355E-03,
    6.036279125443));
#9823 = PCURVE('',#8840,#9824);
#9824 = DEFINITIONAL_REPRESENTATION('',(#9825),#9829);
#9825 = LINE('',#9826,#9827);
#9826 = CARTESIAN_POINT('',(0.,65.359328029255));
#9827 = VECTOR('',#9828,1.);
#9828 = DIRECTION('',(1.,0.));
#9829 = ( GEOMETRIC_REPRESENTATION_CONTEXT(2) 
PARAMETRIC_REPRESENTATION_CONTEXT() REPRESENTATION_CONTEXT('2D SPACE',''
  ) );
#9830 = PCURVE('',#9831,#9836);
#9831 = PLANE('',#9832);
#9832 = AXIS2_PLACEMENT_3D('',#9833,#9834,#9835);
#9833 = CARTESIAN_POINT('',(40.816430034086,-0.271932474859,
    6.069383996704));
#9834 = DIRECTION('',(-0.271315350512,-0.158350008729,-0.949375192067));
#9835 = DIRECTION('',(-0.961506477396,8.046805020459E-19,0.274782266394)
  );
#9836 = DEFINITIONAL_REPRESENTATION('',(#9837),#9845);
#9837 = ( BOUNDED_CURVE() B_SPLINE_CURVE(6,(#9838,#9839,#9840,#9841,
#9842,#9843,#9844),.UNSPECIFIED.,.T.,.F.) B_SPLINE_CURVE_WITH_KNOTS((1,6
    ,6,1),(-6.28318530718,0.,6.28318530718,12.566370614359),
.UNSPECIFIED.) CURVE() GEOMETRIC_REPRESENTATION_ITEM() 
RATIONAL_B_SPLINE_CURVE((1.669078461068,1.03672962321,1.038346699848,
    0.853534330196,1.038346699848,1.03672962321,1.669078461068)) 
REPRESENTATION_ITEM('') );
#9838 = CARTESIAN_POINT('',(3.352789121305E-02,0.277940716188));
#9839 = CARTESIAN_POINT('',(-0.42835575429,0.333657578517));
#9840 = CARTESIAN_POINT('',(-0.563569967823,-0.229475504577));
#9841 = CARTESIAN_POINT('',(-9.219201001283E-02,-0.764256634186));
#9842 = CARTESIAN_POINT('',(0.492834584478,-0.356909215594));
#9843 = CARTESIAN_POINT('',(0.495411536716,0.222223853859));
#9844 = CARTESIAN_POINT('',(3.352789121305E-02,0.277940716188));
#9845 = ( GEOMETRIC_REPRESENTATION_CONTEXT(2) 
PARAMETRIC_REPRESENTATION_CONTEXT() REPRESENTATION_CONTEXT('2D SPACE',''
  ) );
#9846 = ORIENTED_EDGE('',*,*,#8695,.F.);
#9847 = ORIENTED_EDGE('',*,*,#9848,.T.);
#9848 = EDGE_CURVE('',#8696,#8696,#9849,.T.);
#9849 = SURFACE_CURVE('',#9850,(#9858,#9865),.PCURVE_S1.);
#9850 = ( BOUNDED_CURVE() B_SPLINE_CURVE(6,(#9851,#9852,#9853,#9854,
#9855,#9856,#9857),.UNSPECIFIED.,.T.,.F.) B_SPLINE_CURVE_WITH_KNOTS((1,6
    ,6,1),(-6.28318530718,0.,6.28318530718,12.566370614359),
.UNSPECIFIED.) CURVE() GEOMETRIC_REPRESENTATION_ITEM() 
RATIONAL_B_SPLINE_CURVE((1.669078461068,1.03672962321,1.038346699848,
    0.853534330196,1.038346699848,1.03672962321,1.669078461068)) 
REPRESENTATION_ITEM('') );
#9851 = CARTESIAN_POINT('',(25.,0.28,3.1));
#9852 = CARTESIAN_POINT('',(25.,0.28,3.56523206116));
#9853 = CARTESIAN_POINT('',(25.,-0.295273493353,3.632031467309));
#9854 = CARTESIAN_POINT('',(25.,-0.769752737882,3.1));
#9855 = CARTESIAN_POINT('',(25.,-0.295273493353,2.567968532691));
#9856 = CARTESIAN_POINT('',(25.,0.28,2.63476793884));
#9857 = CARTESIAN_POINT('',(25.,0.28,3.1));
#9858 = PCURVE('',#8840,#9859);
#9859 = DEFINITIONAL_REPRESENTATION('',(#9860),#9864);
#9860 = LINE('',#9861,#9862);
#9861 = CARTESIAN_POINT('',(0.,0.));
#9862 = VECTOR('',#9863,1.);
#9863 = DIRECTION('',(1.,0.));
#9864 = ( GEOMETRIC_REPRESENTATION_CONTEXT(2) 
PARAMETRIC_REPRESENTATION_CONTEXT() REPRESENTATION_CONTEXT('2D SPACE',''
  ) );
#9865 = PCURVE('',#9866,#9871);
#9866 = PLANE('',#9867);
#9867 = AXIS2_PLACEMENT_3D('',#9868,#9869,#9870);
#9868 = CARTESIAN_POINT('',(25.,4.435850576243E-05,3.1));
#9869 = DIRECTION('',(1.,1.47116491982E-14,1.062607300394E-13));
#9870 = DIRECTION('',(-1.062607300394E-13,8.044565182409E-44,1.));
#9871 = DEFINITIONAL_REPRESENTATION('',(#9872),#9880);
#9872 = ( BOUNDED_CURVE() B_SPLINE_CURVE(6,(#9873,#9874,#9875,#9876,
#9877,#9878,#9879),.UNSPECIFIED.,.T.,.F.) B_SPLINE_CURVE_WITH_KNOTS((1,6
    ,6,1),(-6.28318530718,0.,6.28318530718,12.566370614359),
.UNSPECIFIED.) CURVE() GEOMETRIC_REPRESENTATION_ITEM() 
RATIONAL_B_SPLINE_CURVE((1.669078461068,1.03672962321,1.038346699848,
    0.853534330196,1.038346699848,1.03672962321,1.669078461068)) 
REPRESENTATION_ITEM('') );
#9873 = CARTESIAN_POINT('',(-3.10862446895E-15,-0.279955641494));
#9874 = CARTESIAN_POINT('',(0.46523206116,-0.279955641494));
#9875 = CARTESIAN_POINT('',(0.532031467309,0.295317851859));
#9876 = CARTESIAN_POINT('',(-1.33226762955E-15,0.769797096388));
#9877 = CARTESIAN_POINT('',(-0.532031467309,0.295317851859));
#9878 = CARTESIAN_POINT('',(-0.46523206116,-0.279955641494));
#9879 = CARTESIAN_POINT('',(-3.10862446895E-15,-0.279955641494));
#9880 = ( GEOMETRIC_REPRESENTATION_CONTEXT(2) 
PARAMETRIC_REPRESENTATION_CONTEXT() REPRESENTATION_CONTEXT('2D SPACE',''
  ) );
#9881 = ADVANCED_FACE('',(#9882),#9866,.F.);
#9882 = FACE_BOUND('',#9883,.F.);
#9883 = EDGE_LOOP('',(#9884));
#9884 = ORIENTED_EDGE('',*,*,#9848,.T.);
#9885 = ADVANCED_FACE('',(#9886),#9831,.T.);
#9886 = FACE_BOUND('',#9887,.T.);
#9887 = EDGE_LOOP('',(#9888));
#9888 = ORIENTED_EDGE('',*,*,#9813,.T.);
#9889 = ( GEOMETRIC_REPRESENTATION_CONTEXT(3) 
GLOBAL_UNCERTAINTY_ASSIGNED_CONTEXT((#9893)) 
GLOBAL_UNIT_ASSIGNED_CONTEXT((#9890,#9891,#9892)) REPRESENTATION_CONTEXT
('Context #1','3D Context with UNIT and UNCERTAINTY') );
#9890 = ( LENGTH_UNIT() NAMED_UNIT(*) SI_UNIT(.MILLI.,.METRE.) );
#9891 = ( NAMED_UNIT(*) PLANE_ANGLE_UNIT() SI_UNIT($,.RADIAN.) );
#9892 = ( NAMED_UNIT(*) SI_UNIT($,.STERADIAN.) SOLID_ANGLE_UNIT() );
#9893 = UNCERTAINTY_MEASURE_WITH_UNIT(LENGTH_MEASURE(2.E-05),#9890,
  'distance_accuracy_value','confusion accuracy');
#9894 = CONTEXT_DEPENDENT_SHAPE_REPRESENTATION(#9895,#9897);
#9895 = ( REPRESENTATION_RELATIONSHIP('','',#8688,#10) 
REPRESENTATION_RELATIONSHIP_WITH_TRANSFORMATION(#9896) 
SHAPE_REPRESENTATION_RELATIONSHIP() );
#9896 = ITEM_DEFINED_TRANSFORMATION('','',#11,#111);
#9897 = PRODUCT_DEFINITION_SHAPE('Placement','Placement of an item',
  #9898);
#9898 = NEXT_ASSEMBLY_USAGE_OCCURRENCE('25','433MHz spring antenna','',
  #5,#8683,$);
#9899 = PRODUCT_RELATED_PRODUCT_CATEGORY('part',$,(#8685));
#9900 = MECHANICAL_DESIGN_GEOMETRIC_PRESENTATION_REPRESENTATION('',(
    #9901),#8670);
#9901 = STYLED_ITEM('color',(#9902),#8340);
#9902 = PRESENTATION_STYLE_ASSIGNMENT((#9903));
#9903 = SURFACE_STYLE_USAGE(.BOTH.,#9904);
#9904 = SURFACE_SIDE_STYLE('',(#9905));
#9905 = SURFACE_STYLE_FILL_AREA(#9906);
#9906 = FILL_AREA_STYLE('',(#9907));
#9907 = FILL_AREA_STYLE_COLOUR('',#9908);
#9908 = COLOUR_RGB('',0.819999987296,0.640000008347,0.120000001395);
#9909 = MECHANICAL_DESIGN_GEOMETRIC_PRESENTATION_REPRESENTATION('',(
    #9910),#5878);
#9910 = STYLED_ITEM('color',(#9911),#5548);
#9911 = PRESENTATION_STYLE_ASSIGNMENT((#9912));
#9912 = SURFACE_STYLE_USAGE(.BOTH.,#9913);
#9913 = SURFACE_SIDE_STYLE('',(#9914));
#9914 = SURFACE_STYLE_FILL_AREA(#9915);
#9915 = FILL_AREA_STYLE('',(#9916));
#9916 = FILL_AREA_STYLE_COLOUR('',#9917);
#9917 = COLOUR_RGB('',0.78000000177,0.620000000292,0.180000002302);
#9918 = MECHANICAL_DESIGN_GEOMETRIC_PRESENTATION_REPRESENTATION('',(
    #9919),#4831);
#9919 = STYLED_ITEM('color',(#9920),#4501);
#9920 = PRESENTATION_STYLE_ASSIGNMENT((#9921));
#9921 = SURFACE_STYLE_USAGE(.BOTH.,#9922);
#9922 = SURFACE_SIDE_STYLE('',(#9923));
#9923 = SURFACE_STYLE_FILL_AREA(#9924);
#9924 = FILL_AREA_STYLE('',(#9925));
#9925 = FILL_AREA_STYLE_COLOUR('',#9926);
#9926 = COLOUR_RGB('',6.000000074816E-02,6.000000074816E-02,
  6.000000074816E-02);
#9927 = MECHANICAL_DESIGN_GEOMETRIC_PRESENTATION_REPRESENTATION('',(
    #9928),#6576);
#9928 = STYLED_ITEM('color',(#9929),#6246);
#9929 = PRESENTATION_STYLE_ASSIGNMENT((#9930));
#9930 = SURFACE_STYLE_USAGE(.BOTH.,#9931);
#9931 = SURFACE_SIDE_STYLE('',(#9932));
#9932 = SURFACE_STYLE_FILL_AREA(#9933);
#9933 = FILL_AREA_STYLE('',(#9934));
#9934 = FILL_AREA_STYLE_COLOUR('',#9917);
#9935 = MECHANICAL_DESIGN_GEOMETRIC_PRESENTATION_REPRESENTATION('',(
    #9936),#4133);
#9936 = STYLED_ITEM('color',(#9937),#3803);
#9937 = PRESENTATION_STYLE_ASSIGNMENT((#9938));
#9938 = SURFACE_STYLE_USAGE(.BOTH.,#9939);
#9939 = SURFACE_SIDE_STYLE('',(#9940));
#9940 = SURFACE_STYLE_FILL_AREA(#9941);
#9941 = FILL_AREA_STYLE('',(#9942));
#9942 = FILL_AREA_STYLE_COLOUR('',#9926);
#9943 = MECHANICAL_DESIGN_GEOMETRIC_PRESENTATION_REPRESENTATION('',(
    #9944),#643);
#9944 = STYLED_ITEM('color',(#9945),#129);
#9945 = PRESENTATION_STYLE_ASSIGNMENT((#9946));
#9946 = SURFACE_STYLE_USAGE(.BOTH.,#9947);
#9947 = SURFACE_SIDE_STYLE('',(#9948));
#9948 = SURFACE_STYLE_FILL_AREA(#9949);
#9949 = FILL_AREA_STYLE('',(#9950));
#9950 = FILL_AREA_STYLE_COLOUR('',#9951);
#9951 = COLOUR_RGB('',2.999999916181E-02,0.180000002302,0.380000002513);
#9952 = MECHANICAL_DESIGN_GEOMETRIC_PRESENTATION_REPRESENTATION('',(
    #9953),#5180);
#9953 = STYLED_ITEM('color',(#9954),#4850);
#9954 = PRESENTATION_STYLE_ASSIGNMENT((#9955));
#9955 = SURFACE_STYLE_USAGE(.BOTH.,#9956);
#9956 = SURFACE_SIDE_STYLE('',(#9957));
#9957 = SURFACE_STYLE_FILL_AREA(#9958);
#9958 = FILL_AREA_STYLE('',(#9959));
#9959 = FILL_AREA_STYLE_COLOUR('',#9917);
#9960 = MECHANICAL_DESIGN_GEOMETRIC_PRESENTATION_REPRESENTATION('',(
    #9961),#3784);
#9961 = STYLED_ITEM('color',(#9962),#3454);
#9962 = PRESENTATION_STYLE_ASSIGNMENT((#9963));
#9963 = SURFACE_STYLE_USAGE(.BOTH.,#9964);
#9964 = SURFACE_SIDE_STYLE('',(#9965));
#9965 = SURFACE_STYLE_FILL_AREA(#9966);
#9966 = FILL_AREA_STYLE('',(#9967));
#9967 = FILL_AREA_STYLE_COLOUR('',#9917);
#9968 = MECHANICAL_DESIGN_GEOMETRIC_PRESENTATION_REPRESENTATION('',(
    #9969),#3435);
#9969 = STYLED_ITEM('color',(#9970),#3105);
#9970 = PRESENTATION_STYLE_ASSIGNMENT((#9971));
#9971 = SURFACE_STYLE_USAGE(.BOTH.,#9972);
#9972 = SURFACE_SIDE_STYLE('',(#9973));
#9973 = SURFACE_STYLE_FILL_AREA(#9974);
#9974 = FILL_AREA_STYLE('',(#9975));
#9975 = FILL_AREA_STYLE_COLOUR('',#9926);
#9976 = MECHANICAL_DESIGN_GEOMETRIC_PRESENTATION_REPRESENTATION('',(
    #9977),#7274);
#9977 = STYLED_ITEM('color',(#9978),#6944);
#9978 = PRESENTATION_STYLE_ASSIGNMENT((#9979));
#9979 = SURFACE_STYLE_USAGE(.BOTH.,#9980);
#9980 = SURFACE_SIDE_STYLE('',(#9981));
#9981 = SURFACE_STYLE_FILL_AREA(#9982);
#9982 = FILL_AREA_STYLE('',(#9983));
#9983 = FILL_AREA_STYLE_COLOUR('',#9917);
#9984 = MECHANICAL_DESIGN_GEOMETRIC_PRESENTATION_REPRESENTATION('',(
    #9985),#5529);
#9985 = STYLED_ITEM('color',(#9986),#5199);
#9986 = PRESENTATION_STYLE_ASSIGNMENT((#9987));
#9987 = SURFACE_STYLE_USAGE(.BOTH.,#9988);
#9988 = SURFACE_SIDE_STYLE('',(#9989));
#9989 = SURFACE_STYLE_FILL_AREA(#9990);
#9990 = FILL_AREA_STYLE('',(#9991));
#9991 = FILL_AREA_STYLE_COLOUR('',#9926);
#9992 = MECHANICAL_DESIGN_GEOMETRIC_PRESENTATION_REPRESENTATION('',(
    #9993),#2737);
#9993 = STYLED_ITEM('color',(#9994),#2407);
#9994 = PRESENTATION_STYLE_ASSIGNMENT((#9995));
#9995 = SURFACE_STYLE_USAGE(.BOTH.,#9996);
#9996 = SURFACE_SIDE_STYLE('',(#9997));
#9997 = SURFACE_STYLE_FILL_AREA(#9998);
#9998 = FILL_AREA_STYLE('',(#9999));
#9999 = FILL_AREA_STYLE_COLOUR('',#10000);
#10000 = COLOUR_RGB('',0.120000001395,0.120000001395,0.120000001395);
#10001 = MECHANICAL_DESIGN_GEOMETRIC_PRESENTATION_REPRESENTATION('',(
    #10002),#2039);
#10002 = STYLED_ITEM('color',(#10003),#1709);
#10003 = PRESENTATION_STYLE_ASSIGNMENT((#10004));
#10004 = SURFACE_STYLE_USAGE(.BOTH.,#10005);
#10005 = SURFACE_SIDE_STYLE('',(#10006));
#10006 = SURFACE_STYLE_FILL_AREA(#10007);
#10007 = FILL_AREA_STYLE('',(#10008));
#10008 = FILL_AREA_STYLE_COLOUR('',#10000);
#10009 = MECHANICAL_DESIGN_GEOMETRIC_PRESENTATION_REPRESENTATION('',(
    #10010),#9889);
#10010 = STYLED_ITEM('color',(#10011),#8689);
#10011 = PRESENTATION_STYLE_ASSIGNMENT((#10012));
#10012 = SURFACE_STYLE_USAGE(.BOTH.,#10013);
#10013 = SURFACE_SIDE_STYLE('',(#10014));
#10014 = SURFACE_STYLE_FILL_AREA(#10015);
#10015 = FILL_AREA_STYLE('',(#10016));
#10016 = FILL_AREA_STYLE_COLOUR('',#10017);
#10017 = COLOUR_RGB('',0.649999988539,0.47000000295,0.180000002302);
#10018 = MECHANICAL_DESIGN_GEOMETRIC_PRESENTATION_REPRESENTATION('',(
    #10019),#2388);
#10019 = STYLED_ITEM('color',(#10020),#2058);
#10020 = PRESENTATION_STYLE_ASSIGNMENT((#10021));
#10021 = SURFACE_STYLE_USAGE(.BOTH.,#10022);
#10022 = SURFACE_SIDE_STYLE('',(#10023));
#10023 = SURFACE_STYLE_FILL_AREA(#10024);
#10024 = FILL_AREA_STYLE('',(#10025));
#10025 = FILL_AREA_STYLE_COLOUR('',#10000);
#10026 = MECHANICAL_DESIGN_GEOMETRIC_PRESENTATION_REPRESENTATION('',(
    #10027),#3086);
#10027 = STYLED_ITEM('color',(#10028),#2756);
#10028 = PRESENTATION_STYLE_ASSIGNMENT((#10029));
#10029 = SURFACE_STYLE_USAGE(.BOTH.,#10030);
#10030 = SURFACE_SIDE_STYLE('',(#10031));
#10031 = SURFACE_STYLE_FILL_AREA(#10032);
#10032 = FILL_AREA_STYLE('',(#10033));
#10033 = FILL_AREA_STYLE_COLOUR('',#9917);
#10034 = MECHANICAL_DESIGN_GEOMETRIC_PRESENTATION_REPRESENTATION('',(
    #10035),#992);
#10035 = STYLED_ITEM('color',(#10036),#662);
#10036 = PRESENTATION_STYLE_ASSIGNMENT((#10037));
#10037 = SURFACE_STYLE_USAGE(.BOTH.,#10038);
#10038 = SURFACE_SIDE_STYLE('',(#10039));
#10039 = SURFACE_STYLE_FILL_AREA(#10040);
#10040 = FILL_AREA_STYLE('',(#10041));
#10041 = FILL_AREA_STYLE_COLOUR('',#9926);
#10042 = MECHANICAL_DESIGN_GEOMETRIC_PRESENTATION_REPRESENTATION('',(
    #10043),#1690);
#10043 = STYLED_ITEM('color',(#10044),#1360);
#10044 = PRESENTATION_STYLE_ASSIGNMENT((#10045));
#10045 = SURFACE_STYLE_USAGE(.BOTH.,#10046);
#10046 = SURFACE_SIDE_STYLE('',(#10047));
#10047 = SURFACE_STYLE_FILL_AREA(#10048);
#10048 = FILL_AREA_STYLE('',(#10049));
#10049 = FILL_AREA_STYLE_COLOUR('',#10000);
#10050 = MECHANICAL_DESIGN_GEOMETRIC_PRESENTATION_REPRESENTATION('',(
    #10051),#1341);
#10051 = STYLED_ITEM('color',(#10052),#1011);
#10052 = PRESENTATION_STYLE_ASSIGNMENT((#10053));
#10053 = SURFACE_STYLE_USAGE(.BOTH.,#10054);
#10054 = SURFACE_SIDE_STYLE('',(#10055));
#10055 = SURFACE_STYLE_FILL_AREA(#10056);
#10056 = FILL_AREA_STYLE('',(#10057));
#10057 = FILL_AREA_STYLE_COLOUR('',#10058);
#10058 = COLOUR_RGB('',0.720000003324,0.720000003324,0.700000005816);
#10059 = MECHANICAL_DESIGN_GEOMETRIC_PRESENTATION_REPRESENTATION('',(
    #10060),#7623);
#10060 = STYLED_ITEM('color',(#10061),#7293);
#10061 = PRESENTATION_STYLE_ASSIGNMENT((#10062));
#10062 = SURFACE_STYLE_USAGE(.BOTH.,#10063);
#10063 = SURFACE_SIDE_STYLE('',(#10064));
#10064 = SURFACE_STYLE_FILL_AREA(#10065);
#10065 = FILL_AREA_STYLE('',(#10066));
#10066 = FILL_AREA_STYLE_COLOUR('',#9926);
#10067 = MECHANICAL_DESIGN_GEOMETRIC_PRESENTATION_REPRESENTATION('',(
    #10068),#4482);
#10068 = STYLED_ITEM('color',(#10069),#4152);
#10069 = PRESENTATION_STYLE_ASSIGNMENT((#10070));
#10070 = SURFACE_STYLE_USAGE(.BOTH.,#10071);
#10071 = SURFACE_SIDE_STYLE('',(#10072));
#10072 = SURFACE_STYLE_FILL_AREA(#10073);
#10073 = FILL_AREA_STYLE('',(#10074));
#10074 = FILL_AREA_STYLE_COLOUR('',#9917);
#10075 = MECHANICAL_DESIGN_GEOMETRIC_PRESENTATION_REPRESENTATION('',(
    #10076),#8321);
#10076 = STYLED_ITEM('color',(#10077),#7991);
#10077 = PRESENTATION_STYLE_ASSIGNMENT((#10078));
#10078 = SURFACE_STYLE_USAGE(.BOTH.,#10079);
#10079 = SURFACE_SIDE_STYLE('',(#10080));
#10080 = SURFACE_STYLE_FILL_AREA(#10081);
#10081 = FILL_AREA_STYLE('',(#10082));
#10082 = FILL_AREA_STYLE_COLOUR('',#9926);
#10083 = MECHANICAL_DESIGN_GEOMETRIC_PRESENTATION_REPRESENTATION('',(
    #10084),#7972);
#10084 = STYLED_ITEM('color',(#10085),#7642);
#10085 = PRESENTATION_STYLE_ASSIGNMENT((#10086));
#10086 = SURFACE_STYLE_USAGE(.BOTH.,#10087);
#10087 = SURFACE_SIDE_STYLE('',(#10088));
#10088 = SURFACE_STYLE_FILL_AREA(#10089);
#10089 = FILL_AREA_STYLE('',(#10090));
#10090 = FILL_AREA_STYLE_COLOUR('',#9917);
#10091 = MECHANICAL_DESIGN_GEOMETRIC_PRESENTATION_REPRESENTATION('',(
    #10092),#6227);
#10092 = STYLED_ITEM('color',(#10093),#5897);
#10093 = PRESENTATION_STYLE_ASSIGNMENT((#10094));
#10094 = SURFACE_STYLE_USAGE(.BOTH.,#10095);
#10095 = SURFACE_SIDE_STYLE('',(#10096));
#10096 = SURFACE_STYLE_FILL_AREA(#10097);
#10097 = FILL_AREA_STYLE('',(#10098));
#10098 = FILL_AREA_STYLE_COLOUR('',#9926);
#10099 = MECHANICAL_DESIGN_GEOMETRIC_PRESENTATION_REPRESENTATION('',(
    #10100),#6925);
#10100 = STYLED_ITEM('color',(#10101),#6595);
#10101 = PRESENTATION_STYLE_ASSIGNMENT((#10102));
#10102 = SURFACE_STYLE_USAGE(.BOTH.,#10103);
#10103 = SURFACE_SIDE_STYLE('',(#10104));
#10104 = SURFACE_STYLE_FILL_AREA(#10105);
#10105 = FILL_AREA_STYLE('',(#10106));
#10106 = FILL_AREA_STYLE_COLOUR('',#9926);
ENDSEC;
END-ISO-10303-21;
