ISO-10303-21;
HEADER;
/* Generated by software containing ST-Developer
 * from STEP Tools, Inc. (www.steptools.com) 
 */

FILE_DESCRIPTION(
/* description */ (''),
/* implementation_level */ '2;1');

FILE_NAME(
/* name */ 'Dock_IR_LED_Assembly_25deg_3mm.step',
/* time_stamp */ '2026-08-27T15:47:24+10:00',
/* author */ (''),
/* organization */ (''),
/* preprocessor_version */ 'ST-DEVELOPER v20.1',
/* originating_system */ 'Autodesk Translation Framework v15.8.0.0',
/* authorisation */ '');

FILE_SCHEMA (('AUTOMOTIVE_DESIGN { 1 0 10303 214 3 1 1 }'));
ENDSEC;

DATA;
#10=MECHANICAL_DESIGN_GEOMETRIC_PRESENTATION_REPRESENTATION('',(#29,#30,
#31,#32,#33,#34,#35,#36,#37,#38,#39,#40),#2604);
#11=SHAPE_REPRESENTATION_RELATIONSHIP('SRR','None',#2611,#12);
#12=ADVANCED_BREP_SHAPE_REPRESENTATION('',(#41,#42,#43,#44,#45,#46,#47,
#48,#49,#50,#51,#52),#2603);
#13=ELLIPSE('',#1609,0.340135625175058,0.25);
#14=ELLIPSE('',#1621,0.346525778998926,0.25);
#15=ELLIPSE('',#1633,0.331188132690286,0.25);
#16=ELLIPSE('',#1645,0.321545230275835,0.25);
#17=ELLIPSE('',#1655,0.318686740693438,0.25);
#18=ELLIPSE('',#1656,0.318686740693438,0.25);
#19=ELLIPSE('',#1657,0.318686740693438,0.25);
#20=ELLIPSE('',#1667,0.329194919181159,0.25);
#21=ELLIPSE('',#1668,0.329194919181159,0.25);
#22=ELLIPSE('',#1669,0.329194919181159,0.25);
#23=ELLIPSE('',#1679,0.339138750323468,0.25);
#24=ELLIPSE('',#1680,0.339138750323468,0.25);
#25=ELLIPSE('',#1681,0.339138750323468,0.25);
#26=ELLIPSE('',#1691,0.330549571240594,0.25);
#27=ELLIPSE('',#1692,0.330549571240594,0.25);
#28=ELLIPSE('',#1693,0.330549571240594,0.25);
#29=STYLED_ITEM('',(#2620),#41);
#30=STYLED_ITEM('',(#2620),#42);
#31=STYLED_ITEM('',(#2620),#43);
#32=STYLED_ITEM('',(#2620),#44);
#33=STYLED_ITEM('',(#2620),#45);
#34=STYLED_ITEM('',(#2620),#46);
#35=STYLED_ITEM('',(#2620),#47);
#36=STYLED_ITEM('',(#2620),#48);
#37=STYLED_ITEM('',(#2620),#49);
#38=STYLED_ITEM('',(#2620),#50);
#39=STYLED_ITEM('',(#2620),#51);
#40=STYLED_ITEM('',(#2620),#52);
#41=MANIFOLD_SOLID_BREP('Body37',#1497);
#42=MANIFOLD_SOLID_BREP('Body38',#1498);
#43=MANIFOLD_SOLID_BREP('Body39',#1499);
#44=MANIFOLD_SOLID_BREP('Body40',#1500);
#45=MANIFOLD_SOLID_BREP('Body41',#1501);
#46=MANIFOLD_SOLID_BREP('Body42',#1502);
#47=MANIFOLD_SOLID_BREP('Body43',#1503);
#48=MANIFOLD_SOLID_BREP('Body44',#1504);
#49=MANIFOLD_SOLID_BREP('Body45',#1505);
#50=MANIFOLD_SOLID_BREP('Body46',#1506);
#51=MANIFOLD_SOLID_BREP('Body47',#1507);
#52=MANIFOLD_SOLID_BREP('Body48',#1508);
#53=SPHERICAL_SURFACE('',#1537,2.5);
#54=SPHERICAL_SURFACE('',#1557,2.5);
#55=SPHERICAL_SURFACE('',#1577,2.5);
#56=SPHERICAL_SURFACE('',#1597,2.5);
#57=SPHERICAL_SURFACE('',#1602,0.25);
#58=SPHERICAL_SURFACE('',#1614,0.25);
#59=SPHERICAL_SURFACE('',#1626,0.25);
#60=SPHERICAL_SURFACE('',#1638,0.25);
#61=SPHERICAL_SURFACE('',#1650,0.25);
#62=SPHERICAL_SURFACE('',#1662,0.25);
#63=SPHERICAL_SURFACE('',#1674,0.25);
#64=SPHERICAL_SURFACE('',#1686,0.25);
#65=FACE_BOUND('',#273,.T.);
#66=FACE_BOUND('',#277,.T.);
#67=FACE_BOUND('',#278,.T.);
#68=FACE_BOUND('',#291,.T.);
#69=FACE_BOUND('',#295,.T.);
#70=FACE_BOUND('',#296,.T.);
#71=FACE_BOUND('',#309,.T.);
#72=FACE_BOUND('',#313,.T.);
#73=FACE_BOUND('',#314,.T.);
#74=FACE_BOUND('',#327,.T.);
#75=FACE_BOUND('',#331,.T.);
#76=FACE_BOUND('',#332,.T.);
#77=CIRCLE('',#1533,3.);
#78=CIRCLE('',#1534,3.);
#79=CIRCLE('',#1536,2.5);
#80=CIRCLE('',#1538,2.5);
#81=CIRCLE('',#1539,2.5);
#82=CIRCLE('',#1553,3.);
#83=CIRCLE('',#1554,3.);
#84=CIRCLE('',#1556,2.5);
#85=CIRCLE('',#1558,2.5);
#86=CIRCLE('',#1559,2.5);
#87=CIRCLE('',#1573,3.);
#88=CIRCLE('',#1574,3.);
#89=CIRCLE('',#1576,2.5);
#90=CIRCLE('',#1578,2.5);
#91=CIRCLE('',#1579,2.5);
#92=CIRCLE('',#1593,3.);
#93=CIRCLE('',#1594,3.);
#94=CIRCLE('',#1596,2.5);
#95=CIRCLE('',#1598,2.5);
#96=CIRCLE('',#1599,2.5);
#97=CIRCLE('',#1603,0.25);
#98=CIRCLE('',#1604,0.25);
#99=CIRCLE('',#1605,0.25);
#100=CIRCLE('',#1606,0.25);
#101=CIRCLE('',#1608,0.25);
#102=CIRCLE('',#1612,0.25);
#103=CIRCLE('',#1615,0.25);
#104=CIRCLE('',#1616,0.25);
#105=CIRCLE('',#1617,0.25);
#106=CIRCLE('',#1618,0.25);
#107=CIRCLE('',#1620,0.25);
#108=CIRCLE('',#1624,0.25);
#109=CIRCLE('',#1627,0.25);
#110=CIRCLE('',#1628,0.25);
#111=CIRCLE('',#1629,0.25);
#112=CIRCLE('',#1630,0.25);
#113=CIRCLE('',#1632,0.25);
#114=CIRCLE('',#1636,0.25);
#115=CIRCLE('',#1639,0.25);
#116=CIRCLE('',#1640,0.25);
#117=CIRCLE('',#1641,0.25);
#118=CIRCLE('',#1642,0.25);
#119=CIRCLE('',#1644,0.25);
#120=CIRCLE('',#1648,0.25);
#121=CIRCLE('',#1651,0.25);
#122=CIRCLE('',#1652,0.25);
#123=CIRCLE('',#1654,0.25);
#124=CIRCLE('',#1660,0.25);
#125=CIRCLE('',#1663,0.25);
#126=CIRCLE('',#1664,0.25);
#127=CIRCLE('',#1666,0.25);
#128=CIRCLE('',#1672,0.25);
#129=CIRCLE('',#1675,0.25);
#130=CIRCLE('',#1676,0.25);
#131=CIRCLE('',#1678,0.25);
#132=CIRCLE('',#1684,0.25);
#133=CIRCLE('',#1687,0.25);
#134=CIRCLE('',#1688,0.25);
#135=CIRCLE('',#1690,0.25);
#136=CIRCLE('',#1696,0.25);
#137=CYLINDRICAL_SURFACE('',#1532,3.);
#138=CYLINDRICAL_SURFACE('',#1540,2.5);
#139=CYLINDRICAL_SURFACE('',#1552,3.);
#140=CYLINDRICAL_SURFACE('',#1560,2.5);
#141=CYLINDRICAL_SURFACE('',#1572,3.);
#142=CYLINDRICAL_SURFACE('',#1580,2.5);
#143=CYLINDRICAL_SURFACE('',#1592,3.);
#144=CYLINDRICAL_SURFACE('',#1600,2.5);
#145=CYLINDRICAL_SURFACE('',#1607,0.25);
#146=CYLINDRICAL_SURFACE('',#1611,0.25);
#147=CYLINDRICAL_SURFACE('',#1619,0.25);
#148=CYLINDRICAL_SURFACE('',#1623,0.25);
#149=CYLINDRICAL_SURFACE('',#1631,0.25);
#150=CYLINDRICAL_SURFACE('',#1635,0.25);
#151=CYLINDRICAL_SURFACE('',#1643,0.25);
#152=CYLINDRICAL_SURFACE('',#1647,0.25);
#153=CYLINDRICAL_SURFACE('',#1653,0.25);
#154=CYLINDRICAL_SURFACE('',#1659,0.25);
#155=CYLINDRICAL_SURFACE('',#1665,0.25);
#156=CYLINDRICAL_SURFACE('',#1671,0.25);
#157=CYLINDRICAL_SURFACE('',#1677,0.25);
#158=CYLINDRICAL_SURFACE('',#1683,0.25);
#159=CYLINDRICAL_SURFACE('',#1689,0.25);
#160=CYLINDRICAL_SURFACE('',#1695,0.25);
#161=FACE_OUTER_BOUND('',#261,.T.);
#162=FACE_OUTER_BOUND('',#262,.T.);
#163=FACE_OUTER_BOUND('',#263,.T.);
#164=FACE_OUTER_BOUND('',#264,.T.);
#165=FACE_OUTER_BOUND('',#265,.T.);
#166=FACE_OUTER_BOUND('',#266,.T.);
#167=FACE_OUTER_BOUND('',#267,.T.);
#168=FACE_OUTER_BOUND('',#268,.T.);
#169=FACE_OUTER_BOUND('',#269,.T.);
#170=FACE_OUTER_BOUND('',#270,.T.);
#171=FACE_OUTER_BOUND('',#271,.T.);
#172=FACE_OUTER_BOUND('',#272,.T.);
#173=FACE_OUTER_BOUND('',#274,.T.);
#174=FACE_OUTER_BOUND('',#275,.T.);
#175=FACE_OUTER_BOUND('',#276,.T.);
#176=FACE_OUTER_BOUND('',#279,.T.);
#177=FACE_OUTER_BOUND('',#280,.T.);
#178=FACE_OUTER_BOUND('',#281,.T.);
#179=FACE_OUTER_BOUND('',#282,.T.);
#180=FACE_OUTER_BOUND('',#283,.T.);
#181=FACE_OUTER_BOUND('',#284,.T.);
#182=FACE_OUTER_BOUND('',#285,.T.);
#183=FACE_OUTER_BOUND('',#286,.T.);
#184=FACE_OUTER_BOUND('',#287,.T.);
#185=FACE_OUTER_BOUND('',#288,.T.);
#186=FACE_OUTER_BOUND('',#289,.T.);
#187=FACE_OUTER_BOUND('',#290,.T.);
#188=FACE_OUTER_BOUND('',#292,.T.);
#189=FACE_OUTER_BOUND('',#293,.T.);
#190=FACE_OUTER_BOUND('',#294,.T.);
#191=FACE_OUTER_BOUND('',#297,.T.);
#192=FACE_OUTER_BOUND('',#298,.T.);
#193=FACE_OUTER_BOUND('',#299,.T.);
#194=FACE_OUTER_BOUND('',#300,.T.);
#195=FACE_OUTER_BOUND('',#301,.T.);
#196=FACE_OUTER_BOUND('',#302,.T.);
#197=FACE_OUTER_BOUND('',#303,.T.);
#198=FACE_OUTER_BOUND('',#304,.T.);
#199=FACE_OUTER_BOUND('',#305,.T.);
#200=FACE_OUTER_BOUND('',#306,.T.);
#201=FACE_OUTER_BOUND('',#307,.T.);
#202=FACE_OUTER_BOUND('',#308,.T.);
#203=FACE_OUTER_BOUND('',#310,.T.);
#204=FACE_OUTER_BOUND('',#311,.T.);
#205=FACE_OUTER_BOUND('',#312,.T.);
#206=FACE_OUTER_BOUND('',#315,.T.);
#207=FACE_OUTER_BOUND('',#316,.T.);
#208=FACE_OUTER_BOUND('',#317,.T.);
#209=FACE_OUTER_BOUND('',#318,.T.);
#210=FACE_OUTER_BOUND('',#319,.T.);
#211=FACE_OUTER_BOUND('',#320,.T.);
#212=FACE_OUTER_BOUND('',#321,.T.);
#213=FACE_OUTER_BOUND('',#322,.T.);
#214=FACE_OUTER_BOUND('',#323,.T.);
#215=FACE_OUTER_BOUND('',#324,.T.);
#216=FACE_OUTER_BOUND('',#325,.T.);
#217=FACE_OUTER_BOUND('',#326,.T.);
#218=FACE_OUTER_BOUND('',#328,.T.);
#219=FACE_OUTER_BOUND('',#329,.T.);
#220=FACE_OUTER_BOUND('',#330,.T.);
#221=FACE_OUTER_BOUND('',#333,.T.);
#222=FACE_OUTER_BOUND('',#334,.T.);
#223=FACE_OUTER_BOUND('',#335,.T.);
#224=FACE_OUTER_BOUND('',#336,.T.);
#225=FACE_OUTER_BOUND('',#337,.T.);
#226=FACE_OUTER_BOUND('',#338,.T.);
#227=FACE_OUTER_BOUND('',#339,.T.);
#228=FACE_OUTER_BOUND('',#340,.T.);
#229=FACE_OUTER_BOUND('',#341,.T.);
#230=FACE_OUTER_BOUND('',#342,.T.);
#231=FACE_OUTER_BOUND('',#343,.T.);
#232=FACE_OUTER_BOUND('',#344,.T.);
#233=FACE_OUTER_BOUND('',#345,.T.);
#234=FACE_OUTER_BOUND('',#346,.T.);
#235=FACE_OUTER_BOUND('',#347,.T.);
#236=FACE_OUTER_BOUND('',#348,.T.);
#237=FACE_OUTER_BOUND('',#349,.T.);
#238=FACE_OUTER_BOUND('',#350,.T.);
#239=FACE_OUTER_BOUND('',#351,.T.);
#240=FACE_OUTER_BOUND('',#352,.T.);
#241=FACE_OUTER_BOUND('',#353,.T.);
#242=FACE_OUTER_BOUND('',#354,.T.);
#243=FACE_OUTER_BOUND('',#355,.T.);
#244=FACE_OUTER_BOUND('',#356,.T.);
#245=FACE_OUTER_BOUND('',#357,.T.);
#246=FACE_OUTER_BOUND('',#358,.T.);
#247=FACE_OUTER_BOUND('',#359,.T.);
#248=FACE_OUTER_BOUND('',#360,.T.);
#249=FACE_OUTER_BOUND('',#361,.T.);
#250=FACE_OUTER_BOUND('',#362,.T.);
#251=FACE_OUTER_BOUND('',#363,.T.);
#252=FACE_OUTER_BOUND('',#364,.T.);
#253=FACE_OUTER_BOUND('',#365,.T.);
#254=FACE_OUTER_BOUND('',#366,.T.);
#255=FACE_OUTER_BOUND('',#367,.T.);
#256=FACE_OUTER_BOUND('',#368,.T.);
#257=FACE_OUTER_BOUND('',#369,.T.);
#258=FACE_OUTER_BOUND('',#370,.T.);
#259=FACE_OUTER_BOUND('',#371,.T.);
#260=FACE_OUTER_BOUND('',#372,.T.);
#261=EDGE_LOOP('',(#941,#942,#943,#944));
#262=EDGE_LOOP('',(#945,#946,#947,#948));
#263=EDGE_LOOP('',(#949,#950,#951,#952));
#264=EDGE_LOOP('',(#953,#954,#955,#956));
#265=EDGE_LOOP('',(#957,#958,#959,#960));
#266=EDGE_LOOP('',(#961,#962,#963,#964));
#267=EDGE_LOOP('',(#965,#966,#967,#968));
#268=EDGE_LOOP('',(#969,#970,#971,#972));
#269=EDGE_LOOP('',(#973,#974,#975,#976));
#270=EDGE_LOOP('',(#977,#978,#979,#980));
#271=EDGE_LOOP('',(#981,#982,#983,#984));
#272=EDGE_LOOP('',(#985));
#273=EDGE_LOOP('',(#986));
#274=EDGE_LOOP('',(#987,#988,#989));
#275=EDGE_LOOP('',(#990,#991,#992,#993));
#276=EDGE_LOOP('',(#994));
#277=EDGE_LOOP('',(#995,#996,#997,#998));
#278=EDGE_LOOP('',(#999,#1000,#1001,#1002));
#279=EDGE_LOOP('',(#1003,#1004,#1005,#1006));
#280=EDGE_LOOP('',(#1007,#1008,#1009,#1010));
#281=EDGE_LOOP('',(#1011,#1012,#1013,#1014));
#282=EDGE_LOOP('',(#1015,#1016,#1017,#1018));
#283=EDGE_LOOP('',(#1019,#1020,#1021,#1022));
#284=EDGE_LOOP('',(#1023,#1024,#1025,#1026));
#285=EDGE_LOOP('',(#1027,#1028,#1029,#1030));
#286=EDGE_LOOP('',(#1031,#1032,#1033,#1034));
#287=EDGE_LOOP('',(#1035,#1036,#1037,#1038));
#288=EDGE_LOOP('',(#1039,#1040,#1041,#1042));
#289=EDGE_LOOP('',(#1043,#1044,#1045,#1046));
#290=EDGE_LOOP('',(#1047));
#291=EDGE_LOOP('',(#1048));
#292=EDGE_LOOP('',(#1049,#1050,#1051));
#293=EDGE_LOOP('',(#1052,#1053,#1054,#1055));
#294=EDGE_LOOP('',(#1056));
#295=EDGE_LOOP('',(#1057,#1058,#1059,#1060));
#296=EDGE_LOOP('',(#1061,#1062,#1063,#1064));
#297=EDGE_LOOP('',(#1065,#1066,#1067,#1068));
#298=EDGE_LOOP('',(#1069,#1070,#1071,#1072));
#299=EDGE_LOOP('',(#1073,#1074,#1075,#1076));
#300=EDGE_LOOP('',(#1077,#1078,#1079,#1080));
#301=EDGE_LOOP('',(#1081,#1082,#1083,#1084));
#302=EDGE_LOOP('',(#1085,#1086,#1087,#1088));
#303=EDGE_LOOP('',(#1089,#1090,#1091,#1092));
#304=EDGE_LOOP('',(#1093,#1094,#1095,#1096));
#305=EDGE_LOOP('',(#1097,#1098,#1099,#1100));
#306=EDGE_LOOP('',(#1101,#1102,#1103,#1104));
#307=EDGE_LOOP('',(#1105,#1106,#1107,#1108));
#308=EDGE_LOOP('',(#1109));
#309=EDGE_LOOP('',(#1110));
#310=EDGE_LOOP('',(#1111,#1112,#1113));
#311=EDGE_LOOP('',(#1114,#1115,#1116,#1117));
#312=EDGE_LOOP('',(#1118));
#313=EDGE_LOOP('',(#1119,#1120,#1121,#1122));
#314=EDGE_LOOP('',(#1123,#1124,#1125,#1126));
#315=EDGE_LOOP('',(#1127,#1128,#1129,#1130));
#316=EDGE_LOOP('',(#1131,#1132,#1133,#1134));
#317=EDGE_LOOP('',(#1135,#1136,#1137,#1138));
#318=EDGE_LOOP('',(#1139,#1140,#1141,#1142));
#319=EDGE_LOOP('',(#1143,#1144,#1145,#1146));
#320=EDGE_LOOP('',(#1147,#1148,#1149,#1150));
#321=EDGE_LOOP('',(#1151,#1152,#1153,#1154));
#322=EDGE_LOOP('',(#1155,#1156,#1157,#1158));
#323=EDGE_LOOP('',(#1159,#1160,#1161,#1162));
#324=EDGE_LOOP('',(#1163,#1164,#1165,#1166));
#325=EDGE_LOOP('',(#1167,#1168,#1169,#1170));
#326=EDGE_LOOP('',(#1171));
#327=EDGE_LOOP('',(#1172));
#328=EDGE_LOOP('',(#1173,#1174,#1175));
#329=EDGE_LOOP('',(#1176,#1177,#1178,#1179));
#330=EDGE_LOOP('',(#1180));
#331=EDGE_LOOP('',(#1181,#1182,#1183,#1184));
#332=EDGE_LOOP('',(#1185,#1186,#1187,#1188));
#333=EDGE_LOOP('',(#1189,#1190,#1191,#1192));
#334=EDGE_LOOP('',(#1193,#1194,#1195,#1196,#1197,#1198));
#335=EDGE_LOOP('',(#1199));
#336=EDGE_LOOP('',(#1200,#1201,#1202,#1203,#1204,#1205));
#337=EDGE_LOOP('',(#1206));
#338=EDGE_LOOP('',(#1207,#1208,#1209,#1210));
#339=EDGE_LOOP('',(#1211,#1212,#1213,#1214,#1215,#1216));
#340=EDGE_LOOP('',(#1217));
#341=EDGE_LOOP('',(#1218,#1219,#1220,#1221,#1222,#1223));
#342=EDGE_LOOP('',(#1224));
#343=EDGE_LOOP('',(#1225,#1226,#1227,#1228));
#344=EDGE_LOOP('',(#1229,#1230,#1231,#1232,#1233,#1234));
#345=EDGE_LOOP('',(#1235));
#346=EDGE_LOOP('',(#1236,#1237,#1238,#1239,#1240,#1241));
#347=EDGE_LOOP('',(#1242));
#348=EDGE_LOOP('',(#1243,#1244,#1245,#1246));
#349=EDGE_LOOP('',(#1247,#1248,#1249,#1250,#1251,#1252));
#350=EDGE_LOOP('',(#1253));
#351=EDGE_LOOP('',(#1254,#1255,#1256,#1257,#1258,#1259));
#352=EDGE_LOOP('',(#1260));
#353=EDGE_LOOP('',(#1261,#1262));
#354=EDGE_LOOP('',(#1263,#1264,#1265,#1266,#1267,#1268,#1269));
#355=EDGE_LOOP('',(#1270));
#356=EDGE_LOOP('',(#1271,#1272,#1273,#1274,#1275,#1276,#1277));
#357=EDGE_LOOP('',(#1278));
#358=EDGE_LOOP('',(#1279,#1280));
#359=EDGE_LOOP('',(#1281,#1282,#1283,#1284,#1285,#1286,#1287));
#360=EDGE_LOOP('',(#1288));
#361=EDGE_LOOP('',(#1289,#1290,#1291,#1292,#1293,#1294,#1295));
#362=EDGE_LOOP('',(#1296));
#363=EDGE_LOOP('',(#1297,#1298));
#364=EDGE_LOOP('',(#1299,#1300,#1301,#1302,#1303,#1304,#1305));
#365=EDGE_LOOP('',(#1306));
#366=EDGE_LOOP('',(#1307,#1308,#1309,#1310,#1311,#1312,#1313));
#367=EDGE_LOOP('',(#1314));
#368=EDGE_LOOP('',(#1315,#1316));
#369=EDGE_LOOP('',(#1317,#1318,#1319,#1320,#1321,#1322,#1323));
#370=EDGE_LOOP('',(#1324));
#371=EDGE_LOOP('',(#1325,#1326,#1327,#1328,#1329,#1330,#1331));
#372=EDGE_LOOP('',(#1332));
#373=LINE('',#2176,#493);
#374=LINE('',#2178,#494);
#375=LINE('',#2180,#495);
#376=LINE('',#2181,#496);
#377=LINE('',#2184,#497);
#378=LINE('',#2186,#498);
#379=LINE('',#2187,#499);
#380=LINE('',#2190,#500);
#381=LINE('',#2192,#501);
#382=LINE('',#2193,#502);
#383=LINE('',#2195,#503);
#384=LINE('',#2196,#504);
#385=LINE('',#2201,#505);
#386=LINE('',#2203,#506);
#387=LINE('',#2205,#507);
#388=LINE('',#2206,#508);
#389=LINE('',#2209,#509);
#390=LINE('',#2211,#510);
#391=LINE('',#2212,#511);
#392=LINE('',#2215,#512);
#393=LINE('',#2217,#513);
#394=LINE('',#2218,#514);
#395=LINE('',#2220,#515);
#396=LINE('',#2221,#516);
#397=LINE('',#2227,#517);
#398=LINE('',#2238,#518);
#399=LINE('',#2243,#519);
#400=LINE('',#2245,#520);
#401=LINE('',#2247,#521);
#402=LINE('',#2248,#522);
#403=LINE('',#2251,#523);
#404=LINE('',#2253,#524);
#405=LINE('',#2254,#525);
#406=LINE('',#2257,#526);
#407=LINE('',#2259,#527);
#408=LINE('',#2260,#528);
#409=LINE('',#2262,#529);
#410=LINE('',#2263,#530);
#411=LINE('',#2268,#531);
#412=LINE('',#2270,#532);
#413=LINE('',#2272,#533);
#414=LINE('',#2273,#534);
#415=LINE('',#2276,#535);
#416=LINE('',#2278,#536);
#417=LINE('',#2279,#537);
#418=LINE('',#2282,#538);
#419=LINE('',#2284,#539);
#420=LINE('',#2285,#540);
#421=LINE('',#2287,#541);
#422=LINE('',#2288,#542);
#423=LINE('',#2294,#543);
#424=LINE('',#2305,#544);
#425=LINE('',#2310,#545);
#426=LINE('',#2312,#546);
#427=LINE('',#2314,#547);
#428=LINE('',#2315,#548);
#429=LINE('',#2318,#549);
#430=LINE('',#2320,#550);
#431=LINE('',#2321,#551);
#432=LINE('',#2324,#552);
#433=LINE('',#2326,#553);
#434=LINE('',#2327,#554);
#435=LINE('',#2329,#555);
#436=LINE('',#2330,#556);
#437=LINE('',#2335,#557);
#438=LINE('',#2337,#558);
#439=LINE('',#2339,#559);
#440=LINE('',#2340,#560);
#441=LINE('',#2343,#561);
#442=LINE('',#2345,#562);
#443=LINE('',#2346,#563);
#444=LINE('',#2349,#564);
#445=LINE('',#2351,#565);
#446=LINE('',#2352,#566);
#447=LINE('',#2354,#567);
#448=LINE('',#2355,#568);
#449=LINE('',#2361,#569);
#450=LINE('',#2372,#570);
#451=LINE('',#2377,#571);
#452=LINE('',#2379,#572);
#453=LINE('',#2381,#573);
#454=LINE('',#2382,#574);
#455=LINE('',#2385,#575);
#456=LINE('',#2387,#576);
#457=LINE('',#2388,#577);
#458=LINE('',#2391,#578);
#459=LINE('',#2393,#579);
#460=LINE('',#2394,#580);
#461=LINE('',#2396,#581);
#462=LINE('',#2397,#582);
#463=LINE('',#2402,#583);
#464=LINE('',#2404,#584);
#465=LINE('',#2406,#585);
#466=LINE('',#2407,#586);
#467=LINE('',#2410,#587);
#468=LINE('',#2412,#588);
#469=LINE('',#2413,#589);
#470=LINE('',#2416,#590);
#471=LINE('',#2418,#591);
#472=LINE('',#2419,#592);
#473=LINE('',#2421,#593);
#474=LINE('',#2422,#594);
#475=LINE('',#2428,#595);
#476=LINE('',#2439,#596);
#477=LINE('',#2453,#597);
#478=LINE('',#2458,#598);
#479=LINE('',#2473,#599);
#480=LINE('',#2478,#600);
#481=LINE('',#2493,#601);
#482=LINE('',#2498,#602);
#483=LINE('',#2513,#603);
#484=LINE('',#2518,#604);
#485=LINE('',#2530,#605);
#486=LINE('',#2538,#606);
#487=LINE('',#2550,#607);
#488=LINE('',#2558,#608);
#489=LINE('',#2570,#609);
#490=LINE('',#2578,#610);
#491=LINE('',#2590,#611);
#492=LINE('',#2598,#612);
#493=VECTOR('',#1702,1.);
#494=VECTOR('',#1703,1.);
#495=VECTOR('',#1704,1.);
#496=VECTOR('',#1705,1.);
#497=VECTOR('',#1708,1.);
#498=VECTOR('',#1709,1.);
#499=VECTOR('',#1710,1.);
#500=VECTOR('',#1713,1.);
#501=VECTOR('',#1714,1.);
#502=VECTOR('',#1715,1.);
#503=VECTOR('',#1718,1.);
#504=VECTOR('',#1719,1.);
#505=VECTOR('',#1724,1.);
#506=VECTOR('',#1725,1.);
#507=VECTOR('',#1726,1.);
#508=VECTOR('',#1727,1.);
#509=VECTOR('',#1730,1.);
#510=VECTOR('',#1731,1.);
#511=VECTOR('',#1732,1.);
#512=VECTOR('',#1735,1.);
#513=VECTOR('',#1736,1.);
#514=VECTOR('',#1737,1.);
#515=VECTOR('',#1740,1.);
#516=VECTOR('',#1741,1.);
#517=VECTOR('',#1748,3.);
#518=VECTOR('',#1763,2.5);
#519=VECTOR('',#1768,1.);
#520=VECTOR('',#1769,1.);
#521=VECTOR('',#1770,1.);
#522=VECTOR('',#1771,1.);
#523=VECTOR('',#1774,1.);
#524=VECTOR('',#1775,1.);
#525=VECTOR('',#1776,1.);
#526=VECTOR('',#1779,1.);
#527=VECTOR('',#1780,1.);
#528=VECTOR('',#1781,1.);
#529=VECTOR('',#1784,1.);
#530=VECTOR('',#1785,1.);
#531=VECTOR('',#1790,1.);
#532=VECTOR('',#1791,1.);
#533=VECTOR('',#1792,1.);
#534=VECTOR('',#1793,1.);
#535=VECTOR('',#1796,1.);
#536=VECTOR('',#1797,1.);
#537=VECTOR('',#1798,1.);
#538=VECTOR('',#1801,1.);
#539=VECTOR('',#1802,1.);
#540=VECTOR('',#1803,1.);
#541=VECTOR('',#1806,1.);
#542=VECTOR('',#1807,1.);
#543=VECTOR('',#1814,3.);
#544=VECTOR('',#1829,2.5);
#545=VECTOR('',#1834,1.);
#546=VECTOR('',#1835,1.);
#547=VECTOR('',#1836,1.);
#548=VECTOR('',#1837,1.);
#549=VECTOR('',#1840,1.);
#550=VECTOR('',#1841,1.);
#551=VECTOR('',#1842,1.);
#552=VECTOR('',#1845,1.);
#553=VECTOR('',#1846,1.);
#554=VECTOR('',#1847,1.);
#555=VECTOR('',#1850,1.);
#556=VECTOR('',#1851,1.);
#557=VECTOR('',#1856,1.);
#558=VECTOR('',#1857,1.);
#559=VECTOR('',#1858,1.);
#560=VECTOR('',#1859,1.);
#561=VECTOR('',#1862,1.);
#562=VECTOR('',#1863,1.);
#563=VECTOR('',#1864,1.);
#564=VECTOR('',#1867,1.);
#565=VECTOR('',#1868,1.);
#566=VECTOR('',#1869,1.);
#567=VECTOR('',#1872,1.);
#568=VECTOR('',#1873,1.);
#569=VECTOR('',#1880,3.);
#570=VECTOR('',#1895,2.5);
#571=VECTOR('',#1900,1.);
#572=VECTOR('',#1901,1.);
#573=VECTOR('',#1902,1.);
#574=VECTOR('',#1903,1.);
#575=VECTOR('',#1906,1.);
#576=VECTOR('',#1907,1.);
#577=VECTOR('',#1908,1.);
#578=VECTOR('',#1911,1.);
#579=VECTOR('',#1912,1.);
#580=VECTOR('',#1913,1.);
#581=VECTOR('',#1916,1.);
#582=VECTOR('',#1917,1.);
#583=VECTOR('',#1922,1.);
#584=VECTOR('',#1923,1.);
#585=VECTOR('',#1924,1.);
#586=VECTOR('',#1925,1.);
#587=VECTOR('',#1928,1.);
#588=VECTOR('',#1929,1.);
#589=VECTOR('',#1930,1.);
#590=VECTOR('',#1933,1.);
#591=VECTOR('',#1934,1.);
#592=VECTOR('',#1935,1.);
#593=VECTOR('',#1938,1.);
#594=VECTOR('',#1939,1.);
#595=VECTOR('',#1946,3.);
#596=VECTOR('',#1961,2.5);
#597=VECTOR('',#1978,0.25);
#598=VECTOR('',#1985,0.25);
#599=VECTOR('',#2004,0.25);
#600=VECTOR('',#2011,0.25);
#601=VECTOR('',#2030,0.25);
#602=VECTOR('',#2037,0.25);
#603=VECTOR('',#2056,0.25);
#604=VECTOR('',#2063,0.25);
#605=VECTOR('',#2078,0.25);
#606=VECTOR('',#2089,0.25);
#607=VECTOR('',#2104,0.25);
#608=VECTOR('',#2115,0.25);
#609=VECTOR('',#2130,0.25);
#610=VECTOR('',#2141,0.25);
#611=VECTOR('',#2156,0.25);
#612=VECTOR('',#2167,0.25);
#613=VERTEX_POINT('',#2174);
#614=VERTEX_POINT('',#2175);
#615=VERTEX_POINT('',#2177);
#616=VERTEX_POINT('',#2179);
#617=VERTEX_POINT('',#2183);
#618=VERTEX_POINT('',#2185);
#619=VERTEX_POINT('',#2189);
#620=VERTEX_POINT('',#2191);
#621=VERTEX_POINT('',#2199);
#622=VERTEX_POINT('',#2200);
#623=VERTEX_POINT('',#2202);
#624=VERTEX_POINT('',#2204);
#625=VERTEX_POINT('',#2208);
#626=VERTEX_POINT('',#2210);
#627=VERTEX_POINT('',#2214);
#628=VERTEX_POINT('',#2216);
#629=VERTEX_POINT('',#2224);
#630=VERTEX_POINT('',#2226);
#631=VERTEX_POINT('',#2230);
#632=VERTEX_POINT('',#2233);
#633=VERTEX_POINT('',#2235);
#634=VERTEX_POINT('',#2241);
#635=VERTEX_POINT('',#2242);
#636=VERTEX_POINT('',#2244);
#637=VERTEX_POINT('',#2246);
#638=VERTEX_POINT('',#2250);
#639=VERTEX_POINT('',#2252);
#640=VERTEX_POINT('',#2256);
#641=VERTEX_POINT('',#2258);
#642=VERTEX_POINT('',#2266);
#643=VERTEX_POINT('',#2267);
#644=VERTEX_POINT('',#2269);
#645=VERTEX_POINT('',#2271);
#646=VERTEX_POINT('',#2275);
#647=VERTEX_POINT('',#2277);
#648=VERTEX_POINT('',#2281);
#649=VERTEX_POINT('',#2283);
#650=VERTEX_POINT('',#2291);
#651=VERTEX_POINT('',#2293);
#652=VERTEX_POINT('',#2297);
#653=VERTEX_POINT('',#2300);
#654=VERTEX_POINT('',#2302);
#655=VERTEX_POINT('',#2308);
#656=VERTEX_POINT('',#2309);
#657=VERTEX_POINT('',#2311);
#658=VERTEX_POINT('',#2313);
#659=VERTEX_POINT('',#2317);
#660=VERTEX_POINT('',#2319);
#661=VERTEX_POINT('',#2323);
#662=VERTEX_POINT('',#2325);
#663=VERTEX_POINT('',#2333);
#664=VERTEX_POINT('',#2334);
#665=VERTEX_POINT('',#2336);
#666=VERTEX_POINT('',#2338);
#667=VERTEX_POINT('',#2342);
#668=VERTEX_POINT('',#2344);
#669=VERTEX_POINT('',#2348);
#670=VERTEX_POINT('',#2350);
#671=VERTEX_POINT('',#2358);
#672=VERTEX_POINT('',#2360);
#673=VERTEX_POINT('',#2364);
#674=VERTEX_POINT('',#2367);
#675=VERTEX_POINT('',#2369);
#676=VERTEX_POINT('',#2375);
#677=VERTEX_POINT('',#2376);
#678=VERTEX_POINT('',#2378);
#679=VERTEX_POINT('',#2380);
#680=VERTEX_POINT('',#2384);
#681=VERTEX_POINT('',#2386);
#682=VERTEX_POINT('',#2390);
#683=VERTEX_POINT('',#2392);
#684=VERTEX_POINT('',#2400);
#685=VERTEX_POINT('',#2401);
#686=VERTEX_POINT('',#2403);
#687=VERTEX_POINT('',#2405);
#688=VERTEX_POINT('',#2409);
#689=VERTEX_POINT('',#2411);
#690=VERTEX_POINT('',#2415);
#691=VERTEX_POINT('',#2417);
#692=VERTEX_POINT('',#2425);
#693=VERTEX_POINT('',#2427);
#694=VERTEX_POINT('',#2431);
#695=VERTEX_POINT('',#2434);
#696=VERTEX_POINT('',#2436);
#697=VERTEX_POINT('',#2442);
#698=VERTEX_POINT('',#2443);
#699=VERTEX_POINT('',#2445);
#700=VERTEX_POINT('',#2447);
#701=VERTEX_POINT('',#2451);
#702=VERTEX_POINT('',#2457);
#703=VERTEX_POINT('',#2462);
#704=VERTEX_POINT('',#2463);
#705=VERTEX_POINT('',#2465);
#706=VERTEX_POINT('',#2467);
#707=VERTEX_POINT('',#2471);
#708=VERTEX_POINT('',#2477);
#709=VERTEX_POINT('',#2482);
#710=VERTEX_POINT('',#2483);
#711=VERTEX_POINT('',#2485);
#712=VERTEX_POINT('',#2487);
#713=VERTEX_POINT('',#2491);
#714=VERTEX_POINT('',#2497);
#715=VERTEX_POINT('',#2502);
#716=VERTEX_POINT('',#2503);
#717=VERTEX_POINT('',#2505);
#718=VERTEX_POINT('',#2507);
#719=VERTEX_POINT('',#2511);
#720=VERTEX_POINT('',#2517);
#721=VERTEX_POINT('',#2522);
#722=VERTEX_POINT('',#2523);
#723=VERTEX_POINT('',#2527);
#724=VERTEX_POINT('',#2529);
#725=VERTEX_POINT('',#2531);
#726=VERTEX_POINT('',#2537);
#727=VERTEX_POINT('',#2542);
#728=VERTEX_POINT('',#2543);
#729=VERTEX_POINT('',#2547);
#730=VERTEX_POINT('',#2549);
#731=VERTEX_POINT('',#2551);
#732=VERTEX_POINT('',#2557);
#733=VERTEX_POINT('',#2562);
#734=VERTEX_POINT('',#2563);
#735=VERTEX_POINT('',#2567);
#736=VERTEX_POINT('',#2569);
#737=VERTEX_POINT('',#2572);
#738=VERTEX_POINT('',#2577);
#739=VERTEX_POINT('',#2582);
#740=VERTEX_POINT('',#2583);
#741=VERTEX_POINT('',#2587);
#742=VERTEX_POINT('',#2589);
#743=VERTEX_POINT('',#2591);
#744=VERTEX_POINT('',#2597);
#745=EDGE_CURVE('',#613,#614,#373,.T.);
#746=EDGE_CURVE('',#613,#615,#374,.T.);
#747=EDGE_CURVE('',#616,#615,#375,.T.);
#748=EDGE_CURVE('',#614,#616,#376,.T.);
#749=EDGE_CURVE('',#614,#617,#377,.T.);
#750=EDGE_CURVE('',#618,#616,#378,.T.);
#751=EDGE_CURVE('',#617,#618,#379,.T.);
#752=EDGE_CURVE('',#617,#619,#380,.T.);
#753=EDGE_CURVE('',#620,#618,#381,.T.);
#754=EDGE_CURVE('',#619,#620,#382,.T.);
#755=EDGE_CURVE('',#619,#613,#383,.T.);
#756=EDGE_CURVE('',#615,#620,#384,.T.);
#757=EDGE_CURVE('',#621,#622,#385,.T.);
#758=EDGE_CURVE('',#621,#623,#386,.T.);
#759=EDGE_CURVE('',#624,#623,#387,.T.);
#760=EDGE_CURVE('',#622,#624,#388,.T.);
#761=EDGE_CURVE('',#622,#625,#389,.T.);
#762=EDGE_CURVE('',#626,#624,#390,.T.);
#763=EDGE_CURVE('',#625,#626,#391,.T.);
#764=EDGE_CURVE('',#625,#627,#392,.T.);
#765=EDGE_CURVE('',#628,#626,#393,.T.);
#766=EDGE_CURVE('',#627,#628,#394,.T.);
#767=EDGE_CURVE('',#627,#621,#395,.T.);
#768=EDGE_CURVE('',#623,#628,#396,.T.);
#769=EDGE_CURVE('',#629,#629,#77,.T.);
#770=EDGE_CURVE('',#629,#630,#397,.T.);
#771=EDGE_CURVE('',#630,#630,#78,.T.);
#772=EDGE_CURVE('',#631,#631,#79,.T.);
#773=EDGE_CURVE('',#632,#632,#80,.T.);
#774=EDGE_CURVE('',#633,#632,#81,.T.);
#775=EDGE_CURVE('',#632,#631,#398,.T.);
#776=EDGE_CURVE('',#634,#635,#399,.T.);
#777=EDGE_CURVE('',#634,#636,#400,.T.);
#778=EDGE_CURVE('',#637,#636,#401,.T.);
#779=EDGE_CURVE('',#635,#637,#402,.T.);
#780=EDGE_CURVE('',#635,#638,#403,.T.);
#781=EDGE_CURVE('',#639,#637,#404,.T.);
#782=EDGE_CURVE('',#638,#639,#405,.T.);
#783=EDGE_CURVE('',#638,#640,#406,.T.);
#784=EDGE_CURVE('',#641,#639,#407,.T.);
#785=EDGE_CURVE('',#640,#641,#408,.T.);
#786=EDGE_CURVE('',#640,#634,#409,.T.);
#787=EDGE_CURVE('',#636,#641,#410,.T.);
#788=EDGE_CURVE('',#642,#643,#411,.T.);
#789=EDGE_CURVE('',#642,#644,#412,.T.);
#790=EDGE_CURVE('',#645,#644,#413,.T.);
#791=EDGE_CURVE('',#643,#645,#414,.T.);
#792=EDGE_CURVE('',#643,#646,#415,.T.);
#793=EDGE_CURVE('',#647,#645,#416,.T.);
#794=EDGE_CURVE('',#646,#647,#417,.T.);
#795=EDGE_CURVE('',#646,#648,#418,.T.);
#796=EDGE_CURVE('',#649,#647,#419,.T.);
#797=EDGE_CURVE('',#648,#649,#420,.T.);
#798=EDGE_CURVE('',#648,#642,#421,.T.);
#799=EDGE_CURVE('',#644,#649,#422,.T.);
#800=EDGE_CURVE('',#650,#650,#82,.T.);
#801=EDGE_CURVE('',#650,#651,#423,.T.);
#802=EDGE_CURVE('',#651,#651,#83,.T.);
#803=EDGE_CURVE('',#652,#652,#84,.T.);
#804=EDGE_CURVE('',#653,#653,#85,.T.);
#805=EDGE_CURVE('',#654,#653,#86,.T.);
#806=EDGE_CURVE('',#653,#652,#424,.T.);
#807=EDGE_CURVE('',#655,#656,#425,.T.);
#808=EDGE_CURVE('',#655,#657,#426,.T.);
#809=EDGE_CURVE('',#658,#657,#427,.T.);
#810=EDGE_CURVE('',#656,#658,#428,.T.);
#811=EDGE_CURVE('',#656,#659,#429,.T.);
#812=EDGE_CURVE('',#660,#658,#430,.T.);
#813=EDGE_CURVE('',#659,#660,#431,.T.);
#814=EDGE_CURVE('',#659,#661,#432,.T.);
#815=EDGE_CURVE('',#662,#660,#433,.T.);
#816=EDGE_CURVE('',#661,#662,#434,.T.);
#817=EDGE_CURVE('',#661,#655,#435,.T.);
#818=EDGE_CURVE('',#657,#662,#436,.T.);
#819=EDGE_CURVE('',#663,#664,#437,.T.);
#820=EDGE_CURVE('',#663,#665,#438,.T.);
#821=EDGE_CURVE('',#666,#665,#439,.T.);
#822=EDGE_CURVE('',#664,#666,#440,.T.);
#823=EDGE_CURVE('',#664,#667,#441,.T.);
#824=EDGE_CURVE('',#668,#666,#442,.T.);
#825=EDGE_CURVE('',#667,#668,#443,.T.);
#826=EDGE_CURVE('',#667,#669,#444,.T.);
#827=EDGE_CURVE('',#670,#668,#445,.T.);
#828=EDGE_CURVE('',#669,#670,#446,.T.);
#829=EDGE_CURVE('',#669,#663,#447,.T.);
#830=EDGE_CURVE('',#665,#670,#448,.T.);
#831=EDGE_CURVE('',#671,#671,#87,.T.);
#832=EDGE_CURVE('',#671,#672,#449,.T.);
#833=EDGE_CURVE('',#672,#672,#88,.T.);
#834=EDGE_CURVE('',#673,#673,#89,.T.);
#835=EDGE_CURVE('',#674,#674,#90,.T.);
#836=EDGE_CURVE('',#675,#674,#91,.T.);
#837=EDGE_CURVE('',#674,#673,#450,.T.);
#838=EDGE_CURVE('',#676,#677,#451,.T.);
#839=EDGE_CURVE('',#676,#678,#452,.T.);
#840=EDGE_CURVE('',#679,#678,#453,.T.);
#841=EDGE_CURVE('',#677,#679,#454,.T.);
#842=EDGE_CURVE('',#677,#680,#455,.T.);
#843=EDGE_CURVE('',#681,#679,#456,.T.);
#844=EDGE_CURVE('',#680,#681,#457,.T.);
#845=EDGE_CURVE('',#680,#682,#458,.T.);
#846=EDGE_CURVE('',#683,#681,#459,.T.);
#847=EDGE_CURVE('',#682,#683,#460,.T.);
#848=EDGE_CURVE('',#682,#676,#461,.T.);
#849=EDGE_CURVE('',#678,#683,#462,.T.);
#850=EDGE_CURVE('',#684,#685,#463,.T.);
#851=EDGE_CURVE('',#684,#686,#464,.T.);
#852=EDGE_CURVE('',#687,#686,#465,.T.);
#853=EDGE_CURVE('',#685,#687,#466,.T.);
#854=EDGE_CURVE('',#685,#688,#467,.T.);
#855=EDGE_CURVE('',#689,#687,#468,.T.);
#856=EDGE_CURVE('',#688,#689,#469,.T.);
#857=EDGE_CURVE('',#688,#690,#470,.T.);
#858=EDGE_CURVE('',#691,#689,#471,.T.);
#859=EDGE_CURVE('',#690,#691,#472,.T.);
#860=EDGE_CURVE('',#690,#684,#473,.T.);
#861=EDGE_CURVE('',#686,#691,#474,.T.);
#862=EDGE_CURVE('',#692,#692,#92,.T.);
#863=EDGE_CURVE('',#692,#693,#475,.T.);
#864=EDGE_CURVE('',#693,#693,#93,.T.);
#865=EDGE_CURVE('',#694,#694,#94,.T.);
#866=EDGE_CURVE('',#695,#695,#95,.T.);
#867=EDGE_CURVE('',#696,#695,#96,.T.);
#868=EDGE_CURVE('',#695,#694,#476,.T.);
#869=EDGE_CURVE('',#697,#698,#97,.T.);
#870=EDGE_CURVE('',#698,#699,#98,.T.);
#871=EDGE_CURVE('',#699,#700,#99,.T.);
#872=EDGE_CURVE('',#700,#697,#100,.T.);
#873=EDGE_CURVE('',#701,#701,#101,.T.);
#874=EDGE_CURVE('',#701,#698,#477,.T.);
#875=EDGE_CURVE('',#699,#697,#13,.T.);
#876=EDGE_CURVE('',#700,#702,#478,.T.);
#877=EDGE_CURVE('',#702,#702,#102,.T.);
#878=EDGE_CURVE('',#703,#704,#103,.T.);
#879=EDGE_CURVE('',#704,#705,#104,.T.);
#880=EDGE_CURVE('',#705,#706,#105,.T.);
#881=EDGE_CURVE('',#706,#703,#106,.T.);
#882=EDGE_CURVE('',#707,#707,#107,.T.);
#883=EDGE_CURVE('',#707,#704,#479,.T.);
#884=EDGE_CURVE('',#705,#703,#14,.T.);
#885=EDGE_CURVE('',#706,#708,#480,.T.);
#886=EDGE_CURVE('',#708,#708,#108,.T.);
#887=EDGE_CURVE('',#709,#710,#109,.T.);
#888=EDGE_CURVE('',#710,#711,#110,.T.);
#889=EDGE_CURVE('',#711,#712,#111,.T.);
#890=EDGE_CURVE('',#712,#709,#112,.T.);
#891=EDGE_CURVE('',#713,#713,#113,.T.);
#892=EDGE_CURVE('',#713,#710,#481,.T.);
#893=EDGE_CURVE('',#711,#709,#15,.T.);
#894=EDGE_CURVE('',#712,#714,#482,.T.);
#895=EDGE_CURVE('',#714,#714,#114,.T.);
#896=EDGE_CURVE('',#715,#716,#115,.T.);
#897=EDGE_CURVE('',#716,#717,#116,.T.);
#898=EDGE_CURVE('',#717,#718,#117,.T.);
#899=EDGE_CURVE('',#718,#715,#118,.T.);
#900=EDGE_CURVE('',#719,#719,#119,.T.);
#901=EDGE_CURVE('',#719,#716,#483,.T.);
#902=EDGE_CURVE('',#717,#715,#16,.T.);
#903=EDGE_CURVE('',#718,#720,#484,.T.);
#904=EDGE_CURVE('',#720,#720,#120,.T.);
#905=EDGE_CURVE('',#721,#722,#121,.T.);
#906=EDGE_CURVE('',#722,#721,#122,.T.);
#907=EDGE_CURVE('',#723,#723,#123,.T.);
#908=EDGE_CURVE('',#723,#724,#485,.T.);
#909=EDGE_CURVE('',#725,#724,#17,.T.);
#910=EDGE_CURVE('',#722,#725,#18,.T.);
#911=EDGE_CURVE('',#724,#721,#19,.T.);
#912=EDGE_CURVE('',#725,#726,#486,.T.);
#913=EDGE_CURVE('',#726,#726,#124,.T.);
#914=EDGE_CURVE('',#727,#728,#125,.T.);
#915=EDGE_CURVE('',#728,#727,#126,.T.);
#916=EDGE_CURVE('',#729,#729,#127,.T.);
#917=EDGE_CURVE('',#729,#730,#487,.T.);
#918=EDGE_CURVE('',#731,#730,#20,.T.);
#919=EDGE_CURVE('',#728,#731,#21,.T.);
#920=EDGE_CURVE('',#730,#727,#22,.T.);
#921=EDGE_CURVE('',#731,#732,#488,.T.);
#922=EDGE_CURVE('',#732,#732,#128,.T.);
#923=EDGE_CURVE('',#733,#734,#129,.T.);
#924=EDGE_CURVE('',#734,#733,#130,.T.);
#925=EDGE_CURVE('',#735,#735,#131,.T.);
#926=EDGE_CURVE('',#735,#736,#489,.T.);
#927=EDGE_CURVE('',#734,#736,#23,.T.);
#928=EDGE_CURVE('',#737,#733,#24,.T.);
#929=EDGE_CURVE('',#736,#737,#25,.T.);
#930=EDGE_CURVE('',#737,#738,#490,.T.);
#931=EDGE_CURVE('',#738,#738,#132,.T.);
#932=EDGE_CURVE('',#739,#740,#133,.T.);
#933=EDGE_CURVE('',#740,#739,#134,.T.);
#934=EDGE_CURVE('',#741,#741,#135,.T.);
#935=EDGE_CURVE('',#741,#742,#491,.T.);
#936=EDGE_CURVE('',#743,#742,#26,.T.);
#937=EDGE_CURVE('',#740,#743,#27,.T.);
#938=EDGE_CURVE('',#742,#739,#28,.T.);
#939=EDGE_CURVE('',#743,#744,#492,.T.);
#940=EDGE_CURVE('',#744,#744,#136,.T.);
#941=ORIENTED_EDGE('',*,*,#745,.F.);
#942=ORIENTED_EDGE('',*,*,#746,.T.);
#943=ORIENTED_EDGE('',*,*,#747,.F.);
#944=ORIENTED_EDGE('',*,*,#748,.F.);
#945=ORIENTED_EDGE('',*,*,#749,.F.);
#946=ORIENTED_EDGE('',*,*,#748,.T.);
#947=ORIENTED_EDGE('',*,*,#750,.F.);
#948=ORIENTED_EDGE('',*,*,#751,.F.);
#949=ORIENTED_EDGE('',*,*,#752,.F.);
#950=ORIENTED_EDGE('',*,*,#751,.T.);
#951=ORIENTED_EDGE('',*,*,#753,.F.);
#952=ORIENTED_EDGE('',*,*,#754,.F.);
#953=ORIENTED_EDGE('',*,*,#755,.F.);
#954=ORIENTED_EDGE('',*,*,#754,.T.);
#955=ORIENTED_EDGE('',*,*,#756,.F.);
#956=ORIENTED_EDGE('',*,*,#746,.F.);
#957=ORIENTED_EDGE('',*,*,#756,.T.);
#958=ORIENTED_EDGE('',*,*,#753,.T.);
#959=ORIENTED_EDGE('',*,*,#750,.T.);
#960=ORIENTED_EDGE('',*,*,#747,.T.);
#961=ORIENTED_EDGE('',*,*,#757,.F.);
#962=ORIENTED_EDGE('',*,*,#758,.T.);
#963=ORIENTED_EDGE('',*,*,#759,.F.);
#964=ORIENTED_EDGE('',*,*,#760,.F.);
#965=ORIENTED_EDGE('',*,*,#761,.F.);
#966=ORIENTED_EDGE('',*,*,#760,.T.);
#967=ORIENTED_EDGE('',*,*,#762,.F.);
#968=ORIENTED_EDGE('',*,*,#763,.F.);
#969=ORIENTED_EDGE('',*,*,#764,.F.);
#970=ORIENTED_EDGE('',*,*,#763,.T.);
#971=ORIENTED_EDGE('',*,*,#765,.F.);
#972=ORIENTED_EDGE('',*,*,#766,.F.);
#973=ORIENTED_EDGE('',*,*,#767,.F.);
#974=ORIENTED_EDGE('',*,*,#766,.T.);
#975=ORIENTED_EDGE('',*,*,#768,.F.);
#976=ORIENTED_EDGE('',*,*,#758,.F.);
#977=ORIENTED_EDGE('',*,*,#768,.T.);
#978=ORIENTED_EDGE('',*,*,#765,.T.);
#979=ORIENTED_EDGE('',*,*,#762,.T.);
#980=ORIENTED_EDGE('',*,*,#759,.T.);
#981=ORIENTED_EDGE('',*,*,#769,.T.);
#982=ORIENTED_EDGE('',*,*,#770,.T.);
#983=ORIENTED_EDGE('',*,*,#771,.F.);
#984=ORIENTED_EDGE('',*,*,#770,.F.);
#985=ORIENTED_EDGE('',*,*,#769,.F.);
#986=ORIENTED_EDGE('',*,*,#772,.F.);
#987=ORIENTED_EDGE('',*,*,#773,.T.);
#988=ORIENTED_EDGE('',*,*,#774,.F.);
#989=ORIENTED_EDGE('',*,*,#774,.T.);
#990=ORIENTED_EDGE('',*,*,#773,.F.);
#991=ORIENTED_EDGE('',*,*,#775,.T.);
#992=ORIENTED_EDGE('',*,*,#772,.T.);
#993=ORIENTED_EDGE('',*,*,#775,.F.);
#994=ORIENTED_EDGE('',*,*,#771,.T.);
#995=ORIENTED_EDGE('',*,*,#745,.T.);
#996=ORIENTED_EDGE('',*,*,#749,.T.);
#997=ORIENTED_EDGE('',*,*,#752,.T.);
#998=ORIENTED_EDGE('',*,*,#755,.T.);
#999=ORIENTED_EDGE('',*,*,#757,.T.);
#1000=ORIENTED_EDGE('',*,*,#761,.T.);
#1001=ORIENTED_EDGE('',*,*,#764,.T.);
#1002=ORIENTED_EDGE('',*,*,#767,.T.);
#1003=ORIENTED_EDGE('',*,*,#776,.F.);
#1004=ORIENTED_EDGE('',*,*,#777,.T.);
#1005=ORIENTED_EDGE('',*,*,#778,.F.);
#1006=ORIENTED_EDGE('',*,*,#779,.F.);
#1007=ORIENTED_EDGE('',*,*,#780,.F.);
#1008=ORIENTED_EDGE('',*,*,#779,.T.);
#1009=ORIENTED_EDGE('',*,*,#781,.F.);
#1010=ORIENTED_EDGE('',*,*,#782,.F.);
#1011=ORIENTED_EDGE('',*,*,#783,.F.);
#1012=ORIENTED_EDGE('',*,*,#782,.T.);
#1013=ORIENTED_EDGE('',*,*,#784,.F.);
#1014=ORIENTED_EDGE('',*,*,#785,.F.);
#1015=ORIENTED_EDGE('',*,*,#786,.F.);
#1016=ORIENTED_EDGE('',*,*,#785,.T.);
#1017=ORIENTED_EDGE('',*,*,#787,.F.);
#1018=ORIENTED_EDGE('',*,*,#777,.F.);
#1019=ORIENTED_EDGE('',*,*,#787,.T.);
#1020=ORIENTED_EDGE('',*,*,#784,.T.);
#1021=ORIENTED_EDGE('',*,*,#781,.T.);
#1022=ORIENTED_EDGE('',*,*,#778,.T.);
#1023=ORIENTED_EDGE('',*,*,#788,.F.);
#1024=ORIENTED_EDGE('',*,*,#789,.T.);
#1025=ORIENTED_EDGE('',*,*,#790,.F.);
#1026=ORIENTED_EDGE('',*,*,#791,.F.);
#1027=ORIENTED_EDGE('',*,*,#792,.F.);
#1028=ORIENTED_EDGE('',*,*,#791,.T.);
#1029=ORIENTED_EDGE('',*,*,#793,.F.);
#1030=ORIENTED_EDGE('',*,*,#794,.F.);
#1031=ORIENTED_EDGE('',*,*,#795,.F.);
#1032=ORIENTED_EDGE('',*,*,#794,.T.);
#1033=ORIENTED_EDGE('',*,*,#796,.F.);
#1034=ORIENTED_EDGE('',*,*,#797,.F.);
#1035=ORIENTED_EDGE('',*,*,#798,.F.);
#1036=ORIENTED_EDGE('',*,*,#797,.T.);
#1037=ORIENTED_EDGE('',*,*,#799,.F.);
#1038=ORIENTED_EDGE('',*,*,#789,.F.);
#1039=ORIENTED_EDGE('',*,*,#799,.T.);
#1040=ORIENTED_EDGE('',*,*,#796,.T.);
#1041=ORIENTED_EDGE('',*,*,#793,.T.);
#1042=ORIENTED_EDGE('',*,*,#790,.T.);
#1043=ORIENTED_EDGE('',*,*,#800,.T.);
#1044=ORIENTED_EDGE('',*,*,#801,.T.);
#1045=ORIENTED_EDGE('',*,*,#802,.F.);
#1046=ORIENTED_EDGE('',*,*,#801,.F.);
#1047=ORIENTED_EDGE('',*,*,#800,.F.);
#1048=ORIENTED_EDGE('',*,*,#803,.F.);
#1049=ORIENTED_EDGE('',*,*,#804,.T.);
#1050=ORIENTED_EDGE('',*,*,#805,.F.);
#1051=ORIENTED_EDGE('',*,*,#805,.T.);
#1052=ORIENTED_EDGE('',*,*,#804,.F.);
#1053=ORIENTED_EDGE('',*,*,#806,.T.);
#1054=ORIENTED_EDGE('',*,*,#803,.T.);
#1055=ORIENTED_EDGE('',*,*,#806,.F.);
#1056=ORIENTED_EDGE('',*,*,#802,.T.);
#1057=ORIENTED_EDGE('',*,*,#776,.T.);
#1058=ORIENTED_EDGE('',*,*,#780,.T.);
#1059=ORIENTED_EDGE('',*,*,#783,.T.);
#1060=ORIENTED_EDGE('',*,*,#786,.T.);
#1061=ORIENTED_EDGE('',*,*,#788,.T.);
#1062=ORIENTED_EDGE('',*,*,#792,.T.);
#1063=ORIENTED_EDGE('',*,*,#795,.T.);
#1064=ORIENTED_EDGE('',*,*,#798,.T.);
#1065=ORIENTED_EDGE('',*,*,#807,.F.);
#1066=ORIENTED_EDGE('',*,*,#808,.T.);
#1067=ORIENTED_EDGE('',*,*,#809,.F.);
#1068=ORIENTED_EDGE('',*,*,#810,.F.);
#1069=ORIENTED_EDGE('',*,*,#811,.F.);
#1070=ORIENTED_EDGE('',*,*,#810,.T.);
#1071=ORIENTED_EDGE('',*,*,#812,.F.);
#1072=ORIENTED_EDGE('',*,*,#813,.F.);
#1073=ORIENTED_EDGE('',*,*,#814,.F.);
#1074=ORIENTED_EDGE('',*,*,#813,.T.);
#1075=ORIENTED_EDGE('',*,*,#815,.F.);
#1076=ORIENTED_EDGE('',*,*,#816,.F.);
#1077=ORIENTED_EDGE('',*,*,#817,.F.);
#1078=ORIENTED_EDGE('',*,*,#816,.T.);
#1079=ORIENTED_EDGE('',*,*,#818,.F.);
#1080=ORIENTED_EDGE('',*,*,#808,.F.);
#1081=ORIENTED_EDGE('',*,*,#818,.T.);
#1082=ORIENTED_EDGE('',*,*,#815,.T.);
#1083=ORIENTED_EDGE('',*,*,#812,.T.);
#1084=ORIENTED_EDGE('',*,*,#809,.T.);
#1085=ORIENTED_EDGE('',*,*,#819,.F.);
#1086=ORIENTED_EDGE('',*,*,#820,.T.);
#1087=ORIENTED_EDGE('',*,*,#821,.F.);
#1088=ORIENTED_EDGE('',*,*,#822,.F.);
#1089=ORIENTED_EDGE('',*,*,#823,.F.);
#1090=ORIENTED_EDGE('',*,*,#822,.T.);
#1091=ORIENTED_EDGE('',*,*,#824,.F.);
#1092=ORIENTED_EDGE('',*,*,#825,.F.);
#1093=ORIENTED_EDGE('',*,*,#826,.F.);
#1094=ORIENTED_EDGE('',*,*,#825,.T.);
#1095=ORIENTED_EDGE('',*,*,#827,.F.);
#1096=ORIENTED_EDGE('',*,*,#828,.F.);
#1097=ORIENTED_EDGE('',*,*,#829,.F.);
#1098=ORIENTED_EDGE('',*,*,#828,.T.);
#1099=ORIENTED_EDGE('',*,*,#830,.F.);
#1100=ORIENTED_EDGE('',*,*,#820,.F.);
#1101=ORIENTED_EDGE('',*,*,#830,.T.);
#1102=ORIENTED_EDGE('',*,*,#827,.T.);
#1103=ORIENTED_EDGE('',*,*,#824,.T.);
#1104=ORIENTED_EDGE('',*,*,#821,.T.);
#1105=ORIENTED_EDGE('',*,*,#831,.T.);
#1106=ORIENTED_EDGE('',*,*,#832,.T.);
#1107=ORIENTED_EDGE('',*,*,#833,.F.);
#1108=ORIENTED_EDGE('',*,*,#832,.F.);
#1109=ORIENTED_EDGE('',*,*,#831,.F.);
#1110=ORIENTED_EDGE('',*,*,#834,.F.);
#1111=ORIENTED_EDGE('',*,*,#835,.T.);
#1112=ORIENTED_EDGE('',*,*,#836,.F.);
#1113=ORIENTED_EDGE('',*,*,#836,.T.);
#1114=ORIENTED_EDGE('',*,*,#835,.F.);
#1115=ORIENTED_EDGE('',*,*,#837,.T.);
#1116=ORIENTED_EDGE('',*,*,#834,.T.);
#1117=ORIENTED_EDGE('',*,*,#837,.F.);
#1118=ORIENTED_EDGE('',*,*,#833,.T.);
#1119=ORIENTED_EDGE('',*,*,#807,.T.);
#1120=ORIENTED_EDGE('',*,*,#811,.T.);
#1121=ORIENTED_EDGE('',*,*,#814,.T.);
#1122=ORIENTED_EDGE('',*,*,#817,.T.);
#1123=ORIENTED_EDGE('',*,*,#819,.T.);
#1124=ORIENTED_EDGE('',*,*,#823,.T.);
#1125=ORIENTED_EDGE('',*,*,#826,.T.);
#1126=ORIENTED_EDGE('',*,*,#829,.T.);
#1127=ORIENTED_EDGE('',*,*,#838,.F.);
#1128=ORIENTED_EDGE('',*,*,#839,.T.);
#1129=ORIENTED_EDGE('',*,*,#840,.F.);
#1130=ORIENTED_EDGE('',*,*,#841,.F.);
#1131=ORIENTED_EDGE('',*,*,#842,.F.);
#1132=ORIENTED_EDGE('',*,*,#841,.T.);
#1133=ORIENTED_EDGE('',*,*,#843,.F.);
#1134=ORIENTED_EDGE('',*,*,#844,.F.);
#1135=ORIENTED_EDGE('',*,*,#845,.F.);
#1136=ORIENTED_EDGE('',*,*,#844,.T.);
#1137=ORIENTED_EDGE('',*,*,#846,.F.);
#1138=ORIENTED_EDGE('',*,*,#847,.F.);
#1139=ORIENTED_EDGE('',*,*,#848,.F.);
#1140=ORIENTED_EDGE('',*,*,#847,.T.);
#1141=ORIENTED_EDGE('',*,*,#849,.F.);
#1142=ORIENTED_EDGE('',*,*,#839,.F.);
#1143=ORIENTED_EDGE('',*,*,#849,.T.);
#1144=ORIENTED_EDGE('',*,*,#846,.T.);
#1145=ORIENTED_EDGE('',*,*,#843,.T.);
#1146=ORIENTED_EDGE('',*,*,#840,.T.);
#1147=ORIENTED_EDGE('',*,*,#850,.F.);
#1148=ORIENTED_EDGE('',*,*,#851,.T.);
#1149=ORIENTED_EDGE('',*,*,#852,.F.);
#1150=ORIENTED_EDGE('',*,*,#853,.F.);
#1151=ORIENTED_EDGE('',*,*,#854,.F.);
#1152=ORIENTED_EDGE('',*,*,#853,.T.);
#1153=ORIENTED_EDGE('',*,*,#855,.F.);
#1154=ORIENTED_EDGE('',*,*,#856,.F.);
#1155=ORIENTED_EDGE('',*,*,#857,.F.);
#1156=ORIENTED_EDGE('',*,*,#856,.T.);
#1157=ORIENTED_EDGE('',*,*,#858,.F.);
#1158=ORIENTED_EDGE('',*,*,#859,.F.);
#1159=ORIENTED_EDGE('',*,*,#860,.F.);
#1160=ORIENTED_EDGE('',*,*,#859,.T.);
#1161=ORIENTED_EDGE('',*,*,#861,.F.);
#1162=ORIENTED_EDGE('',*,*,#851,.F.);
#1163=ORIENTED_EDGE('',*,*,#861,.T.);
#1164=ORIENTED_EDGE('',*,*,#858,.T.);
#1165=ORIENTED_EDGE('',*,*,#855,.T.);
#1166=ORIENTED_EDGE('',*,*,#852,.T.);
#1167=ORIENTED_EDGE('',*,*,#862,.T.);
#1168=ORIENTED_EDGE('',*,*,#863,.T.);
#1169=ORIENTED_EDGE('',*,*,#864,.F.);
#1170=ORIENTED_EDGE('',*,*,#863,.F.);
#1171=ORIENTED_EDGE('',*,*,#862,.F.);
#1172=ORIENTED_EDGE('',*,*,#865,.F.);
#1173=ORIENTED_EDGE('',*,*,#866,.T.);
#1174=ORIENTED_EDGE('',*,*,#867,.F.);
#1175=ORIENTED_EDGE('',*,*,#867,.T.);
#1176=ORIENTED_EDGE('',*,*,#866,.F.);
#1177=ORIENTED_EDGE('',*,*,#868,.T.);
#1178=ORIENTED_EDGE('',*,*,#865,.T.);
#1179=ORIENTED_EDGE('',*,*,#868,.F.);
#1180=ORIENTED_EDGE('',*,*,#864,.T.);
#1181=ORIENTED_EDGE('',*,*,#838,.T.);
#1182=ORIENTED_EDGE('',*,*,#842,.T.);
#1183=ORIENTED_EDGE('',*,*,#845,.T.);
#1184=ORIENTED_EDGE('',*,*,#848,.T.);
#1185=ORIENTED_EDGE('',*,*,#850,.T.);
#1186=ORIENTED_EDGE('',*,*,#854,.T.);
#1187=ORIENTED_EDGE('',*,*,#857,.T.);
#1188=ORIENTED_EDGE('',*,*,#860,.T.);
#1189=ORIENTED_EDGE('',*,*,#869,.T.);
#1190=ORIENTED_EDGE('',*,*,#870,.T.);
#1191=ORIENTED_EDGE('',*,*,#871,.T.);
#1192=ORIENTED_EDGE('',*,*,#872,.T.);
#1193=ORIENTED_EDGE('',*,*,#873,.F.);
#1194=ORIENTED_EDGE('',*,*,#874,.T.);
#1195=ORIENTED_EDGE('',*,*,#869,.F.);
#1196=ORIENTED_EDGE('',*,*,#875,.F.);
#1197=ORIENTED_EDGE('',*,*,#870,.F.);
#1198=ORIENTED_EDGE('',*,*,#874,.F.);
#1199=ORIENTED_EDGE('',*,*,#873,.T.);
#1200=ORIENTED_EDGE('',*,*,#875,.T.);
#1201=ORIENTED_EDGE('',*,*,#872,.F.);
#1202=ORIENTED_EDGE('',*,*,#876,.T.);
#1203=ORIENTED_EDGE('',*,*,#877,.F.);
#1204=ORIENTED_EDGE('',*,*,#876,.F.);
#1205=ORIENTED_EDGE('',*,*,#871,.F.);
#1206=ORIENTED_EDGE('',*,*,#877,.T.);
#1207=ORIENTED_EDGE('',*,*,#878,.T.);
#1208=ORIENTED_EDGE('',*,*,#879,.T.);
#1209=ORIENTED_EDGE('',*,*,#880,.T.);
#1210=ORIENTED_EDGE('',*,*,#881,.T.);
#1211=ORIENTED_EDGE('',*,*,#882,.F.);
#1212=ORIENTED_EDGE('',*,*,#883,.T.);
#1213=ORIENTED_EDGE('',*,*,#878,.F.);
#1214=ORIENTED_EDGE('',*,*,#884,.F.);
#1215=ORIENTED_EDGE('',*,*,#879,.F.);
#1216=ORIENTED_EDGE('',*,*,#883,.F.);
#1217=ORIENTED_EDGE('',*,*,#882,.T.);
#1218=ORIENTED_EDGE('',*,*,#884,.T.);
#1219=ORIENTED_EDGE('',*,*,#881,.F.);
#1220=ORIENTED_EDGE('',*,*,#885,.T.);
#1221=ORIENTED_EDGE('',*,*,#886,.F.);
#1222=ORIENTED_EDGE('',*,*,#885,.F.);
#1223=ORIENTED_EDGE('',*,*,#880,.F.);
#1224=ORIENTED_EDGE('',*,*,#886,.T.);
#1225=ORIENTED_EDGE('',*,*,#887,.T.);
#1226=ORIENTED_EDGE('',*,*,#888,.T.);
#1227=ORIENTED_EDGE('',*,*,#889,.T.);
#1228=ORIENTED_EDGE('',*,*,#890,.T.);
#1229=ORIENTED_EDGE('',*,*,#891,.F.);
#1230=ORIENTED_EDGE('',*,*,#892,.T.);
#1231=ORIENTED_EDGE('',*,*,#887,.F.);
#1232=ORIENTED_EDGE('',*,*,#893,.F.);
#1233=ORIENTED_EDGE('',*,*,#888,.F.);
#1234=ORIENTED_EDGE('',*,*,#892,.F.);
#1235=ORIENTED_EDGE('',*,*,#891,.T.);
#1236=ORIENTED_EDGE('',*,*,#893,.T.);
#1237=ORIENTED_EDGE('',*,*,#890,.F.);
#1238=ORIENTED_EDGE('',*,*,#894,.T.);
#1239=ORIENTED_EDGE('',*,*,#895,.F.);
#1240=ORIENTED_EDGE('',*,*,#894,.F.);
#1241=ORIENTED_EDGE('',*,*,#889,.F.);
#1242=ORIENTED_EDGE('',*,*,#895,.T.);
#1243=ORIENTED_EDGE('',*,*,#896,.T.);
#1244=ORIENTED_EDGE('',*,*,#897,.T.);
#1245=ORIENTED_EDGE('',*,*,#898,.T.);
#1246=ORIENTED_EDGE('',*,*,#899,.T.);
#1247=ORIENTED_EDGE('',*,*,#900,.F.);
#1248=ORIENTED_EDGE('',*,*,#901,.T.);
#1249=ORIENTED_EDGE('',*,*,#896,.F.);
#1250=ORIENTED_EDGE('',*,*,#902,.F.);
#1251=ORIENTED_EDGE('',*,*,#897,.F.);
#1252=ORIENTED_EDGE('',*,*,#901,.F.);
#1253=ORIENTED_EDGE('',*,*,#900,.T.);
#1254=ORIENTED_EDGE('',*,*,#902,.T.);
#1255=ORIENTED_EDGE('',*,*,#899,.F.);
#1256=ORIENTED_EDGE('',*,*,#903,.T.);
#1257=ORIENTED_EDGE('',*,*,#904,.F.);
#1258=ORIENTED_EDGE('',*,*,#903,.F.);
#1259=ORIENTED_EDGE('',*,*,#898,.F.);
#1260=ORIENTED_EDGE('',*,*,#904,.T.);
#1261=ORIENTED_EDGE('',*,*,#905,.T.);
#1262=ORIENTED_EDGE('',*,*,#906,.T.);
#1263=ORIENTED_EDGE('',*,*,#907,.F.);
#1264=ORIENTED_EDGE('',*,*,#908,.T.);
#1265=ORIENTED_EDGE('',*,*,#909,.F.);
#1266=ORIENTED_EDGE('',*,*,#910,.F.);
#1267=ORIENTED_EDGE('',*,*,#905,.F.);
#1268=ORIENTED_EDGE('',*,*,#911,.F.);
#1269=ORIENTED_EDGE('',*,*,#908,.F.);
#1270=ORIENTED_EDGE('',*,*,#907,.T.);
#1271=ORIENTED_EDGE('',*,*,#910,.T.);
#1272=ORIENTED_EDGE('',*,*,#912,.T.);
#1273=ORIENTED_EDGE('',*,*,#913,.F.);
#1274=ORIENTED_EDGE('',*,*,#912,.F.);
#1275=ORIENTED_EDGE('',*,*,#909,.T.);
#1276=ORIENTED_EDGE('',*,*,#911,.T.);
#1277=ORIENTED_EDGE('',*,*,#906,.F.);
#1278=ORIENTED_EDGE('',*,*,#913,.T.);
#1279=ORIENTED_EDGE('',*,*,#914,.T.);
#1280=ORIENTED_EDGE('',*,*,#915,.T.);
#1281=ORIENTED_EDGE('',*,*,#916,.F.);
#1282=ORIENTED_EDGE('',*,*,#917,.T.);
#1283=ORIENTED_EDGE('',*,*,#918,.F.);
#1284=ORIENTED_EDGE('',*,*,#919,.F.);
#1285=ORIENTED_EDGE('',*,*,#914,.F.);
#1286=ORIENTED_EDGE('',*,*,#920,.F.);
#1287=ORIENTED_EDGE('',*,*,#917,.F.);
#1288=ORIENTED_EDGE('',*,*,#916,.T.);
#1289=ORIENTED_EDGE('',*,*,#919,.T.);
#1290=ORIENTED_EDGE('',*,*,#921,.T.);
#1291=ORIENTED_EDGE('',*,*,#922,.F.);
#1292=ORIENTED_EDGE('',*,*,#921,.F.);
#1293=ORIENTED_EDGE('',*,*,#918,.T.);
#1294=ORIENTED_EDGE('',*,*,#920,.T.);
#1295=ORIENTED_EDGE('',*,*,#915,.F.);
#1296=ORIENTED_EDGE('',*,*,#922,.T.);
#1297=ORIENTED_EDGE('',*,*,#923,.T.);
#1298=ORIENTED_EDGE('',*,*,#924,.T.);
#1299=ORIENTED_EDGE('',*,*,#925,.F.);
#1300=ORIENTED_EDGE('',*,*,#926,.T.);
#1301=ORIENTED_EDGE('',*,*,#927,.F.);
#1302=ORIENTED_EDGE('',*,*,#923,.F.);
#1303=ORIENTED_EDGE('',*,*,#928,.F.);
#1304=ORIENTED_EDGE('',*,*,#929,.F.);
#1305=ORIENTED_EDGE('',*,*,#926,.F.);
#1306=ORIENTED_EDGE('',*,*,#925,.T.);
#1307=ORIENTED_EDGE('',*,*,#927,.T.);
#1308=ORIENTED_EDGE('',*,*,#929,.T.);
#1309=ORIENTED_EDGE('',*,*,#930,.T.);
#1310=ORIENTED_EDGE('',*,*,#931,.F.);
#1311=ORIENTED_EDGE('',*,*,#930,.F.);
#1312=ORIENTED_EDGE('',*,*,#928,.T.);
#1313=ORIENTED_EDGE('',*,*,#924,.F.);
#1314=ORIENTED_EDGE('',*,*,#931,.T.);
#1315=ORIENTED_EDGE('',*,*,#932,.T.);
#1316=ORIENTED_EDGE('',*,*,#933,.T.);
#1317=ORIENTED_EDGE('',*,*,#934,.F.);
#1318=ORIENTED_EDGE('',*,*,#935,.T.);
#1319=ORIENTED_EDGE('',*,*,#936,.F.);
#1320=ORIENTED_EDGE('',*,*,#937,.F.);
#1321=ORIENTED_EDGE('',*,*,#932,.F.);
#1322=ORIENTED_EDGE('',*,*,#938,.F.);
#1323=ORIENTED_EDGE('',*,*,#935,.F.);
#1324=ORIENTED_EDGE('',*,*,#934,.T.);
#1325=ORIENTED_EDGE('',*,*,#937,.T.);
#1326=ORIENTED_EDGE('',*,*,#939,.T.);
#1327=ORIENTED_EDGE('',*,*,#940,.F.);
#1328=ORIENTED_EDGE('',*,*,#939,.F.);
#1329=ORIENTED_EDGE('',*,*,#936,.T.);
#1330=ORIENTED_EDGE('',*,*,#938,.T.);
#1331=ORIENTED_EDGE('',*,*,#933,.F.);
#1332=ORIENTED_EDGE('',*,*,#940,.T.);
#1333=PLANE('',#1522);
#1334=PLANE('',#1523);
#1335=PLANE('',#1524);
#1336=PLANE('',#1525);
#1337=PLANE('',#1526);
#1338=PLANE('',#1527);
#1339=PLANE('',#1528);
#1340=PLANE('',#1529);
#1341=PLANE('',#1530);
#1342=PLANE('',#1531);
#1343=PLANE('',#1535);
#1344=PLANE('',#1541);
#1345=PLANE('',#1542);
#1346=PLANE('',#1543);
#1347=PLANE('',#1544);
#1348=PLANE('',#1545);
#1349=PLANE('',#1546);
#1350=PLANE('',#1547);
#1351=PLANE('',#1548);
#1352=PLANE('',#1549);
#1353=PLANE('',#1550);
#1354=PLANE('',#1551);
#1355=PLANE('',#1555);
#1356=PLANE('',#1561);
#1357=PLANE('',#1562);
#1358=PLANE('',#1563);
#1359=PLANE('',#1564);
#1360=PLANE('',#1565);
#1361=PLANE('',#1566);
#1362=PLANE('',#1567);
#1363=PLANE('',#1568);
#1364=PLANE('',#1569);
#1365=PLANE('',#1570);
#1366=PLANE('',#1571);
#1367=PLANE('',#1575);
#1368=PLANE('',#1581);
#1369=PLANE('',#1582);
#1370=PLANE('',#1583);
#1371=PLANE('',#1584);
#1372=PLANE('',#1585);
#1373=PLANE('',#1586);
#1374=PLANE('',#1587);
#1375=PLANE('',#1588);
#1376=PLANE('',#1589);
#1377=PLANE('',#1590);
#1378=PLANE('',#1591);
#1379=PLANE('',#1595);
#1380=PLANE('',#1601);
#1381=PLANE('',#1610);
#1382=PLANE('',#1613);
#1383=PLANE('',#1622);
#1384=PLANE('',#1625);
#1385=PLANE('',#1634);
#1386=PLANE('',#1637);
#1387=PLANE('',#1646);
#1388=PLANE('',#1649);
#1389=PLANE('',#1658);
#1390=PLANE('',#1661);
#1391=PLANE('',#1670);
#1392=PLANE('',#1673);
#1393=PLANE('',#1682);
#1394=PLANE('',#1685);
#1395=PLANE('',#1694);
#1396=PLANE('',#1697);
#1397=ADVANCED_FACE('',(#161),#1333,.T.);
#1398=ADVANCED_FACE('',(#162),#1334,.T.);
#1399=ADVANCED_FACE('',(#163),#1335,.T.);
#1400=ADVANCED_FACE('',(#164),#1336,.T.);
#1401=ADVANCED_FACE('',(#165),#1337,.T.);
#1402=ADVANCED_FACE('',(#166),#1338,.T.);
#1403=ADVANCED_FACE('',(#167),#1339,.T.);
#1404=ADVANCED_FACE('',(#168),#1340,.T.);
#1405=ADVANCED_FACE('',(#169),#1341,.T.);
#1406=ADVANCED_FACE('',(#170),#1342,.T.);
#1407=ADVANCED_FACE('',(#171),#137,.T.);
#1408=ADVANCED_FACE('',(#172,#65),#1343,.T.);
#1409=ADVANCED_FACE('',(#173),#53,.T.);
#1410=ADVANCED_FACE('',(#174),#138,.T.);
#1411=ADVANCED_FACE('',(#175,#66,#67),#1344,.F.);
#1412=ADVANCED_FACE('',(#176),#1345,.T.);
#1413=ADVANCED_FACE('',(#177),#1346,.T.);
#1414=ADVANCED_FACE('',(#178),#1347,.T.);
#1415=ADVANCED_FACE('',(#179),#1348,.T.);
#1416=ADVANCED_FACE('',(#180),#1349,.T.);
#1417=ADVANCED_FACE('',(#181),#1350,.T.);
#1418=ADVANCED_FACE('',(#182),#1351,.T.);
#1419=ADVANCED_FACE('',(#183),#1352,.T.);
#1420=ADVANCED_FACE('',(#184),#1353,.T.);
#1421=ADVANCED_FACE('',(#185),#1354,.T.);
#1422=ADVANCED_FACE('',(#186),#139,.T.);
#1423=ADVANCED_FACE('',(#187,#68),#1355,.T.);
#1424=ADVANCED_FACE('',(#188),#54,.T.);
#1425=ADVANCED_FACE('',(#189),#140,.T.);
#1426=ADVANCED_FACE('',(#190,#69,#70),#1356,.F.);
#1427=ADVANCED_FACE('',(#191),#1357,.T.);
#1428=ADVANCED_FACE('',(#192),#1358,.T.);
#1429=ADVANCED_FACE('',(#193),#1359,.T.);
#1430=ADVANCED_FACE('',(#194),#1360,.T.);
#1431=ADVANCED_FACE('',(#195),#1361,.T.);
#1432=ADVANCED_FACE('',(#196),#1362,.T.);
#1433=ADVANCED_FACE('',(#197),#1363,.T.);
#1434=ADVANCED_FACE('',(#198),#1364,.T.);
#1435=ADVANCED_FACE('',(#199),#1365,.T.);
#1436=ADVANCED_FACE('',(#200),#1366,.T.);
#1437=ADVANCED_FACE('',(#201),#141,.T.);
#1438=ADVANCED_FACE('',(#202,#71),#1367,.T.);
#1439=ADVANCED_FACE('',(#203),#55,.T.);
#1440=ADVANCED_FACE('',(#204),#142,.T.);
#1441=ADVANCED_FACE('',(#205,#72,#73),#1368,.F.);
#1442=ADVANCED_FACE('',(#206),#1369,.T.);
#1443=ADVANCED_FACE('',(#207),#1370,.T.);
#1444=ADVANCED_FACE('',(#208),#1371,.T.);
#1445=ADVANCED_FACE('',(#209),#1372,.T.);
#1446=ADVANCED_FACE('',(#210),#1373,.T.);
#1447=ADVANCED_FACE('',(#211),#1374,.T.);
#1448=ADVANCED_FACE('',(#212),#1375,.T.);
#1449=ADVANCED_FACE('',(#213),#1376,.T.);
#1450=ADVANCED_FACE('',(#214),#1377,.T.);
#1451=ADVANCED_FACE('',(#215),#1378,.T.);
#1452=ADVANCED_FACE('',(#216),#143,.T.);
#1453=ADVANCED_FACE('',(#217,#74),#1379,.T.);
#1454=ADVANCED_FACE('',(#218),#56,.T.);
#1455=ADVANCED_FACE('',(#219),#144,.T.);
#1456=ADVANCED_FACE('',(#220,#75,#76),#1380,.F.);
#1457=ADVANCED_FACE('',(#221),#57,.T.);
#1458=ADVANCED_FACE('',(#222),#145,.T.);
#1459=ADVANCED_FACE('',(#223),#1381,.T.);
#1460=ADVANCED_FACE('',(#224),#146,.T.);
#1461=ADVANCED_FACE('',(#225),#1382,.T.);
#1462=ADVANCED_FACE('',(#226),#58,.T.);
#1463=ADVANCED_FACE('',(#227),#147,.T.);
#1464=ADVANCED_FACE('',(#228),#1383,.T.);
#1465=ADVANCED_FACE('',(#229),#148,.T.);
#1466=ADVANCED_FACE('',(#230),#1384,.T.);
#1467=ADVANCED_FACE('',(#231),#59,.T.);
#1468=ADVANCED_FACE('',(#232),#149,.T.);
#1469=ADVANCED_FACE('',(#233),#1385,.T.);
#1470=ADVANCED_FACE('',(#234),#150,.T.);
#1471=ADVANCED_FACE('',(#235),#1386,.T.);
#1472=ADVANCED_FACE('',(#236),#60,.T.);
#1473=ADVANCED_FACE('',(#237),#151,.T.);
#1474=ADVANCED_FACE('',(#238),#1387,.T.);
#1475=ADVANCED_FACE('',(#239),#152,.T.);
#1476=ADVANCED_FACE('',(#240),#1388,.T.);
#1477=ADVANCED_FACE('',(#241),#61,.T.);
#1478=ADVANCED_FACE('',(#242),#153,.T.);
#1479=ADVANCED_FACE('',(#243),#1389,.T.);
#1480=ADVANCED_FACE('',(#244),#154,.T.);
#1481=ADVANCED_FACE('',(#245),#1390,.T.);
#1482=ADVANCED_FACE('',(#246),#62,.T.);
#1483=ADVANCED_FACE('',(#247),#155,.T.);
#1484=ADVANCED_FACE('',(#248),#1391,.T.);
#1485=ADVANCED_FACE('',(#249),#156,.T.);
#1486=ADVANCED_FACE('',(#250),#1392,.T.);
#1487=ADVANCED_FACE('',(#251),#63,.T.);
#1488=ADVANCED_FACE('',(#252),#157,.T.);
#1489=ADVANCED_FACE('',(#253),#1393,.T.);
#1490=ADVANCED_FACE('',(#254),#158,.T.);
#1491=ADVANCED_FACE('',(#255),#1394,.T.);
#1492=ADVANCED_FACE('',(#256),#64,.T.);
#1493=ADVANCED_FACE('',(#257),#159,.T.);
#1494=ADVANCED_FACE('',(#258),#1395,.T.);
#1495=ADVANCED_FACE('',(#259),#160,.T.);
#1496=ADVANCED_FACE('',(#260),#1396,.T.);
#1497=CLOSED_SHELL('',(#1397,#1398,#1399,#1400,#1401,#1402,#1403,#1404,
#1405,#1406,#1407,#1408,#1409,#1410,#1411));
#1498=CLOSED_SHELL('',(#1412,#1413,#1414,#1415,#1416,#1417,#1418,#1419,
#1420,#1421,#1422,#1423,#1424,#1425,#1426));
#1499=CLOSED_SHELL('',(#1427,#1428,#1429,#1430,#1431,#1432,#1433,#1434,
#1435,#1436,#1437,#1438,#1439,#1440,#1441));
#1500=CLOSED_SHELL('',(#1442,#1443,#1444,#1445,#1446,#1447,#1448,#1449,
#1450,#1451,#1452,#1453,#1454,#1455,#1456));
#1501=CLOSED_SHELL('',(#1457,#1458,#1459,#1460,#1461));
#1502=CLOSED_SHELL('',(#1462,#1463,#1464,#1465,#1466));
#1503=CLOSED_SHELL('',(#1467,#1468,#1469,#1470,#1471));
#1504=CLOSED_SHELL('',(#1472,#1473,#1474,#1475,#1476));
#1505=CLOSED_SHELL('',(#1477,#1478,#1479,#1480,#1481));
#1506=CLOSED_SHELL('',(#1482,#1483,#1484,#1485,#1486));
#1507=CLOSED_SHELL('',(#1487,#1488,#1489,#1490,#1491));
#1508=CLOSED_SHELL('',(#1492,#1493,#1494,#1495,#1496));
#1509=DERIVED_UNIT_ELEMENT(#1511,1.);
#1510=DERIVED_UNIT_ELEMENT(#2606,-3.);
#1511=(
MASS_UNIT()
NAMED_UNIT(*)
SI_UNIT(.KILO.,.GRAM.)
);
#1512=DERIVED_UNIT((#1509,#1510));
#1513=MEASURE_REPRESENTATION_ITEM('density measure',
POSITIVE_RATIO_MEASURE(7850.),#1512);
#1514=PROPERTY_DEFINITION_REPRESENTATION(#1519,#1516);
#1515=PROPERTY_DEFINITION_REPRESENTATION(#1520,#1517);
#1516=REPRESENTATION('material name',(#1518),#2603);
#1517=REPRESENTATION('density',(#1513),#2603);
#1518=DESCRIPTIVE_REPRESENTATION_ITEM('Steel','Steel');
#1519=PROPERTY_DEFINITION('material property','material name',#2613);
#1520=PROPERTY_DEFINITION('material property','density of part',#2613);
#1521=AXIS2_PLACEMENT_3D('',#2172,#1698,#1699);
#1522=AXIS2_PLACEMENT_3D('',#2173,#1700,#1701);
#1523=AXIS2_PLACEMENT_3D('',#2182,#1706,#1707);
#1524=AXIS2_PLACEMENT_3D('',#2188,#1711,#1712);
#1525=AXIS2_PLACEMENT_3D('',#2194,#1716,#1717);
#1526=AXIS2_PLACEMENT_3D('',#2197,#1720,#1721);
#1527=AXIS2_PLACEMENT_3D('',#2198,#1722,#1723);
#1528=AXIS2_PLACEMENT_3D('',#2207,#1728,#1729);
#1529=AXIS2_PLACEMENT_3D('',#2213,#1733,#1734);
#1530=AXIS2_PLACEMENT_3D('',#2219,#1738,#1739);
#1531=AXIS2_PLACEMENT_3D('',#2222,#1742,#1743);
#1532=AXIS2_PLACEMENT_3D('',#2223,#1744,#1745);
#1533=AXIS2_PLACEMENT_3D('',#2225,#1746,#1747);
#1534=AXIS2_PLACEMENT_3D('',#2228,#1749,#1750);
#1535=AXIS2_PLACEMENT_3D('',#2229,#1751,#1752);
#1536=AXIS2_PLACEMENT_3D('',#2231,#1753,#1754);
#1537=AXIS2_PLACEMENT_3D('',#2232,#1755,#1756);
#1538=AXIS2_PLACEMENT_3D('',#2234,#1757,#1758);
#1539=AXIS2_PLACEMENT_3D('',#2236,#1759,#1760);
#1540=AXIS2_PLACEMENT_3D('',#2237,#1761,#1762);
#1541=AXIS2_PLACEMENT_3D('',#2239,#1764,#1765);
#1542=AXIS2_PLACEMENT_3D('',#2240,#1766,#1767);
#1543=AXIS2_PLACEMENT_3D('',#2249,#1772,#1773);
#1544=AXIS2_PLACEMENT_3D('',#2255,#1777,#1778);
#1545=AXIS2_PLACEMENT_3D('',#2261,#1782,#1783);
#1546=AXIS2_PLACEMENT_3D('',#2264,#1786,#1787);
#1547=AXIS2_PLACEMENT_3D('',#2265,#1788,#1789);
#1548=AXIS2_PLACEMENT_3D('',#2274,#1794,#1795);
#1549=AXIS2_PLACEMENT_3D('',#2280,#1799,#1800);
#1550=AXIS2_PLACEMENT_3D('',#2286,#1804,#1805);
#1551=AXIS2_PLACEMENT_3D('',#2289,#1808,#1809);
#1552=AXIS2_PLACEMENT_3D('',#2290,#1810,#1811);
#1553=AXIS2_PLACEMENT_3D('',#2292,#1812,#1813);
#1554=AXIS2_PLACEMENT_3D('',#2295,#1815,#1816);
#1555=AXIS2_PLACEMENT_3D('',#2296,#1817,#1818);
#1556=AXIS2_PLACEMENT_3D('',#2298,#1819,#1820);
#1557=AXIS2_PLACEMENT_3D('',#2299,#1821,#1822);
#1558=AXIS2_PLACEMENT_3D('',#2301,#1823,#1824);
#1559=AXIS2_PLACEMENT_3D('',#2303,#1825,#1826);
#1560=AXIS2_PLACEMENT_3D('',#2304,#1827,#1828);
#1561=AXIS2_PLACEMENT_3D('',#2306,#1830,#1831);
#1562=AXIS2_PLACEMENT_3D('',#2307,#1832,#1833);
#1563=AXIS2_PLACEMENT_3D('',#2316,#1838,#1839);
#1564=AXIS2_PLACEMENT_3D('',#2322,#1843,#1844);
#1565=AXIS2_PLACEMENT_3D('',#2328,#1848,#1849);
#1566=AXIS2_PLACEMENT_3D('',#2331,#1852,#1853);
#1567=AXIS2_PLACEMENT_3D('',#2332,#1854,#1855);
#1568=AXIS2_PLACEMENT_3D('',#2341,#1860,#1861);
#1569=AXIS2_PLACEMENT_3D('',#2347,#1865,#1866);
#1570=AXIS2_PLACEMENT_3D('',#2353,#1870,#1871);
#1571=AXIS2_PLACEMENT_3D('',#2356,#1874,#1875);
#1572=AXIS2_PLACEMENT_3D('',#2357,#1876,#1877);
#1573=AXIS2_PLACEMENT_3D('',#2359,#1878,#1879);
#1574=AXIS2_PLACEMENT_3D('',#2362,#1881,#1882);
#1575=AXIS2_PLACEMENT_3D('',#2363,#1883,#1884);
#1576=AXIS2_PLACEMENT_3D('',#2365,#1885,#1886);
#1577=AXIS2_PLACEMENT_3D('',#2366,#1887,#1888);
#1578=AXIS2_PLACEMENT_3D('',#2368,#1889,#1890);
#1579=AXIS2_PLACEMENT_3D('',#2370,#1891,#1892);
#1580=AXIS2_PLACEMENT_3D('',#2371,#1893,#1894);
#1581=AXIS2_PLACEMENT_3D('',#2373,#1896,#1897);
#1582=AXIS2_PLACEMENT_3D('',#2374,#1898,#1899);
#1583=AXIS2_PLACEMENT_3D('',#2383,#1904,#1905);
#1584=AXIS2_PLACEMENT_3D('',#2389,#1909,#1910);
#1585=AXIS2_PLACEMENT_3D('',#2395,#1914,#1915);
#1586=AXIS2_PLACEMENT_3D('',#2398,#1918,#1919);
#1587=AXIS2_PLACEMENT_3D('',#2399,#1920,#1921);
#1588=AXIS2_PLACEMENT_3D('',#2408,#1926,#1927);
#1589=AXIS2_PLACEMENT_3D('',#2414,#1931,#1932);
#1590=AXIS2_PLACEMENT_3D('',#2420,#1936,#1937);
#1591=AXIS2_PLACEMENT_3D('',#2423,#1940,#1941);
#1592=AXIS2_PLACEMENT_3D('',#2424,#1942,#1943);
#1593=AXIS2_PLACEMENT_3D('',#2426,#1944,#1945);
#1594=AXIS2_PLACEMENT_3D('',#2429,#1947,#1948);
#1595=AXIS2_PLACEMENT_3D('',#2430,#1949,#1950);
#1596=AXIS2_PLACEMENT_3D('',#2432,#1951,#1952);
#1597=AXIS2_PLACEMENT_3D('',#2433,#1953,#1954);
#1598=AXIS2_PLACEMENT_3D('',#2435,#1955,#1956);
#1599=AXIS2_PLACEMENT_3D('',#2437,#1957,#1958);
#1600=AXIS2_PLACEMENT_3D('',#2438,#1959,#1960);
#1601=AXIS2_PLACEMENT_3D('',#2440,#1962,#1963);
#1602=AXIS2_PLACEMENT_3D('',#2441,#1964,#1965);
#1603=AXIS2_PLACEMENT_3D('',#2444,#1966,#1967);
#1604=AXIS2_PLACEMENT_3D('',#2446,#1968,#1969);
#1605=AXIS2_PLACEMENT_3D('',#2448,#1970,#1971);
#1606=AXIS2_PLACEMENT_3D('',#2449,#1972,#1973);
#1607=AXIS2_PLACEMENT_3D('',#2450,#1974,#1975);
#1608=AXIS2_PLACEMENT_3D('',#2452,#1976,#1977);
#1609=AXIS2_PLACEMENT_3D('',#2454,#1979,#1980);
#1610=AXIS2_PLACEMENT_3D('',#2455,#1981,#1982);
#1611=AXIS2_PLACEMENT_3D('',#2456,#1983,#1984);
#1612=AXIS2_PLACEMENT_3D('',#2459,#1986,#1987);
#1613=AXIS2_PLACEMENT_3D('',#2460,#1988,#1989);
#1614=AXIS2_PLACEMENT_3D('',#2461,#1990,#1991);
#1615=AXIS2_PLACEMENT_3D('',#2464,#1992,#1993);
#1616=AXIS2_PLACEMENT_3D('',#2466,#1994,#1995);
#1617=AXIS2_PLACEMENT_3D('',#2468,#1996,#1997);
#1618=AXIS2_PLACEMENT_3D('',#2469,#1998,#1999);
#1619=AXIS2_PLACEMENT_3D('',#2470,#2000,#2001);
#1620=AXIS2_PLACEMENT_3D('',#2472,#2002,#2003);
#1621=AXIS2_PLACEMENT_3D('',#2474,#2005,#2006);
#1622=AXIS2_PLACEMENT_3D('',#2475,#2007,#2008);
#1623=AXIS2_PLACEMENT_3D('',#2476,#2009,#2010);
#1624=AXIS2_PLACEMENT_3D('',#2479,#2012,#2013);
#1625=AXIS2_PLACEMENT_3D('',#2480,#2014,#2015);
#1626=AXIS2_PLACEMENT_3D('',#2481,#2016,#2017);
#1627=AXIS2_PLACEMENT_3D('',#2484,#2018,#2019);
#1628=AXIS2_PLACEMENT_3D('',#2486,#2020,#2021);
#1629=AXIS2_PLACEMENT_3D('',#2488,#2022,#2023);
#1630=AXIS2_PLACEMENT_3D('',#2489,#2024,#2025);
#1631=AXIS2_PLACEMENT_3D('',#2490,#2026,#2027);
#1632=AXIS2_PLACEMENT_3D('',#2492,#2028,#2029);
#1633=AXIS2_PLACEMENT_3D('',#2494,#2031,#2032);
#1634=AXIS2_PLACEMENT_3D('',#2495,#2033,#2034);
#1635=AXIS2_PLACEMENT_3D('',#2496,#2035,#2036);
#1636=AXIS2_PLACEMENT_3D('',#2499,#2038,#2039);
#1637=AXIS2_PLACEMENT_3D('',#2500,#2040,#2041);
#1638=AXIS2_PLACEMENT_3D('',#2501,#2042,#2043);
#1639=AXIS2_PLACEMENT_3D('',#2504,#2044,#2045);
#1640=AXIS2_PLACEMENT_3D('',#2506,#2046,#2047);
#1641=AXIS2_PLACEMENT_3D('',#2508,#2048,#2049);
#1642=AXIS2_PLACEMENT_3D('',#2509,#2050,#2051);
#1643=AXIS2_PLACEMENT_3D('',#2510,#2052,#2053);
#1644=AXIS2_PLACEMENT_3D('',#2512,#2054,#2055);
#1645=AXIS2_PLACEMENT_3D('',#2514,#2057,#2058);
#1646=AXIS2_PLACEMENT_3D('',#2515,#2059,#2060);
#1647=AXIS2_PLACEMENT_3D('',#2516,#2061,#2062);
#1648=AXIS2_PLACEMENT_3D('',#2519,#2064,#2065);
#1649=AXIS2_PLACEMENT_3D('',#2520,#2066,#2067);
#1650=AXIS2_PLACEMENT_3D('',#2521,#2068,#2069);
#1651=AXIS2_PLACEMENT_3D('',#2524,#2070,#2071);
#1652=AXIS2_PLACEMENT_3D('',#2525,#2072,#2073);
#1653=AXIS2_PLACEMENT_3D('',#2526,#2074,#2075);
#1654=AXIS2_PLACEMENT_3D('',#2528,#2076,#2077);
#1655=AXIS2_PLACEMENT_3D('',#2532,#2079,#2080);
#1656=AXIS2_PLACEMENT_3D('',#2533,#2081,#2082);
#1657=AXIS2_PLACEMENT_3D('',#2534,#2083,#2084);
#1658=AXIS2_PLACEMENT_3D('',#2535,#2085,#2086);
#1659=AXIS2_PLACEMENT_3D('',#2536,#2087,#2088);
#1660=AXIS2_PLACEMENT_3D('',#2539,#2090,#2091);
#1661=AXIS2_PLACEMENT_3D('',#2540,#2092,#2093);
#1662=AXIS2_PLACEMENT_3D('',#2541,#2094,#2095);
#1663=AXIS2_PLACEMENT_3D('',#2544,#2096,#2097);
#1664=AXIS2_PLACEMENT_3D('',#2545,#2098,#2099);
#1665=AXIS2_PLACEMENT_3D('',#2546,#2100,#2101);
#1666=AXIS2_PLACEMENT_3D('',#2548,#2102,#2103);
#1667=AXIS2_PLACEMENT_3D('',#2552,#2105,#2106);
#1668=AXIS2_PLACEMENT_3D('',#2553,#2107,#2108);
#1669=AXIS2_PLACEMENT_3D('',#2554,#2109,#2110);
#1670=AXIS2_PLACEMENT_3D('',#2555,#2111,#2112);
#1671=AXIS2_PLACEMENT_3D('',#2556,#2113,#2114);
#1672=AXIS2_PLACEMENT_3D('',#2559,#2116,#2117);
#1673=AXIS2_PLACEMENT_3D('',#2560,#2118,#2119);
#1674=AXIS2_PLACEMENT_3D('',#2561,#2120,#2121);
#1675=AXIS2_PLACEMENT_3D('',#2564,#2122,#2123);
#1676=AXIS2_PLACEMENT_3D('',#2565,#2124,#2125);
#1677=AXIS2_PLACEMENT_3D('',#2566,#2126,#2127);
#1678=AXIS2_PLACEMENT_3D('',#2568,#2128,#2129);
#1679=AXIS2_PLACEMENT_3D('',#2571,#2131,#2132);
#1680=AXIS2_PLACEMENT_3D('',#2573,#2133,#2134);
#1681=AXIS2_PLACEMENT_3D('',#2574,#2135,#2136);
#1682=AXIS2_PLACEMENT_3D('',#2575,#2137,#2138);
#1683=AXIS2_PLACEMENT_3D('',#2576,#2139,#2140);
#1684=AXIS2_PLACEMENT_3D('',#2579,#2142,#2143);
#1685=AXIS2_PLACEMENT_3D('',#2580,#2144,#2145);
#1686=AXIS2_PLACEMENT_3D('',#2581,#2146,#2147);
#1687=AXIS2_PLACEMENT_3D('',#2584,#2148,#2149);
#1688=AXIS2_PLACEMENT_3D('',#2585,#2150,#2151);
#1689=AXIS2_PLACEMENT_3D('',#2586,#2152,#2153);
#1690=AXIS2_PLACEMENT_3D('',#2588,#2154,#2155);
#1691=AXIS2_PLACEMENT_3D('',#2592,#2157,#2158);
#1692=AXIS2_PLACEMENT_3D('',#2593,#2159,#2160);
#1693=AXIS2_PLACEMENT_3D('',#2594,#2161,#2162);
#1694=AXIS2_PLACEMENT_3D('',#2595,#2163,#2164);
#1695=AXIS2_PLACEMENT_3D('',#2596,#2165,#2166);
#1696=AXIS2_PLACEMENT_3D('',#2599,#2168,#2169);
#1697=AXIS2_PLACEMENT_3D('',#2600,#2170,#2171);
#1698=DIRECTION('axis',(0.,0.,1.));
#1699=DIRECTION('refdir',(1.,0.,0.));
#1700=DIRECTION('center_axis',(0.29883623873012,-0.29883623873012,-0.90630778703665));
#1701=DIRECTION('ref_axis',(-0.707106781186548,-0.707106781186548,0.));
#1702=DIRECTION('',(0.707106781186548,0.707106781186548,0.));
#1703=DIRECTION('',(-0.640856382055789,0.640856382055789,-0.422618261740699));
#1704=DIRECTION('',(-0.707106781186548,-0.707106781186548,0.));
#1705=DIRECTION('',(-0.640856382055789,0.640856382055789,-0.422618261740699));
#1706=DIRECTION('center_axis',(0.707106781186548,0.707106781186548,0.));
#1707=DIRECTION('ref_axis',(0.29883623873012,-0.29883623873012,-0.90630778703665));
#1708=DIRECTION('',(-0.29883623873012,0.29883623873012,0.90630778703665));
#1709=DIRECTION('',(0.29883623873012,-0.29883623873012,-0.90630778703665));
#1710=DIRECTION('',(-0.640856382055789,0.640856382055789,-0.422618261740699));
#1711=DIRECTION('center_axis',(-0.29883623873012,0.29883623873012,0.90630778703665));
#1712=DIRECTION('ref_axis',(0.707106781186547,0.707106781186548,2.515509431413E-16));
#1713=DIRECTION('',(-0.707106781186547,-0.707106781186548,-2.515509431413E-16));
#1714=DIRECTION('',(0.707106781186547,0.707106781186548,2.515509431413E-16));
#1715=DIRECTION('',(-0.640856382055789,0.640856382055789,-0.422618261740699));
#1716=DIRECTION('center_axis',(-0.707106781186548,-0.707106781186547,5.03101886282601E-16));
#1717=DIRECTION('ref_axis',(-0.29883623873012,0.29883623873012,0.90630778703665));
#1718=DIRECTION('',(0.29883623873012,-0.29883623873012,-0.90630778703665));
#1719=DIRECTION('',(-0.29883623873012,0.29883623873012,0.90630778703665));
#1720=DIRECTION('center_axis',(-0.640856382055789,0.640856382055789,-0.4226182617407));
#1721=DIRECTION('ref_axis',(0.707106781186548,0.707106781186548,0.));
#1722=DIRECTION('center_axis',(0.29883623873012,-0.29883623873012,-0.90630778703665));
#1723=DIRECTION('ref_axis',(-0.707106781186548,-0.707106781186548,-6.28877357853205E-17));
#1724=DIRECTION('',(0.707106781186548,0.707106781186548,6.28877357853205E-17));
#1725=DIRECTION('',(-0.640856382055789,0.640856382055789,-0.422618261740699));
#1726=DIRECTION('',(-0.707106781186548,-0.707106781186548,-6.28877357853205E-17));
#1727=DIRECTION('',(-0.640856382055789,0.640856382055789,-0.422618261740699));
#1728=DIRECTION('center_axis',(0.707106781186548,0.707106781186548,0.));
#1729=DIRECTION('ref_axis',(0.29883623873012,-0.29883623873012,-0.90630778703665));
#1730=DIRECTION('',(-0.29883623873012,0.29883623873012,0.90630778703665));
#1731=DIRECTION('',(0.29883623873012,-0.29883623873012,-0.90630778703665));
#1732=DIRECTION('',(-0.640856382055789,0.640856382055789,-0.422618261740699));
#1733=DIRECTION('center_axis',(-0.29883623873012,0.29883623873012,0.90630778703665));
#1734=DIRECTION('ref_axis',(0.707106781186548,0.707106781186548,0.));
#1735=DIRECTION('',(-0.707106781186548,-0.707106781186548,0.));
#1736=DIRECTION('',(0.707106781186548,0.707106781186548,0.));
#1737=DIRECTION('',(-0.640856382055789,0.640856382055789,-0.422618261740699));
#1738=DIRECTION('center_axis',(-0.707106781186548,-0.707106781186548,0.));
#1739=DIRECTION('ref_axis',(-0.29883623873012,0.29883623873012,0.90630778703665));
#1740=DIRECTION('',(0.29883623873012,-0.29883623873012,-0.90630778703665));
#1741=DIRECTION('',(-0.29883623873012,0.29883623873012,0.90630778703665));
#1742=DIRECTION('center_axis',(-0.640856382055789,0.640856382055789,-0.4226182617407));
#1743=DIRECTION('ref_axis',(0.707106781186548,0.707106781186548,0.));
#1744=DIRECTION('center_axis',(0.640856382055789,-0.640856382055789,0.4226182617407));
#1745=DIRECTION('ref_axis',(-0.707106781186548,-0.707106781186548,0.));
#1746=DIRECTION('center_axis',(-0.640856382055789,0.640856382055789,-0.4226182617407));
#1747=DIRECTION('ref_axis',(-0.707106781186548,-0.707106781186548,0.));
#1748=DIRECTION('',(-0.640856382055789,0.640856382055789,-0.4226182617407));
#1749=DIRECTION('center_axis',(-0.640856382055789,0.640856382055789,-0.4226182617407));
#1750=DIRECTION('ref_axis',(-0.707106781186548,-0.707106781186548,0.));
#1751=DIRECTION('center_axis',(0.640856382055789,-0.640856382055789,0.4226182617407));
#1752=DIRECTION('ref_axis',(-0.707106781186548,-0.707106781186548,0.));
#1753=DIRECTION('center_axis',(0.640856382055789,-0.640856382055789,0.4226182617407));
#1754=DIRECTION('ref_axis',(-0.707106781186548,-0.707106781186548,0.));
#1755=DIRECTION('center_axis',(0.640856382055789,-0.640856382055789,0.422618261740699));
#1756=DIRECTION('ref_axis',(-0.707106781186548,-0.707106781186548,0.));
#1757=DIRECTION('center_axis',(0.640856382055789,-0.640856382055789,0.4226182617407));
#1758=DIRECTION('ref_axis',(-0.707106781186548,-0.707106781186548,0.));
#1759=DIRECTION('center_axis',(-0.29883623873012,0.29883623873012,0.90630778703665));
#1760=DIRECTION('ref_axis',(0.707106781186548,0.707106781186547,0.));
#1761=DIRECTION('center_axis',(0.640856382055789,-0.640856382055789,0.4226182617407));
#1762=DIRECTION('ref_axis',(-0.707106781186548,-0.707106781186548,0.));
#1763=DIRECTION('',(-0.640856382055789,0.640856382055789,-0.4226182617407));
#1764=DIRECTION('center_axis',(0.640856382055789,-0.640856382055789,0.4226182617407));
#1765=DIRECTION('ref_axis',(-0.707106781186548,-0.707106781186548,0.));
#1766=DIRECTION('center_axis',(-0.29883623873012,-0.29883623873012,-0.90630778703665));
#1767=DIRECTION('ref_axis',(-0.707106781186548,0.707106781186547,-5.55111512312578E-17));
#1768=DIRECTION('',(0.707106781186548,-0.707106781186547,5.55111512312578E-17));
#1769=DIRECTION('',(0.640856382055789,0.640856382055789,-0.422618261740699));
#1770=DIRECTION('',(-0.707106781186548,0.707106781186547,-5.55111512312578E-17));
#1771=DIRECTION('',(0.640856382055789,0.640856382055789,-0.422618261740699));
#1772=DIRECTION('center_axis',(0.707106781186548,-0.707106781186547,5.55111512312578E-17));
#1773=DIRECTION('ref_axis',(-0.29883623873012,-0.29883623873012,-0.90630778703665));
#1774=DIRECTION('',(0.29883623873012,0.29883623873012,0.90630778703665));
#1775=DIRECTION('',(-0.29883623873012,-0.29883623873012,-0.90630778703665));
#1776=DIRECTION('',(0.640856382055789,0.640856382055789,-0.422618261740699));
#1777=DIRECTION('center_axis',(0.298836238730119,0.29883623873012,0.90630778703665));
#1778=DIRECTION('ref_axis',(0.707106781186548,-0.707106781186547,3.07062094372558E-16));
#1779=DIRECTION('',(-0.707106781186548,0.707106781186547,-3.07062094372558E-16));
#1780=DIRECTION('',(0.707106781186548,-0.707106781186547,3.07062094372558E-16));
#1781=DIRECTION('',(0.640856382055789,0.640856382055789,-0.422618261740699));
#1782=DIRECTION('center_axis',(-0.707106781186547,0.707106781186548,4.47590735051343E-16));
#1783=DIRECTION('ref_axis',(0.29883623873012,0.29883623873012,0.90630778703665));
#1784=DIRECTION('',(-0.29883623873012,-0.29883623873012,-0.90630778703665));
#1785=DIRECTION('',(0.29883623873012,0.29883623873012,0.90630778703665));
#1786=DIRECTION('center_axis',(0.640856382055789,0.640856382055789,-0.422618261740699));
#1787=DIRECTION('ref_axis',(0.707106781186548,-0.707106781186547,5.55111512312578E-17));
#1788=DIRECTION('center_axis',(-0.29883623873012,-0.29883623873012,-0.90630778703665));
#1789=DIRECTION('ref_axis',(-0.707106781186548,0.707106781186547,-1.18398887016578E-16));
#1790=DIRECTION('',(0.707106781186548,-0.707106781186547,1.18398887016578E-16));
#1791=DIRECTION('',(0.640856382055789,0.640856382055789,-0.422618261740699));
#1792=DIRECTION('',(-0.707106781186548,0.707106781186547,-1.18398887016578E-16));
#1793=DIRECTION('',(0.640856382055789,0.640856382055789,-0.422618261740699));
#1794=DIRECTION('center_axis',(0.707106781186548,-0.707106781186547,5.55111512312578E-17));
#1795=DIRECTION('ref_axis',(-0.29883623873012,-0.29883623873012,-0.90630778703665));
#1796=DIRECTION('',(0.29883623873012,0.29883623873012,0.90630778703665));
#1797=DIRECTION('',(-0.29883623873012,-0.29883623873012,-0.90630778703665));
#1798=DIRECTION('',(0.640856382055789,0.640856382055789,-0.422618261740699));
#1799=DIRECTION('center_axis',(0.29883623873012,0.29883623873012,0.90630778703665));
#1800=DIRECTION('ref_axis',(0.707106781186548,-0.707106781186547,5.55111512312578E-17));
#1801=DIRECTION('',(-0.707106781186548,0.707106781186547,-5.55111512312578E-17));
#1802=DIRECTION('',(0.707106781186548,-0.707106781186547,5.55111512312578E-17));
#1803=DIRECTION('',(0.640856382055789,0.640856382055789,-0.422618261740699));
#1804=DIRECTION('center_axis',(-0.707106781186548,0.707106781186547,-5.55111512312578E-17));
#1805=DIRECTION('ref_axis',(0.29883623873012,0.29883623873012,0.90630778703665));
#1806=DIRECTION('',(-0.29883623873012,-0.29883623873012,-0.90630778703665));
#1807=DIRECTION('',(0.29883623873012,0.29883623873012,0.90630778703665));
#1808=DIRECTION('center_axis',(0.640856382055789,0.640856382055789,-0.422618261740699));
#1809=DIRECTION('ref_axis',(0.707106781186548,-0.707106781186547,5.55111512312578E-17));
#1810=DIRECTION('center_axis',(-0.640856382055789,-0.640856382055789,0.422618261740699));
#1811=DIRECTION('ref_axis',(-0.707106781186548,0.707106781186547,-5.55111512312578E-17));
#1812=DIRECTION('center_axis',(0.640856382055789,0.640856382055789,-0.422618261740699));
#1813=DIRECTION('ref_axis',(-0.707106781186548,0.707106781186547,-5.55111512312578E-17));
#1814=DIRECTION('',(0.640856382055788,0.640856382055789,-0.422618261740699));
#1815=DIRECTION('center_axis',(0.640856382055789,0.640856382055789,-0.422618261740699));
#1816=DIRECTION('ref_axis',(-0.707106781186548,0.707106781186547,-5.55111512312578E-17));
#1817=DIRECTION('center_axis',(-0.640856382055789,-0.640856382055789,0.422618261740699));
#1818=DIRECTION('ref_axis',(-0.707106781186548,0.707106781186547,-5.55111512312578E-17));
#1819=DIRECTION('center_axis',(-0.640856382055789,-0.640856382055789,0.422618261740699));
#1820=DIRECTION('ref_axis',(-0.707106781186548,0.707106781186547,-5.55111512312578E-17));
#1821=DIRECTION('center_axis',(-0.640856382055788,-0.640856382055789,0.4226182617407));
#1822=DIRECTION('ref_axis',(-0.707106781186548,0.707106781186548,0.));
#1823=DIRECTION('center_axis',(-0.640856382055789,-0.640856382055789,0.422618261740699));
#1824=DIRECTION('ref_axis',(-0.707106781186548,0.707106781186547,-5.55111512312578E-17));
#1825=DIRECTION('center_axis',(0.29883623873012,0.29883623873012,0.90630778703665));
#1826=DIRECTION('ref_axis',(0.707106781186548,-0.707106781186547,0.));
#1827=DIRECTION('center_axis',(-0.640856382055789,-0.640856382055789,0.422618261740699));
#1828=DIRECTION('ref_axis',(-0.707106781186548,0.707106781186547,-5.55111512312578E-17));
#1829=DIRECTION('',(0.640856382055789,0.640856382055789,-0.422618261740699));
#1830=DIRECTION('center_axis',(-0.640856382055789,-0.640856382055789,0.422618261740699));
#1831=DIRECTION('ref_axis',(-0.707106781186548,0.707106781186547,-5.55111512312578E-17));
#1832=DIRECTION('center_axis',(-0.29883623873012,0.29883623873012,-0.90630778703665));
#1833=DIRECTION('ref_axis',(0.707106781186548,0.707106781186548,0.));
#1834=DIRECTION('',(-0.707106781186548,-0.707106781186548,0.));
#1835=DIRECTION('',(0.640856382055789,-0.640856382055789,-0.422618261740699));
#1836=DIRECTION('',(0.707106781186548,0.707106781186548,0.));
#1837=DIRECTION('',(0.640856382055789,-0.640856382055789,-0.422618261740699));
#1838=DIRECTION('center_axis',(-0.707106781186548,-0.707106781186548,0.));
#1839=DIRECTION('ref_axis',(-0.29883623873012,0.29883623873012,-0.90630778703665));
#1840=DIRECTION('',(0.29883623873012,-0.29883623873012,0.90630778703665));
#1841=DIRECTION('',(-0.29883623873012,0.29883623873012,-0.90630778703665));
#1842=DIRECTION('',(0.640856382055789,-0.640856382055789,-0.422618261740699));
#1843=DIRECTION('center_axis',(0.29883623873012,-0.29883623873012,0.90630778703665));
#1844=DIRECTION('ref_axis',(-0.707106781186547,-0.707106781186548,2.515509431413E-16));
#1845=DIRECTION('',(0.707106781186547,0.707106781186548,-2.515509431413E-16));
#1846=DIRECTION('',(-0.707106781186547,-0.707106781186548,2.515509431413E-16));
#1847=DIRECTION('',(0.640856382055789,-0.640856382055789,-0.422618261740699));
#1848=DIRECTION('center_axis',(0.707106781186548,0.707106781186547,5.03101886282601E-16));
#1849=DIRECTION('ref_axis',(0.298836238730119,-0.29883623873012,0.90630778703665));
#1850=DIRECTION('',(-0.298836238730119,0.29883623873012,-0.90630778703665));
#1851=DIRECTION('',(0.298836238730119,-0.29883623873012,0.90630778703665));
#1852=DIRECTION('center_axis',(0.640856382055789,-0.640856382055789,-0.422618261740699));
#1853=DIRECTION('ref_axis',(-0.707106781186548,-0.707106781186548,0.));
#1854=DIRECTION('center_axis',(-0.29883623873012,0.29883623873012,-0.90630778703665));
#1855=DIRECTION('ref_axis',(0.707106781186548,0.707106781186548,-6.28877357853205E-17));
#1856=DIRECTION('',(-0.707106781186548,-0.707106781186548,6.28877357853205E-17));
#1857=DIRECTION('',(0.640856382055789,-0.640856382055789,-0.422618261740699));
#1858=DIRECTION('',(0.707106781186548,0.707106781186548,-6.28877357853205E-17));
#1859=DIRECTION('',(0.640856382055789,-0.640856382055789,-0.422618261740699));
#1860=DIRECTION('center_axis',(-0.707106781186548,-0.707106781186548,0.));
#1861=DIRECTION('ref_axis',(-0.29883623873012,0.29883623873012,-0.90630778703665));
#1862=DIRECTION('',(0.29883623873012,-0.29883623873012,0.90630778703665));
#1863=DIRECTION('',(-0.29883623873012,0.29883623873012,-0.90630778703665));
#1864=DIRECTION('',(0.640856382055789,-0.640856382055789,-0.422618261740699));
#1865=DIRECTION('center_axis',(0.29883623873012,-0.29883623873012,0.90630778703665));
#1866=DIRECTION('ref_axis',(-0.707106781186548,-0.707106781186548,0.));
#1867=DIRECTION('',(0.707106781186548,0.707106781186548,0.));
#1868=DIRECTION('',(-0.707106781186548,-0.707106781186548,0.));
#1869=DIRECTION('',(0.640856382055789,-0.640856382055789,-0.422618261740699));
#1870=DIRECTION('center_axis',(0.707106781186548,0.707106781186548,0.));
#1871=DIRECTION('ref_axis',(0.29883623873012,-0.29883623873012,0.90630778703665));
#1872=DIRECTION('',(-0.29883623873012,0.29883623873012,-0.90630778703665));
#1873=DIRECTION('',(0.29883623873012,-0.29883623873012,0.90630778703665));
#1874=DIRECTION('center_axis',(0.640856382055789,-0.640856382055789,-0.422618261740699));
#1875=DIRECTION('ref_axis',(-0.707106781186548,-0.707106781186548,0.));
#1876=DIRECTION('center_axis',(-0.640856382055789,0.640856382055789,0.422618261740699));
#1877=DIRECTION('ref_axis',(0.707106781186548,0.707106781186548,0.));
#1878=DIRECTION('center_axis',(0.640856382055789,-0.640856382055789,-0.422618261740699));
#1879=DIRECTION('ref_axis',(0.707106781186548,0.707106781186548,0.));
#1880=DIRECTION('',(0.640856382055789,-0.640856382055789,-0.422618261740699));
#1881=DIRECTION('center_axis',(0.640856382055789,-0.640856382055789,-0.422618261740699));
#1882=DIRECTION('ref_axis',(0.707106781186548,0.707106781186548,0.));
#1883=DIRECTION('center_axis',(-0.640856382055789,0.640856382055789,0.422618261740699));
#1884=DIRECTION('ref_axis',(0.707106781186548,0.707106781186548,0.));
#1885=DIRECTION('center_axis',(-0.640856382055789,0.640856382055789,0.422618261740699));
#1886=DIRECTION('ref_axis',(0.707106781186548,0.707106781186548,0.));
#1887=DIRECTION('center_axis',(-0.640856382055788,0.640856382055788,0.4226182617407));
#1888=DIRECTION('ref_axis',(0.707106781186548,0.707106781186548,0.));
#1889=DIRECTION('center_axis',(-0.640856382055789,0.640856382055789,0.422618261740699));
#1890=DIRECTION('ref_axis',(0.707106781186548,0.707106781186548,0.));
#1891=DIRECTION('center_axis',(0.29883623873012,-0.29883623873012,0.90630778703665));
#1892=DIRECTION('ref_axis',(-0.707106781186547,-0.707106781186547,0.));
#1893=DIRECTION('center_axis',(-0.640856382055789,0.640856382055789,0.422618261740699));
#1894=DIRECTION('ref_axis',(0.707106781186548,0.707106781186548,0.));
#1895=DIRECTION('',(0.640856382055789,-0.640856382055789,-0.422618261740699));
#1896=DIRECTION('center_axis',(-0.640856382055789,0.640856382055789,0.422618261740699));
#1897=DIRECTION('ref_axis',(0.707106781186548,0.707106781186548,0.));
#1898=DIRECTION('center_axis',(0.29883623873012,0.29883623873012,-0.90630778703665));
#1899=DIRECTION('ref_axis',(0.707106781186548,-0.707106781186547,5.55111512312578E-17));
#1900=DIRECTION('',(-0.707106781186548,0.707106781186547,-5.55111512312578E-17));
#1901=DIRECTION('',(-0.640856382055789,-0.640856382055789,-0.422618261740699));
#1902=DIRECTION('',(0.707106781186548,-0.707106781186547,5.55111512312578E-17));
#1903=DIRECTION('',(-0.640856382055789,-0.640856382055789,-0.422618261740699));
#1904=DIRECTION('center_axis',(-0.707106781186548,0.707106781186547,-5.55111512312578E-17));
#1905=DIRECTION('ref_axis',(0.29883623873012,0.29883623873012,-0.90630778703665));
#1906=DIRECTION('',(-0.29883623873012,-0.29883623873012,0.90630778703665));
#1907=DIRECTION('',(0.29883623873012,0.29883623873012,-0.90630778703665));
#1908=DIRECTION('',(-0.640856382055789,-0.640856382055789,-0.422618261740699));
#1909=DIRECTION('center_axis',(-0.29883623873012,-0.29883623873012,0.90630778703665));
#1910=DIRECTION('ref_axis',(-0.707106781186548,0.707106781186547,1.96039791910042E-16));
#1911=DIRECTION('',(0.707106781186548,-0.707106781186547,-1.96039791910042E-16));
#1912=DIRECTION('',(-0.707106781186548,0.707106781186547,1.96039791910042E-16));
#1913=DIRECTION('',(-0.640856382055789,-0.640856382055789,-0.422618261740699));
#1914=DIRECTION('center_axis',(0.707106781186547,-0.707106781186548,5.58613037513858E-16));
#1915=DIRECTION('ref_axis',(-0.29883623873012,-0.298836238730119,0.90630778703665));
#1916=DIRECTION('',(0.29883623873012,0.298836238730119,-0.90630778703665));
#1917=DIRECTION('',(-0.29883623873012,-0.298836238730119,0.90630778703665));
#1918=DIRECTION('center_axis',(-0.640856382055789,-0.640856382055789,-0.422618261740699));
#1919=DIRECTION('ref_axis',(-0.707106781186548,0.707106781186547,-5.55111512312578E-17));
#1920=DIRECTION('center_axis',(0.29883623873012,0.29883623873012,-0.90630778703665));
#1921=DIRECTION('ref_axis',(0.707106781186548,-0.707106781186547,-7.37658455406272E-18));
#1922=DIRECTION('',(-0.707106781186548,0.707106781186547,7.37658455406272E-18));
#1923=DIRECTION('',(-0.640856382055789,-0.640856382055789,-0.422618261740699));
#1924=DIRECTION('',(0.707106781186548,-0.707106781186547,-7.37658455406272E-18));
#1925=DIRECTION('',(-0.640856382055789,-0.640856382055789,-0.422618261740699));
#1926=DIRECTION('center_axis',(-0.707106781186548,0.707106781186547,-5.55111512312578E-17));
#1927=DIRECTION('ref_axis',(0.29883623873012,0.29883623873012,-0.90630778703665));
#1928=DIRECTION('',(-0.29883623873012,-0.29883623873012,0.90630778703665));
#1929=DIRECTION('',(0.29883623873012,0.29883623873012,-0.90630778703665));
#1930=DIRECTION('',(-0.640856382055789,-0.640856382055789,-0.422618261740699));
#1931=DIRECTION('center_axis',(-0.29883623873012,-0.29883623873012,0.90630778703665));
#1932=DIRECTION('ref_axis',(-0.707106781186548,0.707106781186547,-5.55111512312578E-17));
#1933=DIRECTION('',(0.707106781186548,-0.707106781186547,5.55111512312578E-17));
#1934=DIRECTION('',(-0.707106781186548,0.707106781186547,-5.55111512312578E-17));
#1935=DIRECTION('',(-0.640856382055789,-0.640856382055789,-0.422618261740699));
#1936=DIRECTION('center_axis',(0.707106781186548,-0.707106781186547,5.55111512312578E-17));
#1937=DIRECTION('ref_axis',(-0.29883623873012,-0.29883623873012,0.90630778703665));
#1938=DIRECTION('',(0.29883623873012,0.29883623873012,-0.90630778703665));
#1939=DIRECTION('',(-0.29883623873012,-0.29883623873012,0.90630778703665));
#1940=DIRECTION('center_axis',(-0.640856382055789,-0.640856382055789,-0.422618261740699));
#1941=DIRECTION('ref_axis',(-0.707106781186548,0.707106781186547,-5.55111512312578E-17));
#1942=DIRECTION('center_axis',(0.640856382055789,0.640856382055789,0.422618261740699));
#1943=DIRECTION('ref_axis',(0.707106781186548,-0.707106781186547,5.55111512312578E-17));
#1944=DIRECTION('center_axis',(-0.640856382055789,-0.640856382055789,-0.422618261740699));
#1945=DIRECTION('ref_axis',(0.707106781186548,-0.707106781186547,5.55111512312578E-17));
#1946=DIRECTION('',(-0.640856382055788,-0.640856382055789,-0.422618261740699));
#1947=DIRECTION('center_axis',(-0.640856382055789,-0.640856382055789,-0.422618261740699));
#1948=DIRECTION('ref_axis',(0.707106781186548,-0.707106781186547,5.55111512312578E-17));
#1949=DIRECTION('center_axis',(0.640856382055789,0.640856382055789,0.422618261740699));
#1950=DIRECTION('ref_axis',(0.707106781186548,-0.707106781186547,5.55111512312578E-17));
#1951=DIRECTION('center_axis',(0.640856382055789,0.640856382055789,0.422618261740699));
#1952=DIRECTION('ref_axis',(0.707106781186548,-0.707106781186547,5.55111512312578E-17));
#1953=DIRECTION('center_axis',(0.640856382055789,0.640856382055788,0.4226182617407));
#1954=DIRECTION('ref_axis',(0.707106781186548,-0.707106781186548,0.));
#1955=DIRECTION('center_axis',(0.640856382055789,0.640856382055789,0.422618261740699));
#1956=DIRECTION('ref_axis',(0.707106781186548,-0.707106781186547,5.55111512312578E-17));
#1957=DIRECTION('center_axis',(-0.29883623873012,-0.29883623873012,0.90630778703665));
#1958=DIRECTION('ref_axis',(-0.707106781186548,0.707106781186547,0.));
#1959=DIRECTION('center_axis',(0.640856382055789,0.640856382055789,0.422618261740699));
#1960=DIRECTION('ref_axis',(0.707106781186548,-0.707106781186547,5.55111512312578E-17));
#1961=DIRECTION('',(-0.640856382055789,-0.640856382055789,-0.422618261740699));
#1962=DIRECTION('center_axis',(0.640856382055789,0.640856382055789,0.422618261740699));
#1963=DIRECTION('ref_axis',(0.707106781186548,-0.707106781186547,5.55111512312578E-17));
#1964=DIRECTION('center_axis',(0.,5.62496604352801E-17,1.));
#1965=DIRECTION('ref_axis',(-0.395126618499923,0.918626668104523,0.));
#1966=DIRECTION('center_axis',(-0.421793749914633,0.903115380915699,-0.0804527270292594));
#1967=DIRECTION('ref_axis',(-0.887122105558097,-0.429397960816644,-0.169209222788465));
#1968=DIRECTION('center_axis',(-0.421793749914633,0.903115380915699,-0.0804527270292594));
#1969=DIRECTION('ref_axis',(-0.887122105558097,-0.429397960816644,-0.169209222788465));
#1970=DIRECTION('center_axis',(0.,0.,1.));
#1971=DIRECTION('ref_axis',(0.,-1.,0.));
#1972=DIRECTION('center_axis',(0.,0.,1.));
#1973=DIRECTION('ref_axis',(0.,-1.,0.));
#1974=DIRECTION('center_axis',(0.421793749914633,-0.903115380915699,0.0804527270292594));
#1975=DIRECTION('ref_axis',(-0.887122105558097,-0.429397960816644,-0.169209222788465));
#1976=DIRECTION('center_axis',(0.421793749914633,-0.903115380915699,0.0804527270292594));
#1977=DIRECTION('ref_axis',(-0.887122105558097,-0.429397960816644,-0.169209222788465));
#1978=DIRECTION('',(-0.421793749914633,0.903115380915699,-0.0804527270292594));
#1979=DIRECTION('center_axis',(-0.286934161644293,0.614363429385943,-0.735000927560387));
#1980=DIRECTION('ref_axis',(0.311027014680331,-0.665949367184676,-0.678066100380612));
#1981=DIRECTION('center_axis',(0.421793749914633,-0.903115380915699,0.0804527270292594));
#1982=DIRECTION('ref_axis',(-0.887122105558097,-0.429397960816645,-0.169209222788465));
#1983=DIRECTION('center_axis',(0.,0.,1.));
#1984=DIRECTION('ref_axis',(0.,-1.,0.));
#1985=DIRECTION('',(0.,0.,-1.));
#1986=DIRECTION('center_axis',(0.,0.,-1.));
#1987=DIRECTION('ref_axis',(0.,-1.,0.));
#1988=DIRECTION('center_axis',(0.,0.,-1.));
#1989=DIRECTION('ref_axis',(0.,1.,0.));
#1990=DIRECTION('center_axis',(-2.24152262438526E-17,5.69820769110038E-17,
1.));
#1991=DIRECTION('ref_axis',(-0.366068424944382,0.93058793687579,0.));
#1992=DIRECTION('center_axis',(-0.403004843448074,0.914280272841604,-0.0409716835152762));
#1993=DIRECTION('ref_axis',(-0.909591645924143,-0.405082192514905,-0.0924740772991353));
#1994=DIRECTION('center_axis',(-0.403004843448074,0.914280272841604,-0.0409716835152762));
#1995=DIRECTION('ref_axis',(-0.909591645924143,-0.405082192514905,-0.0924740772991353));
#1996=DIRECTION('center_axis',(0.,0.,1.));
#1997=DIRECTION('ref_axis',(0.,-1.,0.));
#1998=DIRECTION('center_axis',(0.,0.,1.));
#1999=DIRECTION('ref_axis',(0.,-1.,0.));
#2000=DIRECTION('center_axis',(0.403004843448074,-0.914280272841604,0.0409716835152762));
#2001=DIRECTION('ref_axis',(-0.909591645924143,-0.405082192514905,-0.0924740772991353));
#2002=DIRECTION('center_axis',(0.403004843448074,-0.914280272841604,0.0409716835152762));
#2003=DIRECTION('ref_axis',(-0.909591645924143,-0.405082192514905,-0.0924740772991353));
#2004=DIRECTION('',(-0.403004843448074,0.914280272841604,-0.0409716835152762));
#2005=DIRECTION('center_axis',(-0.279303134632366,0.633643367539581,-0.721447047091908));
#2006=DIRECTION('ref_axis',(0.290990997071872,-0.660159133376757,-0.692469608172349));
#2007=DIRECTION('center_axis',(0.403004843448074,-0.914280272841604,0.0409716835152762));
#2008=DIRECTION('ref_axis',(-0.909591645924143,-0.405082192514905,-0.0924740772991353));
#2009=DIRECTION('center_axis',(0.,0.,1.));
#2010=DIRECTION('ref_axis',(0.,-1.,0.));
#2011=DIRECTION('',(0.,0.,-1.));
#2012=DIRECTION('center_axis',(0.,0.,-1.));
#2013=DIRECTION('ref_axis',(0.,-1.,0.));
#2014=DIRECTION('center_axis',(0.,0.,-1.));
#2015=DIRECTION('ref_axis',(0.,1.,0.));
#2016=DIRECTION('center_axis',(0.,0.,1.));
#2017=DIRECTION('ref_axis',(1.,0.,0.));
#2018=DIRECTION('center_axis',(0.44444540216356,0.884858313011808,-0.139621095789885));
#2019=DIRECTION('ref_axis',(0.844182809752457,-0.465860242877515,-0.265197318660181));
#2020=DIRECTION('center_axis',(0.44444540216356,0.884858313011808,-0.139621095789885));
#2021=DIRECTION('ref_axis',(0.844182809752457,-0.465860242877515,-0.265197318660181));
#2022=DIRECTION('center_axis',(0.,0.,1.));
#2023=DIRECTION('ref_axis',(0.,-1.,0.));
#2024=DIRECTION('center_axis',(0.,0.,1.));
#2025=DIRECTION('ref_axis',(0.,-1.,0.));
#2026=DIRECTION('center_axis',(-0.44444540216356,-0.884858313011808,0.139621095789885));
#2027=DIRECTION('ref_axis',(0.844182809752457,-0.465860242877515,-0.265197318660181));
#2028=DIRECTION('center_axis',(-0.44444540216356,-0.884858313011808,0.139621095789885));
#2029=DIRECTION('ref_axis',(0.844182809752457,-0.465860242877515,-0.265197318660181));
#2030=DIRECTION('',(0.44444540216356,0.884858313011808,-0.139621095789885));
#2031=DIRECTION('center_axis',(0.294390085650664,0.586109144763714,-0.754857965378218));
#2032=DIRECTION('ref_axis',(-0.338811812403655,-0.674549556126674,-0.655888292398223));
#2033=DIRECTION('center_axis',(-0.44444540216356,-0.884858313011808,0.139621095789885));
#2034=DIRECTION('ref_axis',(0.844182809752457,-0.465860242877515,-0.265197318660181));
#2035=DIRECTION('center_axis',(0.,0.,1.));
#2036=DIRECTION('ref_axis',(0.,-1.,0.));
#2037=DIRECTION('',(0.,0.,-1.));
#2038=DIRECTION('center_axis',(0.,0.,-1.));
#2039=DIRECTION('ref_axis',(0.,-1.,0.));
#2040=DIRECTION('center_axis',(0.,0.,-1.));
#2041=DIRECTION('ref_axis',(0.,1.,0.));
#2042=DIRECTION('center_axis',(0.,0.,1.));
#2043=DIRECTION('ref_axis',(1.,0.,0.));
#2044=DIRECTION('center_axis',(0.471516536068778,0.856733131228458,-0.20899879920512));
#2045=DIRECTION('ref_axis',(0.783240006036242,-0.51575996534772,-0.347169628695924));
#2046=DIRECTION('center_axis',(0.471516536068778,0.856733131228458,-0.20899879920512));
#2047=DIRECTION('ref_axis',(0.783240006036242,-0.51575996534772,-0.347169628695924));
#2048=DIRECTION('center_axis',(0.,0.,1.));
#2049=DIRECTION('ref_axis',(0.,-1.,0.));
#2050=DIRECTION('center_axis',(0.,0.,1.));
#2051=DIRECTION('ref_axis',(0.,-1.,0.));
#2052=DIRECTION('center_axis',(-0.471516536068778,-0.856733131228458,0.20899879920512));
#2053=DIRECTION('ref_axis',(0.783240006036242,-0.51575996534772,-0.347169628695924));
#2054=DIRECTION('center_axis',(-0.471516536068778,-0.856733131228458,0.20899879920512));
#2055=DIRECTION('ref_axis',(0.783240006036242,-0.51575996534772,-0.347169628695924));
#2056=DIRECTION('',(0.471516536068778,0.856733131228458,-0.20899879920512));
#2057=DIRECTION('center_axis',(0.3032277863382,0.550956903931583,-0.777495594587236));
#2058=DIRECTION('ref_axis',(-0.374880938770664,-0.681148795307593,-0.628888384689557));
#2059=DIRECTION('center_axis',(-0.471516536068778,-0.856733131228458,0.20899879920512));
#2060=DIRECTION('ref_axis',(0.783240006036242,-0.51575996534772,-0.347169628695924));
#2061=DIRECTION('center_axis',(0.,0.,1.));
#2062=DIRECTION('ref_axis',(0.,-1.,0.));
#2063=DIRECTION('',(0.,0.,-1.));
#2064=DIRECTION('center_axis',(0.,0.,-1.));
#2065=DIRECTION('ref_axis',(0.,-1.,0.));
#2066=DIRECTION('center_axis',(0.,0.,-1.));
#2067=DIRECTION('ref_axis',(0.,1.,0.));
#2068=DIRECTION('center_axis',(0.,0.,1.));
#2069=DIRECTION('ref_axis',(1.,0.,0.));
#2070=DIRECTION('center_axis',(0.377279059955738,-0.896882945617507,-0.230784515900393));
#2071=DIRECTION('ref_axis',(-0.765090751108586,-0.442267997780151,0.468011923681049));
#2072=DIRECTION('center_axis',(0.,0.,1.));
#2073=DIRECTION('ref_axis',(0.,-1.,0.));
#2074=DIRECTION('center_axis',(-0.377279059955738,0.896882945617507,0.230784515900393));
#2075=DIRECTION('ref_axis',(-0.765090751108586,-0.442267997780151,0.468011923681049));
#2076=DIRECTION('center_axis',(-0.377279059955738,0.896882945617507,0.230784515900393));
#2077=DIRECTION('ref_axis',(-0.765090751108586,-0.442267997780151,0.468011923681049));
#2078=DIRECTION('',(0.377279059955738,-0.896882945617507,-0.230784515900393));
#2079=DIRECTION('center_axis',(0.240467667898355,-0.571649405444741,-0.784469411736494));
#2080=DIRECTION('ref_axis',(0.304175124536746,-0.723097332012265,0.620167511282072));
#2081=DIRECTION('center_axis',(0.240467667898355,-0.571649405444741,-0.784469411736494));
#2082=DIRECTION('ref_axis',(0.304175124536746,-0.723097332012265,0.620167511282072));
#2083=DIRECTION('center_axis',(0.240467667898355,-0.571649405444741,-0.784469411736494));
#2084=DIRECTION('ref_axis',(0.304175124536746,-0.723097332012265,0.620167511282072));
#2085=DIRECTION('center_axis',(-0.377279059955738,0.896882945617507,0.230784515900393));
#2086=DIRECTION('ref_axis',(-0.765090751108586,-0.442267997780151,0.468011923681049));
#2087=DIRECTION('center_axis',(0.,0.,1.));
#2088=DIRECTION('ref_axis',(0.,-1.,0.));
#2089=DIRECTION('',(0.,0.,-1.));
#2090=DIRECTION('center_axis',(0.,0.,-1.));
#2091=DIRECTION('ref_axis',(0.,-1.,0.));
#2092=DIRECTION('center_axis',(0.,0.,-1.));
#2093=DIRECTION('ref_axis',(0.,1.,0.));
#2094=DIRECTION('center_axis',(0.,0.,1.));
#2095=DIRECTION('ref_axis',(1.,0.,0.));
#2096=DIRECTION('center_axis',(0.381427336336476,-0.91157128912358,-0.153463259253919));
#2097=DIRECTION('ref_axis',(-0.845688756808398,-0.41114204947387,0.340253937173829));
#2098=DIRECTION('center_axis',(0.,0.,1.));
#2099=DIRECTION('ref_axis',(0.,-1.,0.));
#2100=DIRECTION('center_axis',(-0.381427336336476,0.91157128912358,0.153463259253919));
#2101=DIRECTION('ref_axis',(-0.845688756808398,-0.41114204947387,0.340253937173829));
#2102=DIRECTION('center_axis',(-0.381427336336476,0.91157128912358,0.153463259253919));
#2103=DIRECTION('ref_axis',(-0.845688756808398,-0.41114204947387,0.340253937173829));
#2104=DIRECTION('',(0.381427336336476,-0.91157128912358,-0.153463259253919));
#2105=DIRECTION('center_axis',(0.25112788231754,-0.6001692737018,-0.759428488817059));
#2106=DIRECTION('ref_axis',(0.293139208815596,-0.700571933410074,0.650590785650272));
#2107=DIRECTION('center_axis',(0.25112788231754,-0.6001692737018,-0.759428488817059));
#2108=DIRECTION('ref_axis',(0.293139208815596,-0.700571933410074,0.650590785650272));
#2109=DIRECTION('center_axis',(0.25112788231754,-0.6001692737018,-0.759428488817059));
#2110=DIRECTION('ref_axis',(0.293139208815596,-0.700571933410074,0.650590785650272));
#2111=DIRECTION('center_axis',(-0.381427336336476,0.91157128912358,0.153463259253919));
#2112=DIRECTION('ref_axis',(-0.845688756808398,-0.41114204947387,0.340253937173829));
#2113=DIRECTION('center_axis',(0.,0.,1.));
#2114=DIRECTION('ref_axis',(0.,-1.,0.));
#2115=DIRECTION('',(0.,0.,-1.));
#2116=DIRECTION('center_axis',(0.,0.,-1.));
#2117=DIRECTION('ref_axis',(0.,-1.,0.));
#2118=DIRECTION('center_axis',(0.,0.,-1.));
#2119=DIRECTION('ref_axis',(0.,1.,0.));
#2120=DIRECTION('center_axis',(-6.93889390390723E-18,0.,1.));
#2121=DIRECTION('ref_axis',(-0.095874349368844,-0.995393444389253,0.));
#2122=DIRECTION('center_axis',(-0.0955123802555897,-0.991635383085342,-0.0868138942283921));
#2123=DIRECTION('ref_axis',(0.733810190146173,-0.129070782957208,0.666980762709428));
#2124=DIRECTION('center_axis',(0.,0.,1.));
#2125=DIRECTION('ref_axis',(0.,-1.,0.));
#2126=DIRECTION('center_axis',(0.0955123802555897,0.991635383085342,0.0868138942283921));
#2127=DIRECTION('ref_axis',(0.733810190146173,-0.129070782957208,0.666980762709428));
#2128=DIRECTION('center_axis',(0.0955123802555897,0.991635383085342,0.0868138942283921));
#2129=DIRECTION('ref_axis',(0.733810190146173,-0.129070782957208,0.666980762709428));
#2130=DIRECTION('',(-0.0955123802555897,-0.991635383085342,-0.0868138942283921));
#2131=DIRECTION('center_axis',(-0.0647838985605989,-0.672603969192196,-0.737161411845597));
#2132=DIRECTION('ref_axis',(-0.0706748707405146,-0.733765636807833,0.675716695728178));
#2133=DIRECTION('center_axis',(-0.0647838985605989,-0.672603969192196,-0.737161411845597));
#2134=DIRECTION('ref_axis',(-0.0706748707405146,-0.733765636807833,0.675716695728178));
#2135=DIRECTION('center_axis',(-0.0647838985605989,-0.672603969192196,-0.737161411845597));
#2136=DIRECTION('ref_axis',(-0.0706748707405146,-0.733765636807833,0.675716695728178));
#2137=DIRECTION('center_axis',(0.0955123802555897,0.991635383085342,0.0868138942283921));
#2138=DIRECTION('ref_axis',(0.733810190146173,-0.129070782957208,0.666980762709428));
#2139=DIRECTION('center_axis',(0.,0.,1.));
#2140=DIRECTION('ref_axis',(0.,-1.,0.));
#2141=DIRECTION('',(0.,0.,-1.));
#2142=DIRECTION('center_axis',(0.,0.,-1.));
#2143=DIRECTION('ref_axis',(0.,-1.,0.));
#2144=DIRECTION('center_axis',(0.,0.,-1.));
#2145=DIRECTION('ref_axis',(0.,1.,0.));
#2146=DIRECTION('center_axis',(0.,0.,1.));
#2147=DIRECTION('ref_axis',(1.,0.,0.));
#2148=DIRECTION('center_axis',(0.115919653649712,-0.982760624777329,-0.144028428738927));
#2149=DIRECTION('ref_axis',(-0.616181873786419,-0.184882542137632,0.765596724150374));
#2150=DIRECTION('center_axis',(0.,0.,1.));
#2151=DIRECTION('ref_axis',(0.,-1.,0.));
#2152=DIRECTION('center_axis',(-0.115919653649712,0.982760624777329,0.144028428738927));
#2153=DIRECTION('ref_axis',(-0.616181873786419,-0.184882542137632,0.765596724150374));
#2154=DIRECTION('center_axis',(-0.115919653649712,0.982760624777329,0.144028428738927));
#2155=DIRECTION('ref_axis',(-0.616181873786419,-0.184882542137632,0.765596724150374));
#2156=DIRECTION('',(0.115919653649712,-0.982760624777329,-0.144028428738927));
#2157=DIRECTION('center_axis',(0.0766343836245392,-0.649702206304568,-0.756316213213404));
#2158=DIRECTION('ref_axis',(0.0885956515784709,-0.751109196382823,0.654206225612793));
#2159=DIRECTION('center_axis',(0.0766343836245392,-0.649702206304568,-0.756316213213404));
#2160=DIRECTION('ref_axis',(0.0885956515784709,-0.751109196382823,0.654206225612793));
#2161=DIRECTION('center_axis',(0.0766343836245392,-0.649702206304568,-0.756316213213404));
#2162=DIRECTION('ref_axis',(0.0885956515784709,-0.751109196382823,0.654206225612793));
#2163=DIRECTION('center_axis',(-0.115919653649712,0.982760624777329,0.144028428738927));
#2164=DIRECTION('ref_axis',(-0.616181873786419,-0.184882542137632,0.765596724150374));
#2165=DIRECTION('center_axis',(0.,0.,1.));
#2166=DIRECTION('ref_axis',(0.,-1.,0.));
#2167=DIRECTION('',(0.,0.,-1.));
#2168=DIRECTION('center_axis',(0.,0.,-1.));
#2169=DIRECTION('ref_axis',(0.,-1.,0.));
#2170=DIRECTION('center_axis',(0.,0.,-1.));
#2171=DIRECTION('ref_axis',(0.,1.,0.));
#2172=CARTESIAN_POINT('',(0.,0.,0.));
#2173=CARTESIAN_POINT('Origin',(5.04882961462847,-6.71632744824903,2.68847378022672));
#2174=CARTESIAN_POINT('',(4.69527622403521,-7.0698808388423,2.68847378022672));
#2175=CARTESIAN_POINT('',(5.04882961462847,-6.71632744824903,2.68847378022672));
#2176=CARTESIAN_POINT('',(5.40945407303361,-6.35570298984389,2.68847378022672));
#2177=CARTESIAN_POINT('',(1.49099431375626,-3.86559892856336,0.575382471523219));
#2178=CARTESIAN_POINT('',(4.69527622403521,-7.0698808388423,2.68847378022672));
#2179=CARTESIAN_POINT('',(1.84454770434954,-3.51204553797009,0.575382471523219));
#2180=CARTESIAN_POINT('',(1.84454770434954,-3.51204553797009,0.575382471523219));
#2181=CARTESIAN_POINT('',(5.04882961462847,-6.71632744824903,2.68847378022672));
#2182=CARTESIAN_POINT('Origin',(4.89941149526341,-6.56690932888397,3.14162767374504));
#2183=CARTESIAN_POINT('',(4.89941149526341,-6.56690932888397,3.14162767374504));
#2184=CARTESIAN_POINT('',(4.93676602510468,-6.60426385872523,3.02833920036546));
#2185=CARTESIAN_POINT('',(1.69512958498447,-3.36262741860503,1.02853636504154));
#2186=CARTESIAN_POINT('',(1.69512958498447,-3.36262741860503,1.02853636504154));
#2187=CARTESIAN_POINT('',(4.89941149526341,-6.56690932888397,3.14162767374504));
#2188=CARTESIAN_POINT('Origin',(4.54585810467014,-6.92046271947724,3.14162767374504));
#2189=CARTESIAN_POINT('',(4.54585810467014,-6.92046271947724,3.14162767374504));
#2190=CARTESIAN_POINT('',(5.08325925837192,-6.38306156577547,3.14162767374504));
#2191=CARTESIAN_POINT('',(1.3415761943912,-3.7161808091983,1.02853636504154));
#2192=CARTESIAN_POINT('',(1.3415761943912,-3.7161808091983,1.02853636504154));
#2193=CARTESIAN_POINT('',(4.54585810467014,-6.92046271947724,3.14162767374504));
#2194=CARTESIAN_POINT('Origin',(4.69527622403521,-7.0698808388423,2.68847378022672));
#2195=CARTESIAN_POINT('',(4.65792169419394,-7.03252630900104,2.8017622536063));
#2196=CARTESIAN_POINT('',(1.49099431375626,-3.86559892856336,0.575382471523219));
#2197=CARTESIAN_POINT('Origin',(1.59306194937037,-3.61411317358419,0.801959418282382));
#2198=CARTESIAN_POINT('Origin',(6.84488083884231,-4.9202762240352,2.68847378022672));
#2199=CARTESIAN_POINT('',(6.49132744824904,-5.27382961462847,2.68847378022672));
#2200=CARTESIAN_POINT('',(6.84488083884231,-4.9202762240352,2.68847378022672));
#2201=CARTESIAN_POINT('',(6.30747968514053,-5.45767737773697,2.68847378022672));
#2202=CARTESIAN_POINT('',(3.28704553797009,-2.06954770434953,0.575382471523219));
#2203=CARTESIAN_POINT('',(6.49132744824904,-5.27382961462847,2.68847378022672));
#2204=CARTESIAN_POINT('',(3.64059892856337,-1.71599431375625,0.575382471523219));
#2205=CARTESIAN_POINT('',(3.64059892856337,-1.71599431375625,0.575382471523219));
#2206=CARTESIAN_POINT('',(6.84488083884231,-4.9202762240352,2.68847378022672));
#2207=CARTESIAN_POINT('Origin',(6.69546271947725,-4.77085810467013,3.14162767374504));
#2208=CARTESIAN_POINT('',(6.69546271947725,-4.77085810467013,3.14162767374504));
#2209=CARTESIAN_POINT('',(6.73281724931852,-4.8082126345114,3.02833920036546));
#2210=CARTESIAN_POINT('',(3.49118080919831,-1.56657619439119,1.02853636504154));
#2211=CARTESIAN_POINT('',(3.49118080919831,-1.56657619439119,1.02853636504154));
#2212=CARTESIAN_POINT('',(6.69546271947725,-4.77085810467013,3.14162767374504));
#2213=CARTESIAN_POINT('Origin',(6.34190932888398,-5.12441149526341,3.14162767374504));
#2214=CARTESIAN_POINT('',(6.34190932888398,-5.12441149526341,3.14162767374504));
#2215=CARTESIAN_POINT('',(5.98128487047884,-5.48503595366855,3.14162767374504));
#2216=CARTESIAN_POINT('',(3.13762741860503,-1.92012958498447,1.02853636504154));
#2217=CARTESIAN_POINT('',(3.13762741860503,-1.92012958498447,1.02853636504154));
#2218=CARTESIAN_POINT('',(6.34190932888398,-5.12441149526341,3.14162767374504));
#2219=CARTESIAN_POINT('Origin',(6.49132744824904,-5.27382961462847,2.68847378022672));
#2220=CARTESIAN_POINT('',(6.45397291840777,-5.23647508478721,2.8017622536063));
#2221=CARTESIAN_POINT('',(3.28704553797009,-2.06954770434953,0.575382471523219));
#2222=CARTESIAN_POINT('Origin',(3.3891131735842,-1.81806194937036,0.801959418282382));
#2223=CARTESIAN_POINT('Origin',(5.69536947175623,-5.92036947175622,2.91505072698588));
#2224=CARTESIAN_POINT('',(8.45754619737166,-4.43990551025237,3.33766898872658));
#2225=CARTESIAN_POINT('Origin',(6.33622585381201,-6.56122585381201,3.33766898872658));
#2226=CARTESIAN_POINT('',(7.81668981531587,-3.79904912819658,2.91505072698588));
#2227=CARTESIAN_POINT('',(7.81668981531587,-3.79904912819658,2.91505072698588));
#2228=CARTESIAN_POINT('Origin',(5.69536947175623,-5.92036947175622,2.91505072698588));
#2229=CARTESIAN_POINT('Origin',(6.33622585381201,-6.56122585381201,3.33766898872658));
#2230=CARTESIAN_POINT('',(8.10399280677839,-4.79345890084564,3.33766898872658));
#2231=CARTESIAN_POINT('Origin',(6.33622585381201,-6.56122585381201,3.33766898872658));
#2232=CARTESIAN_POINT('Origin',(9.86093595511885,-10.0859359551188,5.66206942830043));
#2233=CARTESIAN_POINT('',(11.6287029080852,-8.31816900215248,5.66206942830043));
#2234=CARTESIAN_POINT('Origin',(9.86093595511885,-10.0859359551188,5.66206942830043));
#2235=CARTESIAN_POINT('',(11.4630769102583,-11.6880769102583,6.71861508265218));
#2236=CARTESIAN_POINT('Origin',(9.86093595511885,-10.0859359551188,5.66206942830043));
#2237=CARTESIAN_POINT('Origin',(5.69536947175623,-5.92036947175622,2.91505072698588));
#2238=CARTESIAN_POINT('',(7.4631364247226,-4.15260251878985,2.91505072698588));
#2239=CARTESIAN_POINT('Origin',(5.69536947175623,-5.92036947175622,2.91505072698588));
#2240=CARTESIAN_POINT('Origin',(-37.9124914344346,-6.24499360081407,3.32891623691305));
#2241=CARTESIAN_POINT('',(-38.2660448250279,-5.8914402102208,3.32891623691305));
#2242=CARTESIAN_POINT('',(-37.9124914344346,-6.24499360081407,3.32891623691305));
#2243=CARTESIAN_POINT('',(-37.5518669760295,-6.60561805921921,3.32891623691305));
#2244=CARTESIAN_POINT('',(-35.061762914749,-2.68715829994185,1.21582492820956));
#2245=CARTESIAN_POINT('',(-38.2660448250279,-5.8914402102208,3.32891623691305));
#2246=CARTESIAN_POINT('',(-34.7082095241557,-3.04071169053513,1.21582492820956));
#2247=CARTESIAN_POINT('',(-34.7082095241557,-3.04071169053513,1.21582492820956));
#2248=CARTESIAN_POINT('',(-37.9124914344346,-6.24499360081407,3.32891623691305));
#2249=CARTESIAN_POINT('Origin',(-37.7630733150696,-6.09557548144901,3.78207013043138));
#2250=CARTESIAN_POINT('',(-37.7630733150696,-6.09557548144901,3.78207013043138));
#2251=CARTESIAN_POINT('',(-37.8004278449108,-6.13293001129028,3.6687816570518));
#2252=CARTESIAN_POINT('',(-34.5587914047906,-2.89129357117007,1.66897882172788));
#2253=CARTESIAN_POINT('',(-34.5587914047906,-2.89129357117007,1.66897882172788));
#2254=CARTESIAN_POINT('',(-37.7630733150696,-6.09557548144901,3.78207013043138));
#2255=CARTESIAN_POINT('Origin',(-38.1166267056628,-5.74202209085574,3.78207013043138));
#2256=CARTESIAN_POINT('',(-38.1166267056628,-5.74202209085574,3.78207013043138));
#2257=CARTESIAN_POINT('',(-37.5792255519611,-6.27942324455751,3.78207013043138));
#2258=CARTESIAN_POINT('',(-34.9123447953839,-2.5377401805768,1.66897882172788));
#2259=CARTESIAN_POINT('',(-34.9123447953839,-2.5377401805768,1.66897882172788));
#2260=CARTESIAN_POINT('',(-38.1166267056628,-5.74202209085574,3.78207013043138));
#2261=CARTESIAN_POINT('Origin',(-38.2660448250279,-5.8914402102208,3.32891623691305));
#2262=CARTESIAN_POINT('',(-38.2286902951866,-5.85408568037954,3.44220471029263));
#2263=CARTESIAN_POINT('',(-35.061762914749,-2.68715829994185,1.21582492820956));
#2264=CARTESIAN_POINT('Origin',(-34.8102771597698,-2.78922593555596,1.44240187496872));
#2265=CARTESIAN_POINT('Origin',(-36.1164402102208,-8.0410448250279,3.32891623691305));
#2266=CARTESIAN_POINT('',(-36.4699936008141,-7.68749143443463,3.32891623691305));
#2267=CARTESIAN_POINT('',(-36.1164402102208,-8.0410448250279,3.32891623691305));
#2268=CARTESIAN_POINT('',(-36.6538413639226,-7.50364367132613,3.32891623691305));
#2269=CARTESIAN_POINT('',(-33.2657116905351,-4.48320952415569,1.21582492820956));
#2270=CARTESIAN_POINT('',(-36.4699936008141,-7.68749143443463,3.32891623691305));
#2271=CARTESIAN_POINT('',(-32.9121582999419,-4.83676291474896,1.21582492820956));
#2272=CARTESIAN_POINT('',(-32.9121582999419,-4.83676291474896,1.21582492820956));
#2273=CARTESIAN_POINT('',(-36.1164402102208,-8.0410448250279,3.32891623691305));
#2274=CARTESIAN_POINT('Origin',(-35.9670220908557,-7.89162670566284,3.78207013043138));
#2275=CARTESIAN_POINT('',(-35.9670220908557,-7.89162670566284,3.78207013043138));
#2276=CARTESIAN_POINT('',(-36.004376620697,-7.92898123550411,3.6687816570518));
#2277=CARTESIAN_POINT('',(-32.7627401805768,-4.6873447953839,1.66897882172788));
#2278=CARTESIAN_POINT('',(-32.7627401805768,-4.6873447953839,1.66897882172788));
#2279=CARTESIAN_POINT('',(-35.9670220908557,-7.89162670566284,3.78207013043138));
#2280=CARTESIAN_POINT('Origin',(-36.320575481449,-7.53807331506957,3.78207013043138));
#2281=CARTESIAN_POINT('',(-36.320575481449,-7.53807331506957,3.78207013043138));
#2282=CARTESIAN_POINT('',(-36.6811999398541,-7.17744885666443,3.78207013043138));
#2283=CARTESIAN_POINT('',(-33.1162935711701,-4.33379140479063,1.66897882172788));
#2284=CARTESIAN_POINT('',(-33.1162935711701,-4.33379140479063,1.66897882172788));
#2285=CARTESIAN_POINT('',(-36.320575481449,-7.53807331506957,3.78207013043138));
#2286=CARTESIAN_POINT('Origin',(-36.4699936008141,-7.68749143443463,3.32891623691305));
#2287=CARTESIAN_POINT('',(-36.4326390709728,-7.65013690459336,3.44220471029263));
#2288=CARTESIAN_POINT('',(-33.2657116905351,-4.48320952415569,1.21582492820956));
#2289=CARTESIAN_POINT('Origin',(-33.014225935556,-4.58527715976979,1.44240187496872));
#2290=CARTESIAN_POINT('Origin',(-37.1165334579418,-6.89153345794182,3.55549318367221));
#2291=CARTESIAN_POINT('',(-35.636069496438,-9.65371018355725,3.97811144541291));
#2292=CARTESIAN_POINT('Origin',(-37.7573898399976,-7.53238983999761,3.97811144541291));
#2293=CARTESIAN_POINT('',(-34.9952131143822,-9.01285380150146,3.55549318367221));
#2294=CARTESIAN_POINT('',(-34.9952131143822,-9.01285380150146,3.55549318367222));
#2295=CARTESIAN_POINT('Origin',(-37.1165334579418,-6.89153345794182,3.55549318367221));
#2296=CARTESIAN_POINT('Origin',(-37.7573898399976,-7.53238983999761,3.97811144541291));
#2297=CARTESIAN_POINT('',(-35.9896228870312,-9.30015679296398,3.97811144541291));
#2298=CARTESIAN_POINT('Origin',(-37.7573898399976,-7.53238983999761,3.97811144541291));
#2299=CARTESIAN_POINT('Origin',(-41.2820999413044,-11.0570999413044,6.30251188498676));
#2300=CARTESIAN_POINT('',(-39.5143329883381,-12.8248668942708,6.30251188498676));
#2301=CARTESIAN_POINT('Origin',(-41.2820999413044,-11.0570999413044,6.30251188498676));
#2302=CARTESIAN_POINT('',(-42.8842408964439,-12.6592408964439,7.35905753933851));
#2303=CARTESIAN_POINT('Origin',(-41.2820999413044,-11.0570999413044,6.30251188498676));
#2304=CARTESIAN_POINT('Origin',(-37.1165334579418,-6.89153345794182,3.55549318367221));
#2305=CARTESIAN_POINT('',(-35.3487665049755,-8.65930041090819,3.55549318367222));
#2306=CARTESIAN_POINT('Origin',(-37.1165334579418,-6.89153345794182,3.55549318367221));
#2307=CARTESIAN_POINT('Origin',(-36.0793499825324,46.7968478161529,3.40103224487693));
#2308=CARTESIAN_POINT('',(-35.7257965919391,47.1504012067462,3.40103224487693));
#2309=CARTESIAN_POINT('',(-36.0793499825324,46.7968478161529,3.40103224487693));
#2310=CARTESIAN_POINT('',(-36.4399744409375,46.4362233577478,3.40103224487693));
#2311=CARTESIAN_POINT('',(-32.5215146816602,43.9461192964673,1.28794093617344));
#2312=CARTESIAN_POINT('',(-35.7257965919391,47.1504012067462,3.40103224487693));
#2313=CARTESIAN_POINT('',(-32.8750680722534,43.592565905874,1.28794093617344));
#2314=CARTESIAN_POINT('',(-32.8750680722534,43.592565905874,1.28794093617344));
#2315=CARTESIAN_POINT('',(-36.0793499825324,46.7968478161529,3.40103224487693));
#2316=CARTESIAN_POINT('Origin',(-35.9299318631673,46.6474296967879,3.85418613839526));
#2317=CARTESIAN_POINT('',(-35.9299318631673,46.6474296967879,3.85418613839526));
#2318=CARTESIAN_POINT('',(-35.9672863930086,46.6847842266291,3.74089766501568));
#2319=CARTESIAN_POINT('',(-32.7256499528884,43.4431477865089,1.74109482969176));
#2320=CARTESIAN_POINT('',(-32.7256499528884,43.4431477865089,1.74109482969176));
#2321=CARTESIAN_POINT('',(-35.9299318631673,46.6474296967879,3.85418613839526));
#2322=CARTESIAN_POINT('Origin',(-35.576378472574,47.0009830873811,3.85418613839526));
#2323=CARTESIAN_POINT('',(-35.576378472574,47.0009830873811,3.85418613839526));
#2324=CARTESIAN_POINT('',(-36.1137796262758,46.4635819336794,3.85418613839526));
#2325=CARTESIAN_POINT('',(-32.3720965622951,43.7967011771022,1.74109482969176));
#2326=CARTESIAN_POINT('',(-32.3720965622951,43.7967011771022,1.74109482969176));
#2327=CARTESIAN_POINT('',(-35.576378472574,47.0009830873811,3.85418613839526));
#2328=CARTESIAN_POINT('Origin',(-35.7257965919391,47.1504012067462,3.40103224487693));
#2329=CARTESIAN_POINT('',(-35.6884420620978,47.1130466769049,3.51432071825652));
#2330=CARTESIAN_POINT('',(-32.5215146816602,43.9461192964673,1.28794093617344));
#2331=CARTESIAN_POINT('Origin',(-32.6235823172743,43.6946335414881,1.5145178829326));
#2332=CARTESIAN_POINT('Origin',(-37.8754012067462,45.0007965919391,3.40103224487693));
#2333=CARTESIAN_POINT('',(-37.5218478161529,45.3543499825324,3.40103224487693));
#2334=CARTESIAN_POINT('',(-37.8754012067462,45.0007965919391,3.40103224487693));
#2335=CARTESIAN_POINT('',(-37.3380000530444,45.5381977456409,3.40103224487693));
#2336=CARTESIAN_POINT('',(-34.317565905874,42.1500680722534,1.28794093617344));
#2337=CARTESIAN_POINT('',(-37.5218478161529,45.3543499825324,3.40103224487693));
#2338=CARTESIAN_POINT('',(-34.6711192964673,41.7965146816601,1.28794093617344));
#2339=CARTESIAN_POINT('',(-34.6711192964673,41.7965146816601,1.28794093617344));
#2340=CARTESIAN_POINT('',(-37.8754012067462,45.0007965919391,3.40103224487693));
#2341=CARTESIAN_POINT('Origin',(-37.7259830873811,44.851378472574,3.85418613839526));
#2342=CARTESIAN_POINT('',(-37.7259830873811,44.851378472574,3.85418613839526));
#2343=CARTESIAN_POINT('',(-37.7633376172224,44.8887330024153,3.74089766501568));
#2344=CARTESIAN_POINT('',(-34.5217011771022,41.6470965622951,1.74109482969176));
#2345=CARTESIAN_POINT('',(-34.5217011771022,41.6470965622951,1.74109482969176));
#2346=CARTESIAN_POINT('',(-37.7259830873811,44.851378472574,3.85418613839526));
#2347=CARTESIAN_POINT('Origin',(-37.3724296967879,45.2049318631673,3.85418613839526));
#2348=CARTESIAN_POINT('',(-37.3724296967879,45.2049318631673,3.85418613839526));
#2349=CARTESIAN_POINT('',(-37.0118052383827,45.5655563215724,3.85418613839526));
#2350=CARTESIAN_POINT('',(-34.1681477865089,42.0006499528884,1.74109482969176));
#2351=CARTESIAN_POINT('',(-34.1681477865089,42.0006499528884,1.74109482969176));
#2352=CARTESIAN_POINT('',(-37.3724296967879,45.2049318631673,3.85418613839526));
#2353=CARTESIAN_POINT('Origin',(-37.5218478161529,45.3543499825324,3.40103224487693));
#2354=CARTESIAN_POINT('',(-37.4844932863117,45.3169954526911,3.51432071825652));
#2355=CARTESIAN_POINT('',(-34.317565905874,42.1500680722534,1.28794093617344));
#2356=CARTESIAN_POINT('Origin',(-34.4196335414881,41.8985823172742,1.5145178829326));
#2357=CARTESIAN_POINT('Origin',(-36.7258898396601,46.0008898396601,3.6276091916361));
#2358=CARTESIAN_POINT('',(-39.4880665652755,44.5204258781563,4.05022745337679));
#2359=CARTESIAN_POINT('Origin',(-37.3667462217159,46.6417462217159,4.05022745337679));
#2360=CARTESIAN_POINT('',(-38.8472101832198,43.8795694961005,3.6276091916361));
#2361=CARTESIAN_POINT('',(-38.8472101832198,43.8795694961005,3.6276091916361));
#2362=CARTESIAN_POINT('Origin',(-36.7258898396601,46.0008898396601,3.6276091916361));
#2363=CARTESIAN_POINT('Origin',(-37.3667462217159,46.6417462217159,4.05022745337679));
#2364=CARTESIAN_POINT('',(-39.1345131746823,44.8739792687495,4.05022745337679));
#2365=CARTESIAN_POINT('Origin',(-37.3667462217159,46.6417462217159,4.05022745337679));
#2366=CARTESIAN_POINT('Origin',(-40.8914563230227,50.1664563230227,6.37462789295064));
#2367=CARTESIAN_POINT('',(-42.6592232759891,48.3986893700564,6.37462789295064));
#2368=CARTESIAN_POINT('Origin',(-40.8914563230227,50.1664563230227,6.37462789295064));
#2369=CARTESIAN_POINT('',(-42.4935972781622,51.7685972781622,7.43117354730239));
#2370=CARTESIAN_POINT('Origin',(-40.8914563230227,50.1664563230227,6.37462789295064));
#2371=CARTESIAN_POINT('Origin',(-36.7258898396601,46.0008898396601,3.6276091916361));
#2372=CARTESIAN_POINT('',(-38.4936567926265,44.2331228866937,3.6276091916361));
#2373=CARTESIAN_POINT('Origin',(-36.7258898396601,46.0008898396601,3.6276091916361));
#2374=CARTESIAN_POINT('Origin',(5.33791109009893,44.6204132564784,2.91703134845519));
#2375=CARTESIAN_POINT('',(5.69146448069221,44.2668598658851,2.91703134845519));
#2376=CARTESIAN_POINT('',(5.33791109009893,44.6204132564784,2.91703134845519));
#2377=CARTESIAN_POINT('',(4.97728663169379,44.9810377148835,2.91703134845519));
#2378=CARTESIAN_POINT('',(2.48718257041327,41.0625779556062,0.80394003975169));
#2379=CARTESIAN_POINT('',(5.69146448069221,44.2668598658851,2.91703134845519));
#2380=CARTESIAN_POINT('',(2.13362917981999,41.4161313461994,0.80394003975169));
#2381=CARTESIAN_POINT('',(2.13362917981999,41.4161313461994,0.80394003975169));
#2382=CARTESIAN_POINT('',(5.33791109009893,44.6204132564784,2.91703134845519));
#2383=CARTESIAN_POINT('Origin',(5.18849297073388,44.4709951371133,3.37018524197351));
#2384=CARTESIAN_POINT('',(5.18849297073388,44.4709951371133,3.37018524197351));
#2385=CARTESIAN_POINT('',(5.22584750057514,44.5083496669546,3.25689676859393));
#2386=CARTESIAN_POINT('',(1.98421106045493,41.2667132268344,1.25709393327001));
#2387=CARTESIAN_POINT('',(1.98421106045493,41.2667132268344,1.25709393327001));
#2388=CARTESIAN_POINT('',(5.18849297073388,44.4709951371133,3.37018524197351));
#2389=CARTESIAN_POINT('Origin',(5.54204636132715,44.11744174652,3.37018524197351));
#2390=CARTESIAN_POINT('',(5.54204636132715,44.11744174652,3.37018524197351));
#2391=CARTESIAN_POINT('',(5.00464520762537,44.6548429002218,3.37018524197351));
#2392=CARTESIAN_POINT('',(2.33776445104821,40.9131598362411,1.25709393327001));
#2393=CARTESIAN_POINT('',(2.33776445104821,40.9131598362411,1.25709393327001));
#2394=CARTESIAN_POINT('',(5.54204636132715,44.11744174652,3.37018524197351));
#2395=CARTESIAN_POINT('Origin',(5.69146448069221,44.2668598658851,2.91703134845519));
#2396=CARTESIAN_POINT('',(5.65410995085094,44.2295053360438,3.03031982183477));
#2397=CARTESIAN_POINT('',(2.48718257041327,41.0625779556062,0.80394003975169));
#2398=CARTESIAN_POINT('Origin',(2.2356968154341,41.1646455912203,1.03051698651085));
#2399=CARTESIAN_POINT('Origin',(3.54185986588511,46.4164644806922,2.91703134845519));
#2400=CARTESIAN_POINT('',(3.89541325647838,46.0629110900989,2.91703134845519));
#2401=CARTESIAN_POINT('',(3.54185986588511,46.4164644806922,2.91703134845519));
#2402=CARTESIAN_POINT('',(4.07926101958688,45.8790633269904,2.91703134845519));
#2403=CARTESIAN_POINT('',(0.691131346199434,42.85862917982,0.80394003975169));
#2404=CARTESIAN_POINT('',(3.89541325647838,46.0629110900989,2.91703134845519));
#2405=CARTESIAN_POINT('',(0.337577955606161,43.2121825704133,0.80394003975169));
#2406=CARTESIAN_POINT('',(0.337577955606161,43.2121825704133,0.80394003975169));
#2407=CARTESIAN_POINT('',(3.54185986588511,46.4164644806922,2.91703134845519));
#2408=CARTESIAN_POINT('Origin',(3.39244174652005,46.2670463613271,3.37018524197351));
#2409=CARTESIAN_POINT('',(3.39244174652005,46.2670463613271,3.37018524197351));
#2410=CARTESIAN_POINT('',(3.42979627636131,46.3044008911684,3.25689676859393));
#2411=CARTESIAN_POINT('',(0.188159836241102,43.0627644510482,1.25709393327001));
#2412=CARTESIAN_POINT('',(0.188159836241102,43.0627644510482,1.25709393327001));
#2413=CARTESIAN_POINT('',(3.39244174652005,46.2670463613271,3.37018524197351));
#2414=CARTESIAN_POINT('Origin',(3.74599513711332,45.9134929707339,3.37018524197351));
#2415=CARTESIAN_POINT('',(3.74599513711332,45.9134929707339,3.37018524197351));
#2416=CARTESIAN_POINT('',(4.10661959551846,45.5528685123287,3.37018524197351));
#2417=CARTESIAN_POINT('',(0.541713226834375,42.7092110604549,1.25709393327001));
#2418=CARTESIAN_POINT('',(0.541713226834375,42.7092110604549,1.25709393327001));
#2419=CARTESIAN_POINT('',(3.74599513711332,45.9134929707339,3.37018524197351));
#2420=CARTESIAN_POINT('Origin',(3.89541325647838,46.0629110900989,2.91703134845519));
#2421=CARTESIAN_POINT('',(3.85805872663711,46.0255565602577,3.03031982183477));
#2422=CARTESIAN_POINT('',(0.691131346199434,42.85862917982,0.80394003975169));
#2423=CARTESIAN_POINT('Origin',(0.439645591220268,42.9606968154341,1.03051698651085));
#2424=CARTESIAN_POINT('Origin',(4.54195311360613,45.2669531136061,3.14360829521435));
#2425=CARTESIAN_POINT('',(3.06148915210227,48.0291298392216,3.56622655695505));
#2426=CARTESIAN_POINT('Origin',(5.18280949566192,45.9078094956619,3.56622655695505));
#2427=CARTESIAN_POINT('',(2.42063277004648,47.3882734571658,3.14360829521435));
#2428=CARTESIAN_POINT('',(2.42063277004648,47.3882734571658,3.14360829521435));
#2429=CARTESIAN_POINT('Origin',(4.54195311360613,45.2669531136061,3.14360829521435));
#2430=CARTESIAN_POINT('Origin',(5.18280949566192,45.9078094956619,3.56622655695505));
#2431=CARTESIAN_POINT('',(3.41504254269555,47.6755764486283,3.56622655695505));
#2432=CARTESIAN_POINT('Origin',(5.18280949566192,45.9078094956619,3.56622655695505));
#2433=CARTESIAN_POINT('Origin',(8.70751959696875,49.4325195969688,5.8906269965289));
#2434=CARTESIAN_POINT('',(6.93975264400239,51.2002865499351,5.8906269965289));
#2435=CARTESIAN_POINT('Origin',(8.70751959696875,49.4325195969688,5.8906269965289));
#2436=CARTESIAN_POINT('',(10.3096605521082,51.0346605521082,6.94717265088064));
#2437=CARTESIAN_POINT('Origin',(8.70751959696875,49.4325195969688,5.8906269965289));
#2438=CARTESIAN_POINT('Origin',(4.54195311360613,45.2669531136061,3.14360829521435));
#2439=CARTESIAN_POINT('',(2.77418616063976,47.0347200665725,3.14360829521435));
#2440=CARTESIAN_POINT('Origin',(4.54195311360613,45.2669531136061,3.14360829521435));
#2441=CARTESIAN_POINT('Origin',(2.54,0.,0.640000000000002));
#2442=CARTESIAN_POINT('',(2.31348689565771,-0.105791368084625,0.639999999999999));
#2443=CARTESIAN_POINT('',(2.76178052638952,0.107349490204164,0.682302305697119));
#2444=CARTESIAN_POINT('Origin',(2.54,2.22044604925031E-15,0.640000000000002));
#2445=CARTESIAN_POINT('',(2.76651310434229,0.105791368084631,0.640000000000002));
#2446=CARTESIAN_POINT('Origin',(2.54,2.22044604925031E-15,0.640000000000002));
#2447=CARTESIAN_POINT('',(2.54,0.25,0.640000000000008));
#2448=CARTESIAN_POINT('Origin',(2.54,0.,0.640000000000002));
#2449=CARTESIAN_POINT('Origin',(2.54,0.,0.640000000000002));
#2450=CARTESIAN_POINT('Origin',(2.9645565867921,-0.909030974685179,0.720979709141193));
#2451=CARTESIAN_POINT('',(3.61089369997372,-1.7107124591662,0.8442617239795));
#2452=CARTESIAN_POINT('Origin',(3.3891131735842,-1.81806194937036,0.801959418282384));
#2453=CARTESIAN_POINT('',(3.18633711318162,-0.801681484481018,0.763282014838309));
#2454=CARTESIAN_POINT('Origin',(2.54,-2.22044604925031E-15,0.640000000000004));
#2455=CARTESIAN_POINT('Origin',(3.3891131735842,-1.81806194937036,0.801959418282384));
#2456=CARTESIAN_POINT('Origin',(2.54,0.,-0.434999999999999));
#2457=CARTESIAN_POINT('',(2.54,0.25,-1.51));
#2458=CARTESIAN_POINT('',(2.54,0.25,-0.434999999999999));
#2459=CARTESIAN_POINT('Origin',(2.54,0.,-1.51));
#2460=CARTESIAN_POINT('Origin',(2.54,0.,-1.51));
#2461=CARTESIAN_POINT('Origin',(0.,0.,0.640000000000002));
#2462=CARTESIAN_POINT('',(-0.228762157956641,-0.100835881942005,0.639999999999999));
#2463=CARTESIAN_POINT('',(0.227397911481035,0.101270548128727,0.663118519324787));
#2464=CARTESIAN_POINT('Origin',(0.,-2.22044604925031E-15,0.640000000000002));
#2465=CARTESIAN_POINT('',(0.228762157956637,0.100835881942003,0.640000000000004));
#2466=CARTESIAN_POINT('Origin',(0.,-2.22044604925031E-15,0.640000000000002));
#2467=CARTESIAN_POINT('',(-3.06161699786838E-17,0.25,0.640000000000003));
#2468=CARTESIAN_POINT('Origin',(0.,0.,0.640000000000002));
#2469=CARTESIAN_POINT('Origin',(0.,0.,0.640000000000002));
#2470=CARTESIAN_POINT('Origin',(0.796530974685186,-1.8070565867921,0.720979709141193));
#2471=CARTESIAN_POINT('',(1.82045986085141,-3.51284262545547,0.825077937607167));
#2472=CARTESIAN_POINT('Origin',(1.59306194937037,-3.61411317358419,0.801959418282384));
#2473=CARTESIAN_POINT('',(1.02392888616622,-1.70578603866337,0.744098228465977));
#2474=CARTESIAN_POINT('Origin',(0.,0.,0.640000000000002));
#2475=CARTESIAN_POINT('Origin',(1.59306194937037,-3.61411317358419,0.801959418282384));
#2476=CARTESIAN_POINT('Origin',(0.,0.,-0.434999999999999));
#2477=CARTESIAN_POINT('',(-3.06161699786838E-17,0.25,-1.51));
#2478=CARTESIAN_POINT('',(-3.06161699786838E-17,0.25,-0.434999999999999));
#2479=CARTESIAN_POINT('Origin',(0.,0.,-1.51));
#2480=CARTESIAN_POINT('Origin',(0.,0.,-1.51));
#2481=CARTESIAN_POINT('Origin',(-30.46,0.5,0.640000000000002));
#2482=CARTESIAN_POINT('',(-30.6834028079007,0.612210451483381,0.640000000000002));
#2483=CARTESIAN_POINT('',(-30.6710457024381,0.616465060719383,0.706299329665047));
#2484=CARTESIAN_POINT('Origin',(-30.46,0.500000000000003,0.640000000000002));
#2485=CARTESIAN_POINT('',(-30.2365971920993,0.387789548516624,0.640000000000002));
#2486=CARTESIAN_POINT('Origin',(-30.46,0.500000000000003,0.640000000000002));
#2487=CARTESIAN_POINT('',(-30.46,0.75,0.640000000000003));
#2488=CARTESIAN_POINT('Origin',(-30.46,0.5,0.640000000000002));
#2489=CARTESIAN_POINT('Origin',(-30.46,0.5,0.640000000000002));
#2490=CARTESIAN_POINT('Origin',(-31.737112967778,-2.04263857988489,1.04120093748436));
#2491=CARTESIAN_POINT('',(-33.2252716379941,-4.46881209905041,1.50870120463376));
#2492=CARTESIAN_POINT('Origin',(-33.014225935556,-4.58527715976979,1.44240187496872));
#2493=CARTESIAN_POINT('',(-31.9481586702161,-1.92617351916552,1.10750026714941));
#2494=CARTESIAN_POINT('Origin',(-30.46,0.5,0.640000000000002));
#2495=CARTESIAN_POINT('Origin',(-33.014225935556,-4.58527715976979,1.44240187496872));
#2496=CARTESIAN_POINT('Origin',(-30.46,0.5,-0.434999999999999));
#2497=CARTESIAN_POINT('',(-30.46,0.75,-1.51));
#2498=CARTESIAN_POINT('',(-30.46,0.75,-0.434999999999999));
#2499=CARTESIAN_POINT('Origin',(-30.46,0.5,-1.51));
#2500=CARTESIAN_POINT('Origin',(-30.46,0.5,-1.51));
#2501=CARTESIAN_POINT('Origin',(-33.,0.5,0.640000000000002));
#2502=CARTESIAN_POINT('',(-33.2190201462393,0.620541177783038,0.640000000000002));
#2503=CARTESIAN_POINT('',(-33.1958100015091,0.628939991336934,0.726792407173982));
#2504=CARTESIAN_POINT('Origin',(-33.,0.5,0.640000000000002));
#2505=CARTESIAN_POINT('',(-32.7809798537607,0.379458822216965,0.640000000000002));
#2506=CARTESIAN_POINT('Origin',(-33.,0.5,0.640000000000002));
#2507=CARTESIAN_POINT('',(-33.,0.75,0.640000000000003));
#2508=CARTESIAN_POINT('Origin',(-33.,0.5,0.640000000000002));
#2509=CARTESIAN_POINT('Origin',(-33.,0.5,0.640000000000002));
#2510=CARTESIAN_POINT('Origin',(-33.9051385798849,-1.14461296777798,1.04120093748436));
#2511=CARTESIAN_POINT('',(-35.0060871612788,-2.66028594421903,1.5291942821427));
#2512=CARTESIAN_POINT('Origin',(-34.8102771597698,-2.78922593555596,1.44240187496872));
#2513=CARTESIAN_POINT('',(-34.100948581394,-1.01567297644105,1.12799334465834));
#2514=CARTESIAN_POINT('Origin',(-33.,0.5,0.640000000000002));
#2515=CARTESIAN_POINT('Origin',(-34.8102771597698,-2.78922593555596,1.44240187496872));
#2516=CARTESIAN_POINT('Origin',(-33.,0.5,-0.434999999999999));
#2517=CARTESIAN_POINT('',(-33.,0.75,-1.51));
#2518=CARTESIAN_POINT('',(-33.,0.75,-0.434999999999999));
#2519=CARTESIAN_POINT('Origin',(-33.,0.5,-1.51));
#2520=CARTESIAN_POINT('Origin',(-33.,0.5,-1.51));
#2521=CARTESIAN_POINT('Origin',(-32.99,38.5,0.640000000000002));
#2522=CARTESIAN_POINT('',(-32.7595584680569,38.5969365790386,0.640000000000002));
#2523=CARTESIAN_POINT('',(-33.2204415319431,38.4030634209614,0.640000000000002));
#2524=CARTESIAN_POINT('Origin',(-32.99,38.5,0.640000000000002));
#2525=CARTESIAN_POINT('Origin',(-32.99,38.5,0.640000000000002));
#2526=CARTESIAN_POINT('Origin',(-33.704816770744,40.1992911586371,1.0772589414663));
#2527=CARTESIAN_POINT('',(-34.2283608537109,42.0091493167193,1.39751490201234));
#2528=CARTESIAN_POINT('Origin',(-34.4196335414881,41.8985823172743,1.5145178829326));
#2529=CARTESIAN_POINT('',(-32.8345928712085,38.6958280478399,0.544936258614967));
#2530=CARTESIAN_POINT('',(-33.5135440829669,40.3098581580822,0.960255960546038));
#2531=CARTESIAN_POINT('',(-32.99,38.75,0.457822914159476));
#2532=CARTESIAN_POINT('Origin',(-32.99,38.5,0.640000000000002));
#2533=CARTESIAN_POINT('Origin',(-32.99,38.5,0.640000000000002));
#2534=CARTESIAN_POINT('Origin',(-32.99,38.5,0.640000000000002));
#2535=CARTESIAN_POINT('Origin',(-34.4196335414881,41.8985823172743,1.5145178829326));
#2536=CARTESIAN_POINT('Origin',(-32.99,38.5,-0.434999999999999));
#2537=CARTESIAN_POINT('',(-32.99,38.75,-1.51));
#2538=CARTESIAN_POINT('',(-32.99,38.75,-0.434999999999999));
#2539=CARTESIAN_POINT('Origin',(-32.99,38.5,-1.51));
#2540=CARTESIAN_POINT('Origin',(-32.99,38.5,-1.51));
#2541=CARTESIAN_POINT('Origin',(-30.45,38.5,0.640000000000002));
#2542=CARTESIAN_POINT('',(-30.2193752790005,38.5964999381549,0.640000000000002));
#2543=CARTESIAN_POINT('',(-30.6806247209995,38.4035000618451,0.639999999999999));
#2544=CARTESIAN_POINT('Origin',(-30.45,38.5,0.640000000000002));
#2545=CARTESIAN_POINT('Origin',(-30.45,38.5,0.640000000000002));
#2546=CARTESIAN_POINT('Origin',(-31.5367911586371,41.097316770744,1.0772589414663));
#2547=CARTESIAN_POINT('',(-32.4121601280722,43.7974190538566,1.42945439863914));
#2548=CARTESIAN_POINT('Origin',(-32.6235823172743,43.6946335414881,1.5145178829326));
#2549=CARTESIAN_POINT('',(-30.2667066115839,38.6700103931027,0.566253841541103));
#2550=CARTESIAN_POINT('',(-31.325368969435,41.2001022831125,0.992195457172843));
#2551=CARTESIAN_POINT('',(-30.45,38.75,0.442427324448723));
#2552=CARTESIAN_POINT('Origin',(-30.45,38.5,0.640000000000002));
#2553=CARTESIAN_POINT('Origin',(-30.45,38.5,0.640000000000002));
#2554=CARTESIAN_POINT('Origin',(-30.45,38.5,0.640000000000002));
#2555=CARTESIAN_POINT('Origin',(-32.6235823172743,43.6946335414881,1.5145178829326));
#2556=CARTESIAN_POINT('Origin',(-30.45,38.5,-0.434999999999999));
#2557=CARTESIAN_POINT('',(-30.45,38.75,-1.51));
#2558=CARTESIAN_POINT('',(-30.45,38.75,-0.434999999999999));
#2559=CARTESIAN_POINT('Origin',(-30.45,38.5,-1.51));
#2560=CARTESIAN_POINT('Origin',(-30.45,38.5,-1.51));
#2561=CARTESIAN_POINT('Origin',(0.0099999999999989,38.5,0.640000000000002));
#2562=CARTESIAN_POINT('',(0.258848361097312,38.4760314126578,0.640000000000002));
#2563=CARTESIAN_POINT('',(-0.238848361097306,38.5239685873422,0.639999999999999));
#2564=CARTESIAN_POINT('Origin',(0.0100000000000033,38.5,0.640000000000002));
#2565=CARTESIAN_POINT('Origin',(0.0099999999999989,38.5,0.640000000000002));
#2566=CARTESIAN_POINT('Origin',(0.224822795610136,40.7303484077171,0.835258493255427));
#2567=CARTESIAN_POINT('',(0.256193043683727,42.9929645111734,0.863771795833496));
#2568=CARTESIAN_POINT('Origin',(0.439645591220268,42.9606968154341,1.03051698651085));
#2569=CARTESIAN_POINT('',(-0.158798493017786,38.6844100560027,0.486574292468224));
#2570=CARTESIAN_POINT('',(0.0413702480735924,40.7626161034564,0.66851330257807));
#2571=CARTESIAN_POINT('Origin',(0.0099999999999989,38.5,0.640000000000002));
#2572=CARTESIAN_POINT('',(0.00999999999999863,38.75,0.411893930425556));
#2573=CARTESIAN_POINT('Origin',(0.0099999999999989,38.5,0.640000000000002));
#2574=CARTESIAN_POINT('Origin',(0.0099999999999989,38.5,0.640000000000002));
#2575=CARTESIAN_POINT('Origin',(0.439645591220268,42.9606968154341,1.03051698651085));
#2576=CARTESIAN_POINT('Origin',(0.0099999999999989,38.5,-0.434999999999999));
#2577=CARTESIAN_POINT('',(0.00999999999999887,38.75,-1.51));
#2578=CARTESIAN_POINT('',(0.00999999999999887,38.75,-0.434999999999999));
#2579=CARTESIAN_POINT('Origin',(0.0099999999999989,38.5,-1.51));
#2580=CARTESIAN_POINT('Origin',(0.0099999999999989,38.5,-1.51));
#2581=CARTESIAN_POINT('Origin',(2.55,38.5,0.640000000000002));
#2582=CARTESIAN_POINT('',(2.79827882281921,38.529285254643,0.640000000000004));
#2583=CARTESIAN_POINT('',(2.30172117718079,38.470714745357,0.640000000000002));
#2584=CARTESIAN_POINT('Origin',(2.55,38.5,0.640000000000002));
#2585=CARTESIAN_POINT('Origin',(2.55,38.5,0.640000000000002));
#2586=CARTESIAN_POINT('Origin',(2.39284840771705,39.8323227956101,0.835258493255427));
#2587=CARTESIAN_POINT('',(2.38974228388071,41.2108662267547,0.839117805473259));
#2588=CARTESIAN_POINT('Origin',(2.23569681543411,41.1646455912203,1.03051698651085));
#2589=CARTESIAN_POINT('',(2.6846517836243,38.7106392583703,0.472697181093155));
#2590=CARTESIAN_POINT('',(2.54689387616366,39.8785434311445,0.643859312217834));
#2591=CARTESIAN_POINT('',(2.55,38.75,0.425241214271959));
#2592=CARTESIAN_POINT('Origin',(2.55,38.5,0.640000000000002));
#2593=CARTESIAN_POINT('Origin',(2.55,38.5,0.640000000000002));
#2594=CARTESIAN_POINT('Origin',(2.55,38.5,0.640000000000002));
#2595=CARTESIAN_POINT('Origin',(2.23569681543411,41.1646455912203,1.03051698651085));
#2596=CARTESIAN_POINT('Origin',(2.55,38.5,-0.434999999999999));
#2597=CARTESIAN_POINT('',(2.55,38.75,-1.51));
#2598=CARTESIAN_POINT('',(2.55,38.75,-0.434999999999999));
#2599=CARTESIAN_POINT('Origin',(2.55,38.5,-1.51));
#2600=CARTESIAN_POINT('Origin',(2.55,38.5,-1.51));
#2601=UNCERTAINTY_MEASURE_WITH_UNIT(LENGTH_MEASURE(0.01),#2605,
'DISTANCE_ACCURACY_VALUE',
'Maximum model space distance between geometric entities at asserted c
onnectivities');
#2602=UNCERTAINTY_MEASURE_WITH_UNIT(LENGTH_MEASURE(0.01),#2605,
'DISTANCE_ACCURACY_VALUE',
'Maximum model space distance between geometric entities at asserted c
onnectivities');
#2603=(
GEOMETRIC_REPRESENTATION_CONTEXT(3)
GLOBAL_UNCERTAINTY_ASSIGNED_CONTEXT((#2601))
GLOBAL_UNIT_ASSIGNED_CONTEXT((#2605,#2607,#2608))
REPRESENTATION_CONTEXT('','3D')
);
#2604=(
GEOMETRIC_REPRESENTATION_CONTEXT(3)
GLOBAL_UNCERTAINTY_ASSIGNED_CONTEXT((#2602))
GLOBAL_UNIT_ASSIGNED_CONTEXT((#2605,#2607,#2608))
REPRESENTATION_CONTEXT('','3D')
);
#2605=(
LENGTH_UNIT()
NAMED_UNIT(*)
SI_UNIT(.MILLI.,.METRE.)
);
#2606=(
LENGTH_UNIT()
NAMED_UNIT(*)
SI_UNIT($,.METRE.)
);
#2607=(
NAMED_UNIT(*)
PLANE_ANGLE_UNIT()
SI_UNIT($,.RADIAN.)
);
#2608=(
NAMED_UNIT(*)
SI_UNIT($,.STERADIAN.)
SOLID_ANGLE_UNIT()
);
#2609=SHAPE_DEFINITION_REPRESENTATION(#2610,#2611);
#2610=PRODUCT_DEFINITION_SHAPE('',$,#2613);
#2611=SHAPE_REPRESENTATION('',(#1521),#2603);
#2612=PRODUCT_DEFINITION_CONTEXT('part definition',#2617,'design');
#2613=PRODUCT_DEFINITION('KiCad IR LED Assembly - 25deg 3mm',
'KiCad IR LED Assembly - 25deg 3mm',#2614,#2612);
#2614=PRODUCT_DEFINITION_FORMATION('',$,#2619);
#2615=PRODUCT_RELATED_PRODUCT_CATEGORY(
'KiCad IR LED Assembly - 25deg 3mm','KiCad IR LED Assembly - 25deg 3mm',
(#2619));
#2616=APPLICATION_PROTOCOL_DEFINITION('international standard',
'automotive_design',2009,#2617);
#2617=APPLICATION_CONTEXT(
'Core Data for Automotive Mechanical Design Process');
#2618=PRODUCT_CONTEXT('part definition',#2617,'mechanical');
#2619=PRODUCT('KiCad IR LED Assembly - 25deg 3mm',
'KiCad IR LED Assembly - 25deg 3mm',$,(#2618));
#2620=PRESENTATION_STYLE_ASSIGNMENT((#2621));
#2621=SURFACE_STYLE_USAGE(.BOTH.,#2622);
#2622=SURFACE_SIDE_STYLE('',(#2623));
#2623=SURFACE_STYLE_FILL_AREA(#2624);
#2624=FILL_AREA_STYLE('Steel - Satin',(#2625));
#2625=FILL_AREA_STYLE_COLOUR('Steel - Satin',#2626);
#2626=COLOUR_RGB('Steel - Satin',0.627450980392157,0.627450980392157,0.627450980392157);
ENDSEC;
END-ISO-10303-21;
