ISO-10303-21;
HEADER;
FILE_DESCRIPTION((''),'2;1');
FILE_NAME('124','2021-08-23T22:35:15',('Administrator'),(''),
'CREO PARAMETRIC BY PTC INC, 2016510','CREO PARAMETRIC BY PTC INC, 2016510','');
FILE_SCHEMA(('CONFIG_CONTROL_DESIGN','GEOMETRIC_VALIDATION_PROPERTIES_MIM'));
ENDSEC;
DATA;
#37=CARTESIAN_POINT('',(-3.55E0,1.4E0,-6.440979485566E-1));
#38=DIRECTION('',(0.E0,1.E0,0.E0));
#39=DIRECTION('',(2.E-1,0.E0,9.797958971133E-1));
#40=AXIS2_PLACEMENT_3D('',#37,#38,#39);
#42=DIRECTION('',(0.E0,-1.E0,0.E0));
#43=VECTOR('',#42,2.349E-1);
#44=CARTESIAN_POINT('',(-3.35E0,1.6349E0,-7.763020514434E-1));
#45=LINE('',#44,#43);
#46=CARTESIAN_POINT('',(-3.35E0,1.6349E0,-7.102E-1));
#47=DIRECTION('',(-1.E0,0.E0,0.E0));
#48=DIRECTION('',(0.E0,0.E0,1.E0));
#49=AXIS2_PLACEMENT_3D('',#46,#47,#48);
#51=DIRECTION('',(0.E0,1.E0,0.E0));
#52=VECTOR('',#51,2.349E-1);
#53=CARTESIAN_POINT('',(-3.35E0,1.4E0,-6.440979485566E-1));
#54=LINE('',#53,#52);
#55=DIRECTION('',(0.E0,0.E0,-1.E0));
#56=VECTOR('',#55,1.322041028867E-1);
#57=CARTESIAN_POINT('',(-3.35E0,1.4E0,-6.440979485566E-1));
#58=LINE('',#57,#56);
#59=CARTESIAN_POINT('',(-3.55E0,1.6349E0,-7.763020514434E-1));
#60=DIRECTION('',(0.E0,-1.E0,0.E0));
#61=DIRECTION('',(2.E-1,0.E0,-9.797958971133E-1));
#62=AXIS2_PLACEMENT_3D('',#59,#60,#61);
#64=CARTESIAN_POINT('',(-3.55E0,1.4E0,-7.763020514434E-1));
#65=DIRECTION('',(0.E0,1.E0,0.E0));
#66=DIRECTION('',(1.E0,0.E0,0.E0));
#67=AXIS2_PLACEMENT_3D('',#64,#65,#66);
#69=DIRECTION('',(-3.473310759596E-11,-1.E0,-7.089074145871E-12));
#70=VECTOR('',#69,2.348999996855E-1);
#71=CARTESIAN_POINT('',(-3.509999999992E0,1.634899999685E0,-9.722612308644E-1));
#72=LINE('',#71,#70);
#73=CARTESIAN_POINT('',(-3.45E0,1.4E0,-1.2662E0));
#74=DIRECTION('',(0.E0,-1.E0,0.E0));
#75=DIRECTION('',(-2.E-1,0.E0,9.797958971133E-1));
#76=AXIS2_PLACEMENT_3D('',#73,#74,#75);
#78=CARTESIAN_POINT('',(-3.45E0,1.4E0,-1.542E-1));
#79=DIRECTION('',(0.E0,-1.E0,0.E0));
#80=DIRECTION('',(-1.E0,0.E0,0.E0));
#81=AXIS2_PLACEMENT_3D('',#78,#79,#80);
#83=DIRECTION('',(1.E0,0.E0,0.E0));
#84=VECTOR('',#83,4.E-1);
#85=CARTESIAN_POINT('',(-3.75E0,1.4E0,0.E0));
#86=LINE('',#85,#84);
#87=CARTESIAN_POINT('',(-3.35E0,1.4E0,-4.198854249492E-1));
#88=DIRECTION('',(0.E0,-1.E0,0.E0));
#89=DIRECTION('',(8.75E-1,0.E0,4.841229182759E-1));
#90=AXIS2_PLACEMENT_3D('',#87,#88,#89);
#92=CARTESIAN_POINT('',(-3.35E0,1.4E0,-1.000514575051E0));
#93=DIRECTION('',(0.E0,-1.E0,0.E0));
#94=DIRECTION('',(3.333333333333E-1,0.E0,-9.428090415821E-1));
#95=AXIS2_PLACEMENT_3D('',#92,#93,#94);
#97=DIRECTION('',(-1.E0,0.E0,0.E0));
#98=VECTOR('',#97,4.112738491888E-1);
#99=CARTESIAN_POINT('',(-3.338726150811E0,1.4E0,-1.5E0));
#100=LINE('',#99,#98);
#101=DIRECTION('',(2.752256587895E-11,1.E0,-5.617756869715E-12));
#102=VECTOR('',#101,2.348999997105E-1);
#103=CARTESIAN_POINT('',(-3.51E0,1.4E0,-4.481387691340E-1));
#104=LINE('',#103,#102);
#105=CARTESIAN_POINT('',(-3.45E0,1.6349E0,-1.542E-1));
#106=DIRECTION('',(0.E0,-1.E0,0.E0));
#107=DIRECTION('',(-1.E0,0.E0,0.E0));
#108=AXIS2_PLACEMENT_3D('',#105,#106,#107);
#110=CARTESIAN_POINT('',(-3.51E0,1.6349E0,-7.102E-1));
#111=DIRECTION('',(-1.E0,0.E0,0.E0));
#112=DIRECTION('',(0.E0,0.E0,1.E0));
#113=AXIS2_PLACEMENT_3D('',#110,#111,#112);
#115=CARTESIAN_POINT('',(-3.45E0,1.6349E0,-1.2662E0));
#116=DIRECTION('',(0.E0,1.E0,0.E0));
#117=DIRECTION('',(-1.E0,0.E0,0.E0));
#118=AXIS2_PLACEMENT_3D('',#115,#116,#117);
#120=CARTESIAN_POINT('',(-3.55E0,1.6349E0,-6.440979485566E-1));
#121=DIRECTION('',(0.E0,1.E0,0.E0));
#122=DIRECTION('',(2.E-1,0.E0,9.797958971133E-1));
#123=AXIS2_PLACEMENT_3D('',#120,#121,#122);
#125=DIRECTION('',(0.E0,-1.E0,0.E0));
#126=VECTOR('',#125,1.E0);
#127=CARTESIAN_POINT('',(-3.75E0,3.68E0,-4.479656493703E0));
#128=LINE('',#127,#126);
#129=DIRECTION('',(0.E0,1.E0,0.E0));
#130=VECTOR('',#129,1.E0);
#131=CARTESIAN_POINT('',(-3.75E0,3.68E0,-4.E0));
#132=LINE('',#131,#130);
#133=DIRECTION('',(0.E0,0.E0,1.E0));
#134=VECTOR('',#133,3.E0);
#135=CARTESIAN_POINT('',(-3.75E0,4.68E0,-4.E0));
#136=LINE('',#135,#134);
#137=DIRECTION('',(0.E0,3.511234415884E-1,-9.363291775690E-1));
#138=VECTOR('',#137,4.272001872659E0);
#139=CARTESIAN_POINT('',(-3.75E0,3.18E0,3.E0));
#140=LINE('',#139,#138);
#141=DIRECTION('',(0.E0,0.E0,1.E0));
#142=VECTOR('',#141,3.E0);
#143=CARTESIAN_POINT('',(-3.75E0,-1.22E0,0.E0));
#144=LINE('',#143,#142);
#145=DIRECTION('',(0.E0,0.E0,-1.E0));
#146=VECTOR('',#145,1.542E-1);
#147=CARTESIAN_POINT('',(-3.75E0,1.4E0,0.E0));
#148=LINE('',#147,#146);
#149=DIRECTION('',(0.E0,-1.E0,5.336084438009E-10));
#150=VECTOR('',#149,2.349000002259E-1);
#151=CARTESIAN_POINT('',(-3.75E0,1.634900000226E0,-1.542000001253E-1));
#152=LINE('',#151,#150);
#153=CARTESIAN_POINT('',(-3.75E0,1.6349E0,-7.102E-1));
#154=DIRECTION('',(1.E0,0.E0,0.E0));
#155=DIRECTION('',(0.E0,0.E0,-1.E0));
#156=AXIS2_PLACEMENT_3D('',#153,#154,#155);
#158=DIRECTION('',(0.E0,1.E0,4.798025662051E-10));
#159=VECTOR('',#158,2.348999996058E-1);
#160=CARTESIAN_POINT('',(-3.75E0,1.4E0,-1.2662E0));
#161=LINE('',#160,#159);
#162=DIRECTION('',(0.E0,0.E0,-1.E0));
#163=VECTOR('',#162,2.338E-1);
#164=CARTESIAN_POINT('',(-3.75E0,1.4E0,-1.2662E0));
#165=LINE('',#164,#163);
#166=DIRECTION('',(0.E0,-7.465930852246E-1,-6.652809670318E-1));
#167=VECTOR('',#166,2.705623772811E0);
#168=CARTESIAN_POINT('',(-3.75E0,1.4E0,-1.5E0));
#169=LINE('',#168,#167);
#170=DIRECTION('',(0.E0,0.E0,-1.E0));
#171=VECTOR('',#170,7.E-1);
#172=CARTESIAN_POINT('',(-3.75E0,-6.2E-1,-3.3E0));
#173=LINE('',#172,#171);
#174=DIRECTION('',(0.E0,1.E0,0.E0));
#175=VECTOR('',#174,2.3E0);
#176=CARTESIAN_POINT('',(-3.75E0,-6.2E-1,-4.E0));
#177=LINE('',#176,#175);
#178=DIRECTION('',(0.E0,0.E0,-1.E0));
#179=VECTOR('',#178,6.E-1);
#180=CARTESIAN_POINT('',(-3.75E0,1.68E0,-3.4E0));
#181=LINE('',#180,#179);
#182=DIRECTION('',(0.E0,-1.E0,0.E0));
#183=VECTOR('',#182,1.E0);
#184=CARTESIAN_POINT('',(-3.75E0,2.68E0,-3.4E0));
#185=LINE('',#184,#183);
#186=DIRECTION('',(0.E0,0.E0,1.E0));
#187=VECTOR('',#186,1.079656493703E0);
#188=CARTESIAN_POINT('',(-3.75E0,2.68E0,-4.479656493703E0));
#189=LINE('',#188,#187);
#190=DIRECTION('',(0.E0,0.E0,-1.E0));
#191=VECTOR('',#190,1.079656493703E0);
#192=CARTESIAN_POINT('',(-3.35E0,2.68E0,-3.4E0));
#193=LINE('',#192,#191);
#194=CARTESIAN_POINT('',(-4.778350462956E0,2.68E0,-4.479656493703E0));
#195=DIRECTION('',(0.E0,1.E0,0.E0));
#196=DIRECTION('',(1.E0,0.E0,0.E0));
#197=AXIS2_PLACEMENT_3D('',#194,#195,#196);
#199=DIRECTION('',(-4.973752600114E-1,0.E0,-8.675355040162E-1));
#200=VECTOR('',#199,4.693082403298E-1);
#201=CARTESIAN_POINT('',(-3.539205724164E0,2.68E0,-5.190082676603E0));
#202=LINE('',#201,#200);
#203=CARTESIAN_POINT('',(-3.593363741933E0,2.68E0,-5.7E0));
#204=DIRECTION('',(0.E0,-1.E0,0.E0));
#205=DIRECTION('',(-8.675355040162E-1,0.E0,4.973752600114E-1));
#206=AXIS2_PLACEMENT_3D('',#203,#204,#205);
#208=DIRECTION('',(6.207263616392E-1,0.E0,-7.840272852179E-1));
#209=VECTOR('',#208,1.712272112885E-1);
#210=CARTESIAN_POINT('',(-3.755372206373E0,2.68E0,-5.828264572653E0));
#211=LINE('',#210,#209);
#212=CARTESIAN_POINT('',(-4.734836796620E0,2.68E0,-6.822116084505E0));
#213=DIRECTION('',(0.E0,1.E0,0.E0));
#214=DIRECTION('',(7.840272852179E-1,0.E0,6.207263616392E-1));
#215=AXIS2_PLACEMENT_3D('',#212,#213,#214);
#217=DIRECTION('',(0.E0,0.E0,-1.E0));
#218=VECTOR('',#217,6.778839154953E-1);
#219=CARTESIAN_POINT('',(-3.35E0,2.68E0,-6.822116084505E0));
#220=LINE('',#219,#218);
#221=DIRECTION('',(1.E0,0.E0,0.E0));
#222=VECTOR('',#221,4.E-1);
#223=CARTESIAN_POINT('',(-3.75E0,2.68E0,-7.5E0));
#224=LINE('',#223,#222);
#225=DIRECTION('',(0.E0,0.E0,1.E0));
#226=VECTOR('',#225,6.778839154953E-1);
#227=CARTESIAN_POINT('',(-3.75E0,2.68E0,-7.5E0));
#228=LINE('',#227,#226);
#229=CARTESIAN_POINT('',(-4.734836796620E0,2.68E0,-6.822116084505E0));
#230=DIRECTION('',(0.E0,-1.E0,0.E0));
#231=DIRECTION('',(1.E0,0.E0,0.E0));
#232=AXIS2_PLACEMENT_3D('',#229,#230,#231);
#234=DIRECTION('',(-6.207263616392E-1,0.E0,7.840272852179E-1));
#235=VECTOR('',#234,1.712272112885E-1);
#236=CARTESIAN_POINT('',(-3.962697876583E0,2.68E0,-6.210801922930E0));
#237=LINE('',#236,#235);
#238=CARTESIAN_POINT('',(-3.593363741933E0,2.68E0,-5.7E0));
#239=DIRECTION('',(0.E0,1.E0,0.E0));
#240=DIRECTION('',(-7.840272852179E-1,0.E0,-6.207263616392E-1));
#241=AXIS2_PLACEMENT_3D('',#238,#239,#240);
#243=DIRECTION('',(4.973752600114E-1,0.E0,8.675355040162E-1));
#244=VECTOR('',#243,4.693082403298E-1);
#245=CARTESIAN_POINT('',(-4.119642233830E0,2.68E0,-5.398274133412E0));
#246=LINE('',#245,#244);
#247=CARTESIAN_POINT('',(-4.778350462956E0,2.68E0,-4.479656493703E0));
#248=DIRECTION('',(0.E0,-1.E0,0.E0));
#249=DIRECTION('',(8.675355040162E-1,0.E0,-4.973752600114E-1));
#250=AXIS2_PLACEMENT_3D('',#247,#248,#249);
#252=DIRECTION('',(1.E0,0.E0,0.E0));
#253=VECTOR('',#252,4.E-1);
#254=CARTESIAN_POINT('',(-3.75E0,2.68E0,-3.4E0));
#255=LINE('',#254,#253);
#256=DIRECTION('',(1.E0,0.E0,0.E0));
#257=VECTOR('',#256,4.E-1);
#258=CARTESIAN_POINT('',(-3.75E0,1.68E0,-3.4E0));
#259=LINE('',#258,#257);
#260=DIRECTION('',(-1.E0,0.E0,0.E0));
#261=VECTOR('',#260,4.E-1);
#262=CARTESIAN_POINT('',(-3.35E0,3.68E0,-4.E0));
#263=LINE('',#262,#261);
#264=DIRECTION('',(-1.E0,0.E0,0.E0));
#265=VECTOR('',#264,4.E-1);
#266=CARTESIAN_POINT('',(-3.35E0,1.68E0,-4.E0));
#267=LINE('',#266,#265);
#268=DIRECTION('',(1.E0,0.E0,0.E0));
#269=VECTOR('',#268,4.E-1);
#270=CARTESIAN_POINT('',(-3.75E0,-6.2E-1,-4.E0));
#271=LINE('',#270,#269);
#272=DIRECTION('',(1.E0,0.E0,0.E0));
#273=VECTOR('',#272,4.E-1);
#274=CARTESIAN_POINT('',(-3.75E0,3.68E0,-7.5E0));
#275=LINE('',#274,#273);
#276=DIRECTION('',(0.E0,0.E0,-1.E0));
#277=VECTOR('',#276,6.778839154953E-1);
#278=CARTESIAN_POINT('',(-3.35E0,3.68E0,-6.822116084505E0));
#279=LINE('',#278,#277);
#280=CARTESIAN_POINT('',(-4.734836796620E0,3.68E0,-6.822116084505E0));
#281=DIRECTION('',(0.E0,1.E0,0.E0));
#282=DIRECTION('',(7.840272852179E-1,0.E0,6.207263616392E-1));
#283=AXIS2_PLACEMENT_3D('',#280,#281,#282);
#285=DIRECTION('',(6.207263616392E-1,0.E0,-7.840272852179E-1));
#286=VECTOR('',#285,1.712272112885E-1);
#287=CARTESIAN_POINT('',(-3.755372206373E0,3.68E0,-5.828264572653E0));
#288=LINE('',#287,#286);
#289=CARTESIAN_POINT('',(-3.593363741933E0,3.68E0,-5.7E0));
#290=DIRECTION('',(0.E0,-1.E0,0.E0));
#291=DIRECTION('',(-8.675355040162E-1,0.E0,4.973752600114E-1));
#292=AXIS2_PLACEMENT_3D('',#289,#290,#291);
#294=DIRECTION('',(-4.973752600114E-1,0.E0,-8.675355040162E-1));
#295=VECTOR('',#294,4.693082403298E-1);
#296=CARTESIAN_POINT('',(-3.539205724164E0,3.68E0,-5.190082676603E0));
#297=LINE('',#296,#295);
#298=CARTESIAN_POINT('',(-4.778350462956E0,3.68E0,-4.479656493703E0));
#299=DIRECTION('',(0.E0,1.E0,0.E0));
#300=DIRECTION('',(1.E0,0.E0,0.E0));
#301=AXIS2_PLACEMENT_3D('',#298,#299,#300);
#303=DIRECTION('',(0.E0,0.E0,-1.E0));
#304=VECTOR('',#303,4.796564937027E-1);
#305=CARTESIAN_POINT('',(-3.35E0,3.68E0,-4.E0));
#306=LINE('',#305,#304);
#307=DIRECTION('',(0.E0,0.E0,1.E0));
#308=VECTOR('',#307,4.796564937027E-1);
#309=CARTESIAN_POINT('',(-3.75E0,3.68E0,-4.479656493703E0));
#310=LINE('',#309,#308);
#311=CARTESIAN_POINT('',(-4.778350462956E0,3.68E0,-4.479656493703E0));
#312=DIRECTION('',(0.E0,-1.E0,0.E0));
#313=DIRECTION('',(8.675355040162E-1,0.E0,-4.973752600114E-1));
#314=AXIS2_PLACEMENT_3D('',#311,#312,#313);
#316=DIRECTION('',(4.973752600114E-1,0.E0,8.675355040162E-1));
#317=VECTOR('',#316,4.693082403298E-1);
#318=CARTESIAN_POINT('',(-4.119642233830E0,3.68E0,-5.398274133412E0));
#319=LINE('',#318,#317);
#320=CARTESIAN_POINT('',(-3.593363741933E0,3.68E0,-5.7E0));
#321=DIRECTION('',(0.E0,1.E0,0.E0));
#322=DIRECTION('',(-7.840272852179E-1,0.E0,-6.207263616392E-1));
#323=AXIS2_PLACEMENT_3D('',#320,#321,#322);
#325=DIRECTION('',(-6.207263616392E-1,0.E0,7.840272852179E-1));
#326=VECTOR('',#325,1.712272112885E-1);
#327=CARTESIAN_POINT('',(-3.962697876583E0,3.68E0,-6.210801922930E0));
#328=LINE('',#327,#326);
#329=CARTESIAN_POINT('',(-4.734836796620E0,3.68E0,-6.822116084505E0));
#330=DIRECTION('',(0.E0,-1.E0,0.E0));
#331=DIRECTION('',(1.E0,0.E0,0.E0));
#332=AXIS2_PLACEMENT_3D('',#329,#330,#331);
#334=DIRECTION('',(0.E0,0.E0,1.E0));
#335=VECTOR('',#334,6.778839154953E-1);
#336=CARTESIAN_POINT('',(-3.75E0,3.68E0,-7.5E0));
#337=LINE('',#336,#335);
#338=CARTESIAN_POINT('',(-3.35E0,3.18E0,-7.5E0));
#339=DIRECTION('',(1.E0,0.E0,0.E0));
#340=DIRECTION('',(0.E0,-1.E0,0.E0));
#341=AXIS2_PLACEMENT_3D('',#338,#339,#340);
#343=DIRECTION('',(0.E0,-1.E0,0.E0));
#344=VECTOR('',#343,1.E0);
#345=CARTESIAN_POINT('',(-3.35E0,3.68E0,-6.822116084505E0));
#346=LINE('',#345,#344);
#347=DIRECTION('',(0.E0,-1.E0,0.E0));
#348=VECTOR('',#347,1.E0);
#349=CARTESIAN_POINT('',(-3.649086962496E0,3.68E0,-5.962511378275E0));
#350=LINE('',#349,#348);
#351=DIRECTION('',(0.E0,-1.E0,0.E0));
#352=VECTOR('',#351,1.E0);
#353=CARTESIAN_POINT('',(-3.755372206373E0,3.68E0,-5.828264572653E0));
#354=LINE('',#353,#352);
#355=DIRECTION('',(0.E0,-1.E0,0.E0));
#356=VECTOR('',#355,1.E0);
#357=CARTESIAN_POINT('',(-3.772628032223E0,3.68E0,-5.597224237416E0));
#358=LINE('',#357,#356);
#359=DIRECTION('',(0.E0,-1.E0,0.E0));
#360=VECTOR('',#359,1.E0);
#361=CARTESIAN_POINT('',(-3.539205724164E0,3.68E0,-5.190082676603E0));
#362=LINE('',#361,#360);
#363=DIRECTION('',(0.E0,-1.E0,0.E0));
#364=VECTOR('',#363,1.E0);
#365=CARTESIAN_POINT('',(-3.35E0,3.68E0,-4.479656493703E0));
#366=LINE('',#365,#364);
#367=DIRECTION('',(0.E0,-1.E0,0.E0));
#368=VECTOR('',#367,1.E0);
#369=CARTESIAN_POINT('',(-3.35E0,2.68E0,-3.4E0));
#370=LINE('',#369,#368);
#371=DIRECTION('',(0.E0,0.E0,-1.E0));
#372=VECTOR('',#371,6.E-1);
#373=CARTESIAN_POINT('',(-3.35E0,1.68E0,-3.4E0));
#374=LINE('',#373,#372);
#375=DIRECTION('',(0.E0,1.E0,0.E0));
#376=VECTOR('',#375,2.3E0);
#377=CARTESIAN_POINT('',(-3.35E0,-6.2E-1,-4.E0));
#378=LINE('',#377,#376);
#379=DIRECTION('',(0.E0,0.E0,-1.E0));
#380=VECTOR('',#379,7.E-1);
#381=CARTESIAN_POINT('',(-3.35E0,-6.2E-1,-3.3E0));
#382=LINE('',#381,#380);
#383=DIRECTION('',(0.E0,-7.465930852246E-1,-6.652809670318E-1));
#384=VECTOR('',#383,2.606116942944E0);
#385=CARTESIAN_POINT('',(-3.35E0,1.325708888889E0,-1.5662E0));
#386=LINE('',#385,#384);
#387=DIRECTION('',(0.E0,1.E0,3.759642092123E-11));
#388=VECTOR('',#387,3.091911110738E-1);
#389=CARTESIAN_POINT('',(-3.35E0,1.325708888889E0,-1.5662E0));
#390=LINE('',#389,#388);
#391=CARTESIAN_POINT('',(-3.35E0,1.6349E0,-7.102E-1));
#392=DIRECTION('',(1.E0,0.E0,0.E0));
#393=DIRECTION('',(0.E0,0.E0,-1.E0));
#394=AXIS2_PLACEMENT_3D('',#391,#392,#393);
#396=DIRECTION('',(0.E0,-1.E0,1.224806643063E-10));
#397=VECTOR('',#396,2.348999999399E-1);
#398=CARTESIAN_POINT('',(-3.35E0,1.634899999940E0,1.457999999712E-1));
#399=LINE('',#398,#397);
#400=DIRECTION('',(0.E0,0.E0,-1.E0));
#401=VECTOR('',#400,1.458E-1);
#402=CARTESIAN_POINT('',(-3.35E0,1.4E0,1.458E-1));
#403=LINE('',#402,#401);
#404=DIRECTION('',(0.E0,1.E0,0.E0));
#405=VECTOR('',#404,2.52E0);
#406=CARTESIAN_POINT('',(-3.35E0,-1.12E0,0.E0));
#407=LINE('',#406,#405);
#408=DIRECTION('',(0.E0,0.E0,-1.E0));
#409=VECTOR('',#408,3.E0);
#410=CARTESIAN_POINT('',(-3.35E0,-1.12E0,3.E0));
#411=LINE('',#410,#409);
#412=DIRECTION('',(0.E0,-1.E0,0.E0));
#413=VECTOR('',#412,4.3E0);
#414=CARTESIAN_POINT('',(-3.35E0,3.18E0,3.E0));
#415=LINE('',#414,#413);
#416=DIRECTION('',(0.E0,-3.511234415884E-1,9.363291775690E-1));
#417=VECTOR('',#416,4.272001872659E0);
#418=CARTESIAN_POINT('',(-3.35E0,4.68E0,-1.E0));
#419=LINE('',#418,#417);
#420=DIRECTION('',(0.E0,0.E0,1.E0));
#421=VECTOR('',#420,3.E0);
#422=CARTESIAN_POINT('',(-3.35E0,4.68E0,-4.E0));
#423=LINE('',#422,#421);
#424=DIRECTION('',(0.E0,1.E0,0.E0));
#425=VECTOR('',#424,1.E0);
#426=CARTESIAN_POINT('',(-3.35E0,3.68E0,-4.E0));
#427=LINE('',#426,#425);
#428=DIRECTION('',(1.E0,0.E0,0.E0));
#429=VECTOR('',#428,4.E-1);
#430=CARTESIAN_POINT('',(-3.75E0,-6.2E-1,-3.3E0));
#431=LINE('',#430,#429);
#432=DIRECTION('',(1.538904287502E-11,1.E0,5.440045561778E-12));
#433=VECTOR('',#432,2.348999997945E-1);
#434=CARTESIAN_POINT('',(-3.216666666667E0,1.4E0,-1.377638191684E0));
#435=LINE('',#434,#433);
#436=CARTESIAN_POINT('',(-3.35E0,1.325708888889E0,-1.5662E0));
#437=CARTESIAN_POINT('',(-3.35E0,1.350795620805E0,-1.543845486412E0));
#438=CARTESIAN_POINT('',(-3.346362336494E0,1.375569664147E0,-1.521769606205E0));
#439=CARTESIAN_POINT('',(-3.338726150811E0,1.4E0,-1.5E0));
#441=CARTESIAN_POINT('',(-3.15E0,1.4E0,-1.5662E0));
#442=DIRECTION('',(0.E0,1.E0,0.E0));
#443=DIRECTION('',(-9.436307540558E-1,0.E0,3.31E-1));
#444=AXIS2_PLACEMENT_3D('',#441,#442,#443);
#446=CARTESIAN_POINT('',(-3.35E0,1.4E0,-1.000514575051E0));
#447=DIRECTION('',(0.E0,-1.E0,0.E0));
#448=DIRECTION('',(8.75E-1,0.E0,-4.841229182759E-1));
#449=AXIS2_PLACEMENT_3D('',#446,#447,#448);
#451=DIRECTION('',(-1.E0,0.E0,0.E0));
#452=VECTOR('',#451,1.6E0);
#453=CARTESIAN_POINT('',(8.E-1,1.4E0,3.E0));
#454=LINE('',#453,#452);
#455=DIRECTION('',(0.E0,0.E0,1.E0));
#456=VECTOR('',#455,5.8E0);
#457=CARTESIAN_POINT('',(-7.E-1,1.4E0,-2.9E0));
#458=LINE('',#457,#456);
#459=DIRECTION('',(1.E0,0.E0,0.E0));
#460=VECTOR('',#459,1.6E0);
#461=CARTESIAN_POINT('',(-8.E-1,1.4E0,-3.E0));
#462=LINE('',#461,#460);
#463=DIRECTION('',(0.E0,0.E0,1.E0));
#464=VECTOR('',#463,5.8E0);
#465=CARTESIAN_POINT('',(7.E-1,1.4E0,-2.9E0));
#466=LINE('',#465,#464);
#467=DIRECTION('',(0.E0,0.E0,1.E0));
#468=VECTOR('',#467,5.4E0);
#469=CARTESIAN_POINT('',(-6.E-1,1.4E0,-2.7E0));
#470=LINE('',#469,#468);
#471=DIRECTION('',(1.E0,0.E0,0.E0));
#472=VECTOR('',#471,1.2E0);
#473=CARTESIAN_POINT('',(-6.E-1,1.4E0,2.7E0));
#474=LINE('',#473,#472);
#475=DIRECTION('',(0.E0,0.E0,-1.E0));
#476=VECTOR('',#475,5.4E0);
#477=CARTESIAN_POINT('',(6.E-1,1.4E0,2.7E0));
#478=LINE('',#477,#476);
#479=DIRECTION('',(-1.E0,0.E0,0.E0));
#480=VECTOR('',#479,1.2E0);
#481=CARTESIAN_POINT('',(6.E-1,1.4E0,-2.7E0));
#482=LINE('',#481,#480);
#483=DIRECTION('',(0.E0,0.E0,1.E0));
#484=VECTOR('',#483,1.605836257639E0);
#485=CARTESIAN_POINT('',(3.E0,1.4E0,-2.8E0));
#486=LINE('',#485,#484);
#487=DIRECTION('',(0.E0,0.E0,1.E0));
#488=VECTOR('',#487,5.806291501015E-1);
#489=CARTESIAN_POINT('',(2.95E0,1.4E0,-1.000514575051E0));
#490=LINE('',#489,#488);
#491=DIRECTION('',(0.E0,0.E0,1.E0));
#492=VECTOR('',#491,3.026236257639E0);
#493=CARTESIAN_POINT('',(3.E0,1.4E0,-2.262362576389E-1));
#494=LINE('',#493,#492);
#495=CARTESIAN_POINT('',(2.8E0,1.4E0,2.8E0));
#496=DIRECTION('',(0.E0,1.E0,0.E0));
#497=DIRECTION('',(0.E0,0.E0,1.E0));
#498=AXIS2_PLACEMENT_3D('',#495,#496,#497);
#500=DIRECTION('',(-1.E0,0.E0,0.E0));
#501=VECTOR('',#500,1.4E0);
#502=CARTESIAN_POINT('',(2.8E0,1.4E0,3.E0));
#503=LINE('',#502,#501);
#504=DIRECTION('',(0.E0,0.E0,-1.E0));
#505=VECTOR('',#504,4.E-1);
#506=CARTESIAN_POINT('',(1.5E0,1.4E0,2.9E0));
#507=LINE('',#506,#505);
#508=CARTESIAN_POINT('',(1.6E0,1.4E0,2.5E0));
#509=DIRECTION('',(0.E0,1.E0,0.E0));
#510=DIRECTION('',(0.E0,0.E0,-1.E0));
#511=AXIS2_PLACEMENT_3D('',#508,#509,#510);
#513=DIRECTION('',(1.E0,0.E0,0.E0));
#514=VECTOR('',#513,1.1E0);
#515=CARTESIAN_POINT('',(1.6E0,1.4E0,2.4E0));
#516=LINE('',#515,#514);
#517=DIRECTION('',(0.E0,0.E0,-1.E0));
#518=VECTOR('',#517,6.E-1);
#519=CARTESIAN_POINT('',(2.8E0,1.4E0,2.3E0));
#520=LINE('',#519,#518);
#521=DIRECTION('',(-1.E0,0.E0,0.E0));
#522=VECTOR('',#521,1.1E0);
#523=CARTESIAN_POINT('',(2.7E0,1.4E0,1.6E0));
#524=LINE('',#523,#522);
#525=CARTESIAN_POINT('',(1.6E0,1.4E0,1.5E0));
#526=DIRECTION('',(0.E0,1.E0,0.E0));
#527=DIRECTION('',(-1.E0,0.E0,5.773159728051E-14));
#528=AXIS2_PLACEMENT_3D('',#525,#526,#527);
#530=DIRECTION('',(0.E0,0.E0,-1.E0));
#531=VECTOR('',#530,3.E0);
#532=CARTESIAN_POINT('',(1.5E0,1.4E0,1.5E0));
#533=LINE('',#532,#531);
#534=CARTESIAN_POINT('',(1.6E0,1.4E0,-1.5E0));
#535=DIRECTION('',(0.E0,1.E0,0.E0));
#536=DIRECTION('',(0.E0,0.E0,-1.E0));
#537=AXIS2_PLACEMENT_3D('',#534,#535,#536);
#539=DIRECTION('',(1.E0,0.E0,0.E0));
#540=VECTOR('',#539,1.1E0);
#541=CARTESIAN_POINT('',(1.6E0,1.4E0,-1.6E0));
#542=LINE('',#541,#540);
#543=DIRECTION('',(0.E0,0.E0,-1.E0));
#544=VECTOR('',#543,6.E-1);
#545=CARTESIAN_POINT('',(2.8E0,1.4E0,-1.7E0));
#546=LINE('',#545,#544);
#547=DIRECTION('',(-1.E0,0.E0,0.E0));
#548=VECTOR('',#547,1.1E0);
#549=CARTESIAN_POINT('',(2.7E0,1.4E0,-2.4E0));
#550=LINE('',#549,#548);
#551=CARTESIAN_POINT('',(1.6E0,1.4E0,-2.5E0));
#552=DIRECTION('',(0.E0,1.E0,0.E0));
#553=DIRECTION('',(-1.E0,0.E0,5.329070518201E-14));
#554=AXIS2_PLACEMENT_3D('',#551,#552,#553);
#556=DIRECTION('',(0.E0,0.E0,1.E0));
#557=VECTOR('',#556,4.E-1);
#558=CARTESIAN_POINT('',(1.5E0,1.4E0,-2.9E0));
#559=LINE('',#558,#557);
#560=DIRECTION('',(1.E0,0.E0,0.E0));
#561=VECTOR('',#560,1.4E0);
#562=CARTESIAN_POINT('',(1.4E0,1.4E0,-3.E0));
#563=LINE('',#562,#561);
#564=CARTESIAN_POINT('',(2.8E0,1.4E0,-2.8E0));
#565=DIRECTION('',(0.E0,1.E0,0.E0));
#566=DIRECTION('',(1.E0,0.E0,0.E0));
#567=AXIS2_PLACEMENT_3D('',#564,#565,#566);
#569=DIRECTION('',(0.E0,0.E0,-1.E0));
#570=VECTOR('',#569,3.026236257639E0);
#571=CARTESIAN_POINT('',(-3.E0,1.4E0,2.8E0));
#572=LINE('',#571,#570);
#573=DIRECTION('',(0.E0,0.E0,1.E0));
#574=VECTOR('',#573,5.806291501015E-1);
#575=CARTESIAN_POINT('',(-2.95E0,1.4E0,-1.000514575051E0));
#576=LINE('',#575,#574);
#577=DIRECTION('',(0.E0,0.E0,-1.E0));
#578=VECTOR('',#577,1.605836257639E0);
#579=CARTESIAN_POINT('',(-3.E0,1.4E0,-1.194163742361E0));
#580=LINE('',#579,#578);
#581=CARTESIAN_POINT('',(-2.8E0,1.4E0,-2.8E0));
#582=DIRECTION('',(0.E0,1.E0,0.E0));
#583=DIRECTION('',(0.E0,0.E0,-1.E0));
#584=AXIS2_PLACEMENT_3D('',#581,#582,#583);
#586=DIRECTION('',(1.E0,0.E0,0.E0));
#587=VECTOR('',#586,1.4E0);
#588=CARTESIAN_POINT('',(-2.8E0,1.4E0,-3.E0));
#589=LINE('',#588,#587);
#590=DIRECTION('',(0.E0,0.E0,1.E0));
#591=VECTOR('',#590,4.E-1);
#592=CARTESIAN_POINT('',(-1.5E0,1.4E0,-2.9E0));
#593=LINE('',#592,#591);
#594=CARTESIAN_POINT('',(-1.6E0,1.4E0,-2.5E0));
#595=DIRECTION('',(0.E0,1.E0,0.E0));
#596=DIRECTION('',(0.E0,0.E0,1.E0));
#597=AXIS2_PLACEMENT_3D('',#594,#595,#596);
#599=DIRECTION('',(1.E0,0.E0,0.E0));
#600=VECTOR('',#599,1.1E0);
#601=CARTESIAN_POINT('',(-2.7E0,1.4E0,-2.4E0));
#602=LINE('',#601,#600);
#603=DIRECTION('',(0.E0,0.E0,-1.E0));
#604=VECTOR('',#603,6.E-1);
#605=CARTESIAN_POINT('',(-2.8E0,1.4E0,-1.7E0));
#606=LINE('',#605,#604);
#607=DIRECTION('',(-1.E0,0.E0,0.E0));
#608=VECTOR('',#607,1.1E0);
#609=CARTESIAN_POINT('',(-1.6E0,1.4E0,-1.6E0));
#610=LINE('',#609,#608);
#611=CARTESIAN_POINT('',(-1.6E0,1.4E0,-1.5E0));
#612=DIRECTION('',(0.E0,1.E0,0.E0));
#613=DIRECTION('',(1.E0,0.E0,0.E0));
#614=AXIS2_PLACEMENT_3D('',#611,#612,#613);
#616=DIRECTION('',(0.E0,0.E0,-1.E0));
#617=VECTOR('',#616,3.E0);
#618=CARTESIAN_POINT('',(-1.5E0,1.4E0,1.5E0));
#619=LINE('',#618,#617);
#620=CARTESIAN_POINT('',(-1.6E0,1.4E0,1.5E0));
#621=DIRECTION('',(0.E0,1.E0,0.E0));
#622=DIRECTION('',(0.E0,0.E0,1.E0));
#623=AXIS2_PLACEMENT_3D('',#620,#621,#622);
#625=DIRECTION('',(1.E0,0.E0,0.E0));
#626=VECTOR('',#625,1.1E0);
#627=CARTESIAN_POINT('',(-2.7E0,1.4E0,1.6E0));
#628=LINE('',#627,#626);
#629=DIRECTION('',(0.E0,0.E0,-1.E0));
#630=VECTOR('',#629,6.E-1);
#631=CARTESIAN_POINT('',(-2.8E0,1.4E0,2.3E0));
#632=LINE('',#631,#630);
#633=DIRECTION('',(-1.E0,0.E0,0.E0));
#634=VECTOR('',#633,1.1E0);
#635=CARTESIAN_POINT('',(-1.6E0,1.4E0,2.4E0));
#636=LINE('',#635,#634);
#637=CARTESIAN_POINT('',(-1.6E0,1.4E0,2.5E0));
#638=DIRECTION('',(0.E0,1.E0,0.E0));
#639=DIRECTION('',(1.E0,0.E0,0.E0));
#640=AXIS2_PLACEMENT_3D('',#637,#638,#639);
#642=DIRECTION('',(0.E0,0.E0,-1.E0));
#643=VECTOR('',#642,4.E-1);
#644=CARTESIAN_POINT('',(-1.5E0,1.4E0,2.9E0));
#645=LINE('',#644,#643);
#646=DIRECTION('',(-1.E0,0.E0,0.E0));
#647=VECTOR('',#646,1.4E0);
#648=CARTESIAN_POINT('',(-1.4E0,1.4E0,3.E0));
#649=LINE('',#648,#647);
#650=CARTESIAN_POINT('',(-2.8E0,1.4E0,2.8E0));
#651=DIRECTION('',(0.E0,1.E0,0.E0));
#652=DIRECTION('',(-1.E0,0.E0,0.E0));
#653=AXIS2_PLACEMENT_3D('',#650,#651,#652);
#655=DIRECTION('',(1.E0,0.E0,0.E0));
#656=VECTOR('',#655,5.999999999869E-1);
#657=CARTESIAN_POINT('',(-1.400000000224E0,1.58E0,3.E0));
#658=LINE('',#657,#656);
#659=DIRECTION('',(-1.317420246968E-9,1.E0,0.E0));
#660=VECTOR('',#659,1.8E-1);
#661=CARTESIAN_POINT('',(-8.E-1,1.4E0,3.E0));
#662=LINE('',#661,#660);
#663=DIRECTION('',(-1.317420246968E-9,-1.E0,0.E0));
#664=VECTOR('',#663,1.8E-1);
#665=CARTESIAN_POINT('',(8.000000002371E-1,1.58E0,3.E0));
#666=LINE('',#665,#664);
#667=DIRECTION('',(1.E0,0.E0,0.E0));
#668=VECTOR('',#667,5.999999999869E-1);
#669=CARTESIAN_POINT('',(8.000000002371E-1,1.58E0,3.E0));
#670=LINE('',#669,#668);
#671=DIRECTION('',(-1.244905413324E-9,-1.E0,0.E0));
#672=VECTOR('',#671,1.8E-1);
#673=CARTESIAN_POINT('',(1.400000000224E0,1.58E0,3.E0));
#674=LINE('',#673,#672);
#675=DIRECTION('',(0.E0,1.E0,0.E0));
#676=VECTOR('',#675,2.8E0);
#677=CARTESIAN_POINT('',(2.8E0,-1.4E0,3.E0));
#678=LINE('',#677,#676);
#679=DIRECTION('',(1.E0,0.E0,0.E0));
#680=VECTOR('',#679,5.6E0);
#681=CARTESIAN_POINT('',(-2.8E0,-1.4E0,3.E0));
#682=LINE('',#681,#680);
#683=DIRECTION('',(0.E0,-1.E0,0.E0));
#684=VECTOR('',#683,2.8E0);
#685=CARTESIAN_POINT('',(-2.8E0,1.4E0,3.E0));
#686=LINE('',#685,#684);
#687=DIRECTION('',(-1.244906646905E-9,1.E0,0.E0));
#688=VECTOR('',#687,1.8E-1);
#689=CARTESIAN_POINT('',(-1.4E0,1.4E0,3.E0));
#690=LINE('',#689,#688);
#691=DIRECTION('',(1.E0,0.E0,0.E0));
#692=VECTOR('',#691,8.E-1);
#693=CARTESIAN_POINT('',(-2.65E0,5.05E-1,3.E0));
#694=LINE('',#693,#692);
#695=DIRECTION('',(0.E0,1.E0,0.E0));
#696=VECTOR('',#695,3.5E-1);
#697=CARTESIAN_POINT('',(-1.85E0,5.05E-1,3.E0));
#698=LINE('',#697,#696);
#699=DIRECTION('',(1.E0,0.E0,0.E0));
#700=VECTOR('',#699,8.E-1);
#701=CARTESIAN_POINT('',(-2.65E0,8.55E-1,3.E0));
#702=LINE('',#701,#700);
#703=DIRECTION('',(0.E0,-1.E0,0.E0));
#704=VECTOR('',#703,3.5E-1);
#705=CARTESIAN_POINT('',(-2.65E0,8.55E-1,3.E0));
#706=LINE('',#705,#704);
#707=DIRECTION('',(-1.E0,0.E0,0.E0));
#708=VECTOR('',#707,8.E-1);
#709=CARTESIAN_POINT('',(2.65E0,8.55E-1,3.E0));
#710=LINE('',#709,#708);
#711=DIRECTION('',(0.E0,-1.E0,0.E0));
#712=VECTOR('',#711,3.5E-1);
#713=CARTESIAN_POINT('',(1.85E0,8.55E-1,3.E0));
#714=LINE('',#713,#712);
#715=DIRECTION('',(-1.E0,0.E0,0.E0));
#716=VECTOR('',#715,8.E-1);
#717=CARTESIAN_POINT('',(2.65E0,5.05E-1,3.E0));
#718=LINE('',#717,#716);
#719=DIRECTION('',(0.E0,1.E0,0.E0));
#720=VECTOR('',#719,3.5E-1);
#721=CARTESIAN_POINT('',(2.65E0,5.05E-1,3.E0));
#722=LINE('',#721,#720);
#723=CARTESIAN_POINT('',(-1.4E0,1.58E0,2.9E0));
#724=DIRECTION('',(1.E0,0.E0,0.E0));
#725=DIRECTION('',(0.E0,1.E0,0.E0));
#726=AXIS2_PLACEMENT_3D('',#723,#724,#725);
#728=DIRECTION('',(-1.E0,0.E0,0.E0));
#729=VECTOR('',#728,6.E-1);
#730=CARTESIAN_POINT('',(-8.E-1,1.68E0,-2.9E0));
#731=LINE('',#730,#729);
#732=DIRECTION('',(0.E0,0.E0,-1.E0));
#733=VECTOR('',#732,5.8E0);
#734=CARTESIAN_POINT('',(-8.E-1,1.68E0,2.9E0));
#735=LINE('',#734,#733);
#736=DIRECTION('',(1.E0,0.E0,0.E0));
#737=VECTOR('',#736,6.E-1);
#738=CARTESIAN_POINT('',(-1.4E0,1.68E0,2.9E0));
#739=LINE('',#738,#737);
#740=DIRECTION('',(1.521910374131E-10,0.E0,1.E0));
#741=VECTOR('',#740,4.000000003601E-1);
#742=CARTESIAN_POINT('',(-1.400000000061E0,1.68E0,2.499999999640E0));
#743=LINE('',#742,#741);
#744=CARTESIAN_POINT('',(-1.6E0,1.68E0,2.5E0));
#745=DIRECTION('',(0.E0,-1.E0,0.E0));
#746=DIRECTION('',(0.E0,0.E0,-1.E0));
#747=AXIS2_PLACEMENT_3D('',#744,#745,#746);
#749=DIRECTION('',(1.E0,0.E0,1.109149136190E-10));
#750=VECTOR('',#749,1.099999999982E0);
#751=CARTESIAN_POINT('',(-2.7E0,1.68E0,2.3E0));
#752=LINE('',#751,#750);
#753=DIRECTION('',(0.E0,0.E0,1.E0));
#754=VECTOR('',#753,6.E-1);
#755=CARTESIAN_POINT('',(-2.7E0,1.68E0,1.7E0));
#756=LINE('',#755,#754);
#757=DIRECTION('',(-1.E0,0.E0,5.534239731340E-11));
#758=VECTOR('',#757,1.100000000360E0);
#759=CARTESIAN_POINT('',(-1.599999999640E0,1.68E0,1.699999999939E0));
#760=LINE('',#759,#758);
#761=CARTESIAN_POINT('',(-1.6E0,1.68E0,1.5E0));
#762=DIRECTION('',(0.E0,-1.E0,0.E0));
#763=DIRECTION('',(1.E0,0.E0,2.886579864025E-14));
#764=AXIS2_PLACEMENT_3D('',#761,#762,#763);
#766=DIRECTION('',(-2.037658930244E-11,0.E0,1.E0));
#767=VECTOR('',#766,3.000000000342E0);
#768=CARTESIAN_POINT('',(-1.400000000061E0,1.68E0,-1.500000000360E0));
#769=LINE('',#768,#767);
#770=CARTESIAN_POINT('',(-1.6E0,1.68E0,-1.5E0));
#771=DIRECTION('',(0.E0,-1.E0,0.E0));
#772=DIRECTION('',(0.E0,0.E0,-1.E0));
#773=AXIS2_PLACEMENT_3D('',#770,#771,#772);
#775=DIRECTION('',(1.E0,0.E0,1.109145099016E-10));
#776=VECTOR('',#775,1.099999999982E0);
#777=CARTESIAN_POINT('',(-2.7E0,1.68E0,-1.7E0));
#778=LINE('',#777,#776);
#779=DIRECTION('',(0.E0,0.E0,1.E0));
#780=VECTOR('',#779,6.E-1);
#781=CARTESIAN_POINT('',(-2.7E0,1.68E0,-2.3E0));
#782=LINE('',#781,#780);
#783=DIRECTION('',(-1.E0,0.E0,5.534360846579E-11));
#784=VECTOR('',#783,1.100000000360E0);
#785=CARTESIAN_POINT('',(-1.599999999640E0,1.68E0,-2.300000000061E0));
#786=LINE('',#785,#784);
#787=CARTESIAN_POINT('',(-1.6E0,1.68E0,-2.5E0));
#788=DIRECTION('',(0.E0,-1.E0,0.E0));
#789=DIRECTION('',(1.E0,0.E0,2.442490654175E-14));
#790=AXIS2_PLACEMENT_3D('',#787,#788,#789);
#792=DIRECTION('',(-3.050149022381E-10,0.E0,1.E0));
#793=VECTOR('',#792,3.999999999820E-1);
#794=CARTESIAN_POINT('',(-1.4E0,1.68E0,-2.9E0));
#795=LINE('',#794,#793);
#796=CARTESIAN_POINT('',(-8.E-1,1.58E0,-2.9E0));
#797=DIRECTION('',(-1.E0,0.E0,0.E0));
#798=DIRECTION('',(0.E0,1.E0,0.E0));
#799=AXIS2_PLACEMENT_3D('',#796,#797,#798);
#801=CARTESIAN_POINT('',(-1.4E0,1.58E0,-2.9E0));
#802=DIRECTION('',(-1.E0,0.E0,0.E0));
#803=DIRECTION('',(0.E0,1.E0,0.E0));
#804=AXIS2_PLACEMENT_3D('',#801,#802,#803);
#806=CARTESIAN_POINT('',(-1.4E0,1.58E0,-2.9E0));
#807=DIRECTION('',(0.E0,1.E0,0.E0));
#808=DIRECTION('',(0.E0,0.E0,-1.E0));
#809=AXIS2_PLACEMENT_3D('',#806,#807,#808);
#811=CARTESIAN_POINT('',(-1.4E0,1.4E0,-2.9E0));
#812=DIRECTION('',(0.E0,-1.E0,0.E0));
#813=DIRECTION('',(-1.E0,0.E0,0.E0));
#814=AXIS2_PLACEMENT_3D('',#811,#812,#813);
#816=DIRECTION('',(0.E0,0.E0,1.E0));
#817=VECTOR('',#816,4.000000002301E-1);
#818=CARTESIAN_POINT('',(-1.5E0,1.58E0,-2.900000000224E0));
#819=LINE('',#818,#817);
#820=DIRECTION('',(0.E0,-1.E0,-3.325734749322E-11));
#821=VECTOR('',#820,1.8E-1);
#822=CARTESIAN_POINT('',(-1.5E0,1.58E0,-2.499999999994E0));
#823=LINE('',#822,#821);
#824=DIRECTION('',(0.E0,1.E0,-1.244902946161E-9));
#825=VECTOR('',#824,1.8E-1);
#826=CARTESIAN_POINT('',(-1.5E0,1.4E0,-2.9E0));
#827=LINE('',#826,#825);
#828=CARTESIAN_POINT('',(-1.4E0,1.58E0,-2.9E0));
#829=DIRECTION('',(0.E0,0.E0,1.E0));
#830=DIRECTION('',(0.E0,1.E0,0.E0));
#831=AXIS2_PLACEMENT_3D('',#828,#829,#830);
#833=CARTESIAN_POINT('',(-1.4E0,1.58E0,-2.5E0));
#834=DIRECTION('',(0.E0,0.E0,1.E0));
#835=DIRECTION('',(0.E0,1.E0,0.E0));
#836=AXIS2_PLACEMENT_3D('',#833,#834,#835);
#838=CARTESIAN_POINT('',(-1.6E0,1.58E0,-2.3E0));
#839=DIRECTION('',(-1.E0,0.E0,0.E0));
#840=DIRECTION('',(0.E0,1.E0,0.E0));
#841=AXIS2_PLACEMENT_3D('',#838,#839,#840);
#843=CARTESIAN_POINT('',(-2.7E0,1.58E0,-2.3E0));
#844=DIRECTION('',(-1.E0,0.E0,0.E0));
#845=DIRECTION('',(0.E0,1.E0,0.E0));
#846=AXIS2_PLACEMENT_3D('',#843,#844,#845);
#848=CARTESIAN_POINT('',(-2.7E0,1.58E0,-2.3E0));
#849=DIRECTION('',(0.E0,1.E0,0.E0));
#850=DIRECTION('',(0.E0,0.E0,-1.E0));
#851=AXIS2_PLACEMENT_3D('',#848,#849,#850);
#853=CARTESIAN_POINT('',(-2.7E0,1.4E0,-2.3E0));
#854=DIRECTION('',(0.E0,-1.E0,0.E0));
#855=DIRECTION('',(-1.E0,0.E0,0.E0));
#856=AXIS2_PLACEMENT_3D('',#853,#854,#855);
#858=DIRECTION('',(0.E0,0.E0,1.E0));
#859=VECTOR('',#858,5.999999999869E-1);
#860=CARTESIAN_POINT('',(-2.8E0,1.58E0,-2.300000000224E0));
#861=LINE('',#860,#859);
#862=DIRECTION('',(0.E0,1.E0,-1.317425181292E-9));
#863=VECTOR('',#862,1.8E-1);
#864=CARTESIAN_POINT('',(-2.8E0,1.4E0,-1.7E0));
#865=LINE('',#864,#863);
#866=DIRECTION('',(0.E0,1.E0,-1.244902946161E-9));
#867=VECTOR('',#866,1.8E-1);
#868=CARTESIAN_POINT('',(-2.8E0,1.4E0,-2.3E0));
#869=LINE('',#868,#867);
#870=CARTESIAN_POINT('',(-2.7E0,1.58E0,-2.3E0));
#871=DIRECTION('',(0.E0,0.E0,1.E0));
#872=DIRECTION('',(0.E0,1.E0,0.E0));
#873=AXIS2_PLACEMENT_3D('',#870,#871,#872);
#875=CARTESIAN_POINT('',(-2.7E0,1.58E0,-1.7E0));
#876=DIRECTION('',(0.E0,0.E0,1.E0));
#877=DIRECTION('',(0.E0,1.E0,0.E0));
#878=AXIS2_PLACEMENT_3D('',#875,#876,#877);
#880=CARTESIAN_POINT('',(-2.7E0,1.58E0,-1.7E0));
#881=DIRECTION('',(0.E0,1.E0,0.E0));
#882=DIRECTION('',(-1.E0,0.E0,0.E0));
#883=AXIS2_PLACEMENT_3D('',#880,#881,#882);
#885=CARTESIAN_POINT('',(-2.7E0,1.4E0,-1.7E0));
#886=DIRECTION('',(0.E0,-1.E0,0.E0));
#887=DIRECTION('',(0.E0,0.E0,1.E0));
#888=AXIS2_PLACEMENT_3D('',#885,#886,#887);
#890=DIRECTION('',(1.E0,0.E0,0.E0));
#891=VECTOR('',#890,1.100000000230E0);
#892=CARTESIAN_POINT('',(-2.700000000224E0,1.58E0,-1.6E0));
#893=LINE('',#892,#891);
#894=DIRECTION('',(-3.325981465549E-11,-1.E0,0.E0));
#895=VECTOR('',#894,1.8E-1);
#896=CARTESIAN_POINT('',(-1.599999999994E0,1.58E0,-1.6E0));
#897=LINE('',#896,#895);
#898=DIRECTION('',(-1.244905413324E-9,1.E0,0.E0));
#899=VECTOR('',#898,1.8E-1);
#900=CARTESIAN_POINT('',(-2.7E0,1.4E0,-1.6E0));
#901=LINE('',#900,#899);
#902=CARTESIAN_POINT('',(-2.7E0,1.58E0,-1.7E0));
#903=DIRECTION('',(1.E0,0.E0,0.E0));
#904=DIRECTION('',(0.E0,1.E0,0.E0));
#905=AXIS2_PLACEMENT_3D('',#902,#903,#904);
#907=CARTESIAN_POINT('',(-1.6E0,1.58E0,-1.7E0));
#908=DIRECTION('',(1.E0,0.E0,0.E0));
#909=DIRECTION('',(0.E0,1.E0,0.E0));
#910=AXIS2_PLACEMENT_3D('',#907,#908,#909);
#912=CARTESIAN_POINT('',(-1.4E0,1.58E0,-1.5E0));
#913=DIRECTION('',(0.E0,0.E0,1.E0));
#914=DIRECTION('',(0.E0,1.E0,0.E0));
#915=AXIS2_PLACEMENT_3D('',#912,#913,#914);
#917=CARTESIAN_POINT('',(-1.4E0,1.58E0,1.5E0));
#918=DIRECTION('',(0.E0,0.E0,1.E0));
#919=DIRECTION('',(0.E0,1.E0,0.E0));
#920=AXIS2_PLACEMENT_3D('',#917,#918,#919);
#922=CARTESIAN_POINT('',(-1.6E0,1.58E0,1.7E0));
#923=DIRECTION('',(-1.E0,0.E0,0.E0));
#924=DIRECTION('',(0.E0,1.E0,0.E0));
#925=AXIS2_PLACEMENT_3D('',#922,#923,#924);
#927=CARTESIAN_POINT('',(-2.7E0,1.58E0,1.7E0));
#928=DIRECTION('',(-1.E0,0.E0,0.E0));
#929=DIRECTION('',(0.E0,1.E0,0.E0));
#930=AXIS2_PLACEMENT_3D('',#927,#928,#929);
#932=CARTESIAN_POINT('',(-2.7E0,1.58E0,1.7E0));
#933=DIRECTION('',(0.E0,1.E0,0.E0));
#934=DIRECTION('',(0.E0,0.E0,-1.E0));
#935=AXIS2_PLACEMENT_3D('',#932,#933,#934);
#937=CARTESIAN_POINT('',(-2.7E0,1.4E0,1.7E0));
#938=DIRECTION('',(0.E0,-1.E0,0.E0));
#939=DIRECTION('',(-1.E0,0.E0,5.773159728051E-14));
#940=AXIS2_PLACEMENT_3D('',#937,#938,#939);
#942=DIRECTION('',(0.E0,0.E0,1.E0));
#943=VECTOR('',#942,5.999999999870E-1);
#944=CARTESIAN_POINT('',(-2.8E0,1.58E0,1.699999999776E0));
#945=LINE('',#944,#943);
#946=DIRECTION('',(0.E0,1.E0,-1.317420246968E-9));
#947=VECTOR('',#946,1.8E-1);
#948=CARTESIAN_POINT('',(-2.8E0,1.4E0,2.3E0));
#949=LINE('',#948,#947);
#950=DIRECTION('',(0.E0,1.E0,-1.244912814810E-9));
#951=VECTOR('',#950,1.8E-1);
#952=CARTESIAN_POINT('',(-2.8E0,1.4E0,1.7E0));
#953=LINE('',#952,#951);
#954=CARTESIAN_POINT('',(-2.7E0,1.58E0,1.7E0));
#955=DIRECTION('',(0.E0,0.E0,1.E0));
#956=DIRECTION('',(0.E0,1.E0,0.E0));
#957=AXIS2_PLACEMENT_3D('',#954,#955,#956);
#959=CARTESIAN_POINT('',(-2.7E0,1.58E0,2.3E0));
#960=DIRECTION('',(0.E0,0.E0,1.E0));
#961=DIRECTION('',(0.E0,1.E0,0.E0));
#962=AXIS2_PLACEMENT_3D('',#959,#960,#961);
#964=CARTESIAN_POINT('',(-2.7E0,1.58E0,2.3E0));
#965=DIRECTION('',(0.E0,1.E0,0.E0));
#966=DIRECTION('',(-1.E0,0.E0,0.E0));
#967=AXIS2_PLACEMENT_3D('',#964,#965,#966);
#969=CARTESIAN_POINT('',(-2.7E0,1.4E0,2.3E0));
#970=DIRECTION('',(0.E0,-1.E0,0.E0));
#971=DIRECTION('',(0.E0,0.E0,1.E0));
#972=AXIS2_PLACEMENT_3D('',#969,#970,#971);
#974=DIRECTION('',(1.E0,0.E0,0.E0));
#975=VECTOR('',#974,1.100000000230E0);
#976=CARTESIAN_POINT('',(-2.700000000224E0,1.58E0,2.4E0));
#977=LINE('',#976,#975);
#978=DIRECTION('',(-3.325981465549E-11,-1.E0,0.E0));
#979=VECTOR('',#978,1.8E-1);
#980=CARTESIAN_POINT('',(-1.599999999994E0,1.58E0,2.4E0));
#981=LINE('',#980,#979);
#982=DIRECTION('',(-1.244905413324E-9,1.E0,0.E0));
#983=VECTOR('',#982,1.8E-1);
#984=CARTESIAN_POINT('',(-2.7E0,1.4E0,2.4E0));
#985=LINE('',#984,#983);
#986=CARTESIAN_POINT('',(-2.7E0,1.58E0,2.3E0));
#987=DIRECTION('',(1.E0,0.E0,0.E0));
#988=DIRECTION('',(0.E0,1.E0,0.E0));
#989=AXIS2_PLACEMENT_3D('',#986,#987,#988);
#991=CARTESIAN_POINT('',(-1.6E0,1.58E0,2.3E0));
#992=DIRECTION('',(1.E0,0.E0,0.E0));
#993=DIRECTION('',(0.E0,1.E0,0.E0));
#994=AXIS2_PLACEMENT_3D('',#991,#992,#993);
#996=CARTESIAN_POINT('',(-1.4E0,1.58E0,2.5E0));
#997=DIRECTION('',(0.E0,0.E0,1.E0));
#998=DIRECTION('',(0.E0,1.E0,0.E0));
#999=AXIS2_PLACEMENT_3D('',#996,#997,#998);
#1001=CARTESIAN_POINT('',(-1.4E0,1.58E0,2.9E0));
#1002=DIRECTION('',(0.E0,0.E0,1.E0));
#1003=DIRECTION('',(0.E0,1.E0,0.E0));
#1004=AXIS2_PLACEMENT_3D('',#1001,#1002,#1003);
#1006=CARTESIAN_POINT('',(-1.4E0,1.58E0,2.9E0));
#1007=DIRECTION('',(0.E0,1.E0,0.E0));
#1008=DIRECTION('',(-1.E0,0.E0,0.E0));
#1009=AXIS2_PLACEMENT_3D('',#1006,#1007,#1008);
#1011=CARTESIAN_POINT('',(-1.4E0,1.4E0,2.9E0));
#1012=DIRECTION('',(0.E0,-1.E0,0.E0));
#1013=DIRECTION('',(0.E0,0.E0,1.E0));
#1014=AXIS2_PLACEMENT_3D('',#1011,#1012,#1013);
#1016=DIRECTION('',(0.E0,0.E0,1.E0));
#1017=VECTOR('',#1016,3.999999999294E-1);
#1018=CARTESIAN_POINT('',(-1.5E0,1.58E0,2.499999999833E0));
#1019=LINE('',#1018,#1017);
#1020=DIRECTION('',(0.E0,1.E0,-1.317415312643E-9));
#1021=VECTOR('',#1020,1.8E-1);
#1022=CARTESIAN_POINT('',(-1.5E0,1.4E0,2.9E0));
#1023=LINE('',#1022,#1021);
#1024=DIRECTION('',(0.E0,-1.E0,9.252376642621E-10));
#1025=VECTOR('',#1024,1.8E-1);
#1026=CARTESIAN_POINT('',(-1.5E0,1.58E0,2.499999999833E0));
#1027=LINE('',#1026,#1025);
#1028=CARTESIAN_POINT('',(-1.6E0,1.58E0,2.5E0));
#1029=DIRECTION('',(0.E0,-1.E0,0.E0));
#1030=DIRECTION('',(0.E0,0.E0,-1.E0));
#1031=AXIS2_PLACEMENT_3D('',#1028,#1029,#1030);
#1033=DIRECTION('',(-1.E0,0.E0,0.E0));
#1034=VECTOR('',#1033,1.099999999929E0);
#1035=CARTESIAN_POINT('',(-1.599999999833E0,1.58E0,1.6E0));
#1036=LINE('',#1035,#1034);
#1037=DIRECTION('',(1.317417779805E-9,1.E0,0.E0));
#1038=VECTOR('',#1037,1.8E-1);
#1039=CARTESIAN_POINT('',(-2.7E0,1.4E0,1.6E0));
#1040=LINE('',#1039,#1038);
#1041=DIRECTION('',(-9.252376642621E-10,-1.E0,0.E0));
#1042=VECTOR('',#1041,1.8E-1);
#1043=CARTESIAN_POINT('',(-1.599999999833E0,1.58E0,1.6E0));
#1044=LINE('',#1043,#1042);
#1045=CARTESIAN_POINT('',(-1.6E0,1.58E0,1.5E0));
#1046=DIRECTION('',(0.E0,-1.E0,0.E0));
#1047=DIRECTION('',(1.E0,0.E0,0.E0));
#1048=AXIS2_PLACEMENT_3D('',#1045,#1046,#1047);
#1050=DIRECTION('',(0.E0,0.E0,1.E0));
#1051=VECTOR('',#1050,3.000000000173E0);
#1052=CARTESIAN_POINT('',(-1.5E0,1.58E0,-1.500000000167E0));
#1053=LINE('',#1052,#1051);
#1054=DIRECTION('',(0.E0,-1.E0,-3.325117958752E-11));
#1055=VECTOR('',#1054,1.8E-1);
#1056=CARTESIAN_POINT('',(-1.5E0,1.58E0,1.500000000006E0));
#1057=LINE('',#1056,#1055);
#1058=DIRECTION('',(0.E0,-1.E0,9.252388978433E-10));
#1059=VECTOR('',#1058,1.8E-1);
#1060=CARTESIAN_POINT('',(-1.5E0,1.58E0,-1.500000000167E0));
#1061=LINE('',#1060,#1059);
#1062=CARTESIAN_POINT('',(-1.6E0,1.58E0,-1.5E0));
#1063=DIRECTION('',(0.E0,-1.E0,0.E0));
#1064=DIRECTION('',(0.E0,0.E0,-1.E0));
#1065=AXIS2_PLACEMENT_3D('',#1062,#1063,#1064);
#1067=DIRECTION('',(-1.E0,0.E0,0.E0));
#1068=VECTOR('',#1067,1.099999999929E0);
#1069=CARTESIAN_POINT('',(-1.599999999833E0,1.58E0,-2.4E0));
#1070=LINE('',#1069,#1068);
#1071=DIRECTION('',(1.317420246968E-9,1.E0,0.E0));
#1072=VECTOR('',#1071,1.8E-1);
#1073=CARTESIAN_POINT('',(-2.7E0,1.4E0,-2.4E0));
#1074=LINE('',#1073,#1072);
#1075=DIRECTION('',(-9.252376642621E-10,-1.E0,0.E0));
#1076=VECTOR('',#1075,1.8E-1);
#1077=CARTESIAN_POINT('',(-1.599999999833E0,1.58E0,-2.4E0));
#1078=LINE('',#1077,#1076);
#1079=CARTESIAN_POINT('',(-1.6E0,1.58E0,-2.5E0));
#1080=DIRECTION('',(0.E0,-1.E0,0.E0));
#1081=DIRECTION('',(1.E0,0.E0,0.E0));
#1082=AXIS2_PLACEMENT_3D('',#1079,#1080,#1081);
#1084=DIRECTION('',(-1.E0,0.E0,0.E0));
#1085=VECTOR('',#1084,5.999999999869E-1);
#1086=CARTESIAN_POINT('',(-7.999999997759E-1,1.58E0,-3.E0));
#1087=LINE('',#1086,#1085);
#1088=DIRECTION('',(1.317417779805E-9,1.E0,0.E0));
#1089=VECTOR('',#1088,1.8E-1);
#1090=CARTESIAN_POINT('',(-1.4E0,1.4E0,-3.E0));
#1091=LINE('',#1090,#1089);
#1092=DIRECTION('',(0.E0,1.E0,0.E0));
#1093=VECTOR('',#1092,2.8E0);
#1094=CARTESIAN_POINT('',(-2.8E0,-1.4E0,-3.E0));
#1095=LINE('',#1094,#1093);
#1096=DIRECTION('',(1.E0,0.E0,0.E0));
#1097=VECTOR('',#1096,5.6E0);
#1098=CARTESIAN_POINT('',(-2.8E0,-1.4E0,-3.E0));
#1099=LINE('',#1098,#1097);
#1100=DIRECTION('',(0.E0,-1.E0,0.E0));
#1101=VECTOR('',#1100,2.8E0);
#1102=CARTESIAN_POINT('',(2.8E0,1.4E0,-3.E0));
#1103=LINE('',#1102,#1101);
#1104=DIRECTION('',(1.317420246968E-9,-1.E0,0.E0));
#1105=VECTOR('',#1104,1.8E-1);
#1106=CARTESIAN_POINT('',(1.399999999763E0,1.58E0,-3.E0));
#1107=LINE('',#1106,#1105);
#1108=DIRECTION('',(-1.E0,0.E0,0.E0));
#1109=VECTOR('',#1108,5.999999999869E-1);
#1110=CARTESIAN_POINT('',(1.399999999763E0,1.58E0,-3.E0));
#1111=LINE('',#1110,#1109);
#1112=DIRECTION('',(1.244905413324E-9,-1.E0,0.E0));
#1113=VECTOR('',#1112,1.8E-1);
#1114=CARTESIAN_POINT('',(7.999999997759E-1,1.58E0,-3.E0));
#1115=LINE('',#1114,#1113);
#1116=DIRECTION('',(1.244902946161E-9,1.E0,0.E0));
#1117=VECTOR('',#1116,1.8E-1);
#1118=CARTESIAN_POINT('',(-8.E-1,1.4E0,-3.E0));
#1119=LINE('',#1118,#1117);
#1120=DIRECTION('',(1.E0,0.E0,0.E0));
#1121=VECTOR('',#1120,8.E-1);
#1122=CARTESIAN_POINT('',(-2.65E0,5.05E-1,-3.E0));
#1123=LINE('',#1122,#1121);
#1124=DIRECTION('',(0.E0,-1.E0,0.E0));
#1125=VECTOR('',#1124,3.5E-1);
#1126=CARTESIAN_POINT('',(-2.65E0,8.55E-1,-3.E0));
#1127=LINE('',#1126,#1125);
#1128=DIRECTION('',(1.E0,0.E0,0.E0));
#1129=VECTOR('',#1128,8.E-1);
#1130=CARTESIAN_POINT('',(-2.65E0,8.55E-1,-3.E0));
#1131=LINE('',#1130,#1129);
#1132=DIRECTION('',(0.E0,1.E0,0.E0));
#1133=VECTOR('',#1132,3.5E-1);
#1134=CARTESIAN_POINT('',(-1.85E0,5.05E-1,-3.E0));
#1135=LINE('',#1134,#1133);
#1136=DIRECTION('',(-1.E0,0.E0,0.E0));
#1137=VECTOR('',#1136,8.E-1);
#1138=CARTESIAN_POINT('',(2.65E0,8.55E-1,-3.E0));
#1139=LINE('',#1138,#1137);
#1140=DIRECTION('',(0.E0,1.E0,0.E0));
#1141=VECTOR('',#1140,3.5E-1);
#1142=CARTESIAN_POINT('',(2.65E0,5.05E-1,-3.E0));
#1143=LINE('',#1142,#1141);
#1144=DIRECTION('',(-1.E0,0.E0,0.E0));
#1145=VECTOR('',#1144,8.E-1);
#1146=CARTESIAN_POINT('',(2.65E0,5.05E-1,-3.E0));
#1147=LINE('',#1146,#1145);
#1148=DIRECTION('',(0.E0,-1.E0,0.E0));
#1149=VECTOR('',#1148,3.5E-1);
#1150=CARTESIAN_POINT('',(1.85E0,8.55E-1,-3.E0));
#1151=LINE('',#1150,#1149);
#1152=DIRECTION('',(0.E0,1.E0,0.E0));
#1153=VECTOR('',#1152,3.8E-1);
#1154=CARTESIAN_POINT('',(-8.786E-1,-7.194E-1,-3.E0));
#1155=LINE('',#1154,#1153);
#1156=DIRECTION('',(1.E0,0.E0,0.E0));
#1157=VECTOR('',#1156,2.85E-1);
#1158=CARTESIAN_POINT('',(-8.786E-1,-3.394E-1,-3.E0));
#1159=LINE('',#1158,#1157);
#1160=DIRECTION('',(0.E0,-1.E0,0.E0));
#1161=VECTOR('',#1160,4.851063817739E-2);
#1162=CARTESIAN_POINT('',(-5.936E-1,-3.394E-1,-3.E0));
#1163=LINE('',#1162,#1161);
#1164=DIRECTION('',(-1.E0,0.E0,0.E0));
#1165=VECTOR('',#1164,2.375E-1);
#1166=CARTESIAN_POINT('',(-5.936E-1,-3.879106381774E-1,-3.E0));
#1167=LINE('',#1166,#1165);
#1168=DIRECTION('',(0.E0,-1.E0,0.E0));
#1169=VECTOR('',#1168,3.314893618226E-1);
#1170=CARTESIAN_POINT('',(-8.311E-1,-3.879106381774E-1,-3.E0));
#1171=LINE('',#1170,#1169);
#1172=DIRECTION('',(-1.E0,0.E0,0.E0));
#1173=VECTOR('',#1172,4.75E-2);
#1174=CARTESIAN_POINT('',(-8.311E-1,-7.194E-1,-3.E0));
#1175=LINE('',#1174,#1173);
#1176=DIRECTION('',(-1.E0,0.E0,0.E0));
#1177=VECTOR('',#1176,4.75E-2);
#1178=CARTESIAN_POINT('',(-2.215166817665E-1,-4.364212763548E-1,-3.E0));
#1179=LINE('',#1178,#1177);
#1180=DIRECTION('',(-3.102789952956E-1,9.506455412394E-1,0.E0));
#1181=VECTOR('',#1180,2.551457426062E-2);
#1182=CARTESIAN_POINT('',(-2.690166817665E-1,-4.364212763548E-1,-3.E0));
#1183=LINE('',#1182,#1181);
#1184=DIRECTION('',(-8.265991871191E-1,5.627910658976E-1,0.E0));
#1185=VECTOR('',#1184,2.873218407433E-2);
#1186=CARTESIAN_POINT('',(-2.769333182335E-1,-4.121659600973E-1,-3.E0));
#1187=LINE('',#1186,#1185);
#1188=DIRECTION('',(-9.689177459678E-1,2.473831068378E-1,0.E0));
#1189=VECTOR('',#1188,3.268252841719E-2);
#1190=CARTESIAN_POINT('',(-3.006833182335E-1,-3.959957435966E-1,-3.E0));
#1191=LINE('',#1190,#1189);
#1192=DIRECTION('',(-1.E0,0.E0,0.E0));
#1193=VECTOR('',#1192,7.125E-2);
#1194=CARTESIAN_POINT('',(-3.3235E-1,-3.879106381774E-1,-3.E0));
#1195=LINE('',#1194,#1193);
#1196=DIRECTION('',(-9.689177459678E-1,-2.473831068378E-1,0.E0));
#1197=VECTOR('',#1196,3.268252841719E-2);
#1198=CARTESIAN_POINT('',(-4.036E-1,-3.879106381774E-1,-3.E0));
#1199=LINE('',#1198,#1197);
#1200=DIRECTION('',(-8.265991871191E-1,-5.627910658975E-1,0.E0));
#1201=VECTOR('',#1200,2.873218407433E-2);
#1202=CARTESIAN_POINT('',(-4.352666817665E-1,-3.959957435966E-1,-3.E0));
#1203=LINE('',#1202,#1201);
#1204=DIRECTION('',(-5.466221810895E-1,-8.373793591563E-1,0.E0));
#1205=VECTOR('',#1204,2.896574413049E-2);
#1206=CARTESIAN_POINT('',(-4.590166817665E-1,-4.121659600973E-1,-3.E0));
#1207=LINE('',#1206,#1205);
#1208=DIRECTION('',(-2.377717803411E-1,-9.713210491251E-1,0.E0));
#1209=VECTOR('',#1208,3.329529583011E-2);
#1210=CARTESIAN_POINT('',(-4.7485E-1,-4.364212763548E-1,-3.E0));
#1211=LINE('',#1210,#1209);
#1212=DIRECTION('',(0.E0,-1.E0,0.E0));
#1213=VECTOR('',#1212,1.212765926123E-1);
#1214=CARTESIAN_POINT('',(-4.827666817665E-1,-4.687616980314E-1,-3.E0));
#1215=LINE('',#1214,#1213);
#1216=DIRECTION('',(2.377717803411E-1,-9.713210491251E-1,0.E0));
#1217=VECTOR('',#1216,3.329529583011E-2);
#1218=CARTESIAN_POINT('',(-4.827666817665E-1,-5.900382906437E-1,-3.E0));
#1219=LINE('',#1218,#1217);
#1220=DIRECTION('',(5.466218231676E-1,-8.373795927994E-1,0.E0));
#1221=VECTOR('',#1220,2.896576309694E-2);
#1222=CARTESIAN_POINT('',(-4.7485E-1,-6.223787123203E-1,-3.E0));
#1223=LINE('',#1222,#1221);
#1224=DIRECTION('',(8.265992787996E-1,-5.627909312417E-1,0.E0));
#1225=VECTOR('',#1224,2.873218088756E-2);
#1226=CARTESIAN_POINT('',(-4.590166817665E-1,-6.466340512276E-1,-3.E0));
#1227=LINE('',#1226,#1225);
#1228=DIRECTION('',(9.689177459678E-1,-2.473831068378E-1,0.E0));
#1229=VECTOR('',#1228,3.268252841719E-2);
#1230=CARTESIAN_POINT('',(-4.352666817665E-1,-6.628042620659E-1,-3.E0));
#1231=LINE('',#1230,#1229);
#1232=DIRECTION('',(1.E0,0.E0,0.E0));
#1233=VECTOR('',#1232,7.125E-2);
#1234=CARTESIAN_POINT('',(-4.036E-1,-6.708893674850E-1,-3.E0));
#1235=LINE('',#1234,#1233);
#1236=DIRECTION('',(9.689177459678E-1,2.473831068378E-1,0.E0));
#1237=VECTOR('',#1236,3.268252841719E-2);
#1238=CARTESIAN_POINT('',(-3.3235E-1,-6.708893674850E-1,-3.E0));
#1239=LINE('',#1238,#1237);
#1240=DIRECTION('',(8.265992787996E-1,5.627909312417E-1,0.E0));
#1241=VECTOR('',#1240,2.873218088756E-2);
#1242=CARTESIAN_POINT('',(-3.006833182335E-1,-6.628042620659E-1,-3.E0));
#1243=LINE('',#1242,#1241);
#1244=DIRECTION('',(3.102787334496E-1,9.506456267027E-1,0.E0));
#1245=VECTOR('',#1244,2.551459579252E-2);
#1246=CARTESIAN_POINT('',(-2.769333182335E-1,-6.466340512276E-1,-3.E0));
#1247=LINE('',#1246,#1245);
#1248=DIRECTION('',(1.E0,0.E0,0.E0));
#1249=VECTOR('',#1248,4.75E-2);
#1250=CARTESIAN_POINT('',(-2.690166817665E-1,-6.223787123203E-1,-3.E0));
#1251=LINE('',#1250,#1249);
#1252=DIRECTION('',(-1.921820436730E-1,-9.813592930674E-1,0.E0));
#1253=VECTOR('',#1252,4.119342429540E-2);
#1254=CARTESIAN_POINT('',(-2.215166817665E-1,-6.223787123203E-1,-3.E0));
#1255=LINE('',#1254,#1253);
#1256=DIRECTION('',(-6.996250055017E-1,-7.145102180353E-1,0.E0));
#1257=VECTOR('',#1256,4.526236414864E-2);
#1258=CARTESIAN_POINT('',(-2.294333182335E-1,-6.628042620659E-1,-3.E0));
#1259=LINE('',#1258,#1257);
#1260=DIRECTION('',(-8.906053746977E-1,-4.547769415434E-1,0.E0));
#1261=VECTOR('',#1260,3.555635600926E-2);
#1262=CARTESIAN_POINT('',(-2.611E-1,-6.951446837425E-1,-3.E0));
#1263=LINE('',#1262,#1261);
#1264=DIRECTION('',(-9.797706943097E-1,-2.001234283435E-1,0.E0));
#1265=VECTOR('',#1264,4.040059420371E-2);
#1266=CARTESIAN_POINT('',(-2.927666817665E-1,-7.113148945808E-1,-3.E0));
#1267=LINE('',#1266,#1265);
#1268=DIRECTION('',(-1.E0,0.E0,0.E0));
#1269=VECTOR('',#1268,7.125E-2);
#1270=CARTESIAN_POINT('',(-3.3235E-1,-7.194E-1,-3.E0));
#1271=LINE('',#1270,#1269);
#1272=DIRECTION('',(-9.797706943097E-1,2.001234283435E-1,0.E0));
#1273=VECTOR('',#1272,4.040059420371E-2);
#1274=CARTESIAN_POINT('',(-4.036E-1,-7.194E-1,-3.E0));
#1275=LINE('',#1274,#1273);
#1276=DIRECTION('',(-8.906053746977E-1,4.547769415434E-1,0.E0));
#1277=VECTOR('',#1276,3.555635600926E-2);
#1278=CARTESIAN_POINT('',(-4.431833182335E-1,-7.113148945808E-1,-3.E0));
#1279=LINE('',#1278,#1277);
#1280=DIRECTION('',(-6.996247500295E-1,7.145104681851E-1,0.E0));
#1281=VECTOR('',#1280,4.526234830230E-2);
#1282=CARTESIAN_POINT('',(-4.7485E-1,-6.951446837425E-1,-3.E0));
#1283=LINE('',#1282,#1281);
#1284=DIRECTION('',(-4.397136649566E-1,8.981380143666E-1,0.E0));
#1285=VECTOR('',#1284,3.600829845672E-2);
#1286=CARTESIAN_POINT('',(-5.065166591167E-1,-6.628042620659E-1,-3.E0));
#1287=LINE('',#1286,#1285);
#1288=DIRECTION('',(-1.921825732045E-1,9.813591893677E-1,0.E0));
#1289=VECTOR('',#1288,4.119342864829E-2);
#1290=CARTESIAN_POINT('',(-5.2235E-1,-6.304638403893E-1,-3.E0));
#1291=LINE('',#1290,#1289);
#1292=DIRECTION('',(0.E0,1.E0,0.E0));
#1293=VECTOR('',#1292,1.212765926123E-1);
#1294=CARTESIAN_POINT('',(-5.302666591167E-1,-5.900382906437E-1,-3.E0));
#1295=LINE('',#1294,#1293);
#1296=DIRECTION('',(1.921826769043E-1,9.813591690599E-1,0.E0));
#1297=VECTOR('',#1296,4.119340642073E-2);
#1298=CARTESIAN_POINT('',(-5.302666591167E-1,-4.687616980314E-1,-3.E0));
#1299=LINE('',#1298,#1297);
#1300=DIRECTION('',(4.397136028534E-1,8.981380447713E-1,0.E0));
#1301=VECTOR('',#1300,3.600830354237E-2);
#1302=CARTESIAN_POINT('',(-5.2235E-1,-4.283361709356E-1,-3.E0));
#1303=LINE('',#1302,#1301);
#1304=DIRECTION('',(6.996247187608E-1,7.145104988025E-1,0.E0));
#1305=VECTOR('',#1304,4.526235032524E-2);
#1306=CARTESIAN_POINT('',(-5.065166591167E-1,-3.959957435966E-1,-3.E0));
#1307=LINE('',#1306,#1305);
#1308=DIRECTION('',(8.906053505096E-1,4.547769889117E-1,0.E0));
#1309=VECTOR('',#1308,3.555635697494E-2);
#1310=CARTESIAN_POINT('',(-4.7485E-1,-3.636553190887E-1,-3.E0));
#1311=LINE('',#1310,#1309);
#1312=DIRECTION('',(9.797706908745E-1,2.001234451615E-1,0.E0));
#1313=VECTOR('',#1312,4.040059434536E-2);
#1314=CARTESIAN_POINT('',(-4.431833182335E-1,-3.474851061270E-1,-3.E0));
#1315=LINE('',#1314,#1313);
#1316=DIRECTION('',(1.E0,0.E0,0.E0));
#1317=VECTOR('',#1316,7.125E-2);
#1318=CARTESIAN_POINT('',(-4.036E-1,-3.394E-1,-3.E0));
#1319=LINE('',#1318,#1317);
#1320=DIRECTION('',(9.797706908745E-1,-2.001234451615E-1,0.E0));
#1321=VECTOR('',#1320,4.040059434536E-2);
#1322=CARTESIAN_POINT('',(-3.3235E-1,-3.394E-1,-3.E0));
#1323=LINE('',#1322,#1321);
#1324=DIRECTION('',(8.906053505096E-1,-4.547769889117E-1,0.E0));
#1325=VECTOR('',#1324,3.555635697494E-2);
#1326=CARTESIAN_POINT('',(-2.927666817665E-1,-3.474851061270E-1,-3.E0));
#1327=LINE('',#1326,#1325);
#1328=DIRECTION('',(6.996249742329E-1,-7.145102486526E-1,0.E0));
#1329=VECTOR('',#1328,4.526236617158E-2);
#1330=CARTESIAN_POINT('',(-2.611E-1,-3.636553190887E-1,-3.E0));
#1331=LINE('',#1330,#1329);
#1332=DIRECTION('',(1.921821214477E-1,-9.813592778365E-1,0.E0));
#1333=VECTOR('',#1332,4.119340762473E-2);
#1334=CARTESIAN_POINT('',(-2.294333182335E-1,-3.959957435966E-1,-3.E0));
#1335=LINE('',#1334,#1333);
#1336=DIRECTION('',(-1.E0,0.E0,0.E0));
#1337=VECTOR('',#1336,2.375E-1);
#1338=CARTESIAN_POINT('',(1.268166364670E-1,-3.879106381774E-1,-3.E0));
#1339=LINE('',#1338,#1337);
#1340=DIRECTION('',(0.E0,-1.E0,0.E0));
#1341=VECTOR('',#1340,1.293617036939E-1);
#1342=CARTESIAN_POINT('',(-1.106833635330E-1,-3.879106381774E-1,-3.E0));
#1343=LINE('',#1342,#1341);
#1344=DIRECTION('',(1.E0,0.E0,0.E0));
#1345=VECTOR('',#1344,2.058333635330E-1);
#1346=CARTESIAN_POINT('',(-1.106833635330E-1,-5.172723418713E-1,-3.E0));
#1347=LINE('',#1346,#1345);
#1348=DIRECTION('',(0.E0,-1.E0,0.E0));
#1349=VECTOR('',#1348,4.851063251495E-2);
#1350=CARTESIAN_POINT('',(9.515E-2,-5.172723418713E-1,-3.E0));
#1351=LINE('',#1350,#1349);
#1352=DIRECTION('',(-1.E0,0.E0,0.E0));
#1353=VECTOR('',#1352,2.058333635330E-1);
#1354=CARTESIAN_POINT('',(9.515E-2,-5.657829743862E-1,-3.E0));
#1355=LINE('',#1354,#1353);
#1356=DIRECTION('',(0.E0,-1.E0,0.E0));
#1357=VECTOR('',#1356,1.051063930988E-1);
#1358=CARTESIAN_POINT('',(-1.106833635330E-1,-5.657829743862E-1,-3.E0));
#1359=LINE('',#1358,#1357);
#1360=DIRECTION('',(1.E0,0.E0,0.E0));
#1361=VECTOR('',#1360,2.375E-1);
#1362=CARTESIAN_POINT('',(-1.106833635330E-1,-6.708893674850E-1,-3.E0));
#1363=LINE('',#1362,#1361);
#1364=DIRECTION('',(0.E0,-1.E0,0.E0));
#1365=VECTOR('',#1364,4.851063251495E-2);
#1366=CARTESIAN_POINT('',(1.268166364670E-1,-6.708893674850E-1,-3.E0));
#1367=LINE('',#1366,#1365);
#1368=DIRECTION('',(-1.E0,0.E0,0.E0));
#1369=VECTOR('',#1368,2.849999547005E-1);
#1370=CARTESIAN_POINT('',(1.268166364670E-1,-7.194E-1,-3.E0));
#1371=LINE('',#1370,#1369);
#1372=DIRECTION('',(0.E0,1.E0,0.E0));
#1373=VECTOR('',#1372,3.8E-1);
#1374=CARTESIAN_POINT('',(-1.581833182335E-1,-7.194E-1,-3.E0));
#1375=LINE('',#1374,#1373);
#1376=DIRECTION('',(1.E0,0.E0,0.E0));
#1377=VECTOR('',#1376,2.849999547005E-1);
#1378=CARTESIAN_POINT('',(-1.581833182335E-1,-3.394E-1,-3.E0));
#1379=LINE('',#1378,#1377);
#1380=DIRECTION('',(0.E0,-1.E0,0.E0));
#1381=VECTOR('',#1380,4.851063817739E-2);
#1382=CARTESIAN_POINT('',(1.268166364670E-1,-3.394E-1,-3.E0));
#1383=LINE('',#1382,#1381);
#1384=DIRECTION('',(-1.E0,0.E0,0.E0));
#1385=VECTOR('',#1384,1.9E-1);
#1386=CARTESIAN_POINT('',(3.8015E-1,-7.194E-1,-3.E0));
#1387=LINE('',#1386,#1385);
#1388=DIRECTION('',(0.E0,1.E0,0.E0));
#1389=VECTOR('',#1388,3.8E-1);
#1390=CARTESIAN_POINT('',(1.9015E-1,-7.194E-1,-3.E0));
#1391=LINE('',#1390,#1389);
#1392=DIRECTION('',(1.E0,0.E0,0.E0));
#1393=VECTOR('',#1392,1.9E-1);
#1394=CARTESIAN_POINT('',(1.9015E-1,-3.394E-1,-3.E0));
#1395=LINE('',#1394,#1393);
#1396=DIRECTION('',(9.797707357802E-1,-2.001232253108E-1,0.E0));
#1397=VECTOR('',#1396,4.040063872851E-2);
#1398=CARTESIAN_POINT('',(3.8015E-1,-3.394E-1,-3.E0));
#1399=LINE('',#1398,#1397);
#1400=DIRECTION('',(8.906050870136E-1,-4.547775049247E-1,0.E0));
#1401=VECTOR('',#1400,3.555631663094E-2);
#1402=CARTESIAN_POINT('',(4.197333635330E-1,-3.474851061270E-1,-3.E0));
#1403=LINE('',#1402,#1401);
#1404=DIRECTION('',(6.996244632883E-1,-7.145107489524E-1,0.E0));
#1405=VECTOR('',#1404,4.526233447890E-2);
#1406=CARTESIAN_POINT('',(4.514E-1,-3.636553190887E-1,-3.E0));
#1407=LINE('',#1406,#1405);
#1408=DIRECTION('',(4.397141102494E-1,-8.981377963584E-1,0.E0));
#1409=VECTOR('',#1408,3.600831350179E-2);
#1410=CARTESIAN_POINT('',(4.830666364670E-1,-3.959957435966E-1,-3.E0));
#1411=LINE('',#1410,#1409);
#1412=DIRECTION('',(1.921821473726E-1,-9.813592727596E-1,0.E0));
#1413=VECTOR('',#1412,4.119340206785E-2);
#1414=CARTESIAN_POINT('',(4.989E-1,-4.283361709356E-1,-3.E0));
#1415=LINE('',#1414,#1413);
#1416=DIRECTION('',(0.E0,-1.E0,0.E0));
#1417=VECTOR('',#1416,1.212765926123E-1);
#1418=CARTESIAN_POINT('',(5.068166364670E-1,-4.687616980314E-1,-3.E0));
#1419=LINE('',#1418,#1417);
#1420=DIRECTION('',(-1.921820436730E-1,-9.813592930674E-1,0.E0));
#1421=VECTOR('',#1420,4.119342429540E-2);
#1422=CARTESIAN_POINT('',(5.068166364670E-1,-5.900382906437E-1,-3.E0));
#1423=LINE('',#1422,#1421);
#1424=DIRECTION('',(-4.397141723527E-1,-8.981377659536E-1,0.E0));
#1425=VECTOR('',#1424,3.600830841613E-2);
#1426=CARTESIAN_POINT('',(4.989E-1,-6.304638403893E-1,-3.E0));
#1427=LINE('',#1426,#1425);
#1428=DIRECTION('',(-6.996244945571E-1,-7.145107183351E-1,0.E0));
#1429=VECTOR('',#1428,4.526233245597E-2);
#1430=CARTESIAN_POINT('',(4.830666364670E-1,-6.628042620659E-1,-3.E0));
#1431=LINE('',#1430,#1429);
#1432=DIRECTION('',(-8.906051112017E-1,-4.547774575564E-1,0.E0));
#1433=VECTOR('',#1432,3.555631566526E-2);
#1434=CARTESIAN_POINT('',(4.514E-1,-6.951446837425E-1,-3.E0));
#1435=LINE('',#1434,#1433);
#1436=DIRECTION('',(-9.797707392153E-1,-2.001232084928E-1,0.E0));
#1437=VECTOR('',#1436,4.040063858686E-2);
#1438=CARTESIAN_POINT('',(4.197333635330E-1,-7.113148945808E-1,-3.E0));
#1439=LINE('',#1438,#1437);
#1440=DIRECTION('',(1.E0,0.E0,0.E0));
#1441=VECTOR('',#1440,1.425E-1);
#1442=CARTESIAN_POINT('',(2.3765E-1,-6.708893674850E-1,-3.E0));
#1443=LINE('',#1442,#1441);
#1444=DIRECTION('',(9.689176611437E-1,2.473834390653E-1,0.E0));
#1445=VECTOR('',#1444,3.268248452567E-2);
#1446=CARTESIAN_POINT('',(3.8015E-1,-6.708893674850E-1,-3.E0));
#1447=LINE('',#1446,#1445);
#1448=DIRECTION('',(8.265992787996E-1,5.627909312417E-1,0.E0));
#1449=VECTOR('',#1448,2.873218088756E-2);
#1450=CARTESIAN_POINT('',(4.118166364670E-1,-6.628042620659E-1,-3.E0));
#1451=LINE('',#1450,#1449);
#1452=DIRECTION('',(5.466229197794E-1,8.373788769559E-1,0.E0));
#1453=VECTOR('',#1452,2.896578785868E-2);
#1454=CARTESIAN_POINT('',(4.355666364670E-1,-6.466340512276E-1,-3.E0));
#1455=LINE('',#1454,#1453);
#1456=DIRECTION('',(2.377704967206E-1,9.713213633444E-1,0.E0));
#1457=VECTOR('',#1456,3.329528505919E-2);
#1458=CARTESIAN_POINT('',(4.514E-1,-6.223787123203E-1,-3.E0));
#1459=LINE('',#1458,#1457);
#1460=DIRECTION('',(0.E0,1.E0,0.E0));
#1461=VECTOR('',#1460,1.212765926123E-1);
#1462=CARTESIAN_POINT('',(4.593166364670E-1,-5.900382906437E-1,-3.E0));
#1463=LINE('',#1462,#1461);
#1464=DIRECTION('',(-2.377704967206E-1,9.713213633444E-1,0.E0));
#1465=VECTOR('',#1464,3.329528505919E-2);
#1466=CARTESIAN_POINT('',(4.593166364670E-1,-4.687616980314E-1,-3.E0));
#1467=LINE('',#1466,#1465);
#1468=DIRECTION('',(-5.466232777014E-1,8.373786433120E-1,0.E0));
#1469=VECTOR('',#1468,2.896576889225E-2);
#1470=CARTESIAN_POINT('',(4.514E-1,-4.364212763548E-1,-3.E0));
#1471=LINE('',#1470,#1469);
#1472=DIRECTION('',(-8.265991871191E-1,5.627910658976E-1,0.E0));
#1473=VECTOR('',#1472,2.873218407433E-2);
#1474=CARTESIAN_POINT('',(4.355666364670E-1,-4.121659600973E-1,-3.E0));
#1475=LINE('',#1474,#1473);
#1476=DIRECTION('',(-9.689176611437E-1,2.473834390653E-1,0.E0));
#1477=VECTOR('',#1476,3.268248452567E-2);
#1478=CARTESIAN_POINT('',(4.118166364670E-1,-3.959957435966E-1,-3.E0));
#1479=LINE('',#1478,#1477);
#1480=DIRECTION('',(-1.E0,0.E0,0.E0));
#1481=VECTOR('',#1480,1.425E-1);
#1482=CARTESIAN_POINT('',(3.8015E-1,-3.879106381774E-1,-3.E0));
#1483=LINE('',#1482,#1481);
#1484=DIRECTION('',(0.E0,-1.E0,0.E0));
#1485=VECTOR('',#1484,2.829787293077E-1);
#1486=CARTESIAN_POINT('',(2.3765E-1,-3.879106381774E-1,-3.E0));
#1487=LINE('',#1486,#1485);
#1488=DIRECTION('',(-1.E0,0.E0,0.E0));
#1489=VECTOR('',#1488,6.333327293396E-2);
#1490=CARTESIAN_POINT('',(7.6015E-1,-7.194E-1,-3.E0));
#1491=LINE('',#1490,#1489);
#1492=DIRECTION('',(-3.162279017271E-1,9.486832528138E-1,0.E0));
#1493=VECTOR('',#1492,4.005551893880E-1);
#1494=CARTESIAN_POINT('',(6.968167270660E-1,-7.194E-1,-3.E0));
#1495=LINE('',#1494,#1493);
#1496=DIRECTION('',(1.E0,0.E0,0.E0));
#1497=VECTOR('',#1496,4.75E-2);
#1498=CARTESIAN_POINT('',(5.7015E-1,-3.394E-1,-3.E0));
#1499=LINE('',#1498,#1497);
#1500=DIRECTION('',(3.102805670740E-1,-9.506450282288E-1,0.E0));
#1501=VECTOR('',#1500,1.020583640305E-1);
#1502=CARTESIAN_POINT('',(6.1765E-1,-3.394E-1,-3.E0));
#1503=LINE('',#1502,#1501);
#1504=DIRECTION('',(1.E0,0.E0,0.E0));
#1505=VECTOR('',#1504,1.583332729340E-1);
#1506=CARTESIAN_POINT('',(6.493167270660E-1,-4.364212763548E-1,-3.E0));
#1507=LINE('',#1506,#1505);
#1508=DIRECTION('',(3.102805670740E-1,9.506450282288E-1,0.E0));
#1509=VECTOR('',#1508,1.020583640305E-1);
#1510=CARTESIAN_POINT('',(8.0765E-1,-4.364212763548E-1,-3.E0));
#1511=LINE('',#1510,#1509);
#1512=DIRECTION('',(1.E0,0.E0,0.E0));
#1513=VECTOR('',#1512,4.75E-2);
#1514=CARTESIAN_POINT('',(8.393167270660E-1,-3.394E-1,-3.E0));
#1515=LINE('',#1514,#1513);
#1516=DIRECTION('',(-3.162279017271E-1,-9.486832528138E-1,0.E0));
#1517=VECTOR('',#1516,4.005551893880E-1);
#1518=CARTESIAN_POINT('',(8.868167270660E-1,-3.394E-1,-3.E0));
#1519=LINE('',#1518,#1517);
#1520=DIRECTION('',(3.102800213276E-1,9.506452063546E-1,0.E0));
#1521=VECTOR('',#1520,2.296312849765E-1);
#1522=CARTESIAN_POINT('',(7.284832729340E-1,-6.870595783234E-1,-3.E0));
#1523=LINE('',#1522,#1521);
#1524=DIRECTION('',(-1.E0,0.E0,0.E0));
#1525=VECTOR('',#1524,1.425E-1);
#1526=CARTESIAN_POINT('',(7.997332729340E-1,-4.687616980314E-1,-3.E0));
#1527=LINE('',#1526,#1525);
#1528=DIRECTION('',(3.102800213276E-1,-9.506452063546E-1,0.E0));
#1529=VECTOR('',#1528,2.296312849765E-1);
#1530=CARTESIAN_POINT('',(6.572332729340E-1,-4.687616980314E-1,-3.E0));
#1531=LINE('',#1530,#1529);
#1532=DIRECTION('',(0.E0,0.E0,-1.E0));
#1533=VECTOR('',#1532,9.679274847223E-1);
#1534=CARTESIAN_POINT('',(-3.E0,1.4E0,-2.262362576389E-1));
#1535=LINE('',#1534,#1533);
#1536=DIRECTION('',(0.E0,-1.E0,0.E0));
#1537=VECTOR('',#1536,2.8E0);
#1538=CARTESIAN_POINT('',(-3.E0,1.4E0,2.8E0));
#1539=LINE('',#1538,#1537);
#1540=DIRECTION('',(0.E0,1.E0,0.E0));
#1541=VECTOR('',#1540,2.8E0);
#1542=CARTESIAN_POINT('',(-3.E0,-1.4E0,-2.8E0));
#1543=LINE('',#1542,#1541);
#1544=CARTESIAN_POINT('',(-2.8E0,-1.4E0,2.8E0));
#1545=DIRECTION('',(0.E0,-1.E0,0.E0));
#1546=DIRECTION('',(0.E0,0.E0,1.E0));
#1547=AXIS2_PLACEMENT_3D('',#1544,#1545,#1546);
#1549=CARTESIAN_POINT('',(2.8E0,-1.4E0,2.8E0));
#1550=DIRECTION('',(0.E0,-1.E0,0.E0));
#1551=DIRECTION('',(1.E0,0.E0,0.E0));
#1552=AXIS2_PLACEMENT_3D('',#1549,#1550,#1551);
#1554=CARTESIAN_POINT('',(2.8E0,-1.4E0,-2.8E0));
#1555=DIRECTION('',(0.E0,-1.E0,0.E0));
#1556=DIRECTION('',(0.E0,0.E0,-1.E0));
#1557=AXIS2_PLACEMENT_3D('',#1554,#1555,#1556);
#1559=CARTESIAN_POINT('',(-2.8E0,-1.4E0,-2.8E0));
#1560=DIRECTION('',(0.E0,-1.E0,0.E0));
#1561=DIRECTION('',(-1.E0,0.E0,0.E0));
#1562=AXIS2_PLACEMENT_3D('',#1559,#1560,#1561);
#1564=DIRECTION('',(0.E0,0.E0,1.E0));
#1565=VECTOR('',#1564,5.6E0);
#1566=CARTESIAN_POINT('',(-3.E0,-1.4E0,-2.8E0));
#1567=LINE('',#1566,#1565);
#1568=CARTESIAN_POINT('',(0.E0,-1.4E0,0.E0));
#1569=DIRECTION('',(0.E0,-1.E0,0.E0));
#1570=DIRECTION('',(-1.E0,0.E0,0.E0));
#1571=AXIS2_PLACEMENT_3D('',#1568,#1569,#1570);
#1573=CARTESIAN_POINT('',(0.E0,-1.4E0,0.E0));
#1574=DIRECTION('',(0.E0,-1.E0,0.E0));
#1575=DIRECTION('',(1.E0,0.E0,0.E0));
#1576=AXIS2_PLACEMENT_3D('',#1573,#1574,#1575);
#1578=DIRECTION('',(0.E0,0.E0,-1.E0));
#1579=VECTOR('',#1578,9.679274847223E-1);
#1580=CARTESIAN_POINT('',(3.E0,1.4E0,-2.262362576389E-1));
#1581=LINE('',#1580,#1579);
#1582=DIRECTION('',(0.E0,-1.E0,0.E0));
#1583=VECTOR('',#1582,2.8E0);
#1584=CARTESIAN_POINT('',(3.E0,1.4E0,-2.8E0));
#1585=LINE('',#1584,#1583);
#1586=DIRECTION('',(0.E0,0.E0,1.E0));
#1587=VECTOR('',#1586,5.6E0);
#1588=CARTESIAN_POINT('',(3.E0,-1.4E0,-2.8E0));
#1589=LINE('',#1588,#1587);
#1590=DIRECTION('',(0.E0,1.E0,0.E0));
#1591=VECTOR('',#1590,2.8E0);
#1592=CARTESIAN_POINT('',(3.E0,-1.4E0,2.8E0));
#1593=LINE('',#1592,#1591);
#1594=CARTESIAN_POINT('',(3.45E0,1.4E0,-1.542E-1));
#1595=DIRECTION('',(0.E0,-1.E0,0.E0));
#1596=DIRECTION('',(2.E-1,0.E0,-9.797958971133E-1));
#1597=AXIS2_PLACEMENT_3D('',#1594,#1595,#1596);
#1599=CARTESIAN_POINT('',(3.45E0,1.4E0,-1.2662E0));
#1600=DIRECTION('',(0.E0,-1.E0,0.E0));
#1601=DIRECTION('',(1.E0,0.E0,0.E0));
#1602=AXIS2_PLACEMENT_3D('',#1599,#1600,#1601);
#1604=CARTESIAN_POINT('',(3.35E0,1.4E0,-1.000514575051E0));
#1605=DIRECTION('',(0.E0,-1.E0,0.E0));
#1606=DIRECTION('',(-8.75E-1,0.E0,-4.841229182759E-1));
#1607=AXIS2_PLACEMENT_3D('',#1604,#1605,#1606);
#1609=CARTESIAN_POINT('',(3.35E0,1.4E0,-4.198854249492E-1));
#1610=DIRECTION('',(0.E0,-1.E0,0.E0));
#1611=DIRECTION('',(-3.333333333333E-1,0.E0,9.428090415821E-1));
#1612=AXIS2_PLACEMENT_3D('',#1609,#1610,#1611);
#1614=DIRECTION('',(-1.E0,0.E0,0.E0));
#1615=VECTOR('',#1614,4.E-1);
#1616=CARTESIAN_POINT('',(3.75E0,1.4E0,0.E0));
#1617=LINE('',#1616,#1615);
#1618=DIRECTION('',(1.440595905516E-11,-1.E0,2.940744003977E-12));
#1619=VECTOR('',#1618,2.348999997917E-1);
#1620=CARTESIAN_POINT('',(3.509999999997E0,1.634899999792E0,
-4.481387691347E-1));
#1621=LINE('',#1620,#1619);
#1622=CARTESIAN_POINT('',(3.55E0,1.6349E0,-6.440979485566E-1));
#1623=DIRECTION('',(0.E0,-1.E0,0.E0));
#1624=DIRECTION('',(-2.E-1,0.E0,9.797958971133E-1));
#1625=AXIS2_PLACEMENT_3D('',#1622,#1623,#1624);
#1627=CARTESIAN_POINT('',(3.55E0,1.4E0,-6.440979485566E-1));
#1628=DIRECTION('',(0.E0,1.E0,0.E0));
#1629=DIRECTION('',(-1.E0,0.E0,0.E0));
#1630=AXIS2_PLACEMENT_3D('',#1627,#1628,#1629);
#1632=CARTESIAN_POINT('',(3.55E0,1.6349E0,-7.763020514434E-1));
#1633=DIRECTION('',(0.E0,1.E0,0.E0));
#1634=DIRECTION('',(-2.E-1,0.E0,-9.797958971133E-1));
#1635=AXIS2_PLACEMENT_3D('',#1632,#1633,#1634);
#1637=CARTESIAN_POINT('',(3.51E0,1.6349E0,-7.102E-1));
#1638=DIRECTION('',(1.E0,0.E0,0.E0));
#1639=DIRECTION('',(0.E0,0.E0,-1.E0));
#1640=AXIS2_PLACEMENT_3D('',#1637,#1638,#1639);
#1642=CARTESIAN_POINT('',(3.45E0,1.6349E0,-1.542E-1));
#1643=DIRECTION('',(0.E0,1.E0,0.E0));
#1644=DIRECTION('',(1.E0,0.E0,0.E0));
#1645=AXIS2_PLACEMENT_3D('',#1642,#1643,#1644);
#1647=DIRECTION('',(0.E0,-1.E0,0.E0));
#1648=VECTOR('',#1647,1.E0);
#1649=CARTESIAN_POINT('',(3.75E0,2.68E0,-3.4E0));
#1650=LINE('',#1649,#1648);
#1651=DIRECTION('',(0.E0,0.E0,-1.E0));
#1652=VECTOR('',#1651,6.E-1);
#1653=CARTESIAN_POINT('',(3.75E0,1.68E0,-3.4E0));
#1654=LINE('',#1653,#1652);
#1655=DIRECTION('',(0.E0,1.E0,0.E0));
#1656=VECTOR('',#1655,2.3E0);
#1657=CARTESIAN_POINT('',(3.75E0,-6.2E-1,-4.E0));
#1658=LINE('',#1657,#1656);
#1659=DIRECTION('',(0.E0,0.E0,-1.E0));
#1660=VECTOR('',#1659,7.E-1);
#1661=CARTESIAN_POINT('',(3.75E0,-6.2E-1,-3.3E0));
#1662=LINE('',#1661,#1660);
#1663=DIRECTION('',(0.E0,-7.465930852246E-1,-6.652809670318E-1));
#1664=VECTOR('',#1663,2.705623772811E0);
#1665=CARTESIAN_POINT('',(3.75E0,1.4E0,-1.5E0));
#1666=LINE('',#1665,#1664);
#1667=DIRECTION('',(0.E0,0.E0,-1.E0));
#1668=VECTOR('',#1667,2.338E-1);
#1669=CARTESIAN_POINT('',(3.75E0,1.4E0,-1.2662E0));
#1670=LINE('',#1669,#1668);
#1671=DIRECTION('',(0.E0,-1.E0,-2.056157621054E-10));
#1672=VECTOR('',#1671,2.348999997312E-1);
#1673=CARTESIAN_POINT('',(3.75E0,1.634899999731E0,-1.266199999952E0));
#1674=LINE('',#1673,#1672);
#1675=CARTESIAN_POINT('',(3.75E0,1.6349E0,-7.102E-1));
#1676=DIRECTION('',(-1.E0,0.E0,0.E0));
#1677=DIRECTION('',(0.E0,0.E0,1.E0));
#1678=AXIS2_PLACEMENT_3D('',#1675,#1676,#1677);
#1680=DIRECTION('',(0.E0,1.E0,-2.891225880590E-10));
#1681=VECTOR('',#1680,2.348999999800E-1);
#1682=CARTESIAN_POINT('',(3.75E0,1.4E0,-1.542E-1));
#1683=LINE('',#1682,#1681);
#1684=DIRECTION('',(0.E0,0.E0,-1.E0));
#1685=VECTOR('',#1684,1.542E-1);
#1686=CARTESIAN_POINT('',(3.75E0,1.4E0,0.E0));
#1687=LINE('',#1686,#1685);
#1688=DIRECTION('',(0.E0,0.E0,-1.E0));
#1689=VECTOR('',#1688,3.E0);
#1690=CARTESIAN_POINT('',(3.75E0,-1.22E0,3.E0));
#1691=LINE('',#1690,#1689);
#1692=DIRECTION('',(0.E0,-3.511234415884E-1,9.363291775690E-1));
#1693=VECTOR('',#1692,4.272001872659E0);
#1694=CARTESIAN_POINT('',(3.75E0,4.68E0,-1.E0));
#1695=LINE('',#1694,#1693);
#1696=DIRECTION('',(0.E0,0.E0,1.E0));
#1697=VECTOR('',#1696,3.E0);
#1698=CARTESIAN_POINT('',(3.75E0,4.68E0,-4.E0));
#1699=LINE('',#1698,#1697);
#1700=DIRECTION('',(0.E0,1.E0,0.E0));
#1701=VECTOR('',#1700,1.E0);
#1702=CARTESIAN_POINT('',(3.75E0,3.68E0,-4.E0));
#1703=LINE('',#1702,#1701);
#1704=DIRECTION('',(0.E0,-1.E0,0.E0));
#1705=VECTOR('',#1704,1.E0);
#1706=CARTESIAN_POINT('',(3.75E0,3.68E0,-4.479656493703E0));
#1707=LINE('',#1706,#1705);
#1708=DIRECTION('',(0.E0,0.E0,1.E0));
#1709=VECTOR('',#1708,1.079656493703E0);
#1710=CARTESIAN_POINT('',(3.35E0,2.68E0,-4.479656493703E0));
#1711=LINE('',#1710,#1709);
#1712=DIRECTION('',(0.E0,0.E0,-1.E0));
#1713=VECTOR('',#1712,1.079656493703E0);
#1714=CARTESIAN_POINT('',(3.75E0,2.68E0,-3.4E0));
#1715=LINE('',#1714,#1713);
#1716=CARTESIAN_POINT('',(4.778350462956E0,2.68E0,-4.479656493703E0));
#1717=DIRECTION('',(0.E0,1.E0,0.E0));
#1718=DIRECTION('',(-8.675355040162E-1,0.E0,-4.973752600114E-1));
#1719=AXIS2_PLACEMENT_3D('',#1716,#1717,#1718);
#1721=DIRECTION('',(-4.973752600114E-1,0.E0,8.675355040162E-1));
#1722=VECTOR('',#1721,4.693082403298E-1);
#1723=CARTESIAN_POINT('',(4.119642233830E0,2.68E0,-5.398274133412E0));
#1724=LINE('',#1723,#1722);
#1725=CARTESIAN_POINT('',(3.593363741933E0,2.68E0,-5.7E0));
#1726=DIRECTION('',(0.E0,-1.E0,0.E0));
#1727=DIRECTION('',(7.840272852179E-1,0.E0,-6.207263616392E-1));
#1728=AXIS2_PLACEMENT_3D('',#1725,#1726,#1727);
#1730=DIRECTION('',(6.207263616392E-1,0.E0,7.840272852179E-1));
#1731=VECTOR('',#1730,1.712272112885E-1);
#1732=CARTESIAN_POINT('',(3.962697876583E0,2.68E0,-6.210801922930E0));
#1733=LINE('',#1732,#1731);
#1734=CARTESIAN_POINT('',(4.734836796620E0,2.68E0,-6.822116084505E0));
#1735=DIRECTION('',(0.E0,1.E0,0.E0));
#1736=DIRECTION('',(-1.E0,0.E0,0.E0));
#1737=AXIS2_PLACEMENT_3D('',#1734,#1735,#1736);
#1739=DIRECTION('',(0.E0,0.E0,1.E0));
#1740=VECTOR('',#1739,6.778839154953E-1);
#1741=CARTESIAN_POINT('',(3.75E0,2.68E0,-7.5E0));
#1742=LINE('',#1741,#1740);
#1743=DIRECTION('',(1.E0,0.E0,0.E0));
#1744=VECTOR('',#1743,4.E-1);
#1745=CARTESIAN_POINT('',(3.35E0,2.68E0,-7.5E0));
#1746=LINE('',#1745,#1744);
#1747=DIRECTION('',(0.E0,0.E0,-1.E0));
#1748=VECTOR('',#1747,6.778839154953E-1);
#1749=CARTESIAN_POINT('',(3.35E0,2.68E0,-6.822116084505E0));
#1750=LINE('',#1749,#1748);
#1751=CARTESIAN_POINT('',(4.734836796620E0,2.68E0,-6.822116084505E0));
#1752=DIRECTION('',(0.E0,-1.E0,0.E0));
#1753=DIRECTION('',(-7.840272852179E-1,0.E0,6.207263616392E-1));
#1754=AXIS2_PLACEMENT_3D('',#1751,#1752,#1753);
#1756=DIRECTION('',(-6.207263616392E-1,0.E0,-7.840272852179E-1));
#1757=VECTOR('',#1756,1.712272112885E-1);
#1758=CARTESIAN_POINT('',(3.755372206373E0,2.68E0,-5.828264572653E0));
#1759=LINE('',#1758,#1757);
#1760=CARTESIAN_POINT('',(3.593363741933E0,2.68E0,-5.7E0));
#1761=DIRECTION('',(0.E0,1.E0,0.E0));
#1762=DIRECTION('',(8.675355040162E-1,0.E0,4.973752600114E-1));
#1763=AXIS2_PLACEMENT_3D('',#1760,#1761,#1762);
#1765=DIRECTION('',(4.973752600114E-1,0.E0,-8.675355040162E-1));
#1766=VECTOR('',#1765,4.693082403298E-1);
#1767=CARTESIAN_POINT('',(3.539205724164E0,2.68E0,-5.190082676603E0));
#1768=LINE('',#1767,#1766);
#1769=CARTESIAN_POINT('',(4.778350462956E0,2.68E0,-4.479656493703E0));
#1770=DIRECTION('',(0.E0,-1.E0,0.E0));
#1771=DIRECTION('',(-1.E0,0.E0,0.E0));
#1772=AXIS2_PLACEMENT_3D('',#1769,#1770,#1771);
#1774=DIRECTION('',(0.E0,1.E0,0.E0));
#1775=VECTOR('',#1774,1.E0);
#1776=CARTESIAN_POINT('',(3.35E0,3.68E0,-4.E0));
#1777=LINE('',#1776,#1775);
#1778=DIRECTION('',(0.E0,0.E0,1.E0));
#1779=VECTOR('',#1778,3.E0);
#1780=CARTESIAN_POINT('',(3.35E0,4.68E0,-4.E0));
#1781=LINE('',#1780,#1779);
#1782=DIRECTION('',(0.E0,3.511234415884E-1,-9.363291775690E-1));
#1783=VECTOR('',#1782,4.272001872659E0);
#1784=CARTESIAN_POINT('',(3.35E0,3.18E0,3.E0));
#1785=LINE('',#1784,#1783);
#1786=DIRECTION('',(0.E0,-1.E0,0.E0));
#1787=VECTOR('',#1786,4.3E0);
#1788=CARTESIAN_POINT('',(3.35E0,3.18E0,3.E0));
#1789=LINE('',#1788,#1787);
#1790=DIRECTION('',(0.E0,0.E0,1.E0));
#1791=VECTOR('',#1790,3.E0);
#1792=CARTESIAN_POINT('',(3.35E0,-1.12E0,0.E0));
#1793=LINE('',#1792,#1791);
#1794=DIRECTION('',(0.E0,1.E0,0.E0));
#1795=VECTOR('',#1794,2.52E0);
#1796=CARTESIAN_POINT('',(3.35E0,-1.12E0,0.E0));
#1797=LINE('',#1796,#1795);
#1798=DIRECTION('',(0.E0,0.E0,-1.E0));
#1799=VECTOR('',#1798,1.458E-1);
#1800=CARTESIAN_POINT('',(3.35E0,1.4E0,1.458E-1));
#1801=LINE('',#1800,#1799);
#1802=DIRECTION('',(0.E0,1.E0,-4.832471399211E-11));
#1803=VECTOR('',#1802,2.348999999696E-1);
#1804=CARTESIAN_POINT('',(3.35E0,1.4E0,1.458E-1));
#1805=LINE('',#1804,#1803);
#1806=CARTESIAN_POINT('',(3.35E0,1.6349E0,-7.102E-1));
#1807=DIRECTION('',(-1.E0,0.E0,0.E0));
#1808=DIRECTION('',(0.E0,0.E0,1.E0));
#1809=AXIS2_PLACEMENT_3D('',#1806,#1807,#1808);
#1811=DIRECTION('',(0.E0,-1.E0,-1.445414050721E-11));
#1812=VECTOR('',#1811,3.091911110936E-1);
#1813=CARTESIAN_POINT('',(3.35E0,1.634899999983E0,-1.566199999996E0));
#1814=LINE('',#1813,#1812);
#1815=DIRECTION('',(0.E0,-7.465930852246E-1,-6.652809670318E-1));
#1816=VECTOR('',#1815,2.606116942944E0);
#1817=CARTESIAN_POINT('',(3.35E0,1.325708888889E0,-1.5662E0));
#1818=LINE('',#1817,#1816);
#1819=DIRECTION('',(0.E0,0.E0,-1.E0));
#1820=VECTOR('',#1819,7.E-1);
#1821=CARTESIAN_POINT('',(3.35E0,-6.2E-1,-3.3E0));
#1822=LINE('',#1821,#1820);
#1823=DIRECTION('',(0.E0,1.E0,0.E0));
#1824=VECTOR('',#1823,2.3E0);
#1825=CARTESIAN_POINT('',(3.35E0,-6.2E-1,-4.E0));
#1826=LINE('',#1825,#1824);
#1827=DIRECTION('',(0.E0,0.E0,-1.E0));
#1828=VECTOR('',#1827,6.E-1);
#1829=CARTESIAN_POINT('',(3.35E0,1.68E0,-3.4E0));
#1830=LINE('',#1829,#1828);
#1831=DIRECTION('',(0.E0,-1.E0,0.E0));
#1832=VECTOR('',#1831,1.E0);
#1833=CARTESIAN_POINT('',(3.35E0,2.68E0,-3.4E0));
#1834=LINE('',#1833,#1832);
#1835=DIRECTION('',(0.E0,-1.E0,0.E0));
#1836=VECTOR('',#1835,1.E0);
#1837=CARTESIAN_POINT('',(3.35E0,3.68E0,-4.479656493703E0));
#1838=LINE('',#1837,#1836);
#1839=DIRECTION('',(1.E0,0.E0,0.E0));
#1840=VECTOR('',#1839,4.E-1);
#1841=CARTESIAN_POINT('',(3.35E0,3.68E0,-7.5E0));
#1842=LINE('',#1841,#1840);
#1843=DIRECTION('',(0.E0,0.E0,1.E0));
#1844=VECTOR('',#1843,6.778839154953E-1);
#1845=CARTESIAN_POINT('',(3.75E0,3.68E0,-7.5E0));
#1846=LINE('',#1845,#1844);
#1847=CARTESIAN_POINT('',(4.734836796620E0,3.68E0,-6.822116084505E0));
#1848=DIRECTION('',(0.E0,1.E0,0.E0));
#1849=DIRECTION('',(-1.E0,0.E0,0.E0));
#1850=AXIS2_PLACEMENT_3D('',#1847,#1848,#1849);
#1852=DIRECTION('',(6.207263616392E-1,0.E0,7.840272852179E-1));
#1853=VECTOR('',#1852,1.712272112885E-1);
#1854=CARTESIAN_POINT('',(3.962697876583E0,3.68E0,-6.210801922930E0));
#1855=LINE('',#1854,#1853);
#1856=CARTESIAN_POINT('',(3.593363741933E0,3.68E0,-5.7E0));
#1857=DIRECTION('',(0.E0,-1.E0,0.E0));
#1858=DIRECTION('',(7.840272852179E-1,0.E0,-6.207263616392E-1));
#1859=AXIS2_PLACEMENT_3D('',#1856,#1857,#1858);
#1861=DIRECTION('',(-4.973752600114E-1,0.E0,8.675355040162E-1));
#1862=VECTOR('',#1861,4.693082403298E-1);
#1863=CARTESIAN_POINT('',(4.119642233830E0,3.68E0,-5.398274133412E0));
#1864=LINE('',#1863,#1862);
#1865=CARTESIAN_POINT('',(4.778350462956E0,3.68E0,-4.479656493703E0));
#1866=DIRECTION('',(0.E0,1.E0,0.E0));
#1867=DIRECTION('',(-8.675355040162E-1,0.E0,-4.973752600114E-1));
#1868=AXIS2_PLACEMENT_3D('',#1865,#1866,#1867);
#1870=DIRECTION('',(0.E0,0.E0,1.E0));
#1871=VECTOR('',#1870,4.796564937027E-1);
#1872=CARTESIAN_POINT('',(3.75E0,3.68E0,-4.479656493703E0));
#1873=LINE('',#1872,#1871);
#1874=DIRECTION('',(0.E0,0.E0,-1.E0));
#1875=VECTOR('',#1874,4.796564937027E-1);
#1876=CARTESIAN_POINT('',(3.35E0,3.68E0,-4.E0));
#1877=LINE('',#1876,#1875);
#1878=CARTESIAN_POINT('',(4.778350462956E0,3.68E0,-4.479656493703E0));
#1879=DIRECTION('',(0.E0,-1.E0,0.E0));
#1880=DIRECTION('',(-1.E0,0.E0,0.E0));
#1881=AXIS2_PLACEMENT_3D('',#1878,#1879,#1880);
#1883=DIRECTION('',(4.973752600114E-1,0.E0,-8.675355040162E-1));
#1884=VECTOR('',#1883,4.693082403298E-1);
#1885=CARTESIAN_POINT('',(3.539205724164E0,3.68E0,-5.190082676603E0));
#1886=LINE('',#1885,#1884);
#1887=CARTESIAN_POINT('',(3.593363741933E0,3.68E0,-5.7E0));
#1888=DIRECTION('',(0.E0,1.E0,0.E0));
#1889=DIRECTION('',(8.675355040162E-1,0.E0,4.973752600114E-1));
#1890=AXIS2_PLACEMENT_3D('',#1887,#1888,#1889);
#1892=DIRECTION('',(-6.207263616392E-1,0.E0,-7.840272852179E-1));
#1893=VECTOR('',#1892,1.712272112885E-1);
#1894=CARTESIAN_POINT('',(3.755372206373E0,3.68E0,-5.828264572653E0));
#1895=LINE('',#1894,#1893);
#1896=CARTESIAN_POINT('',(4.734836796620E0,3.68E0,-6.822116084505E0));
#1897=DIRECTION('',(0.E0,-1.E0,0.E0));
#1898=DIRECTION('',(-7.840272852179E-1,0.E0,6.207263616392E-1));
#1899=AXIS2_PLACEMENT_3D('',#1896,#1897,#1898);
#1901=DIRECTION('',(0.E0,0.E0,-1.E0));
#1902=VECTOR('',#1901,6.778839154953E-1);
#1903=CARTESIAN_POINT('',(3.35E0,3.68E0,-6.822116084505E0));
#1904=LINE('',#1903,#1902);
#1905=CARTESIAN_POINT('',(3.75E0,3.18E0,-7.5E0));
#1906=DIRECTION('',(1.E0,0.E0,0.E0));
#1907=DIRECTION('',(0.E0,-1.E0,0.E0));
#1908=AXIS2_PLACEMENT_3D('',#1905,#1906,#1907);
#1910=DIRECTION('',(0.E0,-1.E0,0.E0));
#1911=VECTOR('',#1910,1.E0);
#1912=CARTESIAN_POINT('',(3.75E0,3.68E0,-6.822116084505E0));
#1913=LINE('',#1912,#1911);
#1914=DIRECTION('',(0.E0,-1.E0,0.E0));
#1915=VECTOR('',#1914,1.E0);
#1916=CARTESIAN_POINT('',(3.962697876583E0,3.68E0,-6.210801922930E0));
#1917=LINE('',#1916,#1915);
#1918=DIRECTION('',(0.E0,-1.E0,0.E0));
#1919=VECTOR('',#1918,1.E0);
#1920=CARTESIAN_POINT('',(4.068983120460E0,3.68E0,-6.076555117308E0));
#1921=LINE('',#1920,#1919);
#1922=DIRECTION('',(0.E0,-1.E0,0.E0));
#1923=VECTOR('',#1922,1.E0);
#1924=CARTESIAN_POINT('',(4.119642233830E0,3.68E0,-5.398274133412E0));
#1925=LINE('',#1924,#1923);
#1926=DIRECTION('',(0.E0,-1.E0,0.E0));
#1927=VECTOR('',#1926,1.E0);
#1928=CARTESIAN_POINT('',(3.886219925770E0,3.68E0,-4.991132572598E0));
#1929=LINE('',#1928,#1927);
#1930=CARTESIAN_POINT('',(3.35E0,3.18E0,-7.5E0));
#1931=DIRECTION('',(-1.E0,0.E0,0.E0));
#1932=DIRECTION('',(0.E0,1.E0,0.E0));
#1933=AXIS2_PLACEMENT_3D('',#1930,#1931,#1932);
#1935=DIRECTION('',(0.E0,-1.E0,0.E0));
#1936=VECTOR('',#1935,1.E0);
#1937=CARTESIAN_POINT('',(3.35E0,3.68E0,-6.822116084505E0));
#1938=LINE('',#1937,#1936);
#1939=DIRECTION('',(0.E0,-1.E0,0.E0));
#1940=VECTOR('',#1939,1.E0);
#1941=CARTESIAN_POINT('',(3.649086962496E0,3.68E0,-5.962511378275E0));
#1942=LINE('',#1941,#1940);
#1943=DIRECTION('',(0.E0,-1.E0,0.E0));
#1944=VECTOR('',#1943,1.E0);
#1945=CARTESIAN_POINT('',(3.755372206373E0,3.68E0,-5.828264572653E0));
#1946=LINE('',#1945,#1944);
#1947=DIRECTION('',(0.E0,-1.E0,0.E0));
#1948=VECTOR('',#1947,1.E0);
#1949=CARTESIAN_POINT('',(3.772628032223E0,3.68E0,-5.597224237416E0));
#1950=LINE('',#1949,#1948);
#1951=DIRECTION('',(0.E0,-1.E0,0.E0));
#1952=VECTOR('',#1951,1.E0);
#1953=CARTESIAN_POINT('',(3.539205724164E0,3.68E0,-5.190082676603E0));
#1954=LINE('',#1953,#1952);
#1955=DIRECTION('',(1.E0,0.E0,0.E0));
#1956=VECTOR('',#1955,4.E-1);
#1957=CARTESIAN_POINT('',(3.35E0,3.68E0,-4.E0));
#1958=LINE('',#1957,#1956);
#1959=DIRECTION('',(1.E0,0.E0,0.E0));
#1960=VECTOR('',#1959,4.E-1);
#1961=CARTESIAN_POINT('',(3.35E0,1.68E0,-4.E0));
#1962=LINE('',#1961,#1960);
#1963=DIRECTION('',(-1.E0,0.E0,0.E0));
#1964=VECTOR('',#1963,4.E-1);
#1965=CARTESIAN_POINT('',(3.75E0,-6.2E-1,-4.E0));
#1966=LINE('',#1965,#1964);
#1967=DIRECTION('',(-1.E0,0.E0,0.E0));
#1968=VECTOR('',#1967,4.E-1);
#1969=CARTESIAN_POINT('',(3.75E0,4.68E0,-1.E0));
#1970=LINE('',#1969,#1968);
#1971=DIRECTION('',(-1.E0,0.E0,0.E0));
#1972=VECTOR('',#1971,4.E-1);
#1973=CARTESIAN_POINT('',(3.75E0,4.68E0,-4.E0));
#1974=LINE('',#1973,#1972);
#1975=DIRECTION('',(-1.E0,0.E0,0.E0));
#1976=VECTOR('',#1975,4.E-1);
#1977=CARTESIAN_POINT('',(-3.35E0,3.18E0,3.E0));
#1978=LINE('',#1977,#1976);
#1979=DIRECTION('',(1.E0,0.E0,0.E0));
#1980=VECTOR('',#1979,6.1E0);
#1981=CARTESIAN_POINT('',(-3.05E0,-1.42E0,3.E0));
#1982=LINE('',#1981,#1980);
#1983=DIRECTION('',(-1.E0,0.E0,0.E0));
#1984=VECTOR('',#1983,4.E-1);
#1985=CARTESIAN_POINT('',(3.75E0,3.18E0,3.E0));
#1986=LINE('',#1985,#1984);
#1987=DIRECTION('',(0.E0,-1.E0,0.E0));
#1988=VECTOR('',#1987,4.4E0);
#1989=CARTESIAN_POINT('',(3.75E0,3.18E0,3.E0));
#1990=LINE('',#1989,#1988);
#1991=CARTESIAN_POINT('',(3.15E0,-1.22E0,3.E0));
#1992=DIRECTION('',(0.E0,0.E0,1.E0));
#1993=DIRECTION('',(0.E0,-1.E0,0.E0));
#1994=AXIS2_PLACEMENT_3D('',#1991,#1992,#1993);
#1996=DIRECTION('',(-1.E0,0.E0,0.E0));
#1997=VECTOR('',#1996,6.3E0);
#1998=CARTESIAN_POINT('',(3.15E0,-1.82E0,3.E0));
#1999=LINE('',#1998,#1997);
#2000=CARTESIAN_POINT('',(-3.15E0,-1.22E0,3.E0));
#2001=DIRECTION('',(0.E0,0.E0,1.E0));
#2002=DIRECTION('',(-1.E0,0.E0,0.E0));
#2003=AXIS2_PLACEMENT_3D('',#2000,#2001,#2002);
#2005=DIRECTION('',(0.E0,1.E0,0.E0));
#2006=VECTOR('',#2005,4.4E0);
#2007=CARTESIAN_POINT('',(-3.75E0,-1.22E0,3.E0));
#2008=LINE('',#2007,#2006);
#2009=DIRECTION('',(-1.E0,0.E0,0.E0));
#2010=VECTOR('',#2009,4.E-1);
#2011=CARTESIAN_POINT('',(-3.35E0,4.68E0,-1.E0));
#2012=LINE('',#2011,#2010);
#2013=DIRECTION('',(1.E0,0.E0,0.E0));
#2014=VECTOR('',#2013,4.E-1);
#2015=CARTESIAN_POINT('',(-3.75E0,4.68E0,-4.E0));
#2016=LINE('',#2015,#2014);
#2017=CARTESIAN_POINT('',(-3.05E0,-1.12E0,3.E0));
#2018=DIRECTION('',(0.E0,0.E0,-1.E0));
#2019=DIRECTION('',(0.E0,-1.E0,0.E0));
#2020=AXIS2_PLACEMENT_3D('',#2017,#2018,#2019);
#2022=CARTESIAN_POINT('',(-3.05E0,-1.12E0,0.E0));
#2023=DIRECTION('',(0.E0,0.E0,1.E0));
#2024=DIRECTION('',(-1.E0,0.E0,0.E0));
#2025=AXIS2_PLACEMENT_3D('',#2022,#2023,#2024);
#2027=CARTESIAN_POINT('',(0.E0,-1.42E0,0.E0));
#2028=DIRECTION('',(0.E0,1.E0,0.E0));
#2029=DIRECTION('',(1.E0,0.E0,0.E0));
#2030=AXIS2_PLACEMENT_3D('',#2027,#2028,#2029);
#2032=CARTESIAN_POINT('',(0.E0,-1.42E0,0.E0));
#2033=DIRECTION('',(0.E0,1.E0,0.E0));
#2034=DIRECTION('',(-1.E0,0.E0,0.E0));
#2035=AXIS2_PLACEMENT_3D('',#2032,#2033,#2034);
#2037=DIRECTION('',(0.E0,0.E0,-1.E0));
#2038=VECTOR('',#2037,3.E0);
#2039=CARTESIAN_POINT('',(-3.05E0,-1.42E0,3.E0));
#2040=LINE('',#2039,#2038);
#2041=DIRECTION('',(-1.E0,0.E0,0.E0));
#2042=VECTOR('',#2041,5.E-2);
#2043=CARTESIAN_POINT('',(-3.E0,-1.42E0,0.E0));
#2044=LINE('',#2043,#2042);
#2045=DIRECTION('',(0.E0,0.E0,-1.E0));
#2046=VECTOR('',#2045,3.E0);
#2047=CARTESIAN_POINT('',(-3.E0,-1.42E0,0.E0));
#2048=LINE('',#2047,#2046);
#2049=DIRECTION('',(1.E0,0.E0,0.E0));
#2050=VECTOR('',#2049,6.E0);
#2051=CARTESIAN_POINT('',(-3.E0,-1.42E0,-3.E0));
#2052=LINE('',#2051,#2050);
#2053=DIRECTION('',(0.E0,0.E0,1.E0));
#2054=VECTOR('',#2053,3.E0);
#2055=CARTESIAN_POINT('',(3.E0,-1.42E0,-3.E0));
#2056=LINE('',#2055,#2054);
#2057=DIRECTION('',(1.E0,0.E0,0.E0));
#2058=VECTOR('',#2057,5.E-2);
#2059=CARTESIAN_POINT('',(3.E0,-1.42E0,0.E0));
#2060=LINE('',#2059,#2058);
#2061=DIRECTION('',(0.E0,0.E0,1.E0));
#2062=VECTOR('',#2061,3.E0);
#2063=CARTESIAN_POINT('',(3.05E0,-1.42E0,0.E0));
#2064=LINE('',#2063,#2062);
#2065=DIRECTION('',(0.E0,-1.E0,0.E0));
#2066=VECTOR('',#2065,4.E-1);
#2067=CARTESIAN_POINT('',(1.9E0,-1.42E0,0.E0));
#2068=LINE('',#2067,#2066);
#2069=DIRECTION('',(0.E0,-1.E0,0.E0));
#2070=VECTOR('',#2069,4.E-1);
#2071=CARTESIAN_POINT('',(-1.9E0,-1.42E0,0.E0));
#2072=LINE('',#2071,#2070);
#2073=CARTESIAN_POINT('',(0.E0,-1.82E0,0.E0));
#2074=DIRECTION('',(0.E0,1.E0,0.E0));
#2075=DIRECTION('',(1.E0,0.E0,0.E0));
#2076=AXIS2_PLACEMENT_3D('',#2073,#2074,#2075);
#2078=CARTESIAN_POINT('',(0.E0,-1.82E0,0.E0));
#2079=DIRECTION('',(0.E0,1.E0,0.E0));
#2080=DIRECTION('',(-1.E0,0.E0,0.E0));
#2081=AXIS2_PLACEMENT_3D('',#2078,#2079,#2080);
#2083=DIRECTION('',(0.E0,0.E0,1.E0));
#2084=VECTOR('',#2083,3.E0);
#2085=CARTESIAN_POINT('',(-3.15E0,-1.82E0,0.E0));
#2086=LINE('',#2085,#2084);
#2087=DIRECTION('',(0.E0,0.E0,-1.E0));
#2088=VECTOR('',#2087,3.E0);
#2089=CARTESIAN_POINT('',(3.15E0,-1.82E0,3.E0));
#2090=LINE('',#2089,#2088);
#2091=DIRECTION('',(0.E0,0.E0,1.E0));
#2092=VECTOR('',#2091,3.E0);
#2093=CARTESIAN_POINT('',(3.E0,-1.82E0,-3.E0));
#2094=LINE('',#2093,#2092);
#2095=DIRECTION('',(1.E0,0.E0,0.E0));
#2096=VECTOR('',#2095,6.E0);
#2097=CARTESIAN_POINT('',(-3.E0,-1.82E0,-3.E0));
#2098=LINE('',#2097,#2096);
#2099=DIRECTION('',(0.E0,0.E0,-1.E0));
#2100=VECTOR('',#2099,3.E0);
#2101=CARTESIAN_POINT('',(-3.E0,-1.82E0,0.E0));
#2102=LINE('',#2101,#2100);
#2103=CARTESIAN_POINT('',(-2.1E0,-1.82E0,2.1E0));
#2104=DIRECTION('',(0.E0,-1.E0,0.E0));
#2105=DIRECTION('',(1.E0,0.E0,0.E0));
#2106=AXIS2_PLACEMENT_3D('',#2103,#2104,#2105);
#2108=CARTESIAN_POINT('',(-2.1E0,-1.82E0,2.1E0));
#2109=DIRECTION('',(0.E0,-1.E0,0.E0));
#2110=DIRECTION('',(-1.E0,0.E0,0.E0));
#2111=AXIS2_PLACEMENT_3D('',#2108,#2109,#2110);
#2113=CARTESIAN_POINT('',(-2.1E0,-1.82E0,-2.1E0));
#2114=DIRECTION('',(0.E0,-1.E0,0.E0));
#2115=DIRECTION('',(1.E0,0.E0,0.E0));
#2116=AXIS2_PLACEMENT_3D('',#2113,#2114,#2115);
#2118=CARTESIAN_POINT('',(-2.1E0,-1.82E0,-2.1E0));
#2119=DIRECTION('',(0.E0,-1.E0,0.E0));
#2120=DIRECTION('',(-1.E0,0.E0,0.E0));
#2121=AXIS2_PLACEMENT_3D('',#2118,#2119,#2120);
#2123=CARTESIAN_POINT('',(2.1E0,-1.82E0,2.1E0));
#2124=DIRECTION('',(0.E0,1.E0,0.E0));
#2125=DIRECTION('',(-1.E0,0.E0,0.E0));
#2126=AXIS2_PLACEMENT_3D('',#2123,#2124,#2125);
#2128=CARTESIAN_POINT('',(2.1E0,-1.82E0,2.1E0));
#2129=DIRECTION('',(0.E0,1.E0,0.E0));
#2130=DIRECTION('',(1.E0,0.E0,0.E0));
#2131=AXIS2_PLACEMENT_3D('',#2128,#2129,#2130);
#2133=CARTESIAN_POINT('',(2.1E0,-1.82E0,-2.1E0));
#2134=DIRECTION('',(0.E0,1.E0,0.E0));
#2135=DIRECTION('',(-1.E0,0.E0,0.E0));
#2136=AXIS2_PLACEMENT_3D('',#2133,#2134,#2135);
#2138=CARTESIAN_POINT('',(2.1E0,-1.82E0,-2.1E0));
#2139=DIRECTION('',(0.E0,1.E0,0.E0));
#2140=DIRECTION('',(1.E0,0.E0,0.E0));
#2141=AXIS2_PLACEMENT_3D('',#2138,#2139,#2140);
#2143=DIRECTION('',(0.E0,-1.E0,0.E0));
#2144=VECTOR('',#2143,2.62E0);
#2145=CARTESIAN_POINT('',(-3.75E0,1.4E0,0.E0));
#2146=LINE('',#2145,#2144);
#2147=CARTESIAN_POINT('',(-3.15E0,-1.22E0,0.E0));
#2148=DIRECTION('',(0.E0,0.E0,-1.E0));
#2149=DIRECTION('',(0.E0,-1.E0,0.E0));
#2150=AXIS2_PLACEMENT_3D('',#2147,#2148,#2149);
#2152=DIRECTION('',(-1.E0,0.E0,0.E0));
#2153=VECTOR('',#2152,1.5E-1);
#2154=CARTESIAN_POINT('',(-3.E0,-1.82E0,0.E0));
#2155=LINE('',#2154,#2153);
#2156=DIRECTION('',(0.E0,-1.E0,0.E0));
#2157=VECTOR('',#2156,4.E-1);
#2158=CARTESIAN_POINT('',(-3.E0,-1.42E0,0.E0));
#2159=LINE('',#2158,#2157);
#2160=DIRECTION('',(0.E0,-1.E0,0.E0));
#2161=VECTOR('',#2160,4.E-1);
#2162=CARTESIAN_POINT('',(-3.E0,-1.42E0,-3.E0));
#2163=LINE('',#2162,#2161);
#2164=DIRECTION('',(0.E0,-1.E0,0.E0));
#2165=VECTOR('',#2164,4.E-1);
#2166=CARTESIAN_POINT('',(3.E0,-1.42E0,0.E0));
#2167=LINE('',#2166,#2165);
#2168=DIRECTION('',(0.E0,-1.E0,0.E0));
#2169=VECTOR('',#2168,4.E-1);
#2170=CARTESIAN_POINT('',(3.E0,-1.42E0,-3.E0));
#2171=LINE('',#2170,#2169);
#2172=DIRECTION('',(1.E0,0.E0,0.E0));
#2173=VECTOR('',#2172,1.5E-1);
#2174=CARTESIAN_POINT('',(3.E0,-1.82E0,0.E0));
#2175=LINE('',#2174,#2173);
#2176=CARTESIAN_POINT('',(3.15E0,-1.22E0,0.E0));
#2177=DIRECTION('',(0.E0,0.E0,-1.E0));
#2178=DIRECTION('',(1.E0,0.E0,0.E0));
#2179=AXIS2_PLACEMENT_3D('',#2176,#2177,#2178);
#2181=DIRECTION('',(0.E0,1.E0,0.E0));
#2182=VECTOR('',#2181,2.62E0);
#2183=CARTESIAN_POINT('',(3.75E0,-1.22E0,0.E0));
#2184=LINE('',#2183,#2182);
#2185=CARTESIAN_POINT('',(3.05E0,-1.12E0,0.E0));
#2186=DIRECTION('',(0.E0,0.E0,1.E0));
#2187=DIRECTION('',(0.E0,-1.E0,0.E0));
#2188=AXIS2_PLACEMENT_3D('',#2185,#2186,#2187);
#2190=CARTESIAN_POINT('',(3.05E0,-1.12E0,3.E0));
#2191=DIRECTION('',(0.E0,0.E0,-1.E0));
#2192=DIRECTION('',(1.E0,0.E0,0.E0));
#2193=AXIS2_PLACEMENT_3D('',#2190,#2191,#2192);
#2195=CARTESIAN_POINT('',(-2.1E0,-2.07E0,2.1E0));
#2196=DIRECTION('',(0.E0,-1.E0,0.E0));
#2197=DIRECTION('',(1.E0,0.E0,0.E0));
#2198=AXIS2_PLACEMENT_3D('',#2195,#2196,#2197);
#2200=DIRECTION('',(0.E0,-1.E0,1.701287999367E-10));
#2201=VECTOR('',#2200,2.5E-1);
#2202=CARTESIAN_POINT('',(-1.5E0,-1.82E0,2.1E0));
#2203=LINE('',#2202,#2201);
#2204=CARTESIAN_POINT('',(-1.75E0,-2.07E0,2.1E0));
#2205=DIRECTION('',(0.E0,0.E0,1.E0));
#2206=DIRECTION('',(0.E0,-1.E0,0.E0));
#2207=AXIS2_PLACEMENT_3D('',#2204,#2205,#2206);
#2209=CARTESIAN_POINT('',(-2.1E0,-2.32E0,2.1E0));
#2210=DIRECTION('',(0.E0,-1.E0,0.E0));
#2211=DIRECTION('',(-1.E0,0.E0,0.E0));
#2212=AXIS2_PLACEMENT_3D('',#2209,#2210,#2211);
#2214=CARTESIAN_POINT('',(-2.1E0,-2.32E0,2.1E0));
#2215=DIRECTION('',(0.E0,-1.E0,0.E0));
#2216=DIRECTION('',(1.E0,0.E0,0.E0));
#2217=AXIS2_PLACEMENT_3D('',#2214,#2215,#2216);
#2219=CARTESIAN_POINT('',(-2.1E0,-2.32E0,-2.1E0));
#2220=DIRECTION('',(0.E0,-1.E0,0.E0));
#2221=DIRECTION('',(1.E0,0.E0,0.E0));
#2222=AXIS2_PLACEMENT_3D('',#2219,#2220,#2221);
#2224=CARTESIAN_POINT('',(-2.1E0,-2.32E0,-2.1E0));
#2225=DIRECTION('',(0.E0,-1.E0,0.E0));
#2226=DIRECTION('',(-1.E0,0.E0,0.E0));
#2227=AXIS2_PLACEMENT_3D('',#2224,#2225,#2226);
#2229=CARTESIAN_POINT('',(-2.45E0,-2.07E0,2.1E0));
#2230=DIRECTION('',(0.E0,0.E0,-1.E0));
#2231=DIRECTION('',(0.E0,-1.E0,0.E0));
#2232=AXIS2_PLACEMENT_3D('',#2229,#2230,#2231);
#2234=CARTESIAN_POINT('',(-2.1E0,-2.07E0,2.1E0));
#2235=DIRECTION('',(0.E0,-1.E0,0.E0));
#2236=DIRECTION('',(-1.E0,0.E0,0.E0));
#2237=AXIS2_PLACEMENT_3D('',#2234,#2235,#2236);
#2239=DIRECTION('',(0.E0,-1.E0,-1.701287999367E-10));
#2240=VECTOR('',#2239,2.5E-1);
#2241=CARTESIAN_POINT('',(-2.7E0,-1.82E0,2.1E0));
#2242=LINE('',#2241,#2240);
#2243=CARTESIAN_POINT('',(-1.75E0,-2.07E0,-2.1E0));
#2244=DIRECTION('',(0.E0,0.E0,1.E0));
#2245=DIRECTION('',(0.E0,-1.E0,0.E0));
#2246=AXIS2_PLACEMENT_3D('',#2243,#2244,#2245);
#2248=CARTESIAN_POINT('',(-2.45E0,-2.07E0,-2.1E0));
#2249=DIRECTION('',(0.E0,0.E0,-1.E0));
#2250=DIRECTION('',(0.E0,-1.E0,0.E0));
#2251=AXIS2_PLACEMENT_3D('',#2248,#2249,#2250);
#2253=CARTESIAN_POINT('',(-2.1E0,-2.07E0,-2.1E0));
#2254=DIRECTION('',(0.E0,-1.E0,0.E0));
#2255=DIRECTION('',(-1.E0,0.E0,0.E0));
#2256=AXIS2_PLACEMENT_3D('',#2253,#2254,#2255);
#2258=DIRECTION('',(0.E0,-1.E0,-1.701287999367E-10));
#2259=VECTOR('',#2258,2.5E-1);
#2260=CARTESIAN_POINT('',(-2.7E0,-1.82E0,-2.1E0));
#2261=LINE('',#2260,#2259);
#2262=CARTESIAN_POINT('',(-2.1E0,-2.07E0,-2.1E0));
#2263=DIRECTION('',(0.E0,-1.E0,0.E0));
#2264=DIRECTION('',(1.E0,0.E0,0.E0));
#2265=AXIS2_PLACEMENT_3D('',#2262,#2263,#2264);
#2267=DIRECTION('',(0.E0,-1.E0,1.701305762936E-10));
#2268=VECTOR('',#2267,2.5E-1);
#2269=CARTESIAN_POINT('',(-1.5E0,-1.82E0,-2.1E0));
#2270=LINE('',#2269,#2268);
#2271=CARTESIAN_POINT('',(2.1E0,-2.07E0,2.1E0));
#2272=DIRECTION('',(0.E0,-1.E0,0.E0));
#2273=DIRECTION('',(1.E0,0.E0,0.E0));
#2274=AXIS2_PLACEMENT_3D('',#2271,#2272,#2273);
#2276=DIRECTION('',(0.E0,-1.E0,1.701287999367E-10));
#2277=VECTOR('',#2276,2.5E-1);
#2278=CARTESIAN_POINT('',(1.5E0,-1.82E0,2.1E0));
#2279=LINE('',#2278,#2277);
#2280=CARTESIAN_POINT('',(2.45E0,-2.07E0,2.1E0));
#2281=DIRECTION('',(0.E0,0.E0,1.E0));
#2282=DIRECTION('',(0.E0,-1.E0,0.E0));
#2283=AXIS2_PLACEMENT_3D('',#2280,#2281,#2282);
#2285=CARTESIAN_POINT('',(2.1E0,-2.32E0,2.1E0));
#2286=DIRECTION('',(0.E0,-1.E0,0.E0));
#2287=DIRECTION('',(-1.E0,0.E0,0.E0));
#2288=AXIS2_PLACEMENT_3D('',#2285,#2286,#2287);
#2290=CARTESIAN_POINT('',(2.1E0,-2.32E0,2.1E0));
#2291=DIRECTION('',(0.E0,-1.E0,0.E0));
#2292=DIRECTION('',(1.E0,0.E0,0.E0));
#2293=AXIS2_PLACEMENT_3D('',#2290,#2291,#2292);
#2295=CARTESIAN_POINT('',(2.1E0,-2.32E0,-2.1E0));
#2296=DIRECTION('',(0.E0,-1.E0,0.E0));
#2297=DIRECTION('',(1.E0,0.E0,0.E0));
#2298=AXIS2_PLACEMENT_3D('',#2295,#2296,#2297);
#2300=CARTESIAN_POINT('',(2.1E0,-2.32E0,-2.1E0));
#2301=DIRECTION('',(0.E0,-1.E0,0.E0));
#2302=DIRECTION('',(-1.E0,0.E0,0.E0));
#2303=AXIS2_PLACEMENT_3D('',#2300,#2301,#2302);
#2305=CARTESIAN_POINT('',(1.75E0,-2.07E0,2.1E0));
#2306=DIRECTION('',(0.E0,0.E0,-1.E0));
#2307=DIRECTION('',(0.E0,-1.E0,0.E0));
#2308=AXIS2_PLACEMENT_3D('',#2305,#2306,#2307);
#2310=CARTESIAN_POINT('',(2.1E0,-2.07E0,2.1E0));
#2311=DIRECTION('',(0.E0,-1.E0,0.E0));
#2312=DIRECTION('',(-1.E0,0.E0,0.E0));
#2313=AXIS2_PLACEMENT_3D('',#2310,#2311,#2312);
#2315=DIRECTION('',(0.E0,-1.E0,-1.701287999367E-10));
#2316=VECTOR('',#2315,2.5E-1);
#2317=CARTESIAN_POINT('',(2.7E0,-1.82E0,2.1E0));
#2318=LINE('',#2317,#2316);
#2319=CARTESIAN_POINT('',(2.45E0,-2.07E0,-2.1E0));
#2320=DIRECTION('',(0.E0,0.E0,1.E0));
#2321=DIRECTION('',(0.E0,-1.E0,0.E0));
#2322=AXIS2_PLACEMENT_3D('',#2319,#2320,#2321);
#2324=CARTESIAN_POINT('',(1.75E0,-2.07E0,-2.1E0));
#2325=DIRECTION('',(0.E0,0.E0,-1.E0));
#2326=DIRECTION('',(0.E0,-1.E0,0.E0));
#2327=AXIS2_PLACEMENT_3D('',#2324,#2325,#2326);
#2329=CARTESIAN_POINT('',(2.1E0,-2.07E0,-2.1E0));
#2330=DIRECTION('',(0.E0,-1.E0,0.E0));
#2331=DIRECTION('',(-1.E0,0.E0,0.E0));
#2332=AXIS2_PLACEMENT_3D('',#2329,#2330,#2331);
#2334=DIRECTION('',(0.E0,-1.E0,-1.701287999367E-10));
#2335=VECTOR('',#2334,2.5E-1);
#2336=CARTESIAN_POINT('',(2.7E0,-1.82E0,-2.1E0));
#2337=LINE('',#2336,#2335);
#2338=CARTESIAN_POINT('',(2.1E0,-2.07E0,-2.1E0));
#2339=DIRECTION('',(0.E0,-1.E0,0.E0));
#2340=DIRECTION('',(1.E0,0.E0,0.E0));
#2341=AXIS2_PLACEMENT_3D('',#2338,#2339,#2340);
#2343=DIRECTION('',(0.E0,-1.E0,1.701323526504E-10));
#2344=VECTOR('',#2343,2.5E-1);
#2345=CARTESIAN_POINT('',(1.5E0,-1.82E0,-2.1E0));
#2346=LINE('',#2345,#2344);
#2347=DIRECTION('',(-1.E0,0.E0,0.E0));
#2348=VECTOR('',#2347,4.E-1);
#2349=CARTESIAN_POINT('',(3.75E0,1.68E0,-3.4E0));
#2350=LINE('',#2349,#2348);
#2351=DIRECTION('',(-1.E0,0.E0,0.E0));
#2352=VECTOR('',#2351,4.E-1);
#2353=CARTESIAN_POINT('',(3.75E0,2.68E0,-3.4E0));
#2354=LINE('',#2353,#2352);
#2355=DIRECTION('',(-1.E0,0.E0,0.E0));
#2356=VECTOR('',#2355,4.E-1);
#2357=CARTESIAN_POINT('',(3.75E0,-6.2E-1,-3.3E0));
#2358=LINE('',#2357,#2356);
#2359=DIRECTION('',(1.E0,0.E0,0.E0));
#2360=VECTOR('',#2359,4.112738491888E-1);
#2361=CARTESIAN_POINT('',(3.338726150811E0,1.4E0,-1.5E0));
#2362=LINE('',#2361,#2360);
#2363=DIRECTION('',(2.777211789700E-12,-1.E0,-9.821385464598E-13));
#2364=VECTOR('',#2363,2.348999999529E-1);
#2365=CARTESIAN_POINT('',(3.216666666666E0,1.634899999953E0,-1.377638191683E0));
#2366=LINE('',#2365,#2364);
#2367=CARTESIAN_POINT('',(3.15E0,1.4E0,-1.5662E0));
#2368=DIRECTION('',(0.E0,1.E0,0.E0));
#2369=DIRECTION('',(3.333333333334E-1,0.E0,9.428090415821E-1));
#2370=AXIS2_PLACEMENT_3D('',#2367,#2368,#2369);
#2372=CARTESIAN_POINT('',(3.338726150811E0,1.4E0,-1.5E0));
#2373=CARTESIAN_POINT('',(3.346362336494E0,1.375569664147E0,-1.521769606205E0));
#2374=CARTESIAN_POINT('',(3.35E0,1.350795620805E0,-1.543845486412E0));
#2375=CARTESIAN_POINT('',(3.35E0,1.325708888889E0,-1.5662E0));
#2377=CARTESIAN_POINT('',(3.15E0,1.6349E0,-1.5662E0));
#2378=DIRECTION('',(0.E0,-1.E0,0.E0));
#2379=DIRECTION('',(1.E0,0.E0,0.E0));
#2380=AXIS2_PLACEMENT_3D('',#2377,#2378,#2379);
#2382=CARTESIAN_POINT('',(3.35E0,1.6349E0,-1.000514575051E0));
#2383=DIRECTION('',(0.E0,-1.E0,0.E0));
#2384=DIRECTION('',(-1.E0,0.E0,0.E0));
#2385=AXIS2_PLACEMENT_3D('',#2382,#2383,#2384);
#2387=CARTESIAN_POINT('',(3.35E0,1.4E0,-1.000514575051E0));
#2388=DIRECTION('',(0.E0,-1.E0,0.E0));
#2389=DIRECTION('',(-1.E0,0.E0,0.E0));
#2390=AXIS2_PLACEMENT_3D('',#2387,#2388,#2389);
#2392=CARTESIAN_POINT('',(3.35E0,1.6349E0,-4.198854249492E-1));
#2393=DIRECTION('',(0.E0,1.E0,0.E0));
#2394=DIRECTION('',(-1.E0,0.E0,0.E0));
#2395=AXIS2_PLACEMENT_3D('',#2392,#2393,#2394);
#2397=DIRECTION('',(0.E0,-1.E0,0.E0));
#2398=VECTOR('',#2397,2.349E-1);
#2399=CARTESIAN_POINT('',(2.95E0,1.6349E0,-1.000514575051E0));
#2400=LINE('',#2399,#2398);
#2401=CARTESIAN_POINT('',(2.95E0,1.6349E0,-7.102E-1));
#2402=DIRECTION('',(-1.E0,0.E0,0.E0));
#2403=DIRECTION('',(0.E0,-1.223746233953E-14,1.E0));
#2404=AXIS2_PLACEMENT_3D('',#2401,#2402,#2403);
#2406=DIRECTION('',(0.E0,1.E0,0.E0));
#2407=VECTOR('',#2406,2.349E-1);
#2408=CARTESIAN_POINT('',(2.95E0,1.4E0,-4.198854249492E-1));
#2409=LINE('',#2408,#2407);
#2410=CARTESIAN_POINT('',(3.35E0,1.4E0,-4.198854249492E-1));
#2411=DIRECTION('',(0.E0,-1.E0,0.E0));
#2412=DIRECTION('',(-8.75E-1,0.E0,4.841229182759E-1));
#2413=AXIS2_PLACEMENT_3D('',#2410,#2411,#2412);
#2415=DIRECTION('',(-1.678804677094E-11,1.E0,-5.939090574825E-12));
#2416=VECTOR('',#2415,2.348999998198E-1);
#2417=CARTESIAN_POINT('',(3.216666666667E0,1.4E0,-4.276180831641E-2));
#2418=LINE('',#2417,#2416);
#2419=CARTESIAN_POINT('',(3.15E0,1.4E0,1.458E-1));
#2420=DIRECTION('',(0.E0,1.E0,0.E0));
#2421=DIRECTION('',(1.E0,0.E0,0.E0));
#2422=AXIS2_PLACEMENT_3D('',#2419,#2420,#2421);
#2424=CARTESIAN_POINT('',(3.216666666667E0,1.6349E0,-7.102E-1));
#2425=DIRECTION('',(-1.E0,0.E0,0.E0));
#2426=DIRECTION('',(0.E0,0.E0,1.E0));
#2427=AXIS2_PLACEMENT_3D('',#2424,#2425,#2426);
#2429=CARTESIAN_POINT('',(3.15E0,1.6349E0,1.458E-1));
#2430=DIRECTION('',(0.E0,1.E0,0.E0));
#2431=DIRECTION('',(1.E0,0.E0,0.E0));
#2432=AXIS2_PLACEMENT_3D('',#2429,#2430,#2431);
#2434=DIRECTION('',(-1.868615476624E-11,1.E0,3.814648804086E-12));
#2435=VECTOR('',#2434,2.348999997628E-1);
#2436=CARTESIAN_POINT('',(3.51E0,1.4E0,-9.722612308660E-1));
#2437=LINE('',#2436,#2435);
#2438=CARTESIAN_POINT('',(3.45E0,1.6349E0,-1.2662E0));
#2439=DIRECTION('',(0.E0,-1.E0,0.E0));
#2440=DIRECTION('',(1.E0,0.E0,0.E0));
#2441=AXIS2_PLACEMENT_3D('',#2438,#2439,#2440);
#2443=CARTESIAN_POINT('',(3.55E0,1.4E0,-7.763020514434E-1));
#2444=DIRECTION('',(0.E0,1.E0,0.E0));
#2445=DIRECTION('',(-2.E-1,0.E0,-9.797958971133E-1));
#2446=AXIS2_PLACEMENT_3D('',#2443,#2444,#2445);
#2448=DIRECTION('',(0.E0,-1.E0,0.E0));
#2449=VECTOR('',#2448,2.349E-1);
#2450=CARTESIAN_POINT('',(3.35E0,1.6349E0,-6.440979485566E-1));
#2451=LINE('',#2450,#2449);
#2452=CARTESIAN_POINT('',(3.35E0,1.6349E0,-7.102E-1));
#2453=DIRECTION('',(1.E0,0.E0,0.E0));
#2454=DIRECTION('',(0.E0,0.E0,-1.E0));
#2455=AXIS2_PLACEMENT_3D('',#2452,#2453,#2454);
#2457=DIRECTION('',(0.E0,1.E0,0.E0));
#2458=VECTOR('',#2457,2.349E-1);
#2459=CARTESIAN_POINT('',(3.35E0,1.4E0,-7.763020514434E-1));
#2460=LINE('',#2459,#2458);
#2461=DIRECTION('',(0.E0,0.E0,-1.E0));
#2462=VECTOR('',#2461,1.322041028867E-1);
#2463=CARTESIAN_POINT('',(3.35E0,1.4E0,-6.440979485566E-1));
#2464=LINE('',#2463,#2462);
#2465=CARTESIAN_POINT('',(0.E0,-4.225130221785E0,0.E0));
#2466=DIRECTION('',(0.E0,-1.E0,0.E0));
#2467=DIRECTION('',(-1.E0,0.E0,-7.655636737360E-10));
#2468=AXIS2_PLACEMENT_3D('',#2465,#2466,#2467);
#2470=DIRECTION('',(-5.130221785308E-2,9.986831742066E-1,1.184627527461E-10));
#2471=VECTOR('',#2470,2.828855331448E0);
#2472=CARTESIAN_POINT('',(-1.604873447511E0,-4.225130221788E0,
-1.228270818536E-9));
#2473=LINE('',#2472,#2471);
#2474=CARTESIAN_POINT('',(-1.505005130090E0,-4.22E0,1.149728811964E-8));
#2475=DIRECTION('',(-7.639367301943E-9,0.E0,-1.E0));
#2476=DIRECTION('',(0.E0,-1.E0,0.E0));
#2477=AXIS2_PLACEMENT_3D('',#2474,#2475,#2476);
#2479=CARTESIAN_POINT('',(0.E0,-4.32E0,0.E0));
#2480=DIRECTION('',(0.E0,-1.E0,0.E0));
#2481=DIRECTION('',(-1.E0,0.E0,7.639367227165E-9));
#2482=AXIS2_PLACEMENT_3D('',#2479,#2480,#2481);
#2484=CARTESIAN_POINT('',(0.E0,-4.32E0,0.E0));
#2485=DIRECTION('',(0.E0,-1.E0,0.E0));
#2486=DIRECTION('',(1.E0,0.E0,-7.639367522240E-9));
#2487=AXIS2_PLACEMENT_3D('',#2484,#2485,#2486);
#2489=CARTESIAN_POINT('',(1.505005130090E0,-4.22E0,-1.149728797392E-8));
#2490=DIRECTION('',(7.639367203063E-9,0.E0,1.E0));
#2491=DIRECTION('',(0.E0,-1.E0,0.E0));
#2492=AXIS2_PLACEMENT_3D('',#2489,#2490,#2491);
#2494=CARTESIAN_POINT('',(0.E0,-4.225130221785E0,0.E0));
#2495=DIRECTION('',(0.E0,-1.E0,0.E0));
#2496=DIRECTION('',(1.E0,0.E0,7.655644394498E-10));
#2497=AXIS2_PLACEMENT_3D('',#2494,#2495,#2496);
#2499=DIRECTION('',(5.130221785308E-2,9.986831742066E-1,-1.184629403739E-10));
#2500=VECTOR('',#2499,2.828855331448E0);
#2501=CARTESIAN_POINT('',(1.604873447511E0,-4.225130221788E0,
1.228271978434E-9));
#2502=LINE('',#2501,#2500);
#2503=CARTESIAN_POINT('',(1.4E0,1.58E0,-2.9E0));
#2504=DIRECTION('',(0.E0,1.E0,0.E0));
#2505=DIRECTION('',(1.E0,0.E0,0.E0));
#2506=AXIS2_PLACEMENT_3D('',#2503,#2504,#2505);
#2508=CARTESIAN_POINT('',(1.4E0,1.4E0,-2.9E0));
#2509=DIRECTION('',(0.E0,-1.E0,0.E0));
#2510=DIRECTION('',(0.E0,0.E0,-1.E0));
#2511=AXIS2_PLACEMENT_3D('',#2508,#2509,#2510);
#2513=CARTESIAN_POINT('',(1.4E0,1.58E0,-2.9E0));
#2514=DIRECTION('',(0.E0,0.E0,-1.E0));
#2515=DIRECTION('',(0.E0,1.E0,0.E0));
#2516=AXIS2_PLACEMENT_3D('',#2513,#2514,#2515);
#2518=CARTESIAN_POINT('',(1.4E0,1.58E0,-2.5E0));
#2519=DIRECTION('',(0.E0,0.E0,-1.E0));
#2520=DIRECTION('',(0.E0,1.E0,0.E0));
#2521=AXIS2_PLACEMENT_3D('',#2518,#2519,#2520);
#2523=DIRECTION('',(1.E0,0.E0,0.E0));
#2524=VECTOR('',#2523,6.E-1);
#2525=CARTESIAN_POINT('',(8.E-1,1.68E0,2.9E0));
#2526=LINE('',#2525,#2524);
#2527=DIRECTION('',(0.E0,0.E0,1.E0));
#2528=VECTOR('',#2527,5.8E0);
#2529=CARTESIAN_POINT('',(8.E-1,1.68E0,-2.9E0));
#2530=LINE('',#2529,#2528);
#2531=DIRECTION('',(-1.E0,0.E0,0.E0));
#2532=VECTOR('',#2531,6.E-1);
#2533=CARTESIAN_POINT('',(1.4E0,1.68E0,-2.9E0));
#2534=LINE('',#2533,#2532);
#2535=DIRECTION('',(-3.053723940515E-10,0.E0,-1.E0));
#2536=VECTOR('',#2535,3.999999999827E-1);
#2537=CARTESIAN_POINT('',(1.400000000122E0,1.68E0,-2.500000000017E0));
#2538=LINE('',#2537,#2536);
#2539=CARTESIAN_POINT('',(1.6E0,1.68E0,-2.5E0));
#2540=DIRECTION('',(0.E0,-1.E0,0.E0));
#2541=DIRECTION('',(0.E0,0.E0,1.E0));
#2542=AXIS2_PLACEMENT_3D('',#2539,#2540,#2541);
#2544=DIRECTION('',(-1.E0,0.E0,-5.536096831669E-11));
#2545=VECTOR('',#2544,1.100000000360E0);
#2546=CARTESIAN_POINT('',(2.7E0,1.68E0,-2.3E0));
#2547=LINE('',#2546,#2545);
#2548=DIRECTION('',(0.E0,0.E0,-1.E0));
#2549=VECTOR('',#2548,6.E-1);
#2550=CARTESIAN_POINT('',(2.7E0,1.68E0,-1.7E0));
#2551=LINE('',#2550,#2549);
#2552=DIRECTION('',(1.E0,0.E0,-1.110449106422E-10));
#2553=VECTOR('',#2552,1.099999999983E0);
#2554=CARTESIAN_POINT('',(1.600000000017E0,1.68E0,-1.699999999878E0));
#2555=LINE('',#2554,#2553);
#2556=CARTESIAN_POINT('',(1.6E0,1.68E0,-1.5E0));
#2557=DIRECTION('',(0.E0,-1.E0,0.E0));
#2558=DIRECTION('',(-1.E0,0.E0,0.E0));
#2559=AXIS2_PLACEMENT_3D('',#2556,#2557,#2558);
#2561=DIRECTION('',(-2.041788959894E-11,0.E0,-1.E0));
#2562=VECTOR('',#2561,3.000000000343E0);
#2563=CARTESIAN_POINT('',(1.400000000122E0,1.68E0,1.499999999983E0));
#2564=LINE('',#2563,#2562);
#2565=CARTESIAN_POINT('',(1.6E0,1.68E0,1.5E0));
#2566=DIRECTION('',(0.E0,-1.E0,0.E0));
#2567=DIRECTION('',(0.E0,0.E0,1.E0));
#2568=AXIS2_PLACEMENT_3D('',#2565,#2566,#2567);
#2570=DIRECTION('',(-1.E0,0.E0,-5.535894972938E-11));
#2571=VECTOR('',#2570,1.100000000360E0);
#2572=CARTESIAN_POINT('',(2.7E0,1.68E0,1.7E0));
#2573=LINE('',#2572,#2571);
#2574=DIRECTION('',(0.E0,0.E0,-1.E0));
#2575=VECTOR('',#2574,6.E-1);
#2576=CARTESIAN_POINT('',(2.7E0,1.68E0,2.3E0));
#2577=LINE('',#2576,#2575);
#2578=DIRECTION('',(1.E0,0.E0,-1.110449106422E-10));
#2579=VECTOR('',#2578,1.099999999983E0);
#2580=CARTESIAN_POINT('',(1.600000000017E0,1.68E0,2.300000000122E0));
#2581=LINE('',#2580,#2579);
#2582=CARTESIAN_POINT('',(1.6E0,1.68E0,2.5E0));
#2583=DIRECTION('',(0.E0,-1.E0,0.E0));
#2584=DIRECTION('',(-1.E0,0.E0,0.E0));
#2585=AXIS2_PLACEMENT_3D('',#2582,#2583,#2584);
#2587=DIRECTION('',(1.522376667800E-10,0.E0,-1.E0));
#2588=VECTOR('',#2587,4.000000003605E-1);
#2589=CARTESIAN_POINT('',(1.4E0,1.68E0,2.9E0));
#2590=LINE('',#2589,#2588);
#2591=CARTESIAN_POINT('',(8.E-1,1.58E0,2.9E0));
#2592=DIRECTION('',(1.E0,0.E0,0.E0));
#2593=DIRECTION('',(0.E0,1.E0,0.E0));
#2594=AXIS2_PLACEMENT_3D('',#2591,#2592,#2593);
#2596=CARTESIAN_POINT('',(1.4E0,1.58E0,2.9E0));
#2597=DIRECTION('',(1.E0,0.E0,0.E0));
#2598=DIRECTION('',(0.E0,1.E0,0.E0));
#2599=AXIS2_PLACEMENT_3D('',#2596,#2597,#2598);
#2601=CARTESIAN_POINT('',(1.4E0,1.58E0,2.9E0));
#2602=DIRECTION('',(0.E0,1.E0,0.E0));
#2603=DIRECTION('',(0.E0,0.E0,1.E0));
#2604=AXIS2_PLACEMENT_3D('',#2601,#2602,#2603);
#2606=CARTESIAN_POINT('',(1.4E0,1.4E0,2.9E0));
#2607=DIRECTION('',(0.E0,-1.E0,0.E0));
#2608=DIRECTION('',(1.E0,0.E0,0.E0));
#2609=AXIS2_PLACEMENT_3D('',#2606,#2607,#2608);
#2611=DIRECTION('',(0.E0,0.E0,-1.E0));
#2612=VECTOR('',#2611,3.999999999291E-1);
#2613=CARTESIAN_POINT('',(1.5E0,1.58E0,2.899999999763E0));
#2614=LINE('',#2613,#2612);
#2615=DIRECTION('',(0.E0,1.E0,-9.233576866071E-10));
#2616=VECTOR('',#2615,1.8E-1);
#2617=CARTESIAN_POINT('',(1.5E0,1.4E0,2.5E0));
#2618=LINE('',#2617,#2616);
#2619=DIRECTION('',(0.E0,-1.E0,1.317417779805E-9));
#2620=VECTOR('',#2619,1.8E-1);
#2621=CARTESIAN_POINT('',(1.5E0,1.58E0,2.899999999763E0));
#2622=LINE('',#2621,#2620);
#2623=CARTESIAN_POINT('',(1.4E0,1.58E0,2.9E0));
#2624=DIRECTION('',(0.E0,0.E0,-1.E0));
#2625=DIRECTION('',(0.E0,1.E0,0.E0));
#2626=AXIS2_PLACEMENT_3D('',#2623,#2624,#2625);
#2628=CARTESIAN_POINT('',(1.4E0,1.58E0,2.5E0));
#2629=DIRECTION('',(0.E0,0.E0,-1.E0));
#2630=DIRECTION('',(0.E0,1.E0,0.E0));
#2631=AXIS2_PLACEMENT_3D('',#2628,#2629,#2630);
#2633=CARTESIAN_POINT('',(1.6E0,1.58E0,2.3E0));
#2634=DIRECTION('',(1.E0,0.E0,0.E0));
#2635=DIRECTION('',(0.E0,1.E0,0.E0));
#2636=AXIS2_PLACEMENT_3D('',#2633,#2634,#2635);
#2638=CARTESIAN_POINT('',(2.7E0,1.58E0,2.3E0));
#2639=DIRECTION('',(1.E0,0.E0,0.E0));
#2640=DIRECTION('',(0.E0,1.E0,0.E0));
#2641=AXIS2_PLACEMENT_3D('',#2638,#2639,#2640);
#2643=CARTESIAN_POINT('',(2.7E0,1.58E0,2.3E0));
#2644=DIRECTION('',(0.E0,1.E0,0.E0));
#2645=DIRECTION('',(0.E0,0.E0,1.E0));
#2646=AXIS2_PLACEMENT_3D('',#2643,#2644,#2645);
#2648=CARTESIAN_POINT('',(2.7E0,1.4E0,2.3E0));
#2649=DIRECTION('',(0.E0,-1.E0,0.E0));
#2650=DIRECTION('',(1.E0,0.E0,0.E0));
#2651=AXIS2_PLACEMENT_3D('',#2648,#2649,#2650);
#2653=DIRECTION('',(0.E0,0.E0,-1.E0));
#2654=VECTOR('',#2653,5.999999999870E-1);
#2655=CARTESIAN_POINT('',(2.8E0,1.58E0,2.299999999763E0));
#2656=LINE('',#2655,#2654);
#2657=DIRECTION('',(0.E0,-1.E0,1.244915281973E-9));
#2658=VECTOR('',#2657,1.8E-1);
#2659=CARTESIAN_POINT('',(2.8E0,1.58E0,1.699999999776E0));
#2660=LINE('',#2659,#2658);
#2661=DIRECTION('',(0.E0,-1.E0,1.317417779805E-9));
#2662=VECTOR('',#2661,1.8E-1);
#2663=CARTESIAN_POINT('',(2.8E0,1.58E0,2.299999999763E0));
#2664=LINE('',#2663,#2662);
#2665=CARTESIAN_POINT('',(2.7E0,1.58E0,2.3E0));
#2666=DIRECTION('',(0.E0,0.E0,-1.E0));
#2667=DIRECTION('',(0.E0,1.E0,0.E0));
#2668=AXIS2_PLACEMENT_3D('',#2665,#2666,#2667);
#2670=CARTESIAN_POINT('',(2.7E0,1.58E0,1.7E0));
#2671=DIRECTION('',(0.E0,0.E0,-1.E0));
#2672=DIRECTION('',(0.E0,1.E0,0.E0));
#2673=AXIS2_PLACEMENT_3D('',#2670,#2671,#2672);
#2675=CARTESIAN_POINT('',(2.7E0,1.58E0,1.7E0));
#2676=DIRECTION('',(0.E0,1.E0,0.E0));
#2677=DIRECTION('',(1.E0,0.E0,0.E0));
#2678=AXIS2_PLACEMENT_3D('',#2675,#2676,#2677);
#2680=CARTESIAN_POINT('',(2.7E0,1.4E0,1.7E0));
#2681=DIRECTION('',(0.E0,-1.E0,0.E0));
#2682=DIRECTION('',(0.E0,0.E0,-1.E0));
#2683=AXIS2_PLACEMENT_3D('',#2680,#2681,#2682);
#2685=DIRECTION('',(-1.E0,0.E0,0.E0));
#2686=VECTOR('',#2685,1.099999999929E0);
#2687=CARTESIAN_POINT('',(2.699999999763E0,1.58E0,1.6E0));
#2688=LINE('',#2687,#2686);
#2689=DIRECTION('',(-9.233589201882E-10,1.E0,0.E0));
#2690=VECTOR('',#2689,1.8E-1);
#2691=CARTESIAN_POINT('',(1.6E0,1.4E0,1.6E0));
#2692=LINE('',#2691,#2690);
#2693=DIRECTION('',(1.317420246968E-9,-1.E0,0.E0));
#2694=VECTOR('',#2693,1.8E-1);
#2695=CARTESIAN_POINT('',(2.699999999763E0,1.58E0,1.6E0));
#2696=LINE('',#2695,#2694);
#2697=CARTESIAN_POINT('',(2.7E0,1.58E0,1.7E0));
#2698=DIRECTION('',(-1.E0,0.E0,0.E0));
#2699=DIRECTION('',(0.E0,1.E0,0.E0));
#2700=AXIS2_PLACEMENT_3D('',#2697,#2698,#2699);
#2702=CARTESIAN_POINT('',(1.6E0,1.58E0,1.7E0));
#2703=DIRECTION('',(-1.E0,0.E0,0.E0));
#2704=DIRECTION('',(0.E0,1.E0,0.E0));
#2705=AXIS2_PLACEMENT_3D('',#2702,#2703,#2704);
#2707=CARTESIAN_POINT('',(1.4E0,1.58E0,1.5E0));
#2708=DIRECTION('',(0.E0,0.E0,-1.E0));
#2709=DIRECTION('',(0.E0,1.E0,0.E0));
#2710=AXIS2_PLACEMENT_3D('',#2707,#2708,#2709);
#2712=CARTESIAN_POINT('',(1.4E0,1.58E0,-1.5E0));
#2713=DIRECTION('',(0.E0,0.E0,-1.E0));
#2714=DIRECTION('',(0.E0,1.E0,0.E0));
#2715=AXIS2_PLACEMENT_3D('',#2712,#2713,#2714);
#2717=CARTESIAN_POINT('',(1.6E0,1.58E0,-1.7E0));
#2718=DIRECTION('',(1.E0,0.E0,0.E0));
#2719=DIRECTION('',(0.E0,1.E0,0.E0));
#2720=AXIS2_PLACEMENT_3D('',#2717,#2718,#2719);
#2722=CARTESIAN_POINT('',(2.7E0,1.58E0,-1.7E0));
#2723=DIRECTION('',(1.E0,0.E0,0.E0));
#2724=DIRECTION('',(0.E0,1.E0,0.E0));
#2725=AXIS2_PLACEMENT_3D('',#2722,#2723,#2724);
#2727=CARTESIAN_POINT('',(2.7E0,1.58E0,-1.7E0));
#2728=DIRECTION('',(0.E0,1.E0,0.E0));
#2729=DIRECTION('',(0.E0,0.E0,1.E0));
#2730=AXIS2_PLACEMENT_3D('',#2727,#2728,#2729);
#2732=CARTESIAN_POINT('',(2.7E0,1.4E0,-1.7E0));
#2733=DIRECTION('',(0.E0,-1.E0,0.E0));
#2734=DIRECTION('',(1.E0,0.E0,0.E0));
#2735=AXIS2_PLACEMENT_3D('',#2732,#2733,#2734);
#2737=DIRECTION('',(0.E0,0.E0,-1.E0));
#2738=VECTOR('',#2737,5.999999999869E-1);
#2739=CARTESIAN_POINT('',(2.8E0,1.58E0,-1.700000000237E0));
#2740=LINE('',#2739,#2738);
#2741=DIRECTION('',(0.E0,-1.E0,1.244902946161E-9));
#2742=VECTOR('',#2741,1.8E-1);
#2743=CARTESIAN_POINT('',(2.8E0,1.58E0,-2.300000000224E0));
#2744=LINE('',#2743,#2742);
#2745=DIRECTION('',(0.E0,-1.E0,1.317422714130E-9));
#2746=VECTOR('',#2745,1.8E-1);
#2747=CARTESIAN_POINT('',(2.8E0,1.58E0,-1.700000000237E0));
#2748=LINE('',#2747,#2746);
#2749=CARTESIAN_POINT('',(2.7E0,1.58E0,-1.7E0));
#2750=DIRECTION('',(0.E0,0.E0,-1.E0));
#2751=DIRECTION('',(0.E0,1.E0,0.E0));
#2752=AXIS2_PLACEMENT_3D('',#2749,#2750,#2751);
#2754=CARTESIAN_POINT('',(2.7E0,1.58E0,-2.3E0));
#2755=DIRECTION('',(0.E0,0.E0,-1.E0));
#2756=DIRECTION('',(0.E0,1.E0,0.E0));
#2757=AXIS2_PLACEMENT_3D('',#2754,#2755,#2756);
#2759=CARTESIAN_POINT('',(2.7E0,1.58E0,-2.3E0));
#2760=DIRECTION('',(0.E0,1.E0,0.E0));
#2761=DIRECTION('',(1.E0,0.E0,0.E0));
#2762=AXIS2_PLACEMENT_3D('',#2759,#2760,#2761);
#2764=CARTESIAN_POINT('',(2.7E0,1.4E0,-2.3E0));
#2765=DIRECTION('',(0.E0,-1.E0,0.E0));
#2766=DIRECTION('',(0.E0,0.E0,-1.E0));
#2767=AXIS2_PLACEMENT_3D('',#2764,#2765,#2766);
#2769=DIRECTION('',(-1.E0,0.E0,0.E0));
#2770=VECTOR('',#2769,1.099999999929E0);
#2771=CARTESIAN_POINT('',(2.699999999763E0,1.58E0,-2.4E0));
#2772=LINE('',#2771,#2770);
#2773=DIRECTION('',(-9.233589201882E-10,1.E0,0.E0));
#2774=VECTOR('',#2773,1.8E-1);
#2775=CARTESIAN_POINT('',(1.6E0,1.4E0,-2.4E0));
#2776=LINE('',#2775,#2774);
#2777=DIRECTION('',(1.317420246968E-9,-1.E0,0.E0));
#2778=VECTOR('',#2777,1.8E-1);
#2779=CARTESIAN_POINT('',(2.699999999763E0,1.58E0,-2.4E0));
#2780=LINE('',#2779,#2778);
#2781=CARTESIAN_POINT('',(2.7E0,1.58E0,-2.3E0));
#2782=DIRECTION('',(-1.E0,0.E0,0.E0));
#2783=DIRECTION('',(0.E0,1.E0,0.E0));
#2784=AXIS2_PLACEMENT_3D('',#2781,#2782,#2783);
#2786=CARTESIAN_POINT('',(1.6E0,1.58E0,-2.3E0));
#2787=DIRECTION('',(-1.E0,0.E0,0.E0));
#2788=DIRECTION('',(0.E0,1.E0,5.773159728051E-14));
#2789=AXIS2_PLACEMENT_3D('',#2786,#2787,#2788);
#2791=CARTESIAN_POINT('',(1.6E0,1.58E0,-2.5E0));
#2792=DIRECTION('',(0.E0,-1.E0,0.E0));
#2793=DIRECTION('',(0.E0,0.E0,1.E0));
#2794=AXIS2_PLACEMENT_3D('',#2791,#2792,#2793);
#2796=DIRECTION('',(0.E0,0.E0,-1.E0));
#2797=VECTOR('',#2796,4.000000002306E-1);
#2798=CARTESIAN_POINT('',(1.5E0,1.58E0,-2.499999999994E0));
#2799=LINE('',#2798,#2797);
#2800=DIRECTION('',(0.E0,-1.E0,1.244910347648E-9));
#2801=VECTOR('',#2800,1.8E-1);
#2802=CARTESIAN_POINT('',(1.5E0,1.58E0,-2.900000000224E0));
#2803=LINE('',#2802,#2801);
#2804=DIRECTION('',(0.E0,1.E0,3.607484681349E-11));
#2805=VECTOR('',#2804,1.8E-1);
#2806=CARTESIAN_POINT('',(1.5E0,1.4E0,-2.5E0));
#2807=LINE('',#2806,#2805);
#2808=DIRECTION('',(1.E0,0.E0,0.E0));
#2809=VECTOR('',#2808,1.100000000231E0);
#2810=CARTESIAN_POINT('',(1.599999999994E0,1.58E0,-1.6E0));
#2811=LINE('',#2810,#2809);
#2812=DIRECTION('',(-1.244905413324E-9,-1.E0,0.E0));
#2813=VECTOR('',#2812,1.8E-1);
#2814=CARTESIAN_POINT('',(2.700000000224E0,1.58E0,-1.6E0));
#2815=LINE('',#2814,#2813);
#2816=DIRECTION('',(-3.608101471918E-11,1.E0,0.E0));
#2817=VECTOR('',#2816,1.8E-1);
#2818=CARTESIAN_POINT('',(1.6E0,1.4E0,-1.6E0));
#2819=LINE('',#2818,#2817);
#2820=CARTESIAN_POINT('',(1.6E0,1.58E0,-1.5E0));
#2821=DIRECTION('',(0.E0,-1.E0,0.E0));
#2822=DIRECTION('',(-1.E0,0.E0,0.E0));
#2823=AXIS2_PLACEMENT_3D('',#2820,#2821,#2822);
#2825=DIRECTION('',(0.E0,0.E0,-1.E0));
#2826=VECTOR('',#2825,3.000000000173E0);
#2827=CARTESIAN_POINT('',(1.5E0,1.58E0,1.500000000006E0));
#2828=LINE('',#2827,#2826);
#2829=DIRECTION('',(0.E0,1.E0,-9.233576866071E-10));
#2830=VECTOR('',#2829,1.8E-1);
#2831=CARTESIAN_POINT('',(1.5E0,1.4E0,-1.5E0));
#2832=LINE('',#2831,#2830);
#2833=DIRECTION('',(0.E0,1.E0,3.607114607007E-11));
#2834=VECTOR('',#2833,1.8E-1);
#2835=CARTESIAN_POINT('',(1.5E0,1.4E0,1.5E0));
#2836=LINE('',#2835,#2834);
#2837=CARTESIAN_POINT('',(1.6E0,1.58E0,1.5E0));
#2838=DIRECTION('',(0.E0,-1.E0,0.E0));
#2839=DIRECTION('',(0.E0,0.E0,1.E0));
#2840=AXIS2_PLACEMENT_3D('',#2837,#2838,#2839);
#2842=DIRECTION('',(1.E0,0.E0,0.E0));
#2843=VECTOR('',#2842,1.100000000231E0);
#2844=CARTESIAN_POINT('',(1.599999999994E0,1.58E0,2.4E0));
#2845=LINE('',#2844,#2843);
#2846=DIRECTION('',(-1.244905413324E-9,-1.E0,0.E0));
#2847=VECTOR('',#2846,1.8E-1);
#2848=CARTESIAN_POINT('',(2.700000000224E0,1.58E0,2.4E0));
#2849=LINE('',#2848,#2847);
#2850=DIRECTION('',(-3.608101471918E-11,1.E0,0.E0));
#2851=VECTOR('',#2850,1.8E-1);
#2852=CARTESIAN_POINT('',(1.6E0,1.4E0,2.4E0));
#2853=LINE('',#2852,#2851);
#2854=CARTESIAN_POINT('',(1.6E0,1.58E0,2.5E0));
#2855=DIRECTION('',(0.E0,-1.E0,0.E0));
#2856=DIRECTION('',(-1.E0,0.E0,0.E0));
#2857=AXIS2_PLACEMENT_3D('',#2854,#2855,#2856);
#2859=CARTESIAN_POINT('',(8.E-1,1.58E0,2.9E0));
#2860=DIRECTION('',(0.E0,0.E0,1.E0));
#2861=DIRECTION('',(0.E0,1.E0,0.E0));
#2862=AXIS2_PLACEMENT_3D('',#2859,#2860,#2861);
#2864=CARTESIAN_POINT('',(8.E-1,1.58E0,2.9E0));
#2865=DIRECTION('',(0.E0,1.E0,0.E0));
#2866=DIRECTION('',(-1.E0,0.E0,0.E0));
#2867=AXIS2_PLACEMENT_3D('',#2864,#2865,#2866);
#2869=CARTESIAN_POINT('',(8.E-1,1.4E0,2.9E0));
#2870=DIRECTION('',(0.E0,-1.E0,0.E0));
#2871=DIRECTION('',(0.E0,0.E0,1.E0));
#2872=AXIS2_PLACEMENT_3D('',#2869,#2870,#2871);
#2874=DIRECTION('',(0.E0,0.E0,1.E0));
#2875=VECTOR('',#2874,5.799999999987E0);
#2876=CARTESIAN_POINT('',(7.E-1,1.58E0,-2.899999999763E0));
#2877=LINE('',#2876,#2875);
#2878=DIRECTION('',(0.E0,-1.E0,-1.244910347648E-9));
#2879=VECTOR('',#2878,1.8E-1);
#2880=CARTESIAN_POINT('',(7.E-1,1.58E0,2.900000000224E0));
#2881=LINE('',#2880,#2879);
#2882=DIRECTION('',(0.E0,-1.E0,-1.317422714130E-9));
#2883=VECTOR('',#2882,1.8E-1);
#2884=CARTESIAN_POINT('',(7.E-1,1.58E0,-2.899999999763E0));
#2885=LINE('',#2884,#2883);
#2886=CARTESIAN_POINT('',(8.E-1,1.58E0,-2.9E0));
#2887=DIRECTION('',(0.E0,0.E0,1.E0));
#2888=DIRECTION('',(0.E0,1.E0,0.E0));
#2889=AXIS2_PLACEMENT_3D('',#2886,#2887,#2888);
#2891=CARTESIAN_POINT('',(8.E-1,1.58E0,-2.9E0));
#2892=DIRECTION('',(-1.E0,0.E0,0.E0));
#2893=DIRECTION('',(0.E0,1.E0,0.E0));
#2894=AXIS2_PLACEMENT_3D('',#2891,#2892,#2893);
#2896=CARTESIAN_POINT('',(8.E-1,1.58E0,-2.9E0));
#2897=DIRECTION('',(0.E0,1.E0,0.E0));
#2898=DIRECTION('',(0.E0,0.E0,-1.E0));
#2899=AXIS2_PLACEMENT_3D('',#2896,#2897,#2898);
#2901=CARTESIAN_POINT('',(8.E-1,1.4E0,-2.9E0));
#2902=DIRECTION('',(0.E0,-1.E0,0.E0));
#2903=DIRECTION('',(-1.E0,0.E0,0.E0));
#2904=AXIS2_PLACEMENT_3D('',#2901,#2902,#2903);
#2906=CARTESIAN_POINT('',(1.4E0,1.58E0,-2.9E0));
#2907=DIRECTION('',(-1.E0,0.E0,0.E0));
#2908=DIRECTION('',(0.E0,1.E0,0.E0));
#2909=AXIS2_PLACEMENT_3D('',#2906,#2907,#2908);
#2911=CARTESIAN_POINT('',(-8.E-1,1.58E0,-2.9E0));
#2912=DIRECTION('',(0.E0,1.E0,0.E0));
#2913=DIRECTION('',(1.E0,0.E0,0.E0));
#2914=AXIS2_PLACEMENT_3D('',#2911,#2912,#2913);
#2916=CARTESIAN_POINT('',(-8.E-1,1.4E0,-2.9E0));
#2917=DIRECTION('',(0.E0,-1.E0,0.E0));
#2918=DIRECTION('',(0.E0,0.E0,-1.E0));
#2919=AXIS2_PLACEMENT_3D('',#2916,#2917,#2918);
#2921=CARTESIAN_POINT('',(-8.E-1,1.58E0,-2.9E0));
#2922=DIRECTION('',(0.E0,0.E0,-1.E0));
#2923=DIRECTION('',(0.E0,1.E0,0.E0));
#2924=AXIS2_PLACEMENT_3D('',#2921,#2922,#2923);
#2926=CARTESIAN_POINT('',(-8.E-1,1.58E0,2.9E0));
#2927=DIRECTION('',(0.E0,0.E0,-1.E0));
#2928=DIRECTION('',(0.E0,1.E0,0.E0));
#2929=AXIS2_PLACEMENT_3D('',#2926,#2927,#2928);
#2931=DIRECTION('',(0.E0,0.E0,-1.E0));
#2932=VECTOR('',#2931,5.799999999987E0);
#2933=CARTESIAN_POINT('',(-7.E-1,1.58E0,2.900000000224E0));
#2934=LINE('',#2933,#2932);
#2935=DIRECTION('',(0.E0,1.E0,1.317417779805E-9));
#2936=VECTOR('',#2935,1.8E-1);
#2937=CARTESIAN_POINT('',(-7.E-1,1.4E0,-2.9E0));
#2938=LINE('',#2937,#2936);
#2939=DIRECTION('',(0.E0,1.E0,1.244907880486E-9));
#2940=VECTOR('',#2939,1.8E-1);
#2941=CARTESIAN_POINT('',(-7.E-1,1.4E0,2.9E0));
#2942=LINE('',#2941,#2940);
#2943=CARTESIAN_POINT('',(-8.E-1,1.58E0,2.9E0));
#2944=DIRECTION('',(0.E0,1.E0,0.E0));
#2945=DIRECTION('',(0.E0,0.E0,1.E0));
#2946=AXIS2_PLACEMENT_3D('',#2943,#2944,#2945);
#2948=CARTESIAN_POINT('',(-8.E-1,1.4E0,2.9E0));
#2949=DIRECTION('',(0.E0,-1.E0,0.E0));
#2950=DIRECTION('',(1.E0,0.E0,0.E0));
#2951=AXIS2_PLACEMENT_3D('',#2948,#2949,#2950);
#2953=CARTESIAN_POINT('',(-8.E-1,1.58E0,2.9E0));
#2954=DIRECTION('',(1.E0,0.E0,0.E0));
#2955=DIRECTION('',(0.E0,1.E0,0.E0));
#2956=AXIS2_PLACEMENT_3D('',#2953,#2954,#2955);
#2958=DIRECTION('',(0.E0,0.E0,-1.E0));
#2959=VECTOR('',#2958,6.E0);
#2960=CARTESIAN_POINT('',(-2.65E0,5.05E-1,3.E0));
#2961=LINE('',#2960,#2959);
#2962=DIRECTION('',(0.E0,0.E0,-1.E0));
#2963=VECTOR('',#2962,6.E0);
#2964=CARTESIAN_POINT('',(-1.85E0,5.05E-1,3.E0));
#2965=LINE('',#2964,#2963);
#2966=DIRECTION('',(0.E0,0.E0,-1.E0));
#2967=VECTOR('',#2966,6.E0);
#2968=CARTESIAN_POINT('',(-1.85E0,8.55E-1,3.E0));
#2969=LINE('',#2968,#2967);
#2970=DIRECTION('',(0.E0,0.E0,-1.E0));
#2971=VECTOR('',#2970,6.E0);
#2972=CARTESIAN_POINT('',(-2.65E0,8.55E-1,3.E0));
#2973=LINE('',#2972,#2971);
#2974=DIRECTION('',(0.E0,0.E0,-1.E0));
#2975=VECTOR('',#2974,6.E0);
#2976=CARTESIAN_POINT('',(2.65E0,8.55E-1,3.E0));
#2977=LINE('',#2976,#2975);
#2978=DIRECTION('',(0.E0,0.E0,-1.E0));
#2979=VECTOR('',#2978,6.E0);
#2980=CARTESIAN_POINT('',(1.85E0,8.55E-1,3.E0));
#2981=LINE('',#2980,#2979);
#2982=DIRECTION('',(0.E0,0.E0,-1.E0));
#2983=VECTOR('',#2982,6.E0);
#2984=CARTESIAN_POINT('',(1.85E0,5.05E-1,3.E0));
#2985=LINE('',#2984,#2983);
#2986=DIRECTION('',(0.E0,0.E0,-1.E0));
#2987=VECTOR('',#2986,6.E0);
#2988=CARTESIAN_POINT('',(2.65E0,5.05E-1,3.E0));
#2989=LINE('',#2988,#2987);
#2990=DIRECTION('',(0.E0,0.E0,-1.E0));
#2991=VECTOR('',#2990,2.E-2);
#2992=CARTESIAN_POINT('',(-8.786E-1,-7.194E-1,-3.E0));
#2993=LINE('',#2992,#2991);
#2994=DIRECTION('',(0.E0,0.E0,-1.E0));
#2995=VECTOR('',#2994,2.E-2);
#2996=CARTESIAN_POINT('',(-8.311E-1,-7.194E-1,-3.E0));
#2997=LINE('',#2996,#2995);
#2998=DIRECTION('',(0.E0,0.E0,-1.E0));
#2999=VECTOR('',#2998,2.E-2);
#3000=CARTESIAN_POINT('',(-8.311E-1,-3.879106381774E-1,-3.E0));
#3001=LINE('',#3000,#2999);
#3002=DIRECTION('',(0.E0,0.E0,-1.E0));
#3003=VECTOR('',#3002,2.E-2);
#3004=CARTESIAN_POINT('',(-5.936E-1,-3.879106381774E-1,-3.E0));
#3005=LINE('',#3004,#3003);
#3006=DIRECTION('',(0.E0,0.E0,-1.E0));
#3007=VECTOR('',#3006,2.E-2);
#3008=CARTESIAN_POINT('',(-5.936E-1,-3.394E-1,-3.E0));
#3009=LINE('',#3008,#3007);
#3010=DIRECTION('',(0.E0,0.E0,-1.E0));
#3011=VECTOR('',#3010,2.E-2);
#3012=CARTESIAN_POINT('',(-8.786E-1,-3.394E-1,-3.E0));
#3013=LINE('',#3012,#3011);
#3014=DIRECTION('',(0.E0,1.E0,0.E0));
#3015=VECTOR('',#3014,3.8E-1);
#3016=CARTESIAN_POINT('',(-8.786E-1,-7.194E-1,-3.02E0));
#3017=LINE('',#3016,#3015);
#3018=DIRECTION('',(-1.E0,0.E0,0.E0));
#3019=VECTOR('',#3018,4.75E-2);
#3020=CARTESIAN_POINT('',(-8.311E-1,-7.194E-1,-3.02E0));
#3021=LINE('',#3020,#3019);
#3022=DIRECTION('',(0.E0,-1.E0,0.E0));
#3023=VECTOR('',#3022,3.314893618226E-1);
#3024=CARTESIAN_POINT('',(-8.311E-1,-3.879106381774E-1,-3.02E0));
#3025=LINE('',#3024,#3023);
#3026=DIRECTION('',(-1.E0,0.E0,0.E0));
#3027=VECTOR('',#3026,2.375E-1);
#3028=CARTESIAN_POINT('',(-5.936E-1,-3.879106381774E-1,-3.02E0));
#3029=LINE('',#3028,#3027);
#3030=DIRECTION('',(0.E0,-1.E0,0.E0));
#3031=VECTOR('',#3030,4.851063817739E-2);
#3032=CARTESIAN_POINT('',(-5.936E-1,-3.394E-1,-3.02E0));
#3033=LINE('',#3032,#3031);
#3034=DIRECTION('',(1.E0,0.E0,0.E0));
#3035=VECTOR('',#3034,2.85E-1);
#3036=CARTESIAN_POINT('',(-8.786E-1,-3.394E-1,-3.02E0));
#3037=LINE('',#3036,#3035);
#3038=DIRECTION('',(-1.E0,0.E0,0.E0));
#3039=VECTOR('',#3038,4.75E-2);
#3040=CARTESIAN_POINT('',(-2.215166817665E-1,-4.364212763548E-1,-3.02E0));
#3041=LINE('',#3040,#3039);
#3042=DIRECTION('',(1.921821214477E-1,-9.813592778365E-1,0.E0));
#3043=VECTOR('',#3042,4.119340762473E-2);
#3044=CARTESIAN_POINT('',(-2.294333182335E-1,-3.959957435966E-1,-3.02E0));
#3045=LINE('',#3044,#3043);
#3046=DIRECTION('',(6.996249742329E-1,-7.145102486526E-1,0.E0));
#3047=VECTOR('',#3046,4.526236617158E-2);
#3048=CARTESIAN_POINT('',(-2.611E-1,-3.636553190887E-1,-3.02E0));
#3049=LINE('',#3048,#3047);
#3050=DIRECTION('',(8.906053505096E-1,-4.547769889117E-1,0.E0));
#3051=VECTOR('',#3050,3.555635697494E-2);
#3052=CARTESIAN_POINT('',(-2.927666817665E-1,-3.474851061270E-1,-3.02E0));
#3053=LINE('',#3052,#3051);
#3054=DIRECTION('',(9.797706908745E-1,-2.001234451615E-1,0.E0));
#3055=VECTOR('',#3054,4.040059434536E-2);
#3056=CARTESIAN_POINT('',(-3.3235E-1,-3.394E-1,-3.02E0));
#3057=LINE('',#3056,#3055);
#3058=DIRECTION('',(1.E0,0.E0,0.E0));
#3059=VECTOR('',#3058,7.125E-2);
#3060=CARTESIAN_POINT('',(-4.036E-1,-3.394E-1,-3.02E0));
#3061=LINE('',#3060,#3059);
#3062=DIRECTION('',(9.797706908745E-1,2.001234451615E-1,0.E0));
#3063=VECTOR('',#3062,4.040059434536E-2);
#3064=CARTESIAN_POINT('',(-4.431833182335E-1,-3.474851061270E-1,-3.02E0));
#3065=LINE('',#3064,#3063);
#3066=DIRECTION('',(8.906053505096E-1,4.547769889117E-1,0.E0));
#3067=VECTOR('',#3066,3.555635697494E-2);
#3068=CARTESIAN_POINT('',(-4.7485E-1,-3.636553190887E-1,-3.02E0));
#3069=LINE('',#3068,#3067);
#3070=DIRECTION('',(6.996247187608E-1,7.145104988025E-1,0.E0));
#3071=VECTOR('',#3070,4.526235032524E-2);
#3072=CARTESIAN_POINT('',(-5.065166591167E-1,-3.959957435966E-1,-3.02E0));
#3073=LINE('',#3072,#3071);
#3074=DIRECTION('',(4.397136028534E-1,8.981380447713E-1,0.E0));
#3075=VECTOR('',#3074,3.600830354237E-2);
#3076=CARTESIAN_POINT('',(-5.2235E-1,-4.283361709356E-1,-3.02E0));
#3077=LINE('',#3076,#3075);
#3078=DIRECTION('',(1.921826769043E-1,9.813591690599E-1,0.E0));
#3079=VECTOR('',#3078,4.119340642073E-2);
#3080=CARTESIAN_POINT('',(-5.302666591167E-1,-4.687616980314E-1,-3.02E0));
#3081=LINE('',#3080,#3079);
#3082=DIRECTION('',(0.E0,1.E0,0.E0));
#3083=VECTOR('',#3082,1.212765926123E-1);
#3084=CARTESIAN_POINT('',(-5.302666591167E-1,-5.900382906437E-1,-3.02E0));
#3085=LINE('',#3084,#3083);
#3086=DIRECTION('',(-1.921825732045E-1,9.813591893677E-1,0.E0));
#3087=VECTOR('',#3086,4.119342864829E-2);
#3088=CARTESIAN_POINT('',(-5.2235E-1,-6.304638403893E-1,-3.02E0));
#3089=LINE('',#3088,#3087);
#3090=DIRECTION('',(-4.397136649566E-1,8.981380143666E-1,0.E0));
#3091=VECTOR('',#3090,3.600829845672E-2);
#3092=CARTESIAN_POINT('',(-5.065166591167E-1,-6.628042620659E-1,-3.02E0));
#3093=LINE('',#3092,#3091);
#3094=DIRECTION('',(-6.996247500295E-1,7.145104681851E-1,0.E0));
#3095=VECTOR('',#3094,4.526234830230E-2);
#3096=CARTESIAN_POINT('',(-4.7485E-1,-6.951446837425E-1,-3.02E0));
#3097=LINE('',#3096,#3095);
#3098=DIRECTION('',(-8.906053746977E-1,4.547769415434E-1,0.E0));
#3099=VECTOR('',#3098,3.555635600926E-2);
#3100=CARTESIAN_POINT('',(-4.431833182335E-1,-7.113148945808E-1,-3.02E0));
#3101=LINE('',#3100,#3099);
#3102=DIRECTION('',(-9.797706943097E-1,2.001234283435E-1,0.E0));
#3103=VECTOR('',#3102,4.040059420371E-2);
#3104=CARTESIAN_POINT('',(-4.036E-1,-7.194E-1,-3.02E0));
#3105=LINE('',#3104,#3103);
#3106=DIRECTION('',(-1.E0,0.E0,0.E0));
#3107=VECTOR('',#3106,7.125E-2);
#3108=CARTESIAN_POINT('',(-3.3235E-1,-7.194E-1,-3.02E0));
#3109=LINE('',#3108,#3107);
#3110=DIRECTION('',(-9.797706943097E-1,-2.001234283435E-1,0.E0));
#3111=VECTOR('',#3110,4.040059420371E-2);
#3112=CARTESIAN_POINT('',(-2.927666817665E-1,-7.113148945808E-1,-3.02E0));
#3113=LINE('',#3112,#3111);
#3114=DIRECTION('',(-8.906053746977E-1,-4.547769415434E-1,0.E0));
#3115=VECTOR('',#3114,3.555635600926E-2);
#3116=CARTESIAN_POINT('',(-2.611E-1,-6.951446837425E-1,-3.02E0));
#3117=LINE('',#3116,#3115);
#3118=DIRECTION('',(-6.996250055017E-1,-7.145102180353E-1,0.E0));
#3119=VECTOR('',#3118,4.526236414864E-2);
#3120=CARTESIAN_POINT('',(-2.294333182335E-1,-6.628042620659E-1,-3.02E0));
#3121=LINE('',#3120,#3119);
#3122=DIRECTION('',(-1.921820436730E-1,-9.813592930674E-1,0.E0));
#3123=VECTOR('',#3122,4.119342429540E-2);
#3124=CARTESIAN_POINT('',(-2.215166817665E-1,-6.223787123203E-1,-3.02E0));
#3125=LINE('',#3124,#3123);
#3126=DIRECTION('',(1.E0,0.E0,0.E0));
#3127=VECTOR('',#3126,4.75E-2);
#3128=CARTESIAN_POINT('',(-2.690166817665E-1,-6.223787123203E-1,-3.02E0));
#3129=LINE('',#3128,#3127);
#3130=DIRECTION('',(3.102787334496E-1,9.506456267027E-1,0.E0));
#3131=VECTOR('',#3130,2.551459579252E-2);
#3132=CARTESIAN_POINT('',(-2.769333182335E-1,-6.466340512276E-1,-3.02E0));
#3133=LINE('',#3132,#3131);
#3134=DIRECTION('',(8.265992787996E-1,5.627909312417E-1,0.E0));
#3135=VECTOR('',#3134,2.873218088756E-2);
#3136=CARTESIAN_POINT('',(-3.006833182335E-1,-6.628042620659E-1,-3.02E0));
#3137=LINE('',#3136,#3135);
#3138=DIRECTION('',(9.689177459678E-1,2.473831068378E-1,0.E0));
#3139=VECTOR('',#3138,3.268252841719E-2);
#3140=CARTESIAN_POINT('',(-3.3235E-1,-6.708893674850E-1,-3.02E0));
#3141=LINE('',#3140,#3139);
#3142=DIRECTION('',(1.E0,0.E0,0.E0));
#3143=VECTOR('',#3142,7.125E-2);
#3144=CARTESIAN_POINT('',(-4.036E-1,-6.708893674850E-1,-3.02E0));
#3145=LINE('',#3144,#3143);
#3146=DIRECTION('',(9.689177459678E-1,-2.473831068378E-1,0.E0));
#3147=VECTOR('',#3146,3.268252841719E-2);
#3148=CARTESIAN_POINT('',(-4.352666817665E-1,-6.628042620659E-1,-3.02E0));
#3149=LINE('',#3148,#3147);
#3150=DIRECTION('',(8.265992787996E-1,-5.627909312417E-1,0.E0));
#3151=VECTOR('',#3150,2.873218088756E-2);
#3152=CARTESIAN_POINT('',(-4.590166817665E-1,-6.466340512276E-1,-3.02E0));
#3153=LINE('',#3152,#3151);
#3154=DIRECTION('',(5.466218231676E-1,-8.373795927994E-1,0.E0));
#3155=VECTOR('',#3154,2.896576309694E-2);
#3156=CARTESIAN_POINT('',(-4.7485E-1,-6.223787123203E-1,-3.02E0));
#3157=LINE('',#3156,#3155);
#3158=DIRECTION('',(2.377717803411E-1,-9.713210491251E-1,0.E0));
#3159=VECTOR('',#3158,3.329529583011E-2);
#3160=CARTESIAN_POINT('',(-4.827666817665E-1,-5.900382906437E-1,-3.02E0));
#3161=LINE('',#3160,#3159);
#3162=DIRECTION('',(0.E0,-1.E0,0.E0));
#3163=VECTOR('',#3162,1.212765926123E-1);
#3164=CARTESIAN_POINT('',(-4.827666817665E-1,-4.687616980314E-1,-3.02E0));
#3165=LINE('',#3164,#3163);
#3166=DIRECTION('',(-2.377717803411E-1,-9.713210491251E-1,0.E0));
#3167=VECTOR('',#3166,3.329529583011E-2);
#3168=CARTESIAN_POINT('',(-4.7485E-1,-4.364212763548E-1,-3.02E0));
#3169=LINE('',#3168,#3167);
#3170=DIRECTION('',(-5.466221810895E-1,-8.373793591563E-1,0.E0));
#3171=VECTOR('',#3170,2.896574413049E-2);
#3172=CARTESIAN_POINT('',(-4.590166817665E-1,-4.121659600973E-1,-3.02E0));
#3173=LINE('',#3172,#3171);
#3174=DIRECTION('',(-8.265991871191E-1,-5.627910658975E-1,0.E0));
#3175=VECTOR('',#3174,2.873218407433E-2);
#3176=CARTESIAN_POINT('',(-4.352666817665E-1,-3.959957435966E-1,-3.02E0));
#3177=LINE('',#3176,#3175);
#3178=DIRECTION('',(-9.689177459678E-1,-2.473831068378E-1,0.E0));
#3179=VECTOR('',#3178,3.268252841719E-2);
#3180=CARTESIAN_POINT('',(-4.036E-1,-3.879106381774E-1,-3.02E0));
#3181=LINE('',#3180,#3179);
#3182=DIRECTION('',(-1.E0,0.E0,0.E0));
#3183=VECTOR('',#3182,7.125E-2);
#3184=CARTESIAN_POINT('',(-3.3235E-1,-3.879106381774E-1,-3.02E0));
#3185=LINE('',#3184,#3183);
#3186=DIRECTION('',(-9.689177459678E-1,2.473831068378E-1,0.E0));
#3187=VECTOR('',#3186,3.268252841719E-2);
#3188=CARTESIAN_POINT('',(-3.006833182335E-1,-3.959957435966E-1,-3.02E0));
#3189=LINE('',#3188,#3187);
#3190=DIRECTION('',(-8.265991871191E-1,5.627910658976E-1,0.E0));
#3191=VECTOR('',#3190,2.873218407433E-2);
#3192=CARTESIAN_POINT('',(-2.769333182335E-1,-4.121659600973E-1,-3.02E0));
#3193=LINE('',#3192,#3191);
#3194=DIRECTION('',(-3.102789952956E-1,9.506455412394E-1,0.E0));
#3195=VECTOR('',#3194,2.551457426062E-2);
#3196=CARTESIAN_POINT('',(-2.690166817665E-1,-4.364212763548E-1,-3.02E0));
#3197=LINE('',#3196,#3195);
#3198=DIRECTION('',(-1.E0,0.E0,0.E0));
#3199=VECTOR('',#3198,2.375E-1);
#3200=CARTESIAN_POINT('',(1.268166364670E-1,-3.879106381774E-1,-3.02E0));
#3201=LINE('',#3200,#3199);
#3202=DIRECTION('',(0.E0,-1.E0,0.E0));
#3203=VECTOR('',#3202,4.851063817739E-2);
#3204=CARTESIAN_POINT('',(1.268166364670E-1,-3.394E-1,-3.02E0));
#3205=LINE('',#3204,#3203);
#3206=DIRECTION('',(1.E0,0.E0,0.E0));
#3207=VECTOR('',#3206,2.849999547005E-1);
#3208=CARTESIAN_POINT('',(-1.581833182335E-1,-3.394E-1,-3.02E0));
#3209=LINE('',#3208,#3207);
#3210=DIRECTION('',(0.E0,1.E0,0.E0));
#3211=VECTOR('',#3210,3.8E-1);
#3212=CARTESIAN_POINT('',(-1.581833182335E-1,-7.194E-1,-3.02E0));
#3213=LINE('',#3212,#3211);
#3214=DIRECTION('',(-1.E0,0.E0,0.E0));
#3215=VECTOR('',#3214,2.849999547005E-1);
#3216=CARTESIAN_POINT('',(1.268166364670E-1,-7.194E-1,-3.02E0));
#3217=LINE('',#3216,#3215);
#3218=DIRECTION('',(0.E0,-1.E0,0.E0));
#3219=VECTOR('',#3218,4.851063251495E-2);
#3220=CARTESIAN_POINT('',(1.268166364670E-1,-6.708893674850E-1,-3.02E0));
#3221=LINE('',#3220,#3219);
#3222=DIRECTION('',(1.E0,0.E0,0.E0));
#3223=VECTOR('',#3222,2.375E-1);
#3224=CARTESIAN_POINT('',(-1.106833635330E-1,-6.708893674850E-1,-3.02E0));
#3225=LINE('',#3224,#3223);
#3226=DIRECTION('',(0.E0,-1.E0,0.E0));
#3227=VECTOR('',#3226,1.051063930988E-1);
#3228=CARTESIAN_POINT('',(-1.106833635330E-1,-5.657829743862E-1,-3.02E0));
#3229=LINE('',#3228,#3227);
#3230=DIRECTION('',(-1.E0,0.E0,0.E0));
#3231=VECTOR('',#3230,2.058333635330E-1);
#3232=CARTESIAN_POINT('',(9.515E-2,-5.657829743862E-1,-3.02E0));
#3233=LINE('',#3232,#3231);
#3234=DIRECTION('',(0.E0,-1.E0,0.E0));
#3235=VECTOR('',#3234,4.851063251495E-2);
#3236=CARTESIAN_POINT('',(9.515E-2,-5.172723418713E-1,-3.02E0));
#3237=LINE('',#3236,#3235);
#3238=DIRECTION('',(1.E0,0.E0,0.E0));
#3239=VECTOR('',#3238,2.058333635330E-1);
#3240=CARTESIAN_POINT('',(-1.106833635330E-1,-5.172723418713E-1,-3.02E0));
#3241=LINE('',#3240,#3239);
#3242=DIRECTION('',(0.E0,-1.E0,0.E0));
#3243=VECTOR('',#3242,1.293617036939E-1);
#3244=CARTESIAN_POINT('',(-1.106833635330E-1,-3.879106381774E-1,-3.02E0));
#3245=LINE('',#3244,#3243);
#3246=DIRECTION('',(-1.E0,0.E0,0.E0));
#3247=VECTOR('',#3246,1.9E-1);
#3248=CARTESIAN_POINT('',(3.8015E-1,-7.194E-1,-3.02E0));
#3249=LINE('',#3248,#3247);
#3250=DIRECTION('',(-9.797707392153E-1,-2.001232084928E-1,0.E0));
#3251=VECTOR('',#3250,4.040063858686E-2);
#3252=CARTESIAN_POINT('',(4.197333635330E-1,-7.113148945808E-1,-3.02E0));
#3253=LINE('',#3252,#3251);
#3254=DIRECTION('',(-8.906051112017E-1,-4.547774575564E-1,0.E0));
#3255=VECTOR('',#3254,3.555631566526E-2);
#3256=CARTESIAN_POINT('',(4.514E-1,-6.951446837425E-1,-3.02E0));
#3257=LINE('',#3256,#3255);
#3258=DIRECTION('',(-6.996244945571E-1,-7.145107183351E-1,0.E0));
#3259=VECTOR('',#3258,4.526233245597E-2);
#3260=CARTESIAN_POINT('',(4.830666364670E-1,-6.628042620659E-1,-3.02E0));
#3261=LINE('',#3260,#3259);
#3262=DIRECTION('',(-4.397141723527E-1,-8.981377659536E-1,0.E0));
#3263=VECTOR('',#3262,3.600830841613E-2);
#3264=CARTESIAN_POINT('',(4.989E-1,-6.304638403893E-1,-3.02E0));
#3265=LINE('',#3264,#3263);
#3266=DIRECTION('',(-1.921820436730E-1,-9.813592930674E-1,0.E0));
#3267=VECTOR('',#3266,4.119342429540E-2);
#3268=CARTESIAN_POINT('',(5.068166364670E-1,-5.900382906437E-1,-3.02E0));
#3269=LINE('',#3268,#3267);
#3270=DIRECTION('',(0.E0,-1.E0,0.E0));
#3271=VECTOR('',#3270,1.212765926123E-1);
#3272=CARTESIAN_POINT('',(5.068166364670E-1,-4.687616980314E-1,-3.02E0));
#3273=LINE('',#3272,#3271);
#3274=DIRECTION('',(1.921821473726E-1,-9.813592727596E-1,0.E0));
#3275=VECTOR('',#3274,4.119340206785E-2);
#3276=CARTESIAN_POINT('',(4.989E-1,-4.283361709356E-1,-3.02E0));
#3277=LINE('',#3276,#3275);
#3278=DIRECTION('',(4.397141102494E-1,-8.981377963584E-1,0.E0));
#3279=VECTOR('',#3278,3.600831350179E-2);
#3280=CARTESIAN_POINT('',(4.830666364670E-1,-3.959957435966E-1,-3.02E0));
#3281=LINE('',#3280,#3279);
#3282=DIRECTION('',(6.996244632883E-1,-7.145107489524E-1,0.E0));
#3283=VECTOR('',#3282,4.526233447890E-2);
#3284=CARTESIAN_POINT('',(4.514E-1,-3.636553190887E-1,-3.02E0));
#3285=LINE('',#3284,#3283);
#3286=DIRECTION('',(8.906050870136E-1,-4.547775049247E-1,0.E0));
#3287=VECTOR('',#3286,3.555631663094E-2);
#3288=CARTESIAN_POINT('',(4.197333635330E-1,-3.474851061270E-1,-3.02E0));
#3289=LINE('',#3288,#3287);
#3290=DIRECTION('',(9.797707357802E-1,-2.001232253108E-1,0.E0));
#3291=VECTOR('',#3290,4.040063872851E-2);
#3292=CARTESIAN_POINT('',(3.8015E-1,-3.394E-1,-3.02E0));
#3293=LINE('',#3292,#3291);
#3294=DIRECTION('',(1.E0,0.E0,0.E0));
#3295=VECTOR('',#3294,1.9E-1);
#3296=CARTESIAN_POINT('',(1.9015E-1,-3.394E-1,-3.02E0));
#3297=LINE('',#3296,#3295);
#3298=DIRECTION('',(0.E0,1.E0,0.E0));
#3299=VECTOR('',#3298,3.8E-1);
#3300=CARTESIAN_POINT('',(1.9015E-1,-7.194E-1,-3.02E0));
#3301=LINE('',#3300,#3299);
#3302=DIRECTION('',(1.E0,0.E0,0.E0));
#3303=VECTOR('',#3302,1.425E-1);
#3304=CARTESIAN_POINT('',(2.3765E-1,-6.708893674850E-1,-3.02E0));
#3305=LINE('',#3304,#3303);
#3306=DIRECTION('',(0.E0,-1.E0,0.E0));
#3307=VECTOR('',#3306,2.829787293077E-1);
#3308=CARTESIAN_POINT('',(2.3765E-1,-3.879106381774E-1,-3.02E0));
#3309=LINE('',#3308,#3307);
#3310=DIRECTION('',(-1.E0,0.E0,0.E0));
#3311=VECTOR('',#3310,1.425E-1);
#3312=CARTESIAN_POINT('',(3.8015E-1,-3.879106381774E-1,-3.02E0));
#3313=LINE('',#3312,#3311);
#3314=DIRECTION('',(-9.689176611437E-1,2.473834390653E-1,0.E0));
#3315=VECTOR('',#3314,3.268248452567E-2);
#3316=CARTESIAN_POINT('',(4.118166364670E-1,-3.959957435966E-1,-3.02E0));
#3317=LINE('',#3316,#3315);
#3318=DIRECTION('',(-8.265991871191E-1,5.627910658976E-1,0.E0));
#3319=VECTOR('',#3318,2.873218407433E-2);
#3320=CARTESIAN_POINT('',(4.355666364670E-1,-4.121659600973E-1,-3.02E0));
#3321=LINE('',#3320,#3319);
#3322=DIRECTION('',(-5.466232777014E-1,8.373786433120E-1,0.E0));
#3323=VECTOR('',#3322,2.896576889225E-2);
#3324=CARTESIAN_POINT('',(4.514E-1,-4.364212763548E-1,-3.02E0));
#3325=LINE('',#3324,#3323);
#3326=DIRECTION('',(-2.377704967206E-1,9.713213633444E-1,0.E0));
#3327=VECTOR('',#3326,3.329528505919E-2);
#3328=CARTESIAN_POINT('',(4.593166364670E-1,-4.687616980314E-1,-3.02E0));
#3329=LINE('',#3328,#3327);
#3330=DIRECTION('',(0.E0,1.E0,0.E0));
#3331=VECTOR('',#3330,1.212765926123E-1);
#3332=CARTESIAN_POINT('',(4.593166364670E-1,-5.900382906437E-1,-3.02E0));
#3333=LINE('',#3332,#3331);
#3334=DIRECTION('',(2.377704967206E-1,9.713213633444E-1,0.E0));
#3335=VECTOR('',#3334,3.329528505919E-2);
#3336=CARTESIAN_POINT('',(4.514E-1,-6.223787123203E-1,-3.02E0));
#3337=LINE('',#3336,#3335);
#3338=DIRECTION('',(5.466229197794E-1,8.373788769559E-1,0.E0));
#3339=VECTOR('',#3338,2.896578785868E-2);
#3340=CARTESIAN_POINT('',(4.355666364670E-1,-6.466340512276E-1,-3.02E0));
#3341=LINE('',#3340,#3339);
#3342=DIRECTION('',(8.265992787996E-1,5.627909312417E-1,0.E0));
#3343=VECTOR('',#3342,2.873218088756E-2);
#3344=CARTESIAN_POINT('',(4.118166364670E-1,-6.628042620659E-1,-3.02E0));
#3345=LINE('',#3344,#3343);
#3346=DIRECTION('',(9.689176611437E-1,2.473834390653E-1,0.E0));
#3347=VECTOR('',#3346,3.268248452567E-2);
#3348=CARTESIAN_POINT('',(3.8015E-1,-6.708893674850E-1,-3.02E0));
#3349=LINE('',#3348,#3347);
#3350=DIRECTION('',(-1.E0,0.E0,0.E0));
#3351=VECTOR('',#3350,6.333327293396E-2);
#3352=CARTESIAN_POINT('',(7.6015E-1,-7.194E-1,-3.02E0));
#3353=LINE('',#3352,#3351);
#3354=DIRECTION('',(-3.162279017271E-1,-9.486832528138E-1,0.E0));
#3355=VECTOR('',#3354,4.005551893880E-1);
#3356=CARTESIAN_POINT('',(8.868167270660E-1,-3.394E-1,-3.02E0));
#3357=LINE('',#3356,#3355);
#3358=DIRECTION('',(1.E0,0.E0,0.E0));
#3359=VECTOR('',#3358,4.75E-2);
#3360=CARTESIAN_POINT('',(8.393167270660E-1,-3.394E-1,-3.02E0));
#3361=LINE('',#3360,#3359);
#3362=DIRECTION('',(3.102805670740E-1,9.506450282288E-1,0.E0));
#3363=VECTOR('',#3362,1.020583640305E-1);
#3364=CARTESIAN_POINT('',(8.0765E-1,-4.364212763548E-1,-3.02E0));
#3365=LINE('',#3364,#3363);
#3366=DIRECTION('',(1.E0,0.E0,0.E0));
#3367=VECTOR('',#3366,1.583332729340E-1);
#3368=CARTESIAN_POINT('',(6.493167270660E-1,-4.364212763548E-1,-3.02E0));
#3369=LINE('',#3368,#3367);
#3370=DIRECTION('',(3.102805670740E-1,-9.506450282288E-1,0.E0));
#3371=VECTOR('',#3370,1.020583640305E-1);
#3372=CARTESIAN_POINT('',(6.1765E-1,-3.394E-1,-3.02E0));
#3373=LINE('',#3372,#3371);
#3374=DIRECTION('',(1.E0,0.E0,0.E0));
#3375=VECTOR('',#3374,4.75E-2);
#3376=CARTESIAN_POINT('',(5.7015E-1,-3.394E-1,-3.02E0));
#3377=LINE('',#3376,#3375);
#3378=DIRECTION('',(-3.162279017271E-1,9.486832528138E-1,0.E0));
#3379=VECTOR('',#3378,4.005551893880E-1);
#3380=CARTESIAN_POINT('',(6.968167270660E-1,-7.194E-1,-3.02E0));
#3381=LINE('',#3380,#3379);
#3382=DIRECTION('',(3.102800213276E-1,9.506452063546E-1,0.E0));
#3383=VECTOR('',#3382,2.296312849765E-1);
#3384=CARTESIAN_POINT('',(7.284832729340E-1,-6.870595783234E-1,-3.02E0));
#3385=LINE('',#3384,#3383);
#3386=DIRECTION('',(3.102800213276E-1,-9.506452063546E-1,0.E0));
#3387=VECTOR('',#3386,2.296312849765E-1);
#3388=CARTESIAN_POINT('',(6.572332729340E-1,-4.687616980314E-1,-3.02E0));
#3389=LINE('',#3388,#3387);
#3390=DIRECTION('',(-1.E0,0.E0,0.E0));
#3391=VECTOR('',#3390,1.425E-1);
#3392=CARTESIAN_POINT('',(7.997332729340E-1,-4.687616980314E-1,-3.02E0));
#3393=LINE('',#3392,#3391);
#3394=DIRECTION('',(0.E0,0.E0,-1.E0));
#3395=VECTOR('',#3394,2.E-2);
#3396=CARTESIAN_POINT('',(-2.215166817665E-1,-4.364212763548E-1,-3.E0));
#3397=LINE('',#3396,#3395);
#3398=DIRECTION('',(0.E0,0.E0,-1.E0));
#3399=VECTOR('',#3398,2.E-2);
#3400=CARTESIAN_POINT('',(-2.294333182335E-1,-3.959957435966E-1,-3.E0));
#3401=LINE('',#3400,#3399);
#3402=DIRECTION('',(0.E0,0.E0,-1.E0));
#3403=VECTOR('',#3402,2.E-2);
#3404=CARTESIAN_POINT('',(-2.611E-1,-3.636553190887E-1,-3.E0));
#3405=LINE('',#3404,#3403);
#3406=DIRECTION('',(0.E0,0.E0,-1.E0));
#3407=VECTOR('',#3406,2.E-2);
#3408=CARTESIAN_POINT('',(-2.927666817665E-1,-3.474851061270E-1,-3.E0));
#3409=LINE('',#3408,#3407);
#3410=DIRECTION('',(0.E0,0.E0,-1.E0));
#3411=VECTOR('',#3410,2.E-2);
#3412=CARTESIAN_POINT('',(-3.3235E-1,-3.394E-1,-3.E0));
#3413=LINE('',#3412,#3411);
#3414=DIRECTION('',(0.E0,0.E0,-1.E0));
#3415=VECTOR('',#3414,2.E-2);
#3416=CARTESIAN_POINT('',(-4.036E-1,-3.394E-1,-3.E0));
#3417=LINE('',#3416,#3415);
#3418=DIRECTION('',(0.E0,0.E0,-1.E0));
#3419=VECTOR('',#3418,2.E-2);
#3420=CARTESIAN_POINT('',(-4.431833182335E-1,-3.474851061270E-1,-3.E0));
#3421=LINE('',#3420,#3419);
#3422=DIRECTION('',(0.E0,0.E0,-1.E0));
#3423=VECTOR('',#3422,2.E-2);
#3424=CARTESIAN_POINT('',(-4.7485E-1,-3.636553190887E-1,-3.E0));
#3425=LINE('',#3424,#3423);
#3426=DIRECTION('',(0.E0,0.E0,-1.E0));
#3427=VECTOR('',#3426,2.E-2);
#3428=CARTESIAN_POINT('',(-5.065166591167E-1,-3.959957435966E-1,-3.E0));
#3429=LINE('',#3428,#3427);
#3430=DIRECTION('',(0.E0,0.E0,-1.E0));
#3431=VECTOR('',#3430,2.E-2);
#3432=CARTESIAN_POINT('',(-5.2235E-1,-4.283361709356E-1,-3.E0));
#3433=LINE('',#3432,#3431);
#3434=DIRECTION('',(0.E0,0.E0,-1.E0));
#3435=VECTOR('',#3434,2.E-2);
#3436=CARTESIAN_POINT('',(-5.302666591167E-1,-4.687616980314E-1,-3.E0));
#3437=LINE('',#3436,#3435);
#3438=DIRECTION('',(0.E0,0.E0,-1.E0));
#3439=VECTOR('',#3438,2.E-2);
#3440=CARTESIAN_POINT('',(-5.302666591167E-1,-5.900382906437E-1,-3.E0));
#3441=LINE('',#3440,#3439);
#3442=DIRECTION('',(0.E0,0.E0,-1.E0));
#3443=VECTOR('',#3442,2.E-2);
#3444=CARTESIAN_POINT('',(-5.2235E-1,-6.304638403893E-1,-3.E0));
#3445=LINE('',#3444,#3443);
#3446=DIRECTION('',(0.E0,0.E0,-1.E0));
#3447=VECTOR('',#3446,2.E-2);
#3448=CARTESIAN_POINT('',(-5.065166591167E-1,-6.628042620659E-1,-3.E0));
#3449=LINE('',#3448,#3447);
#3450=DIRECTION('',(0.E0,0.E0,-1.E0));
#3451=VECTOR('',#3450,2.E-2);
#3452=CARTESIAN_POINT('',(-4.7485E-1,-6.951446837425E-1,-3.E0));
#3453=LINE('',#3452,#3451);
#3454=DIRECTION('',(0.E0,0.E0,-1.E0));
#3455=VECTOR('',#3454,2.E-2);
#3456=CARTESIAN_POINT('',(-4.431833182335E-1,-7.113148945808E-1,-3.E0));
#3457=LINE('',#3456,#3455);
#3458=DIRECTION('',(0.E0,0.E0,-1.E0));
#3459=VECTOR('',#3458,2.E-2);
#3460=CARTESIAN_POINT('',(-4.036E-1,-7.194E-1,-3.E0));
#3461=LINE('',#3460,#3459);
#3462=DIRECTION('',(0.E0,0.E0,-1.E0));
#3463=VECTOR('',#3462,2.E-2);
#3464=CARTESIAN_POINT('',(-3.3235E-1,-7.194E-1,-3.E0));
#3465=LINE('',#3464,#3463);
#3466=DIRECTION('',(0.E0,0.E0,-1.E0));
#3467=VECTOR('',#3466,2.E-2);
#3468=CARTESIAN_POINT('',(-2.927666817665E-1,-7.113148945808E-1,-3.E0));
#3469=LINE('',#3468,#3467);
#3470=DIRECTION('',(0.E0,0.E0,-1.E0));
#3471=VECTOR('',#3470,2.E-2);
#3472=CARTESIAN_POINT('',(-2.611E-1,-6.951446837425E-1,-3.E0));
#3473=LINE('',#3472,#3471);
#3474=DIRECTION('',(0.E0,0.E0,-1.E0));
#3475=VECTOR('',#3474,2.E-2);
#3476=CARTESIAN_POINT('',(-2.294333182335E-1,-6.628042620659E-1,-3.E0));
#3477=LINE('',#3476,#3475);
#3478=DIRECTION('',(0.E0,0.E0,-1.E0));
#3479=VECTOR('',#3478,2.E-2);
#3480=CARTESIAN_POINT('',(-2.215166817665E-1,-6.223787123203E-1,-3.E0));
#3481=LINE('',#3480,#3479);
#3482=DIRECTION('',(0.E0,0.E0,-1.E0));
#3483=VECTOR('',#3482,2.E-2);
#3484=CARTESIAN_POINT('',(-2.690166817665E-1,-6.223787123203E-1,-3.E0));
#3485=LINE('',#3484,#3483);
#3486=DIRECTION('',(0.E0,0.E0,-1.E0));
#3487=VECTOR('',#3486,2.E-2);
#3488=CARTESIAN_POINT('',(-2.769333182335E-1,-6.466340512276E-1,-3.E0));
#3489=LINE('',#3488,#3487);
#3490=DIRECTION('',(0.E0,0.E0,-1.E0));
#3491=VECTOR('',#3490,2.E-2);
#3492=CARTESIAN_POINT('',(-3.006833182335E-1,-6.628042620659E-1,-3.E0));
#3493=LINE('',#3492,#3491);
#3494=DIRECTION('',(0.E0,0.E0,-1.E0));
#3495=VECTOR('',#3494,2.E-2);
#3496=CARTESIAN_POINT('',(-3.3235E-1,-6.708893674850E-1,-3.E0));
#3497=LINE('',#3496,#3495);
#3498=DIRECTION('',(0.E0,0.E0,-1.E0));
#3499=VECTOR('',#3498,2.E-2);
#3500=CARTESIAN_POINT('',(-4.036E-1,-6.708893674850E-1,-3.E0));
#3501=LINE('',#3500,#3499);
#3502=DIRECTION('',(0.E0,0.E0,-1.E0));
#3503=VECTOR('',#3502,2.E-2);
#3504=CARTESIAN_POINT('',(-4.352666817665E-1,-6.628042620659E-1,-3.E0));
#3505=LINE('',#3504,#3503);
#3506=DIRECTION('',(0.E0,0.E0,-1.E0));
#3507=VECTOR('',#3506,2.E-2);
#3508=CARTESIAN_POINT('',(-4.590166817665E-1,-6.466340512276E-1,-3.E0));
#3509=LINE('',#3508,#3507);
#3510=DIRECTION('',(0.E0,0.E0,-1.E0));
#3511=VECTOR('',#3510,2.E-2);
#3512=CARTESIAN_POINT('',(-4.7485E-1,-6.223787123203E-1,-3.E0));
#3513=LINE('',#3512,#3511);
#3514=DIRECTION('',(0.E0,0.E0,-1.E0));
#3515=VECTOR('',#3514,2.E-2);
#3516=CARTESIAN_POINT('',(-4.827666817665E-1,-5.900382906437E-1,-3.E0));
#3517=LINE('',#3516,#3515);
#3518=DIRECTION('',(0.E0,0.E0,-1.E0));
#3519=VECTOR('',#3518,2.E-2);
#3520=CARTESIAN_POINT('',(-4.827666817665E-1,-4.687616980314E-1,-3.E0));
#3521=LINE('',#3520,#3519);
#3522=DIRECTION('',(0.E0,0.E0,-1.E0));
#3523=VECTOR('',#3522,2.E-2);
#3524=CARTESIAN_POINT('',(-4.7485E-1,-4.364212763548E-1,-3.E0));
#3525=LINE('',#3524,#3523);
#3526=DIRECTION('',(0.E0,0.E0,-1.E0));
#3527=VECTOR('',#3526,2.E-2);
#3528=CARTESIAN_POINT('',(-4.590166817665E-1,-4.121659600973E-1,-3.E0));
#3529=LINE('',#3528,#3527);
#3530=DIRECTION('',(0.E0,0.E0,-1.E0));
#3531=VECTOR('',#3530,2.E-2);
#3532=CARTESIAN_POINT('',(-4.352666817665E-1,-3.959957435966E-1,-3.E0));
#3533=LINE('',#3532,#3531);
#3534=DIRECTION('',(0.E0,0.E0,-1.E0));
#3535=VECTOR('',#3534,2.E-2);
#3536=CARTESIAN_POINT('',(-4.036E-1,-3.879106381774E-1,-3.E0));
#3537=LINE('',#3536,#3535);
#3538=DIRECTION('',(0.E0,0.E0,-1.E0));
#3539=VECTOR('',#3538,2.E-2);
#3540=CARTESIAN_POINT('',(-3.3235E-1,-3.879106381774E-1,-3.E0));
#3541=LINE('',#3540,#3539);
#3542=DIRECTION('',(0.E0,0.E0,-1.E0));
#3543=VECTOR('',#3542,2.E-2);
#3544=CARTESIAN_POINT('',(-3.006833182335E-1,-3.959957435966E-1,-3.E0));
#3545=LINE('',#3544,#3543);
#3546=DIRECTION('',(0.E0,0.E0,-1.E0));
#3547=VECTOR('',#3546,2.E-2);
#3548=CARTESIAN_POINT('',(-2.769333182335E-1,-4.121659600973E-1,-3.E0));
#3549=LINE('',#3548,#3547);
#3550=DIRECTION('',(0.E0,0.E0,-1.E0));
#3551=VECTOR('',#3550,2.E-2);
#3552=CARTESIAN_POINT('',(-2.690166817665E-1,-4.364212763548E-1,-3.E0));
#3553=LINE('',#3552,#3551);
#3554=DIRECTION('',(0.E0,0.E0,-1.E0));
#3555=VECTOR('',#3554,2.E-2);
#3556=CARTESIAN_POINT('',(1.268166364670E-1,-3.879106381774E-1,-3.E0));
#3557=LINE('',#3556,#3555);
#3558=DIRECTION('',(0.E0,0.E0,-1.E0));
#3559=VECTOR('',#3558,2.E-2);
#3560=CARTESIAN_POINT('',(1.268166364670E-1,-3.394E-1,-3.E0));
#3561=LINE('',#3560,#3559);
#3562=DIRECTION('',(0.E0,0.E0,-1.E0));
#3563=VECTOR('',#3562,2.E-2);
#3564=CARTESIAN_POINT('',(-1.581833182335E-1,-3.394E-1,-3.E0));
#3565=LINE('',#3564,#3563);
#3566=DIRECTION('',(0.E0,0.E0,-1.E0));
#3567=VECTOR('',#3566,2.E-2);
#3568=CARTESIAN_POINT('',(-1.581833182335E-1,-7.194E-1,-3.E0));
#3569=LINE('',#3568,#3567);
#3570=DIRECTION('',(0.E0,0.E0,-1.E0));
#3571=VECTOR('',#3570,2.E-2);
#3572=CARTESIAN_POINT('',(1.268166364670E-1,-7.194E-1,-3.E0));
#3573=LINE('',#3572,#3571);
#3574=DIRECTION('',(0.E0,0.E0,-1.E0));
#3575=VECTOR('',#3574,2.E-2);
#3576=CARTESIAN_POINT('',(1.268166364670E-1,-6.708893674850E-1,-3.E0));
#3577=LINE('',#3576,#3575);
#3578=DIRECTION('',(0.E0,0.E0,-1.E0));
#3579=VECTOR('',#3578,2.E-2);
#3580=CARTESIAN_POINT('',(-1.106833635330E-1,-6.708893674850E-1,-3.E0));
#3581=LINE('',#3580,#3579);
#3582=DIRECTION('',(0.E0,0.E0,-1.E0));
#3583=VECTOR('',#3582,2.E-2);
#3584=CARTESIAN_POINT('',(-1.106833635330E-1,-5.657829743862E-1,-3.E0));
#3585=LINE('',#3584,#3583);
#3586=DIRECTION('',(0.E0,0.E0,-1.E0));
#3587=VECTOR('',#3586,2.E-2);
#3588=CARTESIAN_POINT('',(9.515E-2,-5.657829743862E-1,-3.E0));
#3589=LINE('',#3588,#3587);
#3590=DIRECTION('',(0.E0,0.E0,-1.E0));
#3591=VECTOR('',#3590,2.E-2);
#3592=CARTESIAN_POINT('',(9.515E-2,-5.172723418713E-1,-3.E0));
#3593=LINE('',#3592,#3591);
#3594=DIRECTION('',(0.E0,0.E0,-1.E0));
#3595=VECTOR('',#3594,2.E-2);
#3596=CARTESIAN_POINT('',(-1.106833635330E-1,-5.172723418713E-1,-3.E0));
#3597=LINE('',#3596,#3595);
#3598=DIRECTION('',(0.E0,0.E0,-1.E0));
#3599=VECTOR('',#3598,2.E-2);
#3600=CARTESIAN_POINT('',(-1.106833635330E-1,-3.879106381774E-1,-3.E0));
#3601=LINE('',#3600,#3599);
#3602=DIRECTION('',(0.E0,0.E0,-1.E0));
#3603=VECTOR('',#3602,2.E-2);
#3604=CARTESIAN_POINT('',(3.8015E-1,-7.194E-1,-3.E0));
#3605=LINE('',#3604,#3603);
#3606=DIRECTION('',(0.E0,0.E0,-1.E0));
#3607=VECTOR('',#3606,2.E-2);
#3608=CARTESIAN_POINT('',(4.197333635330E-1,-7.113148945808E-1,-3.E0));
#3609=LINE('',#3608,#3607);
#3610=DIRECTION('',(0.E0,0.E0,-1.E0));
#3611=VECTOR('',#3610,2.E-2);
#3612=CARTESIAN_POINT('',(4.514E-1,-6.951446837425E-1,-3.E0));
#3613=LINE('',#3612,#3611);
#3614=DIRECTION('',(0.E0,0.E0,-1.E0));
#3615=VECTOR('',#3614,2.E-2);
#3616=CARTESIAN_POINT('',(4.830666364670E-1,-6.628042620659E-1,-3.E0));
#3617=LINE('',#3616,#3615);
#3618=DIRECTION('',(0.E0,0.E0,-1.E0));
#3619=VECTOR('',#3618,2.E-2);
#3620=CARTESIAN_POINT('',(4.989E-1,-6.304638403893E-1,-3.E0));
#3621=LINE('',#3620,#3619);
#3622=DIRECTION('',(0.E0,0.E0,-1.E0));
#3623=VECTOR('',#3622,2.E-2);
#3624=CARTESIAN_POINT('',(5.068166364670E-1,-5.900382906437E-1,-3.E0));
#3625=LINE('',#3624,#3623);
#3626=DIRECTION('',(0.E0,0.E0,-1.E0));
#3627=VECTOR('',#3626,2.E-2);
#3628=CARTESIAN_POINT('',(5.068166364670E-1,-4.687616980314E-1,-3.E0));
#3629=LINE('',#3628,#3627);
#3630=DIRECTION('',(0.E0,0.E0,-1.E0));
#3631=VECTOR('',#3630,2.E-2);
#3632=CARTESIAN_POINT('',(4.989E-1,-4.283361709356E-1,-3.E0));
#3633=LINE('',#3632,#3631);
#3634=DIRECTION('',(0.E0,0.E0,-1.E0));
#3635=VECTOR('',#3634,2.E-2);
#3636=CARTESIAN_POINT('',(4.830666364670E-1,-3.959957435966E-1,-3.E0));
#3637=LINE('',#3636,#3635);
#3638=DIRECTION('',(0.E0,0.E0,-1.E0));
#3639=VECTOR('',#3638,2.E-2);
#3640=CARTESIAN_POINT('',(4.514E-1,-3.636553190887E-1,-3.E0));
#3641=LINE('',#3640,#3639);
#3642=DIRECTION('',(0.E0,0.E0,-1.E0));
#3643=VECTOR('',#3642,2.E-2);
#3644=CARTESIAN_POINT('',(4.197333635330E-1,-3.474851061270E-1,-3.E0));
#3645=LINE('',#3644,#3643);
#3646=DIRECTION('',(0.E0,0.E0,-1.E0));
#3647=VECTOR('',#3646,2.E-2);
#3648=CARTESIAN_POINT('',(3.8015E-1,-3.394E-1,-3.E0));
#3649=LINE('',#3648,#3647);
#3650=DIRECTION('',(0.E0,0.E0,-1.E0));
#3651=VECTOR('',#3650,2.E-2);
#3652=CARTESIAN_POINT('',(1.9015E-1,-3.394E-1,-3.E0));
#3653=LINE('',#3652,#3651);
#3654=DIRECTION('',(0.E0,0.E0,-1.E0));
#3655=VECTOR('',#3654,2.E-2);
#3656=CARTESIAN_POINT('',(1.9015E-1,-7.194E-1,-3.E0));
#3657=LINE('',#3656,#3655);
#3658=DIRECTION('',(0.E0,0.E0,-1.E0));
#3659=VECTOR('',#3658,2.E-2);
#3660=CARTESIAN_POINT('',(2.3765E-1,-6.708893674850E-1,-3.E0));
#3661=LINE('',#3660,#3659);
#3662=DIRECTION('',(0.E0,0.E0,-1.E0));
#3663=VECTOR('',#3662,2.E-2);
#3664=CARTESIAN_POINT('',(2.3765E-1,-3.879106381774E-1,-3.E0));
#3665=LINE('',#3664,#3663);
#3666=DIRECTION('',(0.E0,0.E0,-1.E0));
#3667=VECTOR('',#3666,2.E-2);
#3668=CARTESIAN_POINT('',(3.8015E-1,-3.879106381774E-1,-3.E0));
#3669=LINE('',#3668,#3667);
#3670=DIRECTION('',(0.E0,0.E0,-1.E0));
#3671=VECTOR('',#3670,2.E-2);
#3672=CARTESIAN_POINT('',(4.118166364670E-1,-3.959957435966E-1,-3.E0));
#3673=LINE('',#3672,#3671);
#3674=DIRECTION('',(0.E0,0.E0,-1.E0));
#3675=VECTOR('',#3674,2.E-2);
#3676=CARTESIAN_POINT('',(4.355666364670E-1,-4.121659600973E-1,-3.E0));
#3677=LINE('',#3676,#3675);
#3678=DIRECTION('',(0.E0,0.E0,-1.E0));
#3679=VECTOR('',#3678,2.E-2);
#3680=CARTESIAN_POINT('',(4.514E-1,-4.364212763548E-1,-3.E0));
#3681=LINE('',#3680,#3679);
#3682=DIRECTION('',(0.E0,0.E0,-1.E0));
#3683=VECTOR('',#3682,2.E-2);
#3684=CARTESIAN_POINT('',(4.593166364670E-1,-4.687616980314E-1,-3.E0));
#3685=LINE('',#3684,#3683);
#3686=DIRECTION('',(0.E0,0.E0,-1.E0));
#3687=VECTOR('',#3686,2.E-2);
#3688=CARTESIAN_POINT('',(4.593166364670E-1,-5.900382906437E-1,-3.E0));
#3689=LINE('',#3688,#3687);
#3690=DIRECTION('',(0.E0,0.E0,-1.E0));
#3691=VECTOR('',#3690,2.E-2);
#3692=CARTESIAN_POINT('',(4.514E-1,-6.223787123203E-1,-3.E0));
#3693=LINE('',#3692,#3691);
#3694=DIRECTION('',(0.E0,0.E0,-1.E0));
#3695=VECTOR('',#3694,2.E-2);
#3696=CARTESIAN_POINT('',(4.355666364670E-1,-6.466340512276E-1,-3.E0));
#3697=LINE('',#3696,#3695);
#3698=DIRECTION('',(0.E0,0.E0,-1.E0));
#3699=VECTOR('',#3698,2.E-2);
#3700=CARTESIAN_POINT('',(4.118166364670E-1,-6.628042620659E-1,-3.E0));
#3701=LINE('',#3700,#3699);
#3702=DIRECTION('',(0.E0,0.E0,-1.E0));
#3703=VECTOR('',#3702,2.E-2);
#3704=CARTESIAN_POINT('',(3.8015E-1,-6.708893674850E-1,-3.E0));
#3705=LINE('',#3704,#3703);
#3706=DIRECTION('',(0.E0,0.E0,-1.E0));
#3707=VECTOR('',#3706,2.E-2);
#3708=CARTESIAN_POINT('',(7.6015E-1,-7.194E-1,-3.E0));
#3709=LINE('',#3708,#3707);
#3710=DIRECTION('',(0.E0,0.E0,-1.E0));
#3711=VECTOR('',#3710,2.E-2);
#3712=CARTESIAN_POINT('',(8.868167270660E-1,-3.394E-1,-3.E0));
#3713=LINE('',#3712,#3711);
#3714=DIRECTION('',(0.E0,0.E0,-1.E0));
#3715=VECTOR('',#3714,2.E-2);
#3716=CARTESIAN_POINT('',(8.393167270660E-1,-3.394E-1,-3.E0));
#3717=LINE('',#3716,#3715);
#3718=DIRECTION('',(0.E0,0.E0,-1.E0));
#3719=VECTOR('',#3718,2.E-2);
#3720=CARTESIAN_POINT('',(8.0765E-1,-4.364212763548E-1,-3.E0));
#3721=LINE('',#3720,#3719);
#3722=DIRECTION('',(0.E0,0.E0,-1.E0));
#3723=VECTOR('',#3722,2.E-2);
#3724=CARTESIAN_POINT('',(6.493167270660E-1,-4.364212763548E-1,-3.E0));
#3725=LINE('',#3724,#3723);
#3726=DIRECTION('',(0.E0,0.E0,-1.E0));
#3727=VECTOR('',#3726,2.E-2);
#3728=CARTESIAN_POINT('',(6.1765E-1,-3.394E-1,-3.E0));
#3729=LINE('',#3728,#3727);
#3730=DIRECTION('',(0.E0,0.E0,-1.E0));
#3731=VECTOR('',#3730,2.E-2);
#3732=CARTESIAN_POINT('',(5.7015E-1,-3.394E-1,-3.E0));
#3733=LINE('',#3732,#3731);
#3734=DIRECTION('',(0.E0,0.E0,-1.E0));
#3735=VECTOR('',#3734,2.E-2);
#3736=CARTESIAN_POINT('',(6.968167270660E-1,-7.194E-1,-3.E0));
#3737=LINE('',#3736,#3735);
#3738=DIRECTION('',(0.E0,0.E0,-1.E0));
#3739=VECTOR('',#3738,2.E-2);
#3740=CARTESIAN_POINT('',(7.284832729340E-1,-6.870595783234E-1,-3.E0));
#3741=LINE('',#3740,#3739);
#3742=DIRECTION('',(0.E0,0.E0,-1.E0));
#3743=VECTOR('',#3742,2.E-2);
#3744=CARTESIAN_POINT('',(6.572332729340E-1,-4.687616980314E-1,-3.E0));
#3745=LINE('',#3744,#3743);
#3746=DIRECTION('',(0.E0,0.E0,-1.E0));
#3747=VECTOR('',#3746,2.E-2);
#3748=CARTESIAN_POINT('',(7.997332729340E-1,-4.687616980314E-1,-3.E0));
#3749=LINE('',#3748,#3747);
#3750=DIRECTION('',(0.E0,-1.E0,0.E0));
#3751=VECTOR('',#3750,1.5E-1);
#3752=CARTESIAN_POINT('',(-6.E-1,1.3E0,1.5E0));
#3753=LINE('',#3752,#3751);
#3754=DIRECTION('',(1.E0,0.E0,0.E0));
#3755=VECTOR('',#3754,1.2E0);
#3756=CARTESIAN_POINT('',(-6.E-1,1.3E0,-1.5E0));
#3757=LINE('',#3756,#3755);
#3758=DIRECTION('',(0.E0,0.E0,-1.E0));
#3759=VECTOR('',#3758,3.E0);
#3760=CARTESIAN_POINT('',(6.E-1,1.3E0,1.5E0));
#3761=LINE('',#3760,#3759);
#3762=DIRECTION('',(1.E0,0.E0,0.E0));
#3763=VECTOR('',#3762,1.2E0);
#3764=CARTESIAN_POINT('',(-6.E-1,1.3E0,1.5E0));
#3765=LINE('',#3764,#3763);
#3766=DIRECTION('',(0.E0,0.E0,1.E0));
#3767=VECTOR('',#3766,3.E0);
#3768=CARTESIAN_POINT('',(-6.E-1,1.3E0,-1.5E0));
#3769=LINE('',#3768,#3767);
#3770=DIRECTION('',(0.E0,-1.E0,0.E0));
#3771=VECTOR('',#3770,1.5E-1);
#3772=CARTESIAN_POINT('',(-6.E-1,1.3E0,-1.5E0));
#3773=LINE('',#3772,#3771);
#3774=DIRECTION('',(0.E0,0.E0,1.E0));
#3775=VECTOR('',#3774,1.2E0);
#3776=CARTESIAN_POINT('',(-6.E-1,1.15E0,-2.7E0));
#3777=LINE('',#3776,#3775);
#3778=DIRECTION('',(-1.E0,0.E0,0.E0));
#3779=VECTOR('',#3778,1.2E0);
#3780=CARTESIAN_POINT('',(6.E-1,1.15E0,-2.7E0));
#3781=LINE('',#3780,#3779);
#3782=DIRECTION('',(0.E0,0.E0,-1.E0));
#3783=VECTOR('',#3782,1.2E0);
#3784=CARTESIAN_POINT('',(6.E-1,1.15E0,-1.5E0));
#3785=LINE('',#3784,#3783);
#3786=DIRECTION('',(1.E0,0.E0,0.E0));
#3787=VECTOR('',#3786,1.2E0);
#3788=CARTESIAN_POINT('',(-6.E-1,1.15E0,-1.5E0));
#3789=LINE('',#3788,#3787);
#3790=DIRECTION('',(1.E0,0.E0,0.E0));
#3791=VECTOR('',#3790,1.2E0);
#3792=CARTESIAN_POINT('',(-6.E-1,1.15E0,2.7E0));
#3793=LINE('',#3792,#3791);
#3794=DIRECTION('',(0.E0,0.E0,1.E0));
#3795=VECTOR('',#3794,1.2E0);
#3796=CARTESIAN_POINT('',(-6.E-1,1.15E0,1.5E0));
#3797=LINE('',#3796,#3795);
#3798=DIRECTION('',(-1.E0,0.E0,0.E0));
#3799=VECTOR('',#3798,1.2E0);
#3800=CARTESIAN_POINT('',(6.E-1,1.15E0,1.5E0));
#3801=LINE('',#3800,#3799);
#3802=DIRECTION('',(0.E0,0.E0,-1.E0));
#3803=VECTOR('',#3802,1.2E0);
#3804=CARTESIAN_POINT('',(6.E-1,1.15E0,2.7E0));
#3805=LINE('',#3804,#3803);
#3806=DIRECTION('',(0.E0,-1.E0,0.E0));
#3807=VECTOR('',#3806,2.5E-1);
#3808=CARTESIAN_POINT('',(6.E-1,1.4E0,-2.7E0));
#3809=LINE('',#3808,#3807);
#3810=DIRECTION('',(0.E0,1.E0,0.E0));
#3811=VECTOR('',#3810,2.5E-1);
#3812=CARTESIAN_POINT('',(-6.E-1,1.15E0,-2.7E0));
#3813=LINE('',#3812,#3811);
#3814=DIRECTION('',(0.E0,-1.E0,0.E0));
#3815=VECTOR('',#3814,1.5E-1);
#3816=CARTESIAN_POINT('',(6.E-1,1.3E0,-1.5E0));
#3817=LINE('',#3816,#3815);
#3818=DIRECTION('',(0.E0,-1.E0,0.E0));
#3819=VECTOR('',#3818,2.5E-1);
#3820=CARTESIAN_POINT('',(-6.E-1,1.4E0,2.7E0));
#3821=LINE('',#3820,#3819);
#3822=DIRECTION('',(0.E0,1.E0,0.E0));
#3823=VECTOR('',#3822,2.5E-1);
#3824=CARTESIAN_POINT('',(6.E-1,1.15E0,2.7E0));
#3825=LINE('',#3824,#3823);
#3826=DIRECTION('',(0.E0,-1.E0,0.E0));
#3827=VECTOR('',#3826,1.5E-1);
#3828=CARTESIAN_POINT('',(6.E-1,1.3E0,1.5E0));
#3829=LINE('',#3828,#3827);
#3830=CARTESIAN_POINT('',(-3.35E0,1.6349E0,-4.198854249492E-1));
#3831=DIRECTION('',(0.E0,-1.E0,0.E0));
#3832=DIRECTION('',(1.E0,0.E0,0.E0));
#3833=AXIS2_PLACEMENT_3D('',#3830,#3831,#3832);
#3835=CARTESIAN_POINT('',(-3.35E0,1.4E0,-4.198854249492E-1));
#3836=DIRECTION('',(0.E0,-1.E0,0.E0));
#3837=DIRECTION('',(1.E0,0.E0,0.E0));
#3838=AXIS2_PLACEMENT_3D('',#3835,#3836,#3837);
#3840=DIRECTION('',(-2.240674891141E-11,-1.E0,7.919053291270E-12));
#3841=VECTOR('',#3840,2.348999998149E-1);
#3842=CARTESIAN_POINT('',(-3.216666666661E0,1.634899999815E0,
-4.276180831828E-2));
#3843=LINE('',#3842,#3841);
#3844=CARTESIAN_POINT('',(-3.15E0,1.4E0,1.458E-1));
#3845=DIRECTION('',(0.E0,1.E0,0.E0));
#3846=DIRECTION('',(-3.333333333332E-1,0.E0,-9.428090415821E-1));
#3847=AXIS2_PLACEMENT_3D('',#3844,#3845,#3846);
#3849=CARTESIAN_POINT('',(-3.15E0,1.6349E0,1.458E-1));
#3850=DIRECTION('',(0.E0,-1.E0,0.E0));
#3851=DIRECTION('',(-1.E0,0.E0,0.E0));
#3852=AXIS2_PLACEMENT_3D('',#3849,#3850,#3851);
#3854=CARTESIAN_POINT('',(-3.216666666667E0,1.6349E0,-7.102E-1));
#3855=DIRECTION('',(1.E0,0.E0,0.E0));
#3856=DIRECTION('',(0.E0,0.E0,-1.E0));
#3857=AXIS2_PLACEMENT_3D('',#3854,#3855,#3856);
#3859=CARTESIAN_POINT('',(-3.15E0,1.6349E0,-1.5662E0));
#3860=DIRECTION('',(0.E0,1.E0,0.E0));
#3861=DIRECTION('',(-1.E0,0.E0,0.E0));
#3862=AXIS2_PLACEMENT_3D('',#3859,#3860,#3861);
#3864=CARTESIAN_POINT('',(-3.35E0,1.6349E0,-1.000514575051E0));
#3865=DIRECTION('',(0.E0,1.E0,0.E0));
#3866=DIRECTION('',(1.E0,0.E0,0.E0));
#3867=AXIS2_PLACEMENT_3D('',#3864,#3865,#3866);
#3869=DIRECTION('',(0.E0,-1.E0,0.E0));
#3870=VECTOR('',#3869,2.349E-1);
#3871=CARTESIAN_POINT('',(-2.95E0,1.6349E0,-4.198854249492E-1));
#3872=LINE('',#3871,#3870);
#3873=CARTESIAN_POINT('',(-2.95E0,1.6349E0,-7.102E-1));
#3874=DIRECTION('',(1.E0,0.E0,0.E0));
#3875=DIRECTION('',(0.E0,0.E0,-1.E0));
#3876=AXIS2_PLACEMENT_3D('',#3873,#3874,#3875);
#3878=DIRECTION('',(0.E0,1.E0,0.E0));
#3879=VECTOR('',#3878,2.349E-1);
#3880=CARTESIAN_POINT('',(-2.95E0,1.4E0,-1.000514575051E0));
#3881=LINE('',#3880,#3879);
#3882=CARTESIAN_POINT('',(-3.75E0,3.18E0,-7.5E0));
#3883=DIRECTION('',(-1.E0,0.E0,0.E0));
#3884=DIRECTION('',(0.E0,1.E0,0.E0));
#3885=AXIS2_PLACEMENT_3D('',#3882,#3883,#3884);
#3887=DIRECTION('',(0.E0,-1.E0,0.E0));
#3888=VECTOR('',#3887,1.E0);
#3889=CARTESIAN_POINT('',(-3.75E0,3.68E0,-6.822116084505E0));
#3890=LINE('',#3889,#3888);
#3891=DIRECTION('',(0.E0,-1.E0,0.E0));
#3892=VECTOR('',#3891,1.E0);
#3893=CARTESIAN_POINT('',(-3.962697876583E0,3.68E0,-6.210801922930E0));
#3894=LINE('',#3893,#3892);
#3895=DIRECTION('',(0.E0,-1.E0,0.E0));
#3896=VECTOR('',#3895,1.E0);
#3897=CARTESIAN_POINT('',(-4.068983120460E0,3.68E0,-6.076555117308E0));
#3898=LINE('',#3897,#3896);
#3899=DIRECTION('',(0.E0,-1.E0,0.E0));
#3900=VECTOR('',#3899,1.E0);
#3901=CARTESIAN_POINT('',(-4.119642233830E0,3.68E0,-5.398274133412E0));
#3902=LINE('',#3901,#3900);
#3903=DIRECTION('',(0.E0,-1.E0,0.E0));
#3904=VECTOR('',#3903,1.E0);
#3905=CARTESIAN_POINT('',(-3.886219925770E0,3.68E0,-4.991132572598E0));
#3906=LINE('',#3905,#3904);
#3907=CARTESIAN_POINT('',(-2.8E0,-1.4E0,3.E0));
#3908=CARTESIAN_POINT('',(-3.E0,-1.4E0,2.8E0));
#3909=VERTEX_POINT('',#3907);
#3910=VERTEX_POINT('',#3908);
#3911=CARTESIAN_POINT('',(-3.E0,1.4E0,2.8E0));
#3912=VERTEX_POINT('',#3911);
#3913=CARTESIAN_POINT('',(-2.8E0,1.4E0,3.E0));
#3914=VERTEX_POINT('',#3913);
#3915=CARTESIAN_POINT('',(2.8E0,1.4E0,3.E0));
#3916=CARTESIAN_POINT('',(3.E0,1.4E0,2.8E0));
#3917=VERTEX_POINT('',#3915);
#3918=VERTEX_POINT('',#3916);
#3919=CARTESIAN_POINT('',(3.E0,-1.4E0,2.8E0));
#3920=VERTEX_POINT('',#3919);
#3921=CARTESIAN_POINT('',(2.8E0,-1.4E0,3.E0));
#3922=VERTEX_POINT('',#3921);
#3923=CARTESIAN_POINT('',(-2.8E0,1.4E0,-3.E0));
#3924=CARTESIAN_POINT('',(-3.E0,1.4E0,-2.8E0));
#3925=VERTEX_POINT('',#3923);
#3926=VERTEX_POINT('',#3924);
#3927=CARTESIAN_POINT('',(-3.E0,-1.4E0,-2.8E0));
#3928=VERTEX_POINT('',#3927);
#3929=CARTESIAN_POINT('',(-2.8E0,-1.4E0,-3.E0));
#3930=VERTEX_POINT('',#3929);
#3931=CARTESIAN_POINT('',(2.8E0,-1.4E0,-3.E0));
#3932=CARTESIAN_POINT('',(3.E0,-1.4E0,-2.8E0));
#3933=VERTEX_POINT('',#3931);
#3934=VERTEX_POINT('',#3932);
#3935=CARTESIAN_POINT('',(3.E0,1.4E0,-2.8E0));
#3936=VERTEX_POINT('',#3935);
#3937=CARTESIAN_POINT('',(2.8E0,1.4E0,-3.E0));
#3938=VERTEX_POINT('',#3937);
#3939=CARTESIAN_POINT('',(1.5E0,1.4E0,-2.5E0));
#3940=CARTESIAN_POINT('',(1.6E0,1.4E0,-2.4E0));
#3941=VERTEX_POINT('',#3939);
#3942=VERTEX_POINT('',#3940);
#3943=CARTESIAN_POINT('',(1.6E0,1.4E0,-1.6E0));
#3944=CARTESIAN_POINT('',(1.5E0,1.4E0,-1.5E0));
#3945=VERTEX_POINT('',#3943);
#3946=VERTEX_POINT('',#3944);
#3947=CARTESIAN_POINT('',(1.5E0,1.4E0,1.5E0));
#3948=CARTESIAN_POINT('',(1.6E0,1.4E0,1.6E0));
#3949=VERTEX_POINT('',#3947);
#3950=VERTEX_POINT('',#3948);
#3951=CARTESIAN_POINT('',(1.6E0,1.4E0,2.4E0));
#3952=CARTESIAN_POINT('',(1.5E0,1.4E0,2.5E0));
#3953=VERTEX_POINT('',#3951);
#3954=VERTEX_POINT('',#3952);
#3955=CARTESIAN_POINT('',(7.E-1,1.4E0,-2.9E0));
#3956=CARTESIAN_POINT('',(7.E-1,1.4E0,2.9E0));
#3957=VERTEX_POINT('',#3955);
#3958=VERTEX_POINT('',#3956);
#3959=CARTESIAN_POINT('',(2.8E0,1.4E0,2.3E0));
#3960=CARTESIAN_POINT('',(2.8E0,1.4E0,1.7E0));
#3961=VERTEX_POINT('',#3959);
#3962=VERTEX_POINT('',#3960);
#3963=CARTESIAN_POINT('',(2.8E0,1.4E0,-1.7E0));
#3964=CARTESIAN_POINT('',(2.8E0,1.4E0,-2.3E0));
#3965=VERTEX_POINT('',#3963);
#3966=VERTEX_POINT('',#3964);
#3967=CARTESIAN_POINT('',(8.E-1,1.4E0,3.E0));
#3968=VERTEX_POINT('',#3967);
#3969=CARTESIAN_POINT('',(1.5E0,1.4E0,2.9E0));
#3970=CARTESIAN_POINT('',(1.4E0,1.4E0,3.E0));
#3971=VERTEX_POINT('',#3969);
#3972=VERTEX_POINT('',#3970);
#3973=CARTESIAN_POINT('',(2.7E0,1.4E0,2.4E0));
#3974=VERTEX_POINT('',#3973);
#3975=CARTESIAN_POINT('',(2.7E0,1.4E0,1.6E0));
#3976=VERTEX_POINT('',#3975);
#3977=CARTESIAN_POINT('',(2.7E0,1.4E0,-1.6E0));
#3978=VERTEX_POINT('',#3977);
#3979=CARTESIAN_POINT('',(2.7E0,1.4E0,-2.4E0));
#3980=VERTEX_POINT('',#3979);
#3981=CARTESIAN_POINT('',(1.4E0,1.4E0,-3.E0));
#3982=CARTESIAN_POINT('',(1.5E0,1.4E0,-2.9E0));
#3983=VERTEX_POINT('',#3981);
#3984=VERTEX_POINT('',#3982);
#3985=CARTESIAN_POINT('',(8.E-1,1.4E0,-3.E0));
#3986=VERTEX_POINT('',#3985);
#3987=CARTESIAN_POINT('',(7.E-1,1.58E0,2.9E0));
#3988=CARTESIAN_POINT('',(8.E-1,1.58E0,3.E0));
#3989=VERTEX_POINT('',#3987);
#3990=VERTEX_POINT('',#3988);
#3991=CARTESIAN_POINT('',(8.E-1,1.68E0,2.9E0));
#3992=CARTESIAN_POINT('',(1.4E0,1.68E0,2.9E0));
#3993=VERTEX_POINT('',#3991);
#3994=VERTEX_POINT('',#3992);
#3995=CARTESIAN_POINT('',(1.400000000224E0,1.58E0,3.E0));
#3996=VERTEX_POINT('',#3995);
#3997=CARTESIAN_POINT('',(1.5E0,1.58E0,2.9E0));
#3998=VERTEX_POINT('',#3997);
#3999=CARTESIAN_POINT('',(1.400000000061E0,1.68E0,2.499999999640E0));
#4000=VERTEX_POINT('',#3999);
#4001=CARTESIAN_POINT('',(1.5E0,1.58E0,2.499999999834E0));
#4002=VERTEX_POINT('',#4001);
#4003=CARTESIAN_POINT('',(1.6E0,1.68E0,2.3E0));
#4004=VERTEX_POINT('',#4003);
#4005=CARTESIAN_POINT('',(1.6E0,1.58E0,2.4E0));
#4006=VERTEX_POINT('',#4005);
#4007=CARTESIAN_POINT('',(2.7E0,1.68E0,2.3E0));
#4008=VERTEX_POINT('',#4007);
#4009=CARTESIAN_POINT('',(2.700000000224E0,1.58E0,2.4E0));
#4010=VERTEX_POINT('',#4009);
#4011=CARTESIAN_POINT('',(2.8E0,1.58E0,2.3E0));
#4012=VERTEX_POINT('',#4011);
#4013=CARTESIAN_POINT('',(2.7E0,1.68E0,1.7E0));
#4014=VERTEX_POINT('',#4013);
#4015=CARTESIAN_POINT('',(2.8E0,1.58E0,1.699999999776E0));
#4016=VERTEX_POINT('',#4015);
#4017=CARTESIAN_POINT('',(2.7E0,1.58E0,1.6E0));
#4018=VERTEX_POINT('',#4017);
#4019=CARTESIAN_POINT('',(1.599999999640E0,1.68E0,1.699999999939E0));
#4020=VERTEX_POINT('',#4019);
#4021=CARTESIAN_POINT('',(1.599999999834E0,1.58E0,1.6E0));
#4022=VERTEX_POINT('',#4021);
#4023=CARTESIAN_POINT('',(1.4E0,1.68E0,1.5E0));
#4024=VERTEX_POINT('',#4023);
#4025=CARTESIAN_POINT('',(1.5E0,1.58E0,1.5E0));
#4026=VERTEX_POINT('',#4025);
#4027=CARTESIAN_POINT('',(1.400000000061E0,1.68E0,-1.500000000360E0));
#4028=VERTEX_POINT('',#4027);
#4029=CARTESIAN_POINT('',(1.5E0,1.58E0,-1.500000000166E0));
#4030=VERTEX_POINT('',#4029);
#4031=CARTESIAN_POINT('',(1.6E0,1.68E0,-1.7E0));
#4032=VERTEX_POINT('',#4031);
#4033=CARTESIAN_POINT('',(1.6E0,1.58E0,-1.6E0));
#4034=VERTEX_POINT('',#4033);
#4035=CARTESIAN_POINT('',(2.7E0,1.68E0,-1.7E0));
#4036=VERTEX_POINT('',#4035);
#4037=CARTESIAN_POINT('',(2.700000000224E0,1.58E0,-1.6E0));
#4038=VERTEX_POINT('',#4037);
#4039=CARTESIAN_POINT('',(2.8E0,1.58E0,-1.7E0));
#4040=VERTEX_POINT('',#4039);
#4041=CARTESIAN_POINT('',(2.7E0,1.68E0,-2.3E0));
#4042=VERTEX_POINT('',#4041);
#4043=CARTESIAN_POINT('',(2.8E0,1.58E0,-2.300000000224E0));
#4044=VERTEX_POINT('',#4043);
#4045=CARTESIAN_POINT('',(2.7E0,1.58E0,-2.4E0));
#4046=VERTEX_POINT('',#4045);
#4047=CARTESIAN_POINT('',(1.599999999640E0,1.68E0,-2.300000000061E0));
#4048=VERTEX_POINT('',#4047);
#4049=CARTESIAN_POINT('',(1.599999999834E0,1.58E0,-2.4E0));
#4050=VERTEX_POINT('',#4049);
#4051=CARTESIAN_POINT('',(1.4E0,1.68E0,-2.5E0));
#4052=VERTEX_POINT('',#4051);
#4053=CARTESIAN_POINT('',(1.5E0,1.58E0,-2.5E0));
#4054=VERTEX_POINT('',#4053);
#4055=CARTESIAN_POINT('',(1.4E0,1.68E0,-2.9E0));
#4056=VERTEX_POINT('',#4055);
#4057=CARTESIAN_POINT('',(1.5E0,1.58E0,-2.900000000224E0));
#4058=VERTEX_POINT('',#4057);
#4059=CARTESIAN_POINT('',(1.4E0,1.58E0,-3.E0));
#4060=VERTEX_POINT('',#4059);
#4061=CARTESIAN_POINT('',(8.E-1,1.68E0,-2.9E0));
#4062=VERTEX_POINT('',#4061);
#4063=CARTESIAN_POINT('',(7.999999997759E-1,1.58E0,-3.E0));
#4064=VERTEX_POINT('',#4063);
#4065=CARTESIAN_POINT('',(7.E-1,1.58E0,-2.9E0));
#4066=VERTEX_POINT('',#4065);
#4067=CARTESIAN_POINT('',(-1.6E0,1.4E0,-2.4E0));
#4068=CARTESIAN_POINT('',(-1.5E0,1.4E0,-2.5E0));
#4069=VERTEX_POINT('',#4067);
#4070=VERTEX_POINT('',#4068);
#4071=CARTESIAN_POINT('',(-1.5E0,1.4E0,-1.5E0));
#4072=CARTESIAN_POINT('',(-1.6E0,1.4E0,-1.6E0));
#4073=VERTEX_POINT('',#4071);
#4074=VERTEX_POINT('',#4072);
#4075=CARTESIAN_POINT('',(-1.6E0,1.4E0,1.6E0));
#4076=CARTESIAN_POINT('',(-1.5E0,1.4E0,1.5E0));
#4077=VERTEX_POINT('',#4075);
#4078=VERTEX_POINT('',#4076);
#4079=CARTESIAN_POINT('',(-1.5E0,1.4E0,2.5E0));
#4080=CARTESIAN_POINT('',(-1.6E0,1.4E0,2.4E0));
#4081=VERTEX_POINT('',#4079);
#4082=VERTEX_POINT('',#4080);
#4083=CARTESIAN_POINT('',(-7.E-1,1.4E0,-2.9E0));
#4084=CARTESIAN_POINT('',(-7.E-1,1.4E0,2.9E0));
#4085=VERTEX_POINT('',#4083);
#4086=VERTEX_POINT('',#4084);
#4087=CARTESIAN_POINT('',(-2.8E0,1.4E0,2.3E0));
#4088=CARTESIAN_POINT('',(-2.8E0,1.4E0,1.7E0));
#4089=VERTEX_POINT('',#4087);
#4090=VERTEX_POINT('',#4088);
#4091=CARTESIAN_POINT('',(-2.8E0,1.4E0,-1.7E0));
#4092=CARTESIAN_POINT('',(-2.8E0,1.4E0,-2.3E0));
#4093=VERTEX_POINT('',#4091);
#4094=VERTEX_POINT('',#4092);
#4095=CARTESIAN_POINT('',(-8.E-1,1.4E0,3.E0));
#4096=VERTEX_POINT('',#4095);
#4097=CARTESIAN_POINT('',(-1.4E0,1.4E0,3.E0));
#4098=CARTESIAN_POINT('',(-1.5E0,1.4E0,2.9E0));
#4099=VERTEX_POINT('',#4097);
#4100=VERTEX_POINT('',#4098);
#4101=CARTESIAN_POINT('',(-2.7E0,1.4E0,2.4E0));
#4102=VERTEX_POINT('',#4101);
#4103=CARTESIAN_POINT('',(-2.7E0,1.4E0,1.6E0));
#4104=VERTEX_POINT('',#4103);
#4105=CARTESIAN_POINT('',(-2.7E0,1.4E0,-1.6E0));
#4106=VERTEX_POINT('',#4105);
#4107=CARTESIAN_POINT('',(-2.7E0,1.4E0,-2.4E0));
#4108=VERTEX_POINT('',#4107);
#4109=CARTESIAN_POINT('',(-1.5E0,1.4E0,-2.9E0));
#4110=CARTESIAN_POINT('',(-1.4E0,1.4E0,-3.E0));
#4111=VERTEX_POINT('',#4109);
#4112=VERTEX_POINT('',#4110);
#4113=CARTESIAN_POINT('',(-8.E-1,1.4E0,-3.E0));
#4114=VERTEX_POINT('',#4113);
#4115=CARTESIAN_POINT('',(-7.E-1,1.58E0,-2.9E0));
#4116=CARTESIAN_POINT('',(-8.E-1,1.58E0,-3.E0));
#4117=VERTEX_POINT('',#4115);
#4118=VERTEX_POINT('',#4116);
#4119=CARTESIAN_POINT('',(-8.E-1,1.68E0,-2.9E0));
#4120=CARTESIAN_POINT('',(-1.4E0,1.68E0,-2.9E0));
#4121=VERTEX_POINT('',#4119);
#4122=VERTEX_POINT('',#4120);
#4123=CARTESIAN_POINT('',(-1.399999999763E0,1.58E0,-3.E0));
#4124=VERTEX_POINT('',#4123);
#4125=CARTESIAN_POINT('',(-1.5E0,1.58E0,-2.9E0));
#4126=VERTEX_POINT('',#4125);
#4127=CARTESIAN_POINT('',(-1.400000000122E0,1.68E0,-2.500000000018E0));
#4128=VERTEX_POINT('',#4127);
#4129=CARTESIAN_POINT('',(-1.5E0,1.58E0,-2.499999999994E0));
#4130=VERTEX_POINT('',#4129);
#4131=CARTESIAN_POINT('',(-1.6E0,1.68E0,-2.3E0));
#4132=VERTEX_POINT('',#4131);
#4133=CARTESIAN_POINT('',(-1.6E0,1.58E0,-2.4E0));
#4134=VERTEX_POINT('',#4133);
#4135=CARTESIAN_POINT('',(-2.7E0,1.68E0,-2.3E0));
#4136=VERTEX_POINT('',#4135);
#4137=CARTESIAN_POINT('',(-2.699999999763E0,1.58E0,-2.4E0));
#4138=VERTEX_POINT('',#4137);
#4139=CARTESIAN_POINT('',(-2.8E0,1.58E0,-2.3E0));
#4140=VERTEX_POINT('',#4139);
#4141=CARTESIAN_POINT('',(-2.7E0,1.68E0,-1.7E0));
#4142=VERTEX_POINT('',#4141);
#4143=CARTESIAN_POINT('',(-2.8E0,1.58E0,-1.700000000237E0));
#4144=VERTEX_POINT('',#4143);
#4145=CARTESIAN_POINT('',(-2.7E0,1.58E0,-1.6E0));
#4146=VERTEX_POINT('',#4145);
#4147=CARTESIAN_POINT('',(-1.600000000018E0,1.68E0,-1.699999999878E0));
#4148=VERTEX_POINT('',#4147);
#4149=CARTESIAN_POINT('',(-1.599999999994E0,1.58E0,-1.6E0));
#4150=VERTEX_POINT('',#4149);
#4151=CARTESIAN_POINT('',(-1.4E0,1.68E0,-1.5E0));
#4152=VERTEX_POINT('',#4151);
#4153=CARTESIAN_POINT('',(-1.5E0,1.58E0,-1.5E0));
#4154=VERTEX_POINT('',#4153);
#4155=CARTESIAN_POINT('',(-1.400000000122E0,1.68E0,1.499999999982E0));
#4156=VERTEX_POINT('',#4155);
#4157=CARTESIAN_POINT('',(-1.5E0,1.58E0,1.500000000006E0));
#4158=VERTEX_POINT('',#4157);
#4159=CARTESIAN_POINT('',(-1.6E0,1.68E0,1.7E0));
#4160=VERTEX_POINT('',#4159);
#4161=CARTESIAN_POINT('',(-1.6E0,1.58E0,1.6E0));
#4162=VERTEX_POINT('',#4161);
#4163=CARTESIAN_POINT('',(-2.7E0,1.68E0,1.7E0));
#4164=VERTEX_POINT('',#4163);
#4165=CARTESIAN_POINT('',(-2.699999999763E0,1.58E0,1.6E0));
#4166=VERTEX_POINT('',#4165);
#4167=CARTESIAN_POINT('',(-2.8E0,1.58E0,1.7E0));
#4168=VERTEX_POINT('',#4167);
#4169=CARTESIAN_POINT('',(-2.7E0,1.68E0,2.3E0));
#4170=VERTEX_POINT('',#4169);
#4171=CARTESIAN_POINT('',(-2.8E0,1.58E0,2.299999999763E0));
#4172=VERTEX_POINT('',#4171);
#4173=CARTESIAN_POINT('',(-2.7E0,1.58E0,2.4E0));
#4174=VERTEX_POINT('',#4173);
#4175=CARTESIAN_POINT('',(-1.600000000018E0,1.68E0,2.300000000122E0));
#4176=VERTEX_POINT('',#4175);
#4177=CARTESIAN_POINT('',(-1.599999999994E0,1.58E0,2.4E0));
#4178=VERTEX_POINT('',#4177);
#4179=CARTESIAN_POINT('',(-1.4E0,1.68E0,2.5E0));
#4180=VERTEX_POINT('',#4179);
#4181=CARTESIAN_POINT('',(-1.5E0,1.58E0,2.5E0));
#4182=VERTEX_POINT('',#4181);
#4183=CARTESIAN_POINT('',(-1.4E0,1.68E0,2.9E0));
#4184=VERTEX_POINT('',#4183);
#4185=CARTESIAN_POINT('',(-1.5E0,1.58E0,2.899999999763E0));
#4186=VERTEX_POINT('',#4185);
#4187=CARTESIAN_POINT('',(-1.4E0,1.58E0,3.E0));
#4188=VERTEX_POINT('',#4187);
#4189=CARTESIAN_POINT('',(-8.E-1,1.68E0,2.9E0));
#4190=VERTEX_POINT('',#4189);
#4191=CARTESIAN_POINT('',(-8.000000002371E-1,1.58E0,3.E0));
#4192=VERTEX_POINT('',#4191);
#4193=CARTESIAN_POINT('',(-7.E-1,1.58E0,2.9E0));
#4194=VERTEX_POINT('',#4193);
#4195=CARTESIAN_POINT('',(-6.E-1,1.4E0,-2.7E0));
#4196=CARTESIAN_POINT('',(-6.E-1,1.4E0,2.7E0));
#4197=VERTEX_POINT('',#4195);
#4198=VERTEX_POINT('',#4196);
#4199=CARTESIAN_POINT('',(6.E-1,1.4E0,2.7E0));
#4200=VERTEX_POINT('',#4199);
#4201=CARTESIAN_POINT('',(6.E-1,1.4E0,-2.7E0));
#4202=VERTEX_POINT('',#4201);
#4203=CARTESIAN_POINT('',(-6.E-1,1.15E0,-2.7E0));
#4204=CARTESIAN_POINT('',(-6.E-1,1.15E0,-1.5E0));
#4205=VERTEX_POINT('',#4203);
#4206=VERTEX_POINT('',#4204);
#4207=CARTESIAN_POINT('',(6.E-1,1.15E0,-1.5E0));
#4208=VERTEX_POINT('',#4207);
#4209=CARTESIAN_POINT('',(6.E-1,1.15E0,-2.7E0));
#4210=VERTEX_POINT('',#4209);
#4211=CARTESIAN_POINT('',(-6.E-1,1.15E0,2.7E0));
#4212=CARTESIAN_POINT('',(6.E-1,1.15E0,2.7E0));
#4213=VERTEX_POINT('',#4211);
#4214=VERTEX_POINT('',#4212);
#4215=CARTESIAN_POINT('',(6.E-1,1.15E0,1.5E0));
#4216=VERTEX_POINT('',#4215);
#4217=CARTESIAN_POINT('',(-6.E-1,1.15E0,1.5E0));
#4218=VERTEX_POINT('',#4217);
#4219=CARTESIAN_POINT('',(-6.E-1,1.3E0,-1.5E0));
#4220=CARTESIAN_POINT('',(6.E-1,1.3E0,-1.5E0));
#4221=VERTEX_POINT('',#4219);
#4222=VERTEX_POINT('',#4220);
#4223=CARTESIAN_POINT('',(-6.E-1,1.3E0,1.5E0));
#4224=CARTESIAN_POINT('',(6.E-1,1.3E0,1.5E0));
#4225=VERTEX_POINT('',#4223);
#4226=VERTEX_POINT('',#4224);
#4227=CARTESIAN_POINT('',(1.9E0,-1.42E0,0.E0));
#4228=CARTESIAN_POINT('',(-1.9E0,-1.42E0,0.E0));
#4229=VERTEX_POINT('',#4227);
#4230=VERTEX_POINT('',#4228);
#4231=CARTESIAN_POINT('',(1.9E0,-1.82E0,0.E0));
#4232=CARTESIAN_POINT('',(-1.9E0,-1.82E0,0.E0));
#4233=VERTEX_POINT('',#4231);
#4234=VERTEX_POINT('',#4232);
#4235=CARTESIAN_POINT('',(-1.5E0,-1.82E0,2.1E0));
#4236=CARTESIAN_POINT('',(-2.7E0,-1.82E0,2.1E0));
#4237=VERTEX_POINT('',#4235);
#4238=VERTEX_POINT('',#4236);
#4239=CARTESIAN_POINT('',(-1.5E0,-1.82E0,-2.1E0));
#4240=CARTESIAN_POINT('',(-2.7E0,-1.82E0,-2.1E0));
#4241=VERTEX_POINT('',#4239);
#4242=VERTEX_POINT('',#4240);
#4243=CARTESIAN_POINT('',(-2.45E0,-2.32E0,2.1E0));
#4244=CARTESIAN_POINT('',(-1.75E0,-2.32E0,2.1E0));
#4245=VERTEX_POINT('',#4243);
#4246=VERTEX_POINT('',#4244);
#4247=CARTESIAN_POINT('',(-2.7E0,-2.07E0,2.1E0));
#4248=CARTESIAN_POINT('',(-1.5E0,-2.07E0,2.1E0));
#4249=VERTEX_POINT('',#4247);
#4250=VERTEX_POINT('',#4248);
#4251=CARTESIAN_POINT('',(-1.75E0,-2.32E0,-2.1E0));
#4252=CARTESIAN_POINT('',(-2.45E0,-2.32E0,-2.1E0));
#4253=VERTEX_POINT('',#4251);
#4254=VERTEX_POINT('',#4252);
#4255=CARTESIAN_POINT('',(-1.5E0,-2.07E0,-2.1E0));
#4256=CARTESIAN_POINT('',(-2.7E0,-2.07E0,-2.1E0));
#4257=VERTEX_POINT('',#4255);
#4258=VERTEX_POINT('',#4256);
#4259=CARTESIAN_POINT('',(1.5E0,-1.82E0,2.1E0));
#4260=CARTESIAN_POINT('',(2.7E0,-1.82E0,2.1E0));
#4261=VERTEX_POINT('',#4259);
#4262=VERTEX_POINT('',#4260);
#4263=CARTESIAN_POINT('',(1.5E0,-1.82E0,-2.1E0));
#4264=CARTESIAN_POINT('',(2.7E0,-1.82E0,-2.1E0));
#4265=VERTEX_POINT('',#4263);
#4266=VERTEX_POINT('',#4264);
#4267=CARTESIAN_POINT('',(1.75E0,-2.32E0,2.1E0));
#4268=CARTESIAN_POINT('',(2.45E0,-2.32E0,2.1E0));
#4269=VERTEX_POINT('',#4267);
#4270=VERTEX_POINT('',#4268);
#4271=CARTESIAN_POINT('',(1.5E0,-2.07E0,2.1E0));
#4272=CARTESIAN_POINT('',(2.7E0,-2.07E0,2.1E0));
#4273=VERTEX_POINT('',#4271);
#4274=VERTEX_POINT('',#4272);
#4275=CARTESIAN_POINT('',(2.45E0,-2.32E0,-2.1E0));
#4276=CARTESIAN_POINT('',(1.75E0,-2.32E0,-2.1E0));
#4277=VERTEX_POINT('',#4275);
#4278=VERTEX_POINT('',#4276);
#4279=CARTESIAN_POINT('',(2.7E0,-2.07E0,-2.1E0));
#4280=CARTESIAN_POINT('',(1.5E0,-2.07E0,-2.1E0));
#4281=VERTEX_POINT('',#4279);
#4282=VERTEX_POINT('',#4280);
#4283=CARTESIAN_POINT('',(-2.65E0,5.05E-1,-3.E0));
#4284=CARTESIAN_POINT('',(-1.85E0,5.05E-1,-3.E0));
#4285=VERTEX_POINT('',#4283);
#4286=VERTEX_POINT('',#4284);
#4287=CARTESIAN_POINT('',(-1.85E0,8.55E-1,-3.E0));
#4288=VERTEX_POINT('',#4287);
#4289=CARTESIAN_POINT('',(-2.65E0,8.55E-1,-3.E0));
#4290=VERTEX_POINT('',#4289);
#4291=CARTESIAN_POINT('',(2.65E0,8.55E-1,-3.E0));
#4292=CARTESIAN_POINT('',(1.85E0,8.55E-1,-3.E0));
#4293=VERTEX_POINT('',#4291);
#4294=VERTEX_POINT('',#4292);
#4295=CARTESIAN_POINT('',(1.85E0,5.05E-1,-3.E0));
#4296=VERTEX_POINT('',#4295);
#4297=CARTESIAN_POINT('',(2.65E0,5.05E-1,-3.E0));
#4298=VERTEX_POINT('',#4297);
#4299=CARTESIAN_POINT('',(-2.65E0,5.05E-1,3.E0));
#4300=CARTESIAN_POINT('',(-1.85E0,5.05E-1,3.E0));
#4301=VERTEX_POINT('',#4299);
#4302=VERTEX_POINT('',#4300);
#4303=CARTESIAN_POINT('',(-1.85E0,8.55E-1,3.E0));
#4304=VERTEX_POINT('',#4303);
#4305=CARTESIAN_POINT('',(-2.65E0,8.55E-1,3.E0));
#4306=VERTEX_POINT('',#4305);
#4307=CARTESIAN_POINT('',(2.65E0,8.55E-1,3.E0));
#4308=CARTESIAN_POINT('',(1.85E0,8.55E-1,3.E0));
#4309=VERTEX_POINT('',#4307);
#4310=VERTEX_POINT('',#4308);
#4311=CARTESIAN_POINT('',(1.85E0,5.05E-1,3.E0));
#4312=VERTEX_POINT('',#4311);
#4313=CARTESIAN_POINT('',(2.65E0,5.05E-1,3.E0));
#4314=VERTEX_POINT('',#4313);
#4315=CARTESIAN_POINT('',(-3.E0,-1.42E0,-3.E0));
#4316=CARTESIAN_POINT('',(3.E0,-1.42E0,-3.E0));
#4317=VERTEX_POINT('',#4315);
#4318=VERTEX_POINT('',#4316);
#4319=CARTESIAN_POINT('',(-3.E0,-1.82E0,-3.E0));
#4320=CARTESIAN_POINT('',(3.E0,-1.82E0,-3.E0));
#4321=VERTEX_POINT('',#4319);
#4322=VERTEX_POINT('',#4320);
#4323=CARTESIAN_POINT('',(3.E0,-1.42E0,0.E0));
#4324=CARTESIAN_POINT('',(3.E0,-1.82E0,0.E0));
#4325=VERTEX_POINT('',#4323);
#4326=VERTEX_POINT('',#4324);
#4327=CARTESIAN_POINT('',(3.75E0,1.4E0,-1.5E0));
#4328=CARTESIAN_POINT('',(3.75E0,-6.2E-1,-3.3E0));
#4329=VERTEX_POINT('',#4327);
#4330=VERTEX_POINT('',#4328);
#4331=CARTESIAN_POINT('',(3.75E0,-6.2E-1,-4.E0));
#4332=VERTEX_POINT('',#4331);
#4333=CARTESIAN_POINT('',(3.35E0,-6.2E-1,-3.3E0));
#4334=CARTESIAN_POINT('',(3.35E0,-6.2E-1,-4.E0));
#4335=VERTEX_POINT('',#4333);
#4336=VERTEX_POINT('',#4334);
#4337=CARTESIAN_POINT('',(3.75E0,4.68E0,-4.E0));
#4338=CARTESIAN_POINT('',(3.35E0,4.68E0,-4.E0));
#4339=VERTEX_POINT('',#4337);
#4340=VERTEX_POINT('',#4338);
#4341=CARTESIAN_POINT('',(3.05E0,-1.42E0,0.E0));
#4342=CARTESIAN_POINT('',(3.05E0,-1.42E0,3.E0));
#4343=VERTEX_POINT('',#4341);
#4344=VERTEX_POINT('',#4342);
#4345=CARTESIAN_POINT('',(3.35E0,-1.12E0,0.E0));
#4346=CARTESIAN_POINT('',(3.35E0,-1.12E0,3.E0));
#4347=VERTEX_POINT('',#4345);
#4348=VERTEX_POINT('',#4346);
#4349=CARTESIAN_POINT('',(3.75E0,-1.22E0,0.E0));
#4350=CARTESIAN_POINT('',(3.15E0,-1.82E0,0.E0));
#4351=VERTEX_POINT('',#4349);
#4352=VERTEX_POINT('',#4350);
#4353=CARTESIAN_POINT('',(3.15E0,-1.82E0,3.E0));
#4354=VERTEX_POINT('',#4353);
#4355=CARTESIAN_POINT('',(3.75E0,-1.22E0,3.E0));
#4356=VERTEX_POINT('',#4355);
#4357=CARTESIAN_POINT('',(3.75E0,1.4E0,0.E0));
#4358=VERTEX_POINT('',#4357);
#4359=CARTESIAN_POINT('',(3.35E0,3.18E0,3.E0));
#4360=CARTESIAN_POINT('',(3.35E0,4.68E0,-1.E0));
#4361=VERTEX_POINT('',#4359);
#4362=VERTEX_POINT('',#4360);
#4363=CARTESIAN_POINT('',(3.75E0,4.68E0,-1.E0));
#4364=VERTEX_POINT('',#4363);
#4365=CARTESIAN_POINT('',(3.75E0,3.18E0,3.E0));
#4366=VERTEX_POINT('',#4365);
#4367=CARTESIAN_POINT('',(3.35E0,1.634899999983E0,-1.566199999996E0));
#4368=CARTESIAN_POINT('',(3.35E0,1.325708888889E0,-1.5662E0));
#4369=VERTEX_POINT('',#4367);
#4370=VERTEX_POINT('',#4368);
#4371=CARTESIAN_POINT('',(3.35E0,1.6349E0,1.458E-1));
#4372=VERTEX_POINT('',#4371);
#4373=CARTESIAN_POINT('',(3.35E0,1.4E0,1.458E-1));
#4374=VERTEX_POINT('',#4373);
#4375=CARTESIAN_POINT('',(3.35E0,1.4E0,0.E0));
#4376=VERTEX_POINT('',#4375);
#4377=VERTEX_POINT('',#2372);
#4378=CARTESIAN_POINT('',(3.75E0,1.634899999731E0,-1.266199999952E0));
#4379=CARTESIAN_POINT('',(3.75E0,1.4E0,-1.2662E0));
#4380=VERTEX_POINT('',#4378);
#4381=VERTEX_POINT('',#4379);
#4382=CARTESIAN_POINT('',(3.75E0,1.6349E0,-1.542E-1));
#4383=VERTEX_POINT('',#4382);
#4384=CARTESIAN_POINT('',(3.75E0,1.4E0,-1.542E-1));
#4385=VERTEX_POINT('',#4384);
#4386=CARTESIAN_POINT('',(3.509999999997E0,1.634899999792E0,
-4.481387691347E-1));
#4387=CARTESIAN_POINT('',(3.51E0,1.4E0,-4.481387691340E-1));
#4388=VERTEX_POINT('',#4386);
#4389=VERTEX_POINT('',#4387);
#4390=CARTESIAN_POINT('',(3.35E0,1.6349E0,-6.440979485566E-1));
#4391=CARTESIAN_POINT('',(3.35E0,1.4E0,-6.440979485566E-1));
#4392=VERTEX_POINT('',#4390);
#4393=VERTEX_POINT('',#4391);
#4394=CARTESIAN_POINT('',(3.51E0,1.6349E0,-9.722612308660E-1));
#4395=VERTEX_POINT('',#4394);
#4396=CARTESIAN_POINT('',(3.35E0,1.6349E0,-7.763020514434E-1));
#4397=VERTEX_POINT('',#4396);
#4398=CARTESIAN_POINT('',(3.35E0,1.4E0,-7.763020514434E-1));
#4399=VERTEX_POINT('',#4398);
#4400=CARTESIAN_POINT('',(3.51E0,1.4E0,-9.722612308660E-1));
#4401=VERTEX_POINT('',#4400);
#4402=CARTESIAN_POINT('',(3.E0,1.4E0,-1.194163742361E0));
#4403=CARTESIAN_POINT('',(3.216666666667E0,1.4E0,-1.377638191684E0));
#4404=VERTEX_POINT('',#4402);
#4405=VERTEX_POINT('',#4403);
#4406=CARTESIAN_POINT('',(3.216666666666E0,1.634899999953E0,-1.377638191683E0));
#4407=VERTEX_POINT('',#4406);
#4408=CARTESIAN_POINT('',(2.95E0,1.6349E0,-1.000514575051E0));
#4409=CARTESIAN_POINT('',(2.95E0,1.4E0,-1.000514575051E0));
#4410=VERTEX_POINT('',#4408);
#4411=VERTEX_POINT('',#4409);
#4412=CARTESIAN_POINT('',(2.95E0,1.6349E0,-4.198854249492E-1));
#4413=VERTEX_POINT('',#4412);
#4414=CARTESIAN_POINT('',(3.216666666667E0,1.6349E0,-4.276180831641E-2));
#4415=VERTEX_POINT('',#4414);
#4416=CARTESIAN_POINT('',(3.216666666667E0,1.4E0,-4.276180831641E-2));
#4417=CARTESIAN_POINT('',(3.E0,1.4E0,-2.262362576389E-1));
#4418=VERTEX_POINT('',#4416);
#4419=VERTEX_POINT('',#4417);
#4420=CARTESIAN_POINT('',(2.95E0,1.4E0,-4.198854249492E-1));
#4421=VERTEX_POINT('',#4420);
#4422=CARTESIAN_POINT('',(3.35E0,3.68E0,-4.479656493703E0));
#4423=CARTESIAN_POINT('',(3.539205724164E0,3.68E0,-5.190082676603E0));
#4424=VERTEX_POINT('',#4422);
#4425=VERTEX_POINT('',#4423);
#4426=CARTESIAN_POINT('',(3.772628032223E0,3.68E0,-5.597224237416E0));
#4427=VERTEX_POINT('',#4426);
#4428=CARTESIAN_POINT('',(3.755372206373E0,3.68E0,-5.828264572653E0));
#4429=VERTEX_POINT('',#4428);
#4430=CARTESIAN_POINT('',(3.649086962496E0,3.68E0,-5.962511378275E0));
#4431=VERTEX_POINT('',#4430);
#4432=CARTESIAN_POINT('',(3.35E0,3.68E0,-6.822116084505E0));
#4433=VERTEX_POINT('',#4432);
#4434=CARTESIAN_POINT('',(3.75E0,3.68E0,-6.822116084505E0));
#4435=CARTESIAN_POINT('',(3.962697876583E0,3.68E0,-6.210801922930E0));
#4436=VERTEX_POINT('',#4434);
#4437=VERTEX_POINT('',#4435);
#4438=CARTESIAN_POINT('',(4.068983120460E0,3.68E0,-6.076555117308E0));
#4439=VERTEX_POINT('',#4438);
#4440=CARTESIAN_POINT('',(4.119642233830E0,3.68E0,-5.398274133412E0));
#4441=VERTEX_POINT('',#4440);
#4442=CARTESIAN_POINT('',(3.886219925770E0,3.68E0,-4.991132572598E0));
#4443=VERTEX_POINT('',#4442);
#4444=CARTESIAN_POINT('',(3.75E0,3.68E0,-4.479656493703E0));
#4445=VERTEX_POINT('',#4444);
#4446=CARTESIAN_POINT('',(3.35E0,2.68E0,-4.479656493703E0));
#4447=CARTESIAN_POINT('',(3.539205724164E0,2.68E0,-5.190082676603E0));
#4448=VERTEX_POINT('',#4446);
#4449=VERTEX_POINT('',#4447);
#4450=CARTESIAN_POINT('',(3.772628032223E0,2.68E0,-5.597224237416E0));
#4451=VERTEX_POINT('',#4450);
#4452=CARTESIAN_POINT('',(3.755372206373E0,2.68E0,-5.828264572653E0));
#4453=VERTEX_POINT('',#4452);
#4454=CARTESIAN_POINT('',(3.649086962496E0,2.68E0,-5.962511378275E0));
#4455=VERTEX_POINT('',#4454);
#4456=CARTESIAN_POINT('',(3.35E0,2.68E0,-6.822116084505E0));
#4457=VERTEX_POINT('',#4456);
#4458=CARTESIAN_POINT('',(3.75E0,2.68E0,-6.822116084505E0));
#4459=CARTESIAN_POINT('',(3.962697876583E0,2.68E0,-6.210801922930E0));
#4460=VERTEX_POINT('',#4458);
#4461=VERTEX_POINT('',#4459);
#4462=CARTESIAN_POINT('',(4.068983120460E0,2.68E0,-6.076555117308E0));
#4463=VERTEX_POINT('',#4462);
#4464=CARTESIAN_POINT('',(4.119642233830E0,2.68E0,-5.398274133412E0));
#4465=VERTEX_POINT('',#4464);
#4466=CARTESIAN_POINT('',(3.886219925770E0,2.68E0,-4.991132572598E0));
#4467=VERTEX_POINT('',#4466);
#4468=CARTESIAN_POINT('',(3.75E0,2.68E0,-4.479656493703E0));
#4469=VERTEX_POINT('',#4468);
#4470=CARTESIAN_POINT('',(3.35E0,3.68E0,-4.E0));
#4471=CARTESIAN_POINT('',(3.75E0,3.68E0,-4.E0));
#4472=VERTEX_POINT('',#4470);
#4473=VERTEX_POINT('',#4471);
#4474=CARTESIAN_POINT('',(3.75E0,2.68E0,-7.5E0));
#4475=CARTESIAN_POINT('',(3.75E0,3.68E0,-7.5E0));
#4476=VERTEX_POINT('',#4474);
#4477=VERTEX_POINT('',#4475);
#4478=CARTESIAN_POINT('',(3.35E0,3.68E0,-7.5E0));
#4479=VERTEX_POINT('',#4478);
#4480=CARTESIAN_POINT('',(3.35E0,2.68E0,-7.5E0));
#4481=VERTEX_POINT('',#4480);
#4482=CARTESIAN_POINT('',(3.75E0,2.68E0,-3.4E0));
#4483=CARTESIAN_POINT('',(3.75E0,1.68E0,-3.4E0));
#4484=VERTEX_POINT('',#4482);
#4485=VERTEX_POINT('',#4483);
#4486=CARTESIAN_POINT('',(3.75E0,1.68E0,-4.E0));
#4487=VERTEX_POINT('',#4486);
#4488=CARTESIAN_POINT('',(3.35E0,2.68E0,-3.4E0));
#4489=CARTESIAN_POINT('',(3.35E0,1.68E0,-3.4E0));
#4490=VERTEX_POINT('',#4488);
#4491=VERTEX_POINT('',#4489);
#4492=CARTESIAN_POINT('',(3.35E0,1.68E0,-4.E0));
#4493=VERTEX_POINT('',#4492);
#4494=CARTESIAN_POINT('',(-8.786E-1,-7.194E-1,-3.02E0));
#4495=CARTESIAN_POINT('',(-8.786E-1,-3.394E-1,-3.02E0));
#4496=VERTEX_POINT('',#4494);
#4497=VERTEX_POINT('',#4495);
#4498=CARTESIAN_POINT('',(-5.936E-1,-3.394E-1,-3.02E0));
#4499=VERTEX_POINT('',#4498);
#4500=CARTESIAN_POINT('',(-5.936E-1,-3.879106381774E-1,-3.02E0));
#4501=VERTEX_POINT('',#4500);
#4502=CARTESIAN_POINT('',(-8.311E-1,-3.879106381774E-1,-3.02E0));
#4503=VERTEX_POINT('',#4502);
#4504=CARTESIAN_POINT('',(-8.311E-1,-7.194E-1,-3.02E0));
#4505=VERTEX_POINT('',#4504);
#4506=CARTESIAN_POINT('',(-2.215166817665E-1,-4.364212763548E-1,-3.02E0));
#4507=CARTESIAN_POINT('',(-2.690166817665E-1,-4.364212763548E-1,-3.02E0));
#4508=VERTEX_POINT('',#4506);
#4509=VERTEX_POINT('',#4507);
#4510=CARTESIAN_POINT('',(-2.769333182335E-1,-4.121659600973E-1,-3.02E0));
#4511=VERTEX_POINT('',#4510);
#4512=CARTESIAN_POINT('',(-3.006833182335E-1,-3.959957435966E-1,-3.02E0));
#4513=VERTEX_POINT('',#4512);
#4514=CARTESIAN_POINT('',(-3.3235E-1,-3.879106381774E-1,-3.02E0));
#4515=VERTEX_POINT('',#4514);
#4516=CARTESIAN_POINT('',(-4.036E-1,-3.879106381774E-1,-3.02E0));
#4517=VERTEX_POINT('',#4516);
#4518=CARTESIAN_POINT('',(-4.352666817665E-1,-3.959957435966E-1,-3.02E0));
#4519=VERTEX_POINT('',#4518);
#4520=CARTESIAN_POINT('',(-4.590166817665E-1,-4.121659600973E-1,-3.02E0));
#4521=VERTEX_POINT('',#4520);
#4522=CARTESIAN_POINT('',(-4.7485E-1,-4.364212763548E-1,-3.02E0));
#4523=VERTEX_POINT('',#4522);
#4524=CARTESIAN_POINT('',(-4.827666817665E-1,-4.687616980314E-1,-3.02E0));
#4525=VERTEX_POINT('',#4524);
#4526=CARTESIAN_POINT('',(-4.827666817665E-1,-5.900382906437E-1,-3.02E0));
#4527=VERTEX_POINT('',#4526);
#4528=CARTESIAN_POINT('',(-4.7485E-1,-6.223787123203E-1,-3.02E0));
#4529=VERTEX_POINT('',#4528);
#4530=CARTESIAN_POINT('',(-4.590166817665E-1,-6.466340512276E-1,-3.02E0));
#4531=VERTEX_POINT('',#4530);
#4532=CARTESIAN_POINT('',(-4.352666817665E-1,-6.628042620659E-1,-3.02E0));
#4533=VERTEX_POINT('',#4532);
#4534=CARTESIAN_POINT('',(-4.036E-1,-6.708893674850E-1,-3.02E0));
#4535=VERTEX_POINT('',#4534);
#4536=CARTESIAN_POINT('',(-3.3235E-1,-6.708893674850E-1,-3.02E0));
#4537=VERTEX_POINT('',#4536);
#4538=CARTESIAN_POINT('',(-3.006833182335E-1,-6.628042620659E-1,-3.02E0));
#4539=VERTEX_POINT('',#4538);
#4540=CARTESIAN_POINT('',(-2.769333182335E-1,-6.466340512276E-1,-3.02E0));
#4541=VERTEX_POINT('',#4540);
#4542=CARTESIAN_POINT('',(-2.690166817665E-1,-6.223787123203E-1,-3.02E0));
#4543=VERTEX_POINT('',#4542);
#4544=CARTESIAN_POINT('',(-2.215166817665E-1,-6.223787123203E-1,-3.02E0));
#4545=VERTEX_POINT('',#4544);
#4546=CARTESIAN_POINT('',(-2.294333182335E-1,-6.628042620659E-1,-3.02E0));
#4547=VERTEX_POINT('',#4546);
#4548=CARTESIAN_POINT('',(-2.611E-1,-6.951446837425E-1,-3.02E0));
#4549=VERTEX_POINT('',#4548);
#4550=CARTESIAN_POINT('',(-2.927666817665E-1,-7.113148945808E-1,-3.02E0));
#4551=VERTEX_POINT('',#4550);
#4552=CARTESIAN_POINT('',(-3.3235E-1,-7.194E-1,-3.02E0));
#4553=VERTEX_POINT('',#4552);
#4554=CARTESIAN_POINT('',(-4.036E-1,-7.194E-1,-3.02E0));
#4555=VERTEX_POINT('',#4554);
#4556=CARTESIAN_POINT('',(-4.431833182335E-1,-7.113148945808E-1,-3.02E0));
#4557=VERTEX_POINT('',#4556);
#4558=CARTESIAN_POINT('',(-4.7485E-1,-6.951446837425E-1,-3.02E0));
#4559=VERTEX_POINT('',#4558);
#4560=CARTESIAN_POINT('',(-5.065166591167E-1,-6.628042620659E-1,-3.02E0));
#4561=VERTEX_POINT('',#4560);
#4562=CARTESIAN_POINT('',(-5.2235E-1,-6.304638403893E-1,-3.02E0));
#4563=VERTEX_POINT('',#4562);
#4564=CARTESIAN_POINT('',(-5.302666591167E-1,-5.900382906437E-1,-3.02E0));
#4565=VERTEX_POINT('',#4564);
#4566=CARTESIAN_POINT('',(-5.302666591167E-1,-4.687616980314E-1,-3.02E0));
#4567=VERTEX_POINT('',#4566);
#4568=CARTESIAN_POINT('',(-5.2235E-1,-4.283361709356E-1,-3.02E0));
#4569=VERTEX_POINT('',#4568);
#4570=CARTESIAN_POINT('',(-5.065166591167E-1,-3.959957435966E-1,-3.02E0));
#4571=VERTEX_POINT('',#4570);
#4572=CARTESIAN_POINT('',(-4.7485E-1,-3.636553190887E-1,-3.02E0));
#4573=VERTEX_POINT('',#4572);
#4574=CARTESIAN_POINT('',(-4.431833182335E-1,-3.474851061270E-1,-3.02E0));
#4575=VERTEX_POINT('',#4574);
#4576=CARTESIAN_POINT('',(-4.036E-1,-3.394E-1,-3.02E0));
#4577=VERTEX_POINT('',#4576);
#4578=CARTESIAN_POINT('',(-3.3235E-1,-3.394E-1,-3.02E0));
#4579=VERTEX_POINT('',#4578);
#4580=CARTESIAN_POINT('',(-2.927666817665E-1,-3.474851061270E-1,-3.02E0));
#4581=VERTEX_POINT('',#4580);
#4582=CARTESIAN_POINT('',(-2.611E-1,-3.636553190887E-1,-3.02E0));
#4583=VERTEX_POINT('',#4582);
#4584=CARTESIAN_POINT('',(-2.294333182335E-1,-3.959957435966E-1,-3.02E0));
#4585=VERTEX_POINT('',#4584);
#4586=CARTESIAN_POINT('',(1.268166364670E-1,-3.879106381774E-1,-3.02E0));
#4587=CARTESIAN_POINT('',(-1.106833635330E-1,-3.879106381774E-1,-3.02E0));
#4588=VERTEX_POINT('',#4586);
#4589=VERTEX_POINT('',#4587);
#4590=CARTESIAN_POINT('',(-1.106833635330E-1,-5.172723418713E-1,-3.02E0));
#4591=VERTEX_POINT('',#4590);
#4592=CARTESIAN_POINT('',(9.515E-2,-5.172723418713E-1,-3.02E0));
#4593=VERTEX_POINT('',#4592);
#4594=CARTESIAN_POINT('',(9.515E-2,-5.657829743862E-1,-3.02E0));
#4595=VERTEX_POINT('',#4594);
#4596=CARTESIAN_POINT('',(-1.106833635330E-1,-5.657829743862E-1,-3.02E0));
#4597=VERTEX_POINT('',#4596);
#4598=CARTESIAN_POINT('',(-1.106833635330E-1,-6.708893674850E-1,-3.02E0));
#4599=VERTEX_POINT('',#4598);
#4600=CARTESIAN_POINT('',(1.268166364670E-1,-6.708893674850E-1,-3.02E0));
#4601=VERTEX_POINT('',#4600);
#4602=CARTESIAN_POINT('',(1.268166364670E-1,-7.194E-1,-3.02E0));
#4603=VERTEX_POINT('',#4602);
#4604=CARTESIAN_POINT('',(-1.581833182335E-1,-7.194E-1,-3.02E0));
#4605=VERTEX_POINT('',#4604);
#4606=CARTESIAN_POINT('',(-1.581833182335E-1,-3.394E-1,-3.02E0));
#4607=VERTEX_POINT('',#4606);
#4608=CARTESIAN_POINT('',(1.268166364670E-1,-3.394E-1,-3.02E0));
#4609=VERTEX_POINT('',#4608);
#4610=CARTESIAN_POINT('',(3.8015E-1,-7.194E-1,-3.02E0));
#4611=CARTESIAN_POINT('',(1.9015E-1,-7.194E-1,-3.02E0));
#4612=VERTEX_POINT('',#4610);
#4613=VERTEX_POINT('',#4611);
#4614=CARTESIAN_POINT('',(1.9015E-1,-3.394E-1,-3.02E0));
#4615=VERTEX_POINT('',#4614);
#4616=CARTESIAN_POINT('',(3.8015E-1,-3.394E-1,-3.02E0));
#4617=VERTEX_POINT('',#4616);
#4618=CARTESIAN_POINT('',(4.197333635330E-1,-3.474851061270E-1,-3.02E0));
#4619=VERTEX_POINT('',#4618);
#4620=CARTESIAN_POINT('',(4.514E-1,-3.636553190887E-1,-3.02E0));
#4621=VERTEX_POINT('',#4620);
#4622=CARTESIAN_POINT('',(4.830666364670E-1,-3.959957435966E-1,-3.02E0));
#4623=VERTEX_POINT('',#4622);
#4624=CARTESIAN_POINT('',(4.989E-1,-4.283361709356E-1,-3.02E0));
#4625=VERTEX_POINT('',#4624);
#4626=CARTESIAN_POINT('',(5.068166364670E-1,-4.687616980314E-1,-3.02E0));
#4627=VERTEX_POINT('',#4626);
#4628=CARTESIAN_POINT('',(5.068166364670E-1,-5.900382906437E-1,-3.02E0));
#4629=VERTEX_POINT('',#4628);
#4630=CARTESIAN_POINT('',(4.989E-1,-6.304638403893E-1,-3.02E0));
#4631=VERTEX_POINT('',#4630);
#4632=CARTESIAN_POINT('',(4.830666364670E-1,-6.628042620659E-1,-3.02E0));
#4633=VERTEX_POINT('',#4632);
#4634=CARTESIAN_POINT('',(4.514E-1,-6.951446837425E-1,-3.02E0));
#4635=VERTEX_POINT('',#4634);
#4636=CARTESIAN_POINT('',(4.197333635330E-1,-7.113148945808E-1,-3.02E0));
#4637=VERTEX_POINT('',#4636);
#4638=CARTESIAN_POINT('',(2.3765E-1,-6.708893674850E-1,-3.02E0));
#4639=CARTESIAN_POINT('',(3.8015E-1,-6.708893674850E-1,-3.02E0));
#4640=VERTEX_POINT('',#4638);
#4641=VERTEX_POINT('',#4639);
#4642=CARTESIAN_POINT('',(4.118166364670E-1,-6.628042620659E-1,-3.02E0));
#4643=VERTEX_POINT('',#4642);
#4644=CARTESIAN_POINT('',(4.355666364670E-1,-6.466340512276E-1,-3.02E0));
#4645=VERTEX_POINT('',#4644);
#4646=CARTESIAN_POINT('',(4.514E-1,-6.223787123203E-1,-3.02E0));
#4647=VERTEX_POINT('',#4646);
#4648=CARTESIAN_POINT('',(4.593166364670E-1,-5.900382906437E-1,-3.02E0));
#4649=VERTEX_POINT('',#4648);
#4650=CARTESIAN_POINT('',(4.593166364670E-1,-4.687616980314E-1,-3.02E0));
#4651=VERTEX_POINT('',#4650);
#4652=CARTESIAN_POINT('',(4.514E-1,-4.364212763548E-1,-3.02E0));
#4653=VERTEX_POINT('',#4652);
#4654=CARTESIAN_POINT('',(4.355666364670E-1,-4.121659600973E-1,-3.02E0));
#4655=VERTEX_POINT('',#4654);
#4656=CARTESIAN_POINT('',(4.118166364670E-1,-3.959957435966E-1,-3.02E0));
#4657=VERTEX_POINT('',#4656);
#4658=CARTESIAN_POINT('',(3.8015E-1,-3.879106381774E-1,-3.02E0));
#4659=VERTEX_POINT('',#4658);
#4660=CARTESIAN_POINT('',(2.3765E-1,-3.879106381774E-1,-3.02E0));
#4661=VERTEX_POINT('',#4660);
#4662=CARTESIAN_POINT('',(7.6015E-1,-7.194E-1,-3.02E0));
#4663=CARTESIAN_POINT('',(6.968167270660E-1,-7.194E-1,-3.02E0));
#4664=VERTEX_POINT('',#4662);
#4665=VERTEX_POINT('',#4663);
#4666=CARTESIAN_POINT('',(5.7015E-1,-3.394E-1,-3.02E0));
#4667=VERTEX_POINT('',#4666);
#4668=CARTESIAN_POINT('',(6.1765E-1,-3.394E-1,-3.02E0));
#4669=VERTEX_POINT('',#4668);
#4670=CARTESIAN_POINT('',(6.493167270660E-1,-4.364212763548E-1,-3.02E0));
#4671=VERTEX_POINT('',#4670);
#4672=CARTESIAN_POINT('',(8.0765E-1,-4.364212763548E-1,-3.02E0));
#4673=VERTEX_POINT('',#4672);
#4674=CARTESIAN_POINT('',(8.393167270660E-1,-3.394E-1,-3.02E0));
#4675=VERTEX_POINT('',#4674);
#4676=CARTESIAN_POINT('',(8.868167270660E-1,-3.394E-1,-3.02E0));
#4677=VERTEX_POINT('',#4676);
#4678=CARTESIAN_POINT('',(7.284832729340E-1,-6.870595783234E-1,-3.02E0));
#4679=CARTESIAN_POINT('',(7.997332729340E-1,-4.687616980314E-1,-3.02E0));
#4680=VERTEX_POINT('',#4678);
#4681=VERTEX_POINT('',#4679);
#4682=CARTESIAN_POINT('',(6.572332729340E-1,-4.687616980314E-1,-3.02E0));
#4683=VERTEX_POINT('',#4682);
#4684=CARTESIAN_POINT('',(-8.786E-1,-7.194E-1,-3.E0));
#4685=CARTESIAN_POINT('',(-8.786E-1,-3.394E-1,-3.E0));
#4686=VERTEX_POINT('',#4684);
#4687=VERTEX_POINT('',#4685);
#4688=CARTESIAN_POINT('',(-5.936E-1,-3.394E-1,-3.E0));
#4689=VERTEX_POINT('',#4688);
#4690=CARTESIAN_POINT('',(-5.936E-1,-3.879106381774E-1,-3.E0));
#4691=VERTEX_POINT('',#4690);
#4692=CARTESIAN_POINT('',(-8.311E-1,-3.879106381774E-1,-3.E0));
#4693=VERTEX_POINT('',#4692);
#4694=CARTESIAN_POINT('',(-8.311E-1,-7.194E-1,-3.E0));
#4695=VERTEX_POINT('',#4694);
#4696=CARTESIAN_POINT('',(-2.215166817665E-1,-4.364212763548E-1,-3.E0));
#4697=CARTESIAN_POINT('',(-2.690166817665E-1,-4.364212763548E-1,-3.E0));
#4698=VERTEX_POINT('',#4696);
#4699=VERTEX_POINT('',#4697);
#4700=CARTESIAN_POINT('',(-2.769333182335E-1,-4.121659600973E-1,-3.E0));
#4701=VERTEX_POINT('',#4700);
#4702=CARTESIAN_POINT('',(-3.006833182335E-1,-3.959957435966E-1,-3.E0));
#4703=VERTEX_POINT('',#4702);
#4704=CARTESIAN_POINT('',(-3.3235E-1,-3.879106381774E-1,-3.E0));
#4705=VERTEX_POINT('',#4704);
#4706=CARTESIAN_POINT('',(-4.036E-1,-3.879106381774E-1,-3.E0));
#4707=VERTEX_POINT('',#4706);
#4708=CARTESIAN_POINT('',(-4.352666817665E-1,-3.959957435966E-1,-3.E0));
#4709=VERTEX_POINT('',#4708);
#4710=CARTESIAN_POINT('',(-4.590166817665E-1,-4.121659600973E-1,-3.E0));
#4711=VERTEX_POINT('',#4710);
#4712=CARTESIAN_POINT('',(-4.7485E-1,-4.364212763548E-1,-3.E0));
#4713=VERTEX_POINT('',#4712);
#4714=CARTESIAN_POINT('',(-4.827666817665E-1,-4.687616980314E-1,-3.E0));
#4715=VERTEX_POINT('',#4714);
#4716=CARTESIAN_POINT('',(-4.827666817665E-1,-5.900382906437E-1,-3.E0));
#4717=VERTEX_POINT('',#4716);
#4718=CARTESIAN_POINT('',(-4.7485E-1,-6.223787123203E-1,-3.E0));
#4719=VERTEX_POINT('',#4718);
#4720=CARTESIAN_POINT('',(-4.590166817665E-1,-6.466340512276E-1,-3.E0));
#4721=VERTEX_POINT('',#4720);
#4722=CARTESIAN_POINT('',(-4.352666817665E-1,-6.628042620659E-1,-3.E0));
#4723=VERTEX_POINT('',#4722);
#4724=CARTESIAN_POINT('',(-4.036E-1,-6.708893674850E-1,-3.E0));
#4725=VERTEX_POINT('',#4724);
#4726=CARTESIAN_POINT('',(-3.3235E-1,-6.708893674850E-1,-3.E0));
#4727=VERTEX_POINT('',#4726);
#4728=CARTESIAN_POINT('',(-3.006833182335E-1,-6.628042620659E-1,-3.E0));
#4729=VERTEX_POINT('',#4728);
#4730=CARTESIAN_POINT('',(-2.769333182335E-1,-6.466340512276E-1,-3.E0));
#4731=VERTEX_POINT('',#4730);
#4732=CARTESIAN_POINT('',(-2.690166817665E-1,-6.223787123203E-1,-3.E0));
#4733=VERTEX_POINT('',#4732);
#4734=CARTESIAN_POINT('',(-2.215166817665E-1,-6.223787123203E-1,-3.E0));
#4735=VERTEX_POINT('',#4734);
#4736=CARTESIAN_POINT('',(-2.294333182335E-1,-6.628042620659E-1,-3.E0));
#4737=VERTEX_POINT('',#4736);
#4738=CARTESIAN_POINT('',(-2.611E-1,-6.951446837425E-1,-3.E0));
#4739=VERTEX_POINT('',#4738);
#4740=CARTESIAN_POINT('',(-2.927666817665E-1,-7.113148945808E-1,-3.E0));
#4741=VERTEX_POINT('',#4740);
#4742=CARTESIAN_POINT('',(-3.3235E-1,-7.194E-1,-3.E0));
#4743=VERTEX_POINT('',#4742);
#4744=CARTESIAN_POINT('',(-4.036E-1,-7.194E-1,-3.E0));
#4745=VERTEX_POINT('',#4744);
#4746=CARTESIAN_POINT('',(-4.431833182335E-1,-7.113148945808E-1,-3.E0));
#4747=VERTEX_POINT('',#4746);
#4748=CARTESIAN_POINT('',(-4.7485E-1,-6.951446837425E-1,-3.E0));
#4749=VERTEX_POINT('',#4748);
#4750=CARTESIAN_POINT('',(-5.065166591167E-1,-6.628042620659E-1,-3.E0));
#4751=VERTEX_POINT('',#4750);
#4752=CARTESIAN_POINT('',(-5.2235E-1,-6.304638403893E-1,-3.E0));
#4753=VERTEX_POINT('',#4752);
#4754=CARTESIAN_POINT('',(-5.302666591167E-1,-5.900382906437E-1,-3.E0));
#4755=VERTEX_POINT('',#4754);
#4756=CARTESIAN_POINT('',(-5.302666591167E-1,-4.687616980314E-1,-3.E0));
#4757=VERTEX_POINT('',#4756);
#4758=CARTESIAN_POINT('',(-5.2235E-1,-4.283361709356E-1,-3.E0));
#4759=VERTEX_POINT('',#4758);
#4760=CARTESIAN_POINT('',(-5.065166591167E-1,-3.959957435966E-1,-3.E0));
#4761=VERTEX_POINT('',#4760);
#4762=CARTESIAN_POINT('',(-4.7485E-1,-3.636553190887E-1,-3.E0));
#4763=VERTEX_POINT('',#4762);
#4764=CARTESIAN_POINT('',(-4.431833182335E-1,-3.474851061270E-1,-3.E0));
#4765=VERTEX_POINT('',#4764);
#4766=CARTESIAN_POINT('',(-4.036E-1,-3.394E-1,-3.E0));
#4767=VERTEX_POINT('',#4766);
#4768=CARTESIAN_POINT('',(-3.3235E-1,-3.394E-1,-3.E0));
#4769=VERTEX_POINT('',#4768);
#4770=CARTESIAN_POINT('',(-2.927666817665E-1,-3.474851061270E-1,-3.E0));
#4771=VERTEX_POINT('',#4770);
#4772=CARTESIAN_POINT('',(-2.611E-1,-3.636553190887E-1,-3.E0));
#4773=VERTEX_POINT('',#4772);
#4774=CARTESIAN_POINT('',(-2.294333182335E-1,-3.959957435966E-1,-3.E0));
#4775=VERTEX_POINT('',#4774);
#4776=CARTESIAN_POINT('',(1.268166364670E-1,-3.879106381774E-1,-3.E0));
#4777=CARTESIAN_POINT('',(-1.106833635330E-1,-3.879106381774E-1,-3.E0));
#4778=VERTEX_POINT('',#4776);
#4779=VERTEX_POINT('',#4777);
#4780=CARTESIAN_POINT('',(-1.106833635330E-1,-5.172723418713E-1,-3.E0));
#4781=VERTEX_POINT('',#4780);
#4782=CARTESIAN_POINT('',(9.515E-2,-5.172723418713E-1,-3.E0));
#4783=VERTEX_POINT('',#4782);
#4784=CARTESIAN_POINT('',(9.515E-2,-5.657829743862E-1,-3.E0));
#4785=VERTEX_POINT('',#4784);
#4786=CARTESIAN_POINT('',(-1.106833635330E-1,-5.657829743862E-1,-3.E0));
#4787=VERTEX_POINT('',#4786);
#4788=CARTESIAN_POINT('',(-1.106833635330E-1,-6.708893674850E-1,-3.E0));
#4789=VERTEX_POINT('',#4788);
#4790=CARTESIAN_POINT('',(1.268166364670E-1,-6.708893674850E-1,-3.E0));
#4791=VERTEX_POINT('',#4790);
#4792=CARTESIAN_POINT('',(1.268166364670E-1,-7.194E-1,-3.E0));
#4793=VERTEX_POINT('',#4792);
#4794=CARTESIAN_POINT('',(-1.581833182335E-1,-7.194E-1,-3.E0));
#4795=VERTEX_POINT('',#4794);
#4796=CARTESIAN_POINT('',(-1.581833182335E-1,-3.394E-1,-3.E0));
#4797=VERTEX_POINT('',#4796);
#4798=CARTESIAN_POINT('',(1.268166364670E-1,-3.394E-1,-3.E0));
#4799=VERTEX_POINT('',#4798);
#4800=CARTESIAN_POINT('',(3.8015E-1,-7.194E-1,-3.E0));
#4801=CARTESIAN_POINT('',(1.9015E-1,-7.194E-1,-3.E0));
#4802=VERTEX_POINT('',#4800);
#4803=VERTEX_POINT('',#4801);
#4804=CARTESIAN_POINT('',(1.9015E-1,-3.394E-1,-3.E0));
#4805=VERTEX_POINT('',#4804);
#4806=CARTESIAN_POINT('',(3.8015E-1,-3.394E-1,-3.E0));
#4807=VERTEX_POINT('',#4806);
#4808=CARTESIAN_POINT('',(4.197333635330E-1,-3.474851061270E-1,-3.E0));
#4809=VERTEX_POINT('',#4808);
#4810=CARTESIAN_POINT('',(4.514E-1,-3.636553190887E-1,-3.E0));
#4811=VERTEX_POINT('',#4810);
#4812=CARTESIAN_POINT('',(4.830666364670E-1,-3.959957435966E-1,-3.E0));
#4813=VERTEX_POINT('',#4812);
#4814=CARTESIAN_POINT('',(4.989E-1,-4.283361709356E-1,-3.E0));
#4815=VERTEX_POINT('',#4814);
#4816=CARTESIAN_POINT('',(5.068166364670E-1,-4.687616980314E-1,-3.E0));
#4817=VERTEX_POINT('',#4816);
#4818=CARTESIAN_POINT('',(5.068166364670E-1,-5.900382906437E-1,-3.E0));
#4819=VERTEX_POINT('',#4818);
#4820=CARTESIAN_POINT('',(4.989E-1,-6.304638403893E-1,-3.E0));
#4821=VERTEX_POINT('',#4820);
#4822=CARTESIAN_POINT('',(4.830666364670E-1,-6.628042620659E-1,-3.E0));
#4823=VERTEX_POINT('',#4822);
#4824=CARTESIAN_POINT('',(4.514E-1,-6.951446837425E-1,-3.E0));
#4825=VERTEX_POINT('',#4824);
#4826=CARTESIAN_POINT('',(4.197333635330E-1,-7.113148945808E-1,-3.E0));
#4827=VERTEX_POINT('',#4826);
#4828=CARTESIAN_POINT('',(2.3765E-1,-6.708893674850E-1,-3.E0));
#4829=CARTESIAN_POINT('',(3.8015E-1,-6.708893674850E-1,-3.E0));
#4830=VERTEX_POINT('',#4828);
#4831=VERTEX_POINT('',#4829);
#4832=CARTESIAN_POINT('',(4.118166364670E-1,-6.628042620659E-1,-3.E0));
#4833=VERTEX_POINT('',#4832);
#4834=CARTESIAN_POINT('',(4.355666364670E-1,-6.466340512276E-1,-3.E0));
#4835=VERTEX_POINT('',#4834);
#4836=CARTESIAN_POINT('',(4.514E-1,-6.223787123203E-1,-3.E0));
#4837=VERTEX_POINT('',#4836);
#4838=CARTESIAN_POINT('',(4.593166364670E-1,-5.900382906437E-1,-3.E0));
#4839=VERTEX_POINT('',#4838);
#4840=CARTESIAN_POINT('',(4.593166364670E-1,-4.687616980314E-1,-3.E0));
#4841=VERTEX_POINT('',#4840);
#4842=CARTESIAN_POINT('',(4.514E-1,-4.364212763548E-1,-3.E0));
#4843=VERTEX_POINT('',#4842);
#4844=CARTESIAN_POINT('',(4.355666364670E-1,-4.121659600973E-1,-3.E0));
#4845=VERTEX_POINT('',#4844);
#4846=CARTESIAN_POINT('',(4.118166364670E-1,-3.959957435966E-1,-3.E0));
#4847=VERTEX_POINT('',#4846);
#4848=CARTESIAN_POINT('',(3.8015E-1,-3.879106381774E-1,-3.E0));
#4849=VERTEX_POINT('',#4848);
#4850=CARTESIAN_POINT('',(2.3765E-1,-3.879106381774E-1,-3.E0));
#4851=VERTEX_POINT('',#4850);
#4852=CARTESIAN_POINT('',(7.6015E-1,-7.194E-1,-3.E0));
#4853=CARTESIAN_POINT('',(6.968167270660E-1,-7.194E-1,-3.E0));
#4854=VERTEX_POINT('',#4852);
#4855=VERTEX_POINT('',#4853);
#4856=CARTESIAN_POINT('',(5.7015E-1,-3.394E-1,-3.E0));
#4857=VERTEX_POINT('',#4856);
#4858=CARTESIAN_POINT('',(6.1765E-1,-3.394E-1,-3.E0));
#4859=VERTEX_POINT('',#4858);
#4860=CARTESIAN_POINT('',(6.493167270660E-1,-4.364212763548E-1,-3.E0));
#4861=VERTEX_POINT('',#4860);
#4862=CARTESIAN_POINT('',(8.0765E-1,-4.364212763548E-1,-3.E0));
#4863=VERTEX_POINT('',#4862);
#4864=CARTESIAN_POINT('',(8.393167270660E-1,-3.394E-1,-3.E0));
#4865=VERTEX_POINT('',#4864);
#4866=CARTESIAN_POINT('',(8.868167270660E-1,-3.394E-1,-3.E0));
#4867=VERTEX_POINT('',#4866);
#4868=CARTESIAN_POINT('',(7.284832729340E-1,-6.870595783234E-1,-3.E0));
#4869=CARTESIAN_POINT('',(7.997332729340E-1,-4.687616980314E-1,-3.E0));
#4870=VERTEX_POINT('',#4868);
#4871=VERTEX_POINT('',#4869);
#4872=CARTESIAN_POINT('',(6.572332729340E-1,-4.687616980314E-1,-3.E0));
#4873=VERTEX_POINT('',#4872);
#4874=CARTESIAN_POINT('',(-1.75E0,-1.4E0,0.E0));
#4875=CARTESIAN_POINT('',(1.75E0,-1.4E0,0.E0));
#4876=VERTEX_POINT('',#4874);
#4877=VERTEX_POINT('',#4875);
#4878=CARTESIAN_POINT('',(-1.505005130090E0,-4.32E0,1.149728801053E-8));
#4879=CARTESIAN_POINT('',(1.505005130090E0,-4.32E0,-1.149728858226E-8));
#4880=VERTEX_POINT('',#4878);
#4881=VERTEX_POINT('',#4879);
#4882=CARTESIAN_POINT('',(-1.604873447511E0,-4.225130221785E0,
-1.228631669354E-9));
#4883=CARTESIAN_POINT('',(1.604873447511E0,-4.225130221785E0,
1.228633046114E-9));
#4884=VERTEX_POINT('',#4882);
#4885=VERTEX_POINT('',#4883);
#4886=CARTESIAN_POINT('',(-3.75E0,1.4E0,-1.5E0));
#4887=CARTESIAN_POINT('',(-3.75E0,-6.2E-1,-3.3E0));
#4888=VERTEX_POINT('',#4886);
#4889=VERTEX_POINT('',#4887);
#4890=CARTESIAN_POINT('',(-3.75E0,-6.2E-1,-4.E0));
#4891=VERTEX_POINT('',#4890);
#4892=CARTESIAN_POINT('',(-3.35E0,-6.2E-1,-3.3E0));
#4893=CARTESIAN_POINT('',(-3.35E0,-6.2E-1,-4.E0));
#4894=VERTEX_POINT('',#4892);
#4895=VERTEX_POINT('',#4893);
#4896=CARTESIAN_POINT('',(-3.75E0,4.68E0,-4.E0));
#4897=CARTESIAN_POINT('',(-3.35E0,4.68E0,-4.E0));
#4898=VERTEX_POINT('',#4896);
#4899=VERTEX_POINT('',#4897);
#4900=CARTESIAN_POINT('',(-3.35E0,3.68E0,-4.479656493703E0));
#4901=CARTESIAN_POINT('',(-3.539205724164E0,3.68E0,-5.190082676603E0));
#4902=VERTEX_POINT('',#4900);
#4903=VERTEX_POINT('',#4901);
#4904=CARTESIAN_POINT('',(-3.772628032223E0,3.68E0,-5.597224237416E0));
#4905=VERTEX_POINT('',#4904);
#4906=CARTESIAN_POINT('',(-3.755372206373E0,3.68E0,-5.828264572653E0));
#4907=VERTEX_POINT('',#4906);
#4908=CARTESIAN_POINT('',(-3.649086962496E0,3.68E0,-5.962511378275E0));
#4909=VERTEX_POINT('',#4908);
#4910=CARTESIAN_POINT('',(-3.35E0,3.68E0,-6.822116084505E0));
#4911=VERTEX_POINT('',#4910);
#4912=CARTESIAN_POINT('',(-3.75E0,3.68E0,-6.822116084505E0));
#4913=CARTESIAN_POINT('',(-3.962697876583E0,3.68E0,-6.210801922930E0));
#4914=VERTEX_POINT('',#4912);
#4915=VERTEX_POINT('',#4913);
#4916=CARTESIAN_POINT('',(-4.068983120460E0,3.68E0,-6.076555117308E0));
#4917=VERTEX_POINT('',#4916);
#4918=CARTESIAN_POINT('',(-4.119642233830E0,3.68E0,-5.398274133412E0));
#4919=VERTEX_POINT('',#4918);
#4920=CARTESIAN_POINT('',(-3.886219925770E0,3.68E0,-4.991132572598E0));
#4921=VERTEX_POINT('',#4920);
#4922=CARTESIAN_POINT('',(-3.75E0,3.68E0,-4.479656493703E0));
#4923=VERTEX_POINT('',#4922);
#4924=CARTESIAN_POINT('',(-3.35E0,2.68E0,-4.479656493703E0));
#4925=CARTESIAN_POINT('',(-3.539205724164E0,2.68E0,-5.190082676603E0));
#4926=VERTEX_POINT('',#4924);
#4927=VERTEX_POINT('',#4925);
#4928=CARTESIAN_POINT('',(-3.772628032223E0,2.68E0,-5.597224237416E0));
#4929=VERTEX_POINT('',#4928);
#4930=CARTESIAN_POINT('',(-3.755372206373E0,2.68E0,-5.828264572653E0));
#4931=VERTEX_POINT('',#4930);
#4932=CARTESIAN_POINT('',(-3.649086962496E0,2.68E0,-5.962511378275E0));
#4933=VERTEX_POINT('',#4932);
#4934=CARTESIAN_POINT('',(-3.35E0,2.68E0,-6.822116084505E0));
#4935=VERTEX_POINT('',#4934);
#4936=CARTESIAN_POINT('',(-3.75E0,2.68E0,-6.822116084505E0));
#4937=CARTESIAN_POINT('',(-3.962697876583E0,2.68E0,-6.210801922930E0));
#4938=VERTEX_POINT('',#4936);
#4939=VERTEX_POINT('',#4937);
#4940=CARTESIAN_POINT('',(-4.068983120460E0,2.68E0,-6.076555117308E0));
#4941=VERTEX_POINT('',#4940);
#4942=CARTESIAN_POINT('',(-4.119642233830E0,2.68E0,-5.398274133412E0));
#4943=VERTEX_POINT('',#4942);
#4944=CARTESIAN_POINT('',(-3.886219925770E0,2.68E0,-4.991132572598E0));
#4945=VERTEX_POINT('',#4944);
#4946=CARTESIAN_POINT('',(-3.75E0,2.68E0,-4.479656493703E0));
#4947=VERTEX_POINT('',#4946);
#4948=CARTESIAN_POINT('',(-3.35E0,3.68E0,-4.E0));
#4949=VERTEX_POINT('',#4948);
#4950=CARTESIAN_POINT('',(-3.75E0,3.68E0,-4.E0));
#4951=VERTEX_POINT('',#4950);
#4952=CARTESIAN_POINT('',(-3.75E0,2.68E0,-3.4E0));
#4953=CARTESIAN_POINT('',(-3.35E0,2.68E0,-3.4E0));
#4954=VERTEX_POINT('',#4952);
#4955=VERTEX_POINT('',#4953);
#4956=CARTESIAN_POINT('',(-3.75E0,1.68E0,-3.4E0));
#4957=CARTESIAN_POINT('',(-3.35E0,1.68E0,-3.4E0));
#4958=VERTEX_POINT('',#4956);
#4959=VERTEX_POINT('',#4957);
#4960=CARTESIAN_POINT('',(-3.E0,-1.42E0,0.E0));
#4961=CARTESIAN_POINT('',(-3.E0,-1.82E0,0.E0));
#4962=VERTEX_POINT('',#4960);
#4963=VERTEX_POINT('',#4961);
#4964=CARTESIAN_POINT('',(-3.05E0,-1.42E0,3.E0));
#4965=CARTESIAN_POINT('',(-3.05E0,-1.42E0,0.E0));
#4966=VERTEX_POINT('',#4964);
#4967=VERTEX_POINT('',#4965);
#4968=CARTESIAN_POINT('',(-3.35E0,-1.12E0,3.E0));
#4969=CARTESIAN_POINT('',(-3.35E0,-1.12E0,0.E0));
#4970=VERTEX_POINT('',#4968);
#4971=VERTEX_POINT('',#4969);
#4972=CARTESIAN_POINT('',(-3.75E0,-1.22E0,3.E0));
#4973=CARTESIAN_POINT('',(-3.15E0,-1.82E0,3.E0));
#4974=VERTEX_POINT('',#4972);
#4975=VERTEX_POINT('',#4973);
#4976=CARTESIAN_POINT('',(-3.15E0,-1.82E0,0.E0));
#4977=VERTEX_POINT('',#4976);
#4978=CARTESIAN_POINT('',(-3.75E0,-1.22E0,0.E0));
#4979=VERTEX_POINT('',#4978);
#4980=CARTESIAN_POINT('',(-3.75E0,1.4E0,0.E0));
#4981=VERTEX_POINT('',#4980);
#4982=CARTESIAN_POINT('',(-3.75E0,3.18E0,3.E0));
#4983=CARTESIAN_POINT('',(-3.75E0,4.68E0,-1.E0));
#4984=VERTEX_POINT('',#4982);
#4985=VERTEX_POINT('',#4983);
#4986=CARTESIAN_POINT('',(-3.35E0,4.68E0,-1.E0));
#4987=VERTEX_POINT('',#4986);
#4988=CARTESIAN_POINT('',(-3.35E0,3.18E0,3.E0));
#4989=VERTEX_POINT('',#4988);
#4990=CARTESIAN_POINT('',(-3.35E0,1.634899999940E0,1.457999999712E-1));
#4991=CARTESIAN_POINT('',(-3.35E0,1.4E0,1.458E-1));
#4992=VERTEX_POINT('',#4990);
#4993=VERTEX_POINT('',#4991);
#4994=CARTESIAN_POINT('',(-3.35E0,1.6349E0,-1.5662E0));
#4995=VERTEX_POINT('',#4994);
#4996=CARTESIAN_POINT('',(-3.35E0,1.325708888889E0,-1.5662E0));
#4997=VERTEX_POINT('',#4996);
#4998=CARTESIAN_POINT('',(-3.35E0,1.4E0,0.E0));
#4999=VERTEX_POINT('',#4998);
#5000=VERTEX_POINT('',#439);
#5001=CARTESIAN_POINT('',(-3.E0,1.4E0,-2.262362576389E-1));
#5002=CARTESIAN_POINT('',(-3.216666666667E0,1.4E0,-4.276180831642E-2));
#5003=VERTEX_POINT('',#5001);
#5004=VERTEX_POINT('',#5002);
#5005=CARTESIAN_POINT('',(-3.216666666661E0,1.634899999815E0,
-4.276180831828E-2));
#5006=VERTEX_POINT('',#5005);
#5007=CARTESIAN_POINT('',(-2.95E0,1.6349E0,-4.198854249492E-1));
#5008=CARTESIAN_POINT('',(-2.95E0,1.4E0,-4.198854249492E-1));
#5009=VERTEX_POINT('',#5007);
#5010=VERTEX_POINT('',#5008);
#5011=CARTESIAN_POINT('',(-2.95E0,1.6349E0,-1.000514575051E0));
#5012=VERTEX_POINT('',#5011);
#5013=CARTESIAN_POINT('',(-3.216666666667E0,1.6349E0,-1.377638191684E0));
#5014=VERTEX_POINT('',#5013);
#5015=CARTESIAN_POINT('',(-3.216666666667E0,1.4E0,-1.377638191684E0));
#5016=CARTESIAN_POINT('',(-3.E0,1.4E0,-1.194163742361E0));
#5017=VERTEX_POINT('',#5015);
#5018=VERTEX_POINT('',#5016);
#5019=CARTESIAN_POINT('',(-2.95E0,1.4E0,-1.000514575051E0));
#5020=VERTEX_POINT('',#5019);
#5021=CARTESIAN_POINT('',(-3.75E0,1.634900000226E0,-1.542000001253E-1));
#5022=CARTESIAN_POINT('',(-3.75E0,1.4E0,-1.542E-1));
#5023=VERTEX_POINT('',#5021);
#5024=VERTEX_POINT('',#5022);
#5025=CARTESIAN_POINT('',(-3.75E0,1.6349E0,-1.2662E0));
#5026=VERTEX_POINT('',#5025);
#5027=CARTESIAN_POINT('',(-3.75E0,1.4E0,-1.2662E0));
#5028=VERTEX_POINT('',#5027);
#5029=CARTESIAN_POINT('',(-3.509999999992E0,1.634899999685E0,
-9.722612308644E-1));
#5030=CARTESIAN_POINT('',(-3.51E0,1.4E0,-9.722612308660E-1));
#5031=VERTEX_POINT('',#5029);
#5032=VERTEX_POINT('',#5030);
#5033=CARTESIAN_POINT('',(-3.35E0,1.6349E0,-7.763020514434E-1));
#5034=CARTESIAN_POINT('',(-3.35E0,1.4E0,-7.763020514434E-1));
#5035=VERTEX_POINT('',#5033);
#5036=VERTEX_POINT('',#5034);
#5037=CARTESIAN_POINT('',(-3.51E0,1.6349E0,-4.481387691340E-1));
#5038=VERTEX_POINT('',#5037);
#5039=CARTESIAN_POINT('',(-3.35E0,1.6349E0,-6.440979485566E-1));
#5040=VERTEX_POINT('',#5039);
#5041=CARTESIAN_POINT('',(-3.35E0,1.4E0,-6.440979485566E-1));
#5042=VERTEX_POINT('',#5041);
#5043=CARTESIAN_POINT('',(-3.51E0,1.4E0,-4.481387691340E-1));
#5044=VERTEX_POINT('',#5043);
#5045=CARTESIAN_POINT('',(-3.35E0,2.68E0,-7.5E0));
#5046=CARTESIAN_POINT('',(-3.35E0,3.68E0,-7.5E0));
#5047=VERTEX_POINT('',#5045);
#5048=VERTEX_POINT('',#5046);
#5049=CARTESIAN_POINT('',(-3.75E0,3.68E0,-7.5E0));
#5050=VERTEX_POINT('',#5049);
#5051=CARTESIAN_POINT('',(-3.75E0,2.68E0,-7.5E0));
#5052=VERTEX_POINT('',#5051);
#5053=CARTESIAN_POINT('',(-3.75E0,1.68E0,-4.E0));
#5054=VERTEX_POINT('',#5053);
#5055=CARTESIAN_POINT('',(-3.35E0,1.68E0,-4.E0));
#5056=VERTEX_POINT('',#5055);
#5057=CARTESIAN_POINT('',(-3.55E0,-1.60524E1,-6.440979485566E-1));
#5058=DIRECTION('',(0.E0,1.E0,0.E0));
#5059=DIRECTION('',(2.E-1,0.E0,9.797958971133E-1));
#5060=AXIS2_PLACEMENT_3D('',#5057,#5058,#5059);
#5061=CYLINDRICAL_SURFACE('',#5060,2.E-1);
#5063=ORIENTED_EDGE('',*,*,#5062,.T.);
#5065=ORIENTED_EDGE('',*,*,#5064,.F.);
#5067=ORIENTED_EDGE('',*,*,#5066,.F.);
#5069=ORIENTED_EDGE('',*,*,#5068,.T.);
#5070=EDGE_LOOP('',(#5063,#5065,#5067,#5069));
#5071=FACE_OUTER_BOUND('',#5070,.F.);
#5072=ADVANCED_FACE('',(#5071),#5061,.F.);
#5073=FILL_AREA_STYLE_COLOUR('',#31);
#5074=FILL_AREA_STYLE('',(#5073));
#5075=SURFACE_STYLE_FILL_AREA(#5074);
#5076=SURFACE_SIDE_STYLE('',(#5075));
#5077=SURFACE_STYLE_USAGE(.POSITIVE.,#5076);
#5078=PRESENTATION_STYLE_ASSIGNMENT((#5077));
#5079=STYLED_ITEM('',(#5078),#5072);
#5080=CARTESIAN_POINT('',(-3.35E0,-1.42E0,-3.E0));
#5081=DIRECTION('',(1.E0,0.E0,0.E0));
#5082=DIRECTION('',(0.E0,0.E0,1.E0));
#5083=AXIS2_PLACEMENT_3D('',#5080,#5081,#5082);
#5084=PLANE('',#5083);
#5086=ORIENTED_EDGE('',*,*,#5085,.F.);
#5088=ORIENTED_EDGE('',*,*,#5087,.F.);
#5089=ORIENTED_EDGE('',*,*,#5062,.F.);
#5091=ORIENTED_EDGE('',*,*,#5090,.T.);
#5092=EDGE_LOOP('',(#5086,#5088,#5089,#5091));
#5093=FACE_OUTER_BOUND('',#5092,.F.);
#5094=ADVANCED_FACE('',(#5093),#5084,.F.);
#5095=FILL_AREA_STYLE_COLOUR('',#31);
#5096=FILL_AREA_STYLE('',(#5095));
#5097=SURFACE_STYLE_FILL_AREA(#5096);
#5098=SURFACE_SIDE_STYLE('',(#5097));
#5099=SURFACE_STYLE_USAGE(.POSITIVE.,#5098);
#5100=PRESENTATION_STYLE_ASSIGNMENT((#5099));
#5101=STYLED_ITEM('',(#5100),#5094);
#5102=CARTESIAN_POINT('',(-3.55E0,1.660383032233E0,-7.763020514434E-1));
#5103=DIRECTION('',(0.E0,-1.E0,0.E0));
#5104=DIRECTION('',(2.E-1,0.E0,-9.797958971133E-1));
#5105=AXIS2_PLACEMENT_3D('',#5102,#5103,#5104);
#5106=CYLINDRICAL_SURFACE('',#5105,2.E-1);
#5108=ORIENTED_EDGE('',*,*,#5107,.F.);
#5110=ORIENTED_EDGE('',*,*,#5109,.T.);
#5111=ORIENTED_EDGE('',*,*,#5085,.T.);
#5113=ORIENTED_EDGE('',*,*,#5112,.T.);
#5114=EDGE_LOOP('',(#5108,#5110,#5111,#5113));
#5115=FACE_OUTER_BOUND('',#5114,.F.);
#5116=ADVANCED_FACE('',(#5115),#5106,.F.);
#5117=FILL_AREA_STYLE_COLOUR('',#31);
#5118=FILL_AREA_STYLE('',(#5117));
#5119=SURFACE_STYLE_FILL_AREA(#5118);
#5120=SURFACE_SIDE_STYLE('',(#5119));
#5121=SURFACE_STYLE_USAGE(.POSITIVE.,#5120);
#5122=PRESENTATION_STYLE_ASSIGNMENT((#5121));
#5123=STYLED_ITEM('',(#5122),#5116);
#5124=CARTESIAN_POINT('',(-3.45E0,-1.60524E1,-1.2662E0));
#5125=DIRECTION('',(0.E0,1.E0,0.E0));
#5126=DIRECTION('',(-1.E0,0.E0,0.E0));
#5127=AXIS2_PLACEMENT_3D('',#5124,#5125,#5126);
#5128=CYLINDRICAL_SURFACE('',#5127,3.E-1);
#5129=ORIENTED_EDGE('',*,*,#5107,.T.);
#5131=ORIENTED_EDGE('',*,*,#5130,.T.);
#5133=ORIENTED_EDGE('',*,*,#5132,.T.);
#5135=ORIENTED_EDGE('',*,*,#5134,.T.);
#5136=EDGE_LOOP('',(#5129,#5131,#5133,#5135));
#5137=FACE_OUTER_BOUND('',#5136,.F.);
#5138=ADVANCED_FACE('',(#5137),#5128,.T.);
#5139=FILL_AREA_STYLE_COLOUR('',#31);
#5140=FILL_AREA_STYLE('',(#5139));
#5141=SURFACE_STYLE_FILL_AREA(#5140);
#5142=SURFACE_SIDE_STYLE('',(#5141));
#5143=SURFACE_STYLE_USAGE(.POSITIVE.,#5142);
#5144=PRESENTATION_STYLE_ASSIGNMENT((#5143));
#5145=STYLED_ITEM('',(#5144),#5138);
#5146=CARTESIAN_POINT('',(-3.75E0,1.4E0,0.E0));
#5147=DIRECTION('',(0.E0,1.E0,0.E0));
#5148=DIRECTION('',(0.E0,0.E0,-1.E0));
#5149=AXIS2_PLACEMENT_3D('',#5146,#5147,#5148);
#5150=PLANE('',#5149);
#5151=ORIENTED_EDGE('',*,*,#5130,.F.);
#5152=ORIENTED_EDGE('',*,*,#5112,.F.);
#5153=ORIENTED_EDGE('',*,*,#5090,.F.);
#5154=ORIENTED_EDGE('',*,*,#5068,.F.);
#5156=ORIENTED_EDGE('',*,*,#5155,.F.);
#5158=ORIENTED_EDGE('',*,*,#5157,.F.);
#5160=ORIENTED_EDGE('',*,*,#5159,.T.);
#5162=ORIENTED_EDGE('',*,*,#5161,.F.);
#5164=ORIENTED_EDGE('',*,*,#5163,.F.);
#5166=ORIENTED_EDGE('',*,*,#5165,.F.);
#5168=ORIENTED_EDGE('',*,*,#5167,.T.);
#5170=ORIENTED_EDGE('',*,*,#5169,.F.);
#5172=ORIENTED_EDGE('',*,*,#5171,.F.);
#5174=ORIENTED_EDGE('',*,*,#5173,.T.);
#5176=ORIENTED_EDGE('',*,*,#5175,.F.);
#5177=EDGE_LOOP('',(#5151,#5152,#5153,#5154,#5156,#5158,#5160,#5162,#5164,#5166,
#5168,#5170,#5172,#5174,#5176));
#5178=FACE_OUTER_BOUND('',#5177,.F.);
#5179=ADVANCED_FACE('',(#5178),#5150,.F.);
#5180=FILL_AREA_STYLE_COLOUR('',#31);
#5181=FILL_AREA_STYLE('',(#5180));
#5182=SURFACE_STYLE_FILL_AREA(#5181);
#5183=SURFACE_SIDE_STYLE('',(#5182));
#5184=SURFACE_STYLE_USAGE(.POSITIVE.,#5183);
#5185=PRESENTATION_STYLE_ASSIGNMENT((#5184));
#5186=STYLED_ITEM('',(#5185),#5179);
#5187=CARTESIAN_POINT('',(-3.45E0,1.659941378453E0,-1.542E-1));
#5188=DIRECTION('',(0.E0,-1.E0,0.E0));
#5189=DIRECTION('',(-1.E0,0.E0,0.E0));
#5190=AXIS2_PLACEMENT_3D('',#5187,#5188,#5189);
#5191=CYLINDRICAL_SURFACE('',#5190,3.E-1);
#5192=ORIENTED_EDGE('',*,*,#5066,.T.);
#5194=ORIENTED_EDGE('',*,*,#5193,.F.);
#5196=ORIENTED_EDGE('',*,*,#5195,.T.);
#5197=ORIENTED_EDGE('',*,*,#5155,.T.);
#5198=EDGE_LOOP('',(#5192,#5194,#5196,#5197));
#5199=FACE_OUTER_BOUND('',#5198,.F.);
#5200=ADVANCED_FACE('',(#5199),#5191,.T.);
#5201=FILL_AREA_STYLE_COLOUR('',#31);
#5202=FILL_AREA_STYLE('',(#5201));
#5203=SURFACE_STYLE_FILL_AREA(#5202);
#5204=SURFACE_SIDE_STYLE('',(#5203));
#5205=SURFACE_STYLE_USAGE(.POSITIVE.,#5204);
#5206=PRESENTATION_STYLE_ASSIGNMENT((#5205));
#5207=STYLED_ITEM('',(#5206),#5200);
#5208=CARTESIAN_POINT('',(-3.45E0,1.6349E0,-7.102E-1));
#5209=DIRECTION('',(1.E0,0.E0,0.E0));
#5210=DIRECTION('',(0.E0,-9.766196675570E-2,-9.952196442240E-1));
#5211=AXIS2_PLACEMENT_3D('',#5208,#5209,#5210);
#5212=TOROIDAL_SURFACE('',#5211,5.56E-1,3.E-1);
#5214=ORIENTED_EDGE('',*,*,#5213,.T.);
#5215=ORIENTED_EDGE('',*,*,#5134,.F.);
#5217=ORIENTED_EDGE('',*,*,#5216,.T.);
#5218=ORIENTED_EDGE('',*,*,#5193,.T.);
#5219=EDGE_LOOP('',(#5214,#5215,#5217,#5218));
#5220=FACE_OUTER_BOUND('',#5219,.F.);
#5221=ADVANCED_FACE('',(#5220),#5212,.T.);
#5222=FILL_AREA_STYLE_COLOUR('',#31);
#5223=FILL_AREA_STYLE('',(#5222));
#5224=SURFACE_STYLE_FILL_AREA(#5223);
#5225=SURFACE_SIDE_STYLE('',(#5224));
#5226=SURFACE_STYLE_USAGE(.POSITIVE.,#5225);
#5227=PRESENTATION_STYLE_ASSIGNMENT((#5226));
#5228=STYLED_ITEM('',(#5227),#5221);
#5229=CARTESIAN_POINT('',(-3.529576538202E0,1.556639995221E0,
-9.634396743089E-1));
#5230=CARTESIAN_POINT('',(-3.413330271219E0,1.560163347252E0,
-9.520385438944E-1));
#5231=CARTESIAN_POINT('',(-3.339423317901E0,1.586889244893E0,
-8.655568520846E-1));
#5232=CARTESIAN_POINT('',(-3.350980531574E0,1.621223074052E0,
-7.544568369671E-1));
#5233=CARTESIAN_POINT('',(-3.529576538202E0,1.742991524609E0,
-1.021028879556E0));
#5234=CARTESIAN_POINT('',(-3.413330271219E0,1.738125124539E0,
-1.007035019383E0));
#5235=CARTESIAN_POINT('',(-3.339423317901E0,1.701211722467E0,
-9.008865359725E-1));
#5236=CARTESIAN_POINT('',(-3.350980531574E0,1.653790361454E0,
-7.645212791784E-1));
#5237=CARTESIAN_POINT('',(-3.529576538202E0,1.899956524108E0,
-9.052471970730E-1));
#5238=CARTESIAN_POINT('',(-3.413330271219E0,1.888023386037E0,
-8.964659563891E-1));
#5239=CARTESIAN_POINT('',(-3.339423317901E0,1.797506224014E0,
-8.298570743817E-1));
#5240=CARTESIAN_POINT('',(-3.350980531574E0,1.681221980971E0,
-7.442869653434E-1));
#5241=CARTESIAN_POINT('',(-3.529576538202E0,1.899956524145E0,
-7.102000000506E-1));
#5242=CARTESIAN_POINT('',(-3.413330271219E0,1.888023386073E0,
-7.102000000483E-1));
#5243=CARTESIAN_POINT('',(-3.339423317901E0,1.797506224037E0,
-7.102000000310E-1));
#5244=CARTESIAN_POINT('',(-3.350980531574E0,1.681221980978E0,
-7.102000000088E-1));
#5245=CARTESIAN_POINT('',(-3.529576538202E0,1.899956524183E0,
-5.151528030282E-1));
#5246=CARTESIAN_POINT('',(-3.413330271219E0,1.888023386108E0,
-5.239340437075E-1));
#5247=CARTESIAN_POINT('',(-3.339423317901E0,1.797506224060E0,
-5.905429256804E-1));
#5248=CARTESIAN_POINT('',(-3.350980531574E0,1.681221980984E0,
-6.761130346742E-1));
#5249=CARTESIAN_POINT('',(-3.529576538202E0,1.742991524728E0,
-3.993711204853E-1));
#5250=CARTESIAN_POINT('',(-3.413330271219E0,1.738125124653E0,
-4.133649806560E-1));
#5251=CARTESIAN_POINT('',(-3.339423317901E0,1.701211722539E0,
-5.195134640528E-1));
#5252=CARTESIAN_POINT('',(-3.350980531574E0,1.653790361475E0,
-6.558787208288E-1));
#5253=CARTESIAN_POINT('',(-3.529576538202E0,1.556639995318E0,
-4.569603256612E-1));
#5254=CARTESIAN_POINT('',(-3.413330271219E0,1.560163347344E0,
-4.683614560771E-1));
#5255=CARTESIAN_POINT('',(-3.339423317901E0,1.586889244952E0,
-5.548431478971E-1));
#5256=CARTESIAN_POINT('',(-3.350980531574E0,1.621223074069E0,
-6.659431630277E-1));
#5257=(BOUNDED_SURFACE()B_SPLINE_SURFACE(3,3,((#5229,#5230,#5231,#5232),(#5233,
#5234,#5235,#5236),(#5237,#5238,#5239,#5240),(#5241,#5242,#5243,#5244),(#5245,
#5246,#5247,#5248),(#5249,#5250,#5251,#5252),(#5253,#5254,#5255,#5256)),
.UNSPECIFIED.,.F.,.F.,.F.)B_SPLINE_SURFACE_WITH_KNOTS((4,3,4),(4,4),(0.E0,1.E0,
2.E0),(0.E0,1.E0),.UNSPECIFIED.)GEOMETRIC_REPRESENTATION_ITEM()RATIONAL_B_SPLINE_SURFACE(((1.469356450304E0,1.183565652740E0,1.183565652740E0,1.469356450304E0),(
1.071267178206E0,8.629050063176E-1,8.629050063176E-1,1.071267178206E0),(
1.071267178206E0,8.629050063177E-1,8.629050063177E-1,1.071267178206E0),(
1.469356450304E0,1.183565652740E0,1.183565652740E0,1.469356450304E0),(
1.071267178206E0,8.629050063177E-1,8.629050063177E-1,1.071267178206E0),(
1.071267178206E0,8.629050063176E-1,8.629050063176E-1,1.071267178206E0),(
1.469356450304E0,1.183565652740E0,1.183565652740E0,1.469356450304E0)))REPRESENTATION_ITEM('')SURFACE());
#5258=ORIENTED_EDGE('',*,*,#5213,.F.);
#5259=ORIENTED_EDGE('',*,*,#5064,.T.);
#5260=ORIENTED_EDGE('',*,*,#5087,.T.);
#5261=ORIENTED_EDGE('',*,*,#5109,.F.);
#5262=EDGE_LOOP('',(#5258,#5259,#5260,#5261));
#5263=FACE_OUTER_BOUND('',#5262,.F.);
#5264=ADVANCED_FACE('',(#5263),#5257,.F.);
#5265=FILL_AREA_STYLE_COLOUR('',#31);
#5266=FILL_AREA_STYLE('',(#5265));
#5267=SURFACE_STYLE_FILL_AREA(#5266);
#5268=SURFACE_SIDE_STYLE('',(#5267));
#5269=SURFACE_STYLE_USAGE(.POSITIVE.,#5268);
#5270=PRESENTATION_STYLE_ASSIGNMENT((#5269));
#5271=STYLED_ITEM('',(#5270),#5264);
#5272=CARTESIAN_POINT('',(-3.75E0,-1.42E0,-3.E0));
#5273=DIRECTION('',(1.E0,0.E0,0.E0));
#5274=DIRECTION('',(0.E0,0.E0,1.E0));
#5275=AXIS2_PLACEMENT_3D('',#5272,#5273,#5274);
#5276=PLANE('',#5275);
#5278=ORIENTED_EDGE('',*,*,#5277,.F.);
#5280=ORIENTED_EDGE('',*,*,#5279,.F.);
#5282=ORIENTED_EDGE('',*,*,#5281,.T.);
#5284=ORIENTED_EDGE('',*,*,#5283,.T.);
#5286=ORIENTED_EDGE('',*,*,#5285,.T.);
#5288=ORIENTED_EDGE('',*,*,#5287,.F.);
#5290=ORIENTED_EDGE('',*,*,#5289,.F.);
#5292=ORIENTED_EDGE('',*,*,#5291,.F.);
#5294=ORIENTED_EDGE('',*,*,#5293,.F.);
#5295=ORIENTED_EDGE('',*,*,#5157,.T.);
#5296=ORIENTED_EDGE('',*,*,#5195,.F.);
#5297=ORIENTED_EDGE('',*,*,#5216,.F.);
#5298=ORIENTED_EDGE('',*,*,#5132,.F.);
#5299=ORIENTED_EDGE('',*,*,#5175,.T.);
#5301=ORIENTED_EDGE('',*,*,#5300,.T.);
#5303=ORIENTED_EDGE('',*,*,#5302,.T.);
#5305=ORIENTED_EDGE('',*,*,#5304,.T.);
#5307=ORIENTED_EDGE('',*,*,#5306,.F.);
#5309=ORIENTED_EDGE('',*,*,#5308,.F.);
#5310=EDGE_LOOP('',(#5278,#5280,#5282,#5284,#5286,#5288,#5290,#5292,#5294,#5295,
#5296,#5297,#5298,#5299,#5301,#5303,#5305,#5307,#5309));
#5311=FACE_OUTER_BOUND('',#5310,.F.);
#5312=ADVANCED_FACE('',(#5311),#5276,.F.);
#5313=FILL_AREA_STYLE_COLOUR('',#31);
#5314=FILL_AREA_STYLE('',(#5313));
#5315=SURFACE_STYLE_FILL_AREA(#5314);
#5316=SURFACE_SIDE_STYLE('',(#5315));
#5317=SURFACE_STYLE_USAGE(.POSITIVE.,#5316);
#5318=PRESENTATION_STYLE_ASSIGNMENT((#5317));
#5319=STYLED_ITEM('',(#5318),#5312);
#5320=CARTESIAN_POINT('',(0.E0,2.68E0,-3.E0));
#5321=DIRECTION('',(0.E0,1.E0,0.E0));
#5322=DIRECTION('',(-1.E0,0.E0,0.E0));
#5323=AXIS2_PLACEMENT_3D('',#5320,#5321,#5322);
#5324=PLANE('',#5323);
#5325=ORIENTED_EDGE('',*,*,#5277,.T.);
#5327=ORIENTED_EDGE('',*,*,#5326,.T.);
#5329=ORIENTED_EDGE('',*,*,#5328,.T.);
#5331=ORIENTED_EDGE('',*,*,#5330,.T.);
#5333=ORIENTED_EDGE('',*,*,#5332,.T.);
#5335=ORIENTED_EDGE('',*,*,#5334,.T.);
#5337=ORIENTED_EDGE('',*,*,#5336,.T.);
#5339=ORIENTED_EDGE('',*,*,#5338,.T.);
#5341=ORIENTED_EDGE('',*,*,#5340,.T.);
#5343=ORIENTED_EDGE('',*,*,#5342,.F.);
#5345=ORIENTED_EDGE('',*,*,#5344,.T.);
#5347=ORIENTED_EDGE('',*,*,#5346,.T.);
#5349=ORIENTED_EDGE('',*,*,#5348,.T.);
#5351=ORIENTED_EDGE('',*,*,#5350,.T.);
#5353=ORIENTED_EDGE('',*,*,#5352,.T.);
#5355=ORIENTED_EDGE('',*,*,#5354,.T.);
#5356=EDGE_LOOP('',(#5325,#5327,#5329,#5331,#5333,#5335,#5337,#5339,#5341,#5343,
#5345,#5347,#5349,#5351,#5353,#5355));
#5357=FACE_OUTER_BOUND('',#5356,.F.);
#5358=ADVANCED_FACE('',(#5357),#5324,.F.);
#5359=FILL_AREA_STYLE_COLOUR('',#31);
#5360=FILL_AREA_STYLE('',(#5359));
#5361=SURFACE_STYLE_FILL_AREA(#5360);
#5362=SURFACE_SIDE_STYLE('',(#5361));
#5363=SURFACE_STYLE_USAGE(.POSITIVE.,#5362);
#5364=PRESENTATION_STYLE_ASSIGNMENT((#5363));
#5365=STYLED_ITEM('',(#5364),#5358);
#5366=CARTESIAN_POINT('',(-3.75E0,2.68E0,-3.4E0));
#5367=DIRECTION('',(0.E0,0.E0,-1.E0));
#5368=DIRECTION('',(0.E0,-1.E0,0.E0));
#5369=AXIS2_PLACEMENT_3D('',#5366,#5367,#5368);
#5370=PLANE('',#5369);
#5371=ORIENTED_EDGE('',*,*,#5326,.F.);
#5372=ORIENTED_EDGE('',*,*,#5308,.T.);
#5374=ORIENTED_EDGE('',*,*,#5373,.T.);
#5376=ORIENTED_EDGE('',*,*,#5375,.F.);
#5377=EDGE_LOOP('',(#5371,#5372,#5374,#5376));
#5378=FACE_OUTER_BOUND('',#5377,.F.);
#5379=ADVANCED_FACE('',(#5378),#5370,.T.);
#5380=FILL_AREA_STYLE_COLOUR('',#31);
#5381=FILL_AREA_STYLE('',(#5380));
#5382=SURFACE_STYLE_FILL_AREA(#5381);
#5383=SURFACE_SIDE_STYLE('',(#5382));
#5384=SURFACE_STYLE_USAGE(.POSITIVE.,#5383);
#5385=PRESENTATION_STYLE_ASSIGNMENT((#5384));
#5386=STYLED_ITEM('',(#5385),#5379);
#5387=CARTESIAN_POINT('',(-3.75E0,1.68E0,-3.4E0));
#5388=DIRECTION('',(0.E0,1.E0,0.E0));
#5389=DIRECTION('',(0.E0,0.E0,-1.E0));
#5390=AXIS2_PLACEMENT_3D('',#5387,#5388,#5389);
#5391=PLANE('',#5390);
#5392=ORIENTED_EDGE('',*,*,#5373,.F.);
#5393=ORIENTED_EDGE('',*,*,#5306,.T.);
#5395=ORIENTED_EDGE('',*,*,#5394,.F.);
#5397=ORIENTED_EDGE('',*,*,#5396,.F.);
#5398=EDGE_LOOP('',(#5392,#5393,#5395,#5397));
#5399=FACE_OUTER_BOUND('',#5398,.F.);
#5400=ADVANCED_FACE('',(#5399),#5391,.T.);
#5401=FILL_AREA_STYLE_COLOUR('',#31);
#5402=FILL_AREA_STYLE('',(#5401));
#5403=SURFACE_STYLE_FILL_AREA(#5402);
#5404=SURFACE_SIDE_STYLE('',(#5403));
#5405=SURFACE_STYLE_USAGE(.POSITIVE.,#5404);
#5406=PRESENTATION_STYLE_ASSIGNMENT((#5405));
#5407=STYLED_ITEM('',(#5406),#5400);
#5408=CARTESIAN_POINT('',(-3.75E0,-6.2E-1,-4.E0));
#5409=DIRECTION('',(0.E0,0.E0,1.E0));
#5410=DIRECTION('',(0.E0,1.E0,0.E0));
#5411=AXIS2_PLACEMENT_3D('',#5408,#5409,#5410);
#5412=PLANE('',#5411);
#5414=ORIENTED_EDGE('',*,*,#5413,.F.);
#5416=ORIENTED_EDGE('',*,*,#5415,.T.);
#5418=ORIENTED_EDGE('',*,*,#5417,.F.);
#5419=ORIENTED_EDGE('',*,*,#5283,.F.);
#5420=EDGE_LOOP('',(#5414,#5416,#5418,#5419));
#5421=FACE_OUTER_BOUND('',#5420,.F.);
#5422=ADVANCED_FACE('',(#5421),#5412,.F.);
#5423=FILL_AREA_STYLE_COLOUR('',#31);
#5424=FILL_AREA_STYLE('',(#5423));
#5425=SURFACE_STYLE_FILL_AREA(#5424);
#5426=SURFACE_SIDE_STYLE('',(#5425));
#5427=SURFACE_STYLE_USAGE(.POSITIVE.,#5426);
#5428=PRESENTATION_STYLE_ASSIGNMENT((#5427));
#5429=STYLED_ITEM('',(#5428),#5422);
#5430=CARTESIAN_POINT('',(-3.75E0,-6.2E-1,-4.E0));
#5431=DIRECTION('',(0.E0,0.E0,1.E0));
#5432=DIRECTION('',(0.E0,1.E0,0.E0));
#5433=AXIS2_PLACEMENT_3D('',#5430,#5431,#5432);
#5434=PLANE('',#5433);
#5435=ORIENTED_EDGE('',*,*,#5394,.T.);
#5436=ORIENTED_EDGE('',*,*,#5304,.F.);
#5438=ORIENTED_EDGE('',*,*,#5437,.T.);
#5440=ORIENTED_EDGE('',*,*,#5439,.T.);
#5441=EDGE_LOOP('',(#5435,#5436,#5438,#5440));
#5442=FACE_OUTER_BOUND('',#5441,.F.);
#5443=ADVANCED_FACE('',(#5442),#5434,.F.);
#5444=FILL_AREA_STYLE_COLOUR('',#31);
#5445=FILL_AREA_STYLE('',(#5444));
#5446=SURFACE_STYLE_FILL_AREA(#5445);
#5447=SURFACE_SIDE_STYLE('',(#5446));
#5448=SURFACE_STYLE_USAGE(.POSITIVE.,#5447);
#5449=PRESENTATION_STYLE_ASSIGNMENT((#5448));
#5450=STYLED_ITEM('',(#5449),#5443);
#5451=CARTESIAN_POINT('',(0.E0,3.68E0,-3.E0));
#5452=DIRECTION('',(0.E0,1.E0,0.E0));
#5453=DIRECTION('',(-1.E0,0.E0,0.E0));
#5454=AXIS2_PLACEMENT_3D('',#5451,#5452,#5453);
#5455=PLANE('',#5454);
#5457=ORIENTED_EDGE('',*,*,#5456,.T.);
#5459=ORIENTED_EDGE('',*,*,#5458,.F.);
#5461=ORIENTED_EDGE('',*,*,#5460,.F.);
#5463=ORIENTED_EDGE('',*,*,#5462,.F.);
#5465=ORIENTED_EDGE('',*,*,#5464,.F.);
#5467=ORIENTED_EDGE('',*,*,#5466,.F.);
#5469=ORIENTED_EDGE('',*,*,#5468,.F.);
#5471=ORIENTED_EDGE('',*,*,#5470,.F.);
#5472=ORIENTED_EDGE('',*,*,#5413,.T.);
#5473=ORIENTED_EDGE('',*,*,#5281,.F.);
#5475=ORIENTED_EDGE('',*,*,#5474,.F.);
#5477=ORIENTED_EDGE('',*,*,#5476,.F.);
#5479=ORIENTED_EDGE('',*,*,#5478,.F.);
#5481=ORIENTED_EDGE('',*,*,#5480,.F.);
#5483=ORIENTED_EDGE('',*,*,#5482,.F.);
#5485=ORIENTED_EDGE('',*,*,#5484,.F.);
#5486=EDGE_LOOP('',(#5457,#5459,#5461,#5463,#5465,#5467,#5469,#5471,#5472,#5473,
#5475,#5477,#5479,#5481,#5483,#5485));
#5487=FACE_OUTER_BOUND('',#5486,.F.);
#5488=ADVANCED_FACE('',(#5487),#5455,.T.);
#5489=FILL_AREA_STYLE_COLOUR('',#31);
#5490=FILL_AREA_STYLE('',(#5489));
#5491=SURFACE_STYLE_FILL_AREA(#5490);
#5492=SURFACE_SIDE_STYLE('',(#5491));
#5493=SURFACE_STYLE_USAGE(.POSITIVE.,#5492);
#5494=PRESENTATION_STYLE_ASSIGNMENT((#5493));
#5495=STYLED_ITEM('',(#5494),#5488);
#5496=CARTESIAN_POINT('',(-1.515142602089E1,3.18E0,-7.5E0));
#5497=DIRECTION('',(1.E0,0.E0,0.E0));
#5498=DIRECTION('',(0.E0,1.E0,0.E0));
#5499=AXIS2_PLACEMENT_3D('',#5496,#5497,#5498);
#5500=CYLINDRICAL_SURFACE('',#5499,5.E-1);
#5502=ORIENTED_EDGE('',*,*,#5501,.T.);
#5503=ORIENTED_EDGE('',*,*,#5456,.F.);
#5505=ORIENTED_EDGE('',*,*,#5504,.T.);
#5506=ORIENTED_EDGE('',*,*,#5342,.T.);
#5507=EDGE_LOOP('',(#5502,#5503,#5505,#5506));
#5508=FACE_OUTER_BOUND('',#5507,.F.);
#5509=ADVANCED_FACE('',(#5508),#5500,.T.);
#5510=FILL_AREA_STYLE_COLOUR('',#31);
#5511=FILL_AREA_STYLE('',(#5510));
#5512=SURFACE_STYLE_FILL_AREA(#5511);
#5513=SURFACE_SIDE_STYLE('',(#5512));
#5514=SURFACE_STYLE_USAGE(.POSITIVE.,#5513);
#5515=PRESENTATION_STYLE_ASSIGNMENT((#5514));
#5516=STYLED_ITEM('',(#5515),#5509);
#5517=CARTESIAN_POINT('',(-3.35E0,3.68E0,-6.822116084505E0));
#5518=DIRECTION('',(-1.E0,0.E0,0.E0));
#5519=DIRECTION('',(0.E0,0.E0,-1.E0));
#5520=AXIS2_PLACEMENT_3D('',#5517,#5518,#5519);
#5521=PLANE('',#5520);
#5522=ORIENTED_EDGE('',*,*,#5501,.F.);
#5523=ORIENTED_EDGE('',*,*,#5340,.F.);
#5525=ORIENTED_EDGE('',*,*,#5524,.F.);
#5526=ORIENTED_EDGE('',*,*,#5458,.T.);
#5527=EDGE_LOOP('',(#5522,#5523,#5525,#5526));
#5528=FACE_OUTER_BOUND('',#5527,.F.);
#5529=ADVANCED_FACE('',(#5528),#5521,.F.);
#5530=FILL_AREA_STYLE_COLOUR('',#31);
#5531=FILL_AREA_STYLE('',(#5530));
#5532=SURFACE_STYLE_FILL_AREA(#5531);
#5533=SURFACE_SIDE_STYLE('',(#5532));
#5534=SURFACE_STYLE_USAGE(.POSITIVE.,#5533);
#5535=PRESENTATION_STYLE_ASSIGNMENT((#5534));
#5536=STYLED_ITEM('',(#5535),#5529);
#5537=CARTESIAN_POINT('',(-4.734836796620E0,3.68E0,-6.822116084505E0));
#5538=DIRECTION('',(0.E0,1.E0,0.E0));
#5539=DIRECTION('',(-1.E0,0.E0,0.E0));
#5540=AXIS2_PLACEMENT_3D('',#5537,#5538,#5539);
#5541=CYLINDRICAL_SURFACE('',#5540,1.384836796620E0);
#5542=ORIENTED_EDGE('',*,*,#5460,.T.);
#5543=ORIENTED_EDGE('',*,*,#5524,.T.);
#5544=ORIENTED_EDGE('',*,*,#5338,.F.);
#5546=ORIENTED_EDGE('',*,*,#5545,.F.);
#5547=EDGE_LOOP('',(#5542,#5543,#5544,#5546));
#5548=FACE_OUTER_BOUND('',#5547,.F.);
#5549=ADVANCED_FACE('',(#5548),#5541,.T.);
#5550=FILL_AREA_STYLE_COLOUR('',#31);
#5551=FILL_AREA_STYLE('',(#5550));
#5552=SURFACE_STYLE_FILL_AREA(#5551);
#5553=SURFACE_SIDE_STYLE('',(#5552));
#5554=SURFACE_STYLE_USAGE(.POSITIVE.,#5553);
#5555=PRESENTATION_STYLE_ASSIGNMENT((#5554));
#5556=STYLED_ITEM('',(#5555),#5549);
#5557=CARTESIAN_POINT('',(-3.755372206373E0,3.68E0,-5.828264572653E0));
#5558=DIRECTION('',(-7.840272852179E-1,0.E0,-6.207263616392E-1));
#5559=DIRECTION('',(6.207263616392E-1,0.E0,-7.840272852179E-1));
#5560=AXIS2_PLACEMENT_3D('',#5557,#5558,#5559);
#5561=PLANE('',#5560);
#5562=ORIENTED_EDGE('',*,*,#5462,.T.);
#5563=ORIENTED_EDGE('',*,*,#5545,.T.);
#5564=ORIENTED_EDGE('',*,*,#5336,.F.);
#5566=ORIENTED_EDGE('',*,*,#5565,.F.);
#5567=EDGE_LOOP('',(#5562,#5563,#5564,#5566));
#5568=FACE_OUTER_BOUND('',#5567,.F.);
#5569=ADVANCED_FACE('',(#5568),#5561,.F.);
#5570=FILL_AREA_STYLE_COLOUR('',#31);
#5571=FILL_AREA_STYLE('',(#5570));
#5572=SURFACE_STYLE_FILL_AREA(#5571);
#5573=SURFACE_SIDE_STYLE('',(#5572));
#5574=SURFACE_STYLE_USAGE(.POSITIVE.,#5573);
#5575=PRESENTATION_STYLE_ASSIGNMENT((#5574));
#5576=STYLED_ITEM('',(#5575),#5569);
#5577=CARTESIAN_POINT('',(-3.593363741933E0,3.68E0,-5.7E0));
#5578=DIRECTION('',(0.E0,1.E0,0.E0));
#5579=DIRECTION('',(-1.E0,0.E0,0.E0));
#5580=AXIS2_PLACEMENT_3D('',#5577,#5578,#5579);
#5581=CYLINDRICAL_SURFACE('',#5580,2.066362580669E-1);
#5582=ORIENTED_EDGE('',*,*,#5464,.T.);
#5583=ORIENTED_EDGE('',*,*,#5565,.T.);
#5584=ORIENTED_EDGE('',*,*,#5334,.F.);
#5586=ORIENTED_EDGE('',*,*,#5585,.F.);
#5587=EDGE_LOOP('',(#5582,#5583,#5584,#5586));
#5588=FACE_OUTER_BOUND('',#5587,.F.);
#5589=ADVANCED_FACE('',(#5588),#5581,.F.);
#5590=FILL_AREA_STYLE_COLOUR('',#31);
#5591=FILL_AREA_STYLE('',(#5590));
#5592=SURFACE_STYLE_FILL_AREA(#5591);
#5593=SURFACE_SIDE_STYLE('',(#5592));
#5594=SURFACE_STYLE_USAGE(.POSITIVE.,#5593);
#5595=PRESENTATION_STYLE_ASSIGNMENT((#5594));
#5596=STYLED_ITEM('',(#5595),#5589);
#5597=CARTESIAN_POINT('',(-3.539205724164E0,3.68E0,-5.190082676603E0));
#5598=DIRECTION('',(-8.675355040162E-1,0.E0,4.973752600114E-1));
#5599=DIRECTION('',(-4.973752600114E-1,0.E0,-8.675355040162E-1));
#5600=AXIS2_PLACEMENT_3D('',#5597,#5598,#5599);
#5601=PLANE('',#5600);
#5602=ORIENTED_EDGE('',*,*,#5466,.T.);
#5603=ORIENTED_EDGE('',*,*,#5585,.T.);
#5604=ORIENTED_EDGE('',*,*,#5332,.F.);
#5606=ORIENTED_EDGE('',*,*,#5605,.F.);
#5607=EDGE_LOOP('',(#5602,#5603,#5604,#5606));
#5608=FACE_OUTER_BOUND('',#5607,.F.);
#5609=ADVANCED_FACE('',(#5608),#5601,.F.);
#5610=FILL_AREA_STYLE_COLOUR('',#31);
#5611=FILL_AREA_STYLE('',(#5610));
#5612=SURFACE_STYLE_FILL_AREA(#5611);
#5613=SURFACE_SIDE_STYLE('',(#5612));
#5614=SURFACE_STYLE_USAGE(.POSITIVE.,#5613);
#5615=PRESENTATION_STYLE_ASSIGNMENT((#5614));
#5616=STYLED_ITEM('',(#5615),#5609);
#5617=CARTESIAN_POINT('',(-4.778350462956E0,3.68E0,-4.479656493703E0));
#5618=DIRECTION('',(0.E0,1.E0,0.E0));
#5619=DIRECTION('',(-1.E0,0.E0,0.E0));
#5620=AXIS2_PLACEMENT_3D('',#5617,#5618,#5619);
#5621=CYLINDRICAL_SURFACE('',#5620,1.428350462956E0);
#5622=ORIENTED_EDGE('',*,*,#5468,.T.);
#5623=ORIENTED_EDGE('',*,*,#5605,.T.);
#5624=ORIENTED_EDGE('',*,*,#5330,.F.);
#5626=ORIENTED_EDGE('',*,*,#5625,.F.);
#5627=EDGE_LOOP('',(#5622,#5623,#5624,#5626));
#5628=FACE_OUTER_BOUND('',#5627,.F.);
#5629=ADVANCED_FACE('',(#5628),#5621,.T.);
#5630=FILL_AREA_STYLE_COLOUR('',#31);
#5631=FILL_AREA_STYLE('',(#5630));
#5632=SURFACE_STYLE_FILL_AREA(#5631);
#5633=SURFACE_SIDE_STYLE('',(#5632));
#5634=SURFACE_STYLE_USAGE(.POSITIVE.,#5633);
#5635=PRESENTATION_STYLE_ASSIGNMENT((#5634));
#5636=STYLED_ITEM('',(#5635),#5629);
#5637=CARTESIAN_POINT('',(-3.35E0,-1.42E0,-3.E0));
#5638=DIRECTION('',(1.E0,0.E0,0.E0));
#5639=DIRECTION('',(0.E0,0.E0,1.E0));
#5640=AXIS2_PLACEMENT_3D('',#5637,#5638,#5639);
#5641=PLANE('',#5640);
#5642=ORIENTED_EDGE('',*,*,#5328,.F.);
#5643=ORIENTED_EDGE('',*,*,#5375,.T.);
#5644=ORIENTED_EDGE('',*,*,#5396,.T.);
#5645=ORIENTED_EDGE('',*,*,#5439,.F.);
#5647=ORIENTED_EDGE('',*,*,#5646,.F.);
#5649=ORIENTED_EDGE('',*,*,#5648,.F.);
#5651=ORIENTED_EDGE('',*,*,#5650,.T.);
#5653=ORIENTED_EDGE('',*,*,#5652,.T.);
#5655=ORIENTED_EDGE('',*,*,#5654,.T.);
#5656=ORIENTED_EDGE('',*,*,#5161,.T.);
#5658=ORIENTED_EDGE('',*,*,#5657,.F.);
#5660=ORIENTED_EDGE('',*,*,#5659,.F.);
#5662=ORIENTED_EDGE('',*,*,#5661,.F.);
#5664=ORIENTED_EDGE('',*,*,#5663,.F.);
#5666=ORIENTED_EDGE('',*,*,#5665,.F.);
#5667=ORIENTED_EDGE('',*,*,#5415,.F.);
#5668=ORIENTED_EDGE('',*,*,#5470,.T.);
#5669=ORIENTED_EDGE('',*,*,#5625,.T.);
#5670=EDGE_LOOP('',(#5642,#5643,#5644,#5645,#5647,#5649,#5651,#5653,#5655,#5656,
#5658,#5660,#5662,#5664,#5666,#5667,#5668,#5669));
#5671=FACE_OUTER_BOUND('',#5670,.F.);
#5672=ADVANCED_FACE('',(#5671),#5641,.T.);
#5673=FILL_AREA_STYLE_COLOUR('',#31);
#5674=FILL_AREA_STYLE('',(#5673));
#5675=SURFACE_STYLE_FILL_AREA(#5674);
#5676=SURFACE_SIDE_STYLE('',(#5675));
#5677=SURFACE_STYLE_USAGE(.POSITIVE.,#5676);
#5678=PRESENTATION_STYLE_ASSIGNMENT((#5677));
#5679=STYLED_ITEM('',(#5678),#5672);
#5680=CARTESIAN_POINT('',(-3.75E0,-6.2E-1,-3.3E0));
#5681=DIRECTION('',(0.E0,1.E0,0.E0));
#5682=DIRECTION('',(0.E0,0.E0,-1.E0));
#5683=AXIS2_PLACEMENT_3D('',#5680,#5681,#5682);
#5684=PLANE('',#5683);
#5685=ORIENTED_EDGE('',*,*,#5302,.F.);
#5687=ORIENTED_EDGE('',*,*,#5686,.T.);
#5688=ORIENTED_EDGE('',*,*,#5646,.T.);
#5689=ORIENTED_EDGE('',*,*,#5437,.F.);
#5690=EDGE_LOOP('',(#5685,#5687,#5688,#5689));
#5691=FACE_OUTER_BOUND('',#5690,.F.);
#5692=ADVANCED_FACE('',(#5691),#5684,.F.);
#5693=FILL_AREA_STYLE_COLOUR('',#31);
#5694=FILL_AREA_STYLE('',(#5693));
#5695=SURFACE_STYLE_FILL_AREA(#5694);
#5696=SURFACE_SIDE_STYLE('',(#5695));
#5697=SURFACE_STYLE_USAGE(.POSITIVE.,#5696);
#5698=PRESENTATION_STYLE_ASSIGNMENT((#5697));
#5699=STYLED_ITEM('',(#5698),#5692);
#5700=CARTESIAN_POINT('',(-3.75E0,1.4E0,-1.5E0));
#5701=DIRECTION('',(0.E0,6.652809670318E-1,-7.465930852246E-1));
#5702=DIRECTION('',(0.E0,-7.465930852246E-1,-6.652809670318E-1));
#5703=AXIS2_PLACEMENT_3D('',#5700,#5701,#5702);
#5704=PLANE('',#5703);
#5705=ORIENTED_EDGE('',*,*,#5173,.F.);
#5707=ORIENTED_EDGE('',*,*,#5706,.F.);
#5708=ORIENTED_EDGE('',*,*,#5648,.T.);
#5709=ORIENTED_EDGE('',*,*,#5686,.F.);
#5710=ORIENTED_EDGE('',*,*,#5300,.F.);
#5711=EDGE_LOOP('',(#5705,#5707,#5708,#5709,#5710));
#5712=FACE_OUTER_BOUND('',#5711,.F.);
#5713=ADVANCED_FACE('',(#5712),#5704,.F.);
#5714=FILL_AREA_STYLE_COLOUR('',#31);
#5715=FILL_AREA_STYLE('',(#5714));
#5716=SURFACE_STYLE_FILL_AREA(#5715);
#5717=SURFACE_SIDE_STYLE('',(#5716));
#5718=SURFACE_STYLE_USAGE(.POSITIVE.,#5717);
#5719=PRESENTATION_STYLE_ASSIGNMENT((#5718));
#5720=STYLED_ITEM('',(#5719),#5713);
#5721=CARTESIAN_POINT('',(-3.15E0,-1.60524E1,-1.5662E0));
#5722=DIRECTION('',(0.E0,1.E0,0.E0));
#5723=DIRECTION('',(-1.E0,0.E0,0.E0));
#5724=AXIS2_PLACEMENT_3D('',#5721,#5722,#5723);
#5725=CYLINDRICAL_SURFACE('',#5724,2.E-1);
#5727=ORIENTED_EDGE('',*,*,#5726,.T.);
#5729=ORIENTED_EDGE('',*,*,#5728,.F.);
#5730=ORIENTED_EDGE('',*,*,#5650,.F.);
#5731=ORIENTED_EDGE('',*,*,#5706,.T.);
#5732=ORIENTED_EDGE('',*,*,#5171,.T.);
#5733=EDGE_LOOP('',(#5727,#5729,#5730,#5731,#5732));
#5734=FACE_OUTER_BOUND('',#5733,.F.);
#5735=ADVANCED_FACE('',(#5734),#5725,.F.);
#5736=FILL_AREA_STYLE_COLOUR('',#31);
#5737=FILL_AREA_STYLE('',(#5736));
#5738=SURFACE_STYLE_FILL_AREA(#5737);
#5739=SURFACE_SIDE_STYLE('',(#5738));
#5740=SURFACE_STYLE_USAGE(.POSITIVE.,#5739);
#5741=PRESENTATION_STYLE_ASSIGNMENT((#5740));
#5742=STYLED_ITEM('',(#5741),#5735);
#5743=CARTESIAN_POINT('',(-3.35E0,-1.60524E1,-1.000514575051E0));
#5744=DIRECTION('',(0.E0,1.E0,0.E0));
#5745=DIRECTION('',(1.E0,0.E0,0.E0));
#5746=AXIS2_PLACEMENT_3D('',#5743,#5744,#5745);
#5747=CYLINDRICAL_SURFACE('',#5746,4.E-1);
#5748=ORIENTED_EDGE('',*,*,#5169,.T.);
#5750=ORIENTED_EDGE('',*,*,#5749,.T.);
#5752=ORIENTED_EDGE('',*,*,#5751,.T.);
#5754=ORIENTED_EDGE('',*,*,#5753,.T.);
#5755=ORIENTED_EDGE('',*,*,#5726,.F.);
#5756=EDGE_LOOP('',(#5748,#5750,#5752,#5754,#5755));
#5757=FACE_OUTER_BOUND('',#5756,.F.);
#5758=ADVANCED_FACE('',(#5757),#5747,.T.);
#5759=FILL_AREA_STYLE_COLOUR('',#31);
#5760=FILL_AREA_STYLE('',(#5759));
#5761=SURFACE_STYLE_FILL_AREA(#5760);
#5762=SURFACE_SIDE_STYLE('',(#5761));
#5763=SURFACE_STYLE_USAGE(.POSITIVE.,#5762);
#5764=PRESENTATION_STYLE_ASSIGNMENT((#5763));
#5765=STYLED_ITEM('',(#5764),#5758);
#5766=CARTESIAN_POINT('',(3.E0,1.4E0,-3.E0));
#5767=DIRECTION('',(0.E0,1.E0,0.E0));
#5768=DIRECTION('',(-1.E0,0.E0,0.E0));
#5769=AXIS2_PLACEMENT_3D('',#5766,#5767,#5768);
#5770=PLANE('',#5769);
#5772=ORIENTED_EDGE('',*,*,#5771,.T.);
#5774=ORIENTED_EDGE('',*,*,#5773,.F.);
#5776=ORIENTED_EDGE('',*,*,#5775,.F.);
#5778=ORIENTED_EDGE('',*,*,#5777,.F.);
#5780=ORIENTED_EDGE('',*,*,#5779,.T.);
#5782=ORIENTED_EDGE('',*,*,#5781,.F.);
#5784=ORIENTED_EDGE('',*,*,#5783,.T.);
#5786=ORIENTED_EDGE('',*,*,#5785,.F.);
#5787=EDGE_LOOP('',(#5772,#5774,#5776,#5778,#5780,#5782,#5784,#5786));
#5788=FACE_OUTER_BOUND('',#5787,.F.);
#5790=ORIENTED_EDGE('',*,*,#5789,.T.);
#5792=ORIENTED_EDGE('',*,*,#5791,.T.);
#5794=ORIENTED_EDGE('',*,*,#5793,.T.);
#5796=ORIENTED_EDGE('',*,*,#5795,.T.);
#5797=EDGE_LOOP('',(#5790,#5792,#5794,#5796));
#5798=FACE_BOUND('',#5797,.F.);
#5799=ADVANCED_FACE('',(#5788,#5798),#5770,.T.);
#5800=FILL_AREA_STYLE_COLOUR('',#7);
#5801=FILL_AREA_STYLE('',(#5800));
#5802=SURFACE_STYLE_FILL_AREA(#5801);
#5803=SURFACE_SIDE_STYLE('',(#5802));
#5804=SURFACE_STYLE_USAGE(.POSITIVE.,#5803);
#5805=PRESENTATION_STYLE_ASSIGNMENT((#5804));
#5806=STYLED_ITEM('',(#5805),#5799);
#5807=CARTESIAN_POINT('',(3.E0,1.4E0,-3.E0));
#5808=DIRECTION('',(0.E0,1.E0,0.E0));
#5809=DIRECTION('',(-1.E0,0.E0,0.E0));
#5810=AXIS2_PLACEMENT_3D('',#5807,#5808,#5809);
#5811=PLANE('',#5810);
#5813=ORIENTED_EDGE('',*,*,#5812,.T.);
#5815=ORIENTED_EDGE('',*,*,#5814,.F.);
#5817=ORIENTED_EDGE('',*,*,#5816,.T.);
#5819=ORIENTED_EDGE('',*,*,#5818,.F.);
#5821=ORIENTED_EDGE('',*,*,#5820,.T.);
#5823=ORIENTED_EDGE('',*,*,#5822,.F.);
#5825=ORIENTED_EDGE('',*,*,#5824,.T.);
#5827=ORIENTED_EDGE('',*,*,#5826,.F.);
#5829=ORIENTED_EDGE('',*,*,#5828,.T.);
#5831=ORIENTED_EDGE('',*,*,#5830,.F.);
#5833=ORIENTED_EDGE('',*,*,#5832,.T.);
#5835=ORIENTED_EDGE('',*,*,#5834,.F.);
#5837=ORIENTED_EDGE('',*,*,#5836,.T.);
#5839=ORIENTED_EDGE('',*,*,#5838,.F.);
#5841=ORIENTED_EDGE('',*,*,#5840,.T.);
#5843=ORIENTED_EDGE('',*,*,#5842,.F.);
#5845=ORIENTED_EDGE('',*,*,#5844,.T.);
#5847=ORIENTED_EDGE('',*,*,#5846,.F.);
#5849=ORIENTED_EDGE('',*,*,#5848,.T.);
#5851=ORIENTED_EDGE('',*,*,#5850,.F.);
#5853=ORIENTED_EDGE('',*,*,#5852,.T.);
#5855=ORIENTED_EDGE('',*,*,#5854,.F.);
#5857=ORIENTED_EDGE('',*,*,#5856,.T.);
#5859=ORIENTED_EDGE('',*,*,#5858,.F.);
#5861=ORIENTED_EDGE('',*,*,#5860,.F.);
#5863=ORIENTED_EDGE('',*,*,#5862,.F.);
#5865=ORIENTED_EDGE('',*,*,#5864,.T.);
#5867=ORIENTED_EDGE('',*,*,#5866,.F.);
#5868=EDGE_LOOP('',(#5813,#5815,#5817,#5819,#5821,#5823,#5825,#5827,#5829,#5831,
#5833,#5835,#5837,#5839,#5841,#5843,#5845,#5847,#5849,#5851,#5853,#5855,#5857,
#5859,#5861,#5863,#5865,#5867));
#5869=FACE_OUTER_BOUND('',#5868,.F.);
#5870=ADVANCED_FACE('',(#5869),#5811,.T.);
#5871=FILL_AREA_STYLE_COLOUR('',#7);
#5872=FILL_AREA_STYLE('',(#5871));
#5873=SURFACE_STYLE_FILL_AREA(#5872);
#5874=SURFACE_SIDE_STYLE('',(#5873));
#5875=SURFACE_STYLE_USAGE(.POSITIVE.,#5874);
#5876=PRESENTATION_STYLE_ASSIGNMENT((#5875));
#5877=STYLED_ITEM('',(#5876),#5870);
#5878=CARTESIAN_POINT('',(3.E0,1.4E0,-3.E0));
#5879=DIRECTION('',(0.E0,1.E0,0.E0));
#5880=DIRECTION('',(-1.E0,0.E0,0.E0));
#5881=AXIS2_PLACEMENT_3D('',#5878,#5879,#5880);
#5882=PLANE('',#5881);
#5884=ORIENTED_EDGE('',*,*,#5883,.T.);
#5886=ORIENTED_EDGE('',*,*,#5885,.F.);
#5888=ORIENTED_EDGE('',*,*,#5887,.F.);
#5889=ORIENTED_EDGE('',*,*,#5749,.F.);
#5891=ORIENTED_EDGE('',*,*,#5890,.T.);
#5893=ORIENTED_EDGE('',*,*,#5892,.F.);
#5895=ORIENTED_EDGE('',*,*,#5894,.T.);
#5897=ORIENTED_EDGE('',*,*,#5896,.F.);
#5899=ORIENTED_EDGE('',*,*,#5898,.T.);
#5901=ORIENTED_EDGE('',*,*,#5900,.F.);
#5903=ORIENTED_EDGE('',*,*,#5902,.F.);
#5905=ORIENTED_EDGE('',*,*,#5904,.F.);
#5907=ORIENTED_EDGE('',*,*,#5906,.F.);
#5909=ORIENTED_EDGE('',*,*,#5908,.F.);
#5911=ORIENTED_EDGE('',*,*,#5910,.F.);
#5913=ORIENTED_EDGE('',*,*,#5912,.F.);
#5915=ORIENTED_EDGE('',*,*,#5914,.F.);
#5917=ORIENTED_EDGE('',*,*,#5916,.F.);
#5919=ORIENTED_EDGE('',*,*,#5918,.F.);
#5921=ORIENTED_EDGE('',*,*,#5920,.F.);
#5923=ORIENTED_EDGE('',*,*,#5922,.F.);
#5925=ORIENTED_EDGE('',*,*,#5924,.F.);
#5927=ORIENTED_EDGE('',*,*,#5926,.F.);
#5929=ORIENTED_EDGE('',*,*,#5928,.F.);
#5931=ORIENTED_EDGE('',*,*,#5930,.F.);
#5933=ORIENTED_EDGE('',*,*,#5932,.F.);
#5935=ORIENTED_EDGE('',*,*,#5934,.T.);
#5937=ORIENTED_EDGE('',*,*,#5936,.F.);
#5938=EDGE_LOOP('',(#5884,#5886,#5888,#5889,#5891,#5893,#5895,#5897,#5899,#5901,
#5903,#5905,#5907,#5909,#5911,#5913,#5915,#5917,#5919,#5921,#5923,#5925,#5927,
#5929,#5931,#5933,#5935,#5937));
#5939=FACE_OUTER_BOUND('',#5938,.F.);
#5940=ADVANCED_FACE('',(#5939),#5882,.T.);
#5941=FILL_AREA_STYLE_COLOUR('',#7);
#5942=FILL_AREA_STYLE('',(#5941));
#5943=SURFACE_STYLE_FILL_AREA(#5942);
#5944=SURFACE_SIDE_STYLE('',(#5943));
#5945=SURFACE_STYLE_USAGE(.POSITIVE.,#5944);
#5946=PRESENTATION_STYLE_ASSIGNMENT((#5945));
#5947=STYLED_ITEM('',(#5946),#5940);
#5948=CARTESIAN_POINT('',(0.E0,0.E0,3.E0));
#5949=DIRECTION('',(0.E0,0.E0,1.E0));
#5950=DIRECTION('',(1.E0,0.E0,0.E0));
#5951=AXIS2_PLACEMENT_3D('',#5948,#5949,#5950);
#5952=PLANE('',#5951);
#5954=ORIENTED_EDGE('',*,*,#5953,.T.);
#5956=ORIENTED_EDGE('',*,*,#5955,.F.);
#5957=ORIENTED_EDGE('',*,*,#5771,.F.);
#5959=ORIENTED_EDGE('',*,*,#5958,.F.);
#5961=ORIENTED_EDGE('',*,*,#5960,.T.);
#5963=ORIENTED_EDGE('',*,*,#5962,.T.);
#5964=ORIENTED_EDGE('',*,*,#5824,.F.);
#5966=ORIENTED_EDGE('',*,*,#5965,.F.);
#5968=ORIENTED_EDGE('',*,*,#5967,.F.);
#5970=ORIENTED_EDGE('',*,*,#5969,.F.);
#5971=ORIENTED_EDGE('',*,*,#5934,.F.);
#5973=ORIENTED_EDGE('',*,*,#5972,.T.);
#5974=EDGE_LOOP('',(#5954,#5956,#5957,#5959,#5961,#5963,#5964,#5966,#5968,#5970,
#5971,#5973));
#5975=FACE_OUTER_BOUND('',#5974,.F.);
#5977=ORIENTED_EDGE('',*,*,#5976,.T.);
#5979=ORIENTED_EDGE('',*,*,#5978,.T.);
#5981=ORIENTED_EDGE('',*,*,#5980,.F.);
#5983=ORIENTED_EDGE('',*,*,#5982,.T.);
#5984=EDGE_LOOP('',(#5977,#5979,#5981,#5983));
#5985=FACE_BOUND('',#5984,.F.);
#5987=ORIENTED_EDGE('',*,*,#5986,.T.);
#5989=ORIENTED_EDGE('',*,*,#5988,.T.);
#5991=ORIENTED_EDGE('',*,*,#5990,.F.);
#5993=ORIENTED_EDGE('',*,*,#5992,.T.);
#5994=EDGE_LOOP('',(#5987,#5989,#5991,#5993));
#5995=FACE_BOUND('',#5994,.F.);
#5996=ADVANCED_FACE('',(#5975,#5985,#5995),#5952,.T.);
#5997=FILL_AREA_STYLE_COLOUR('',#7);
#5998=FILL_AREA_STYLE('',(#5997));
#5999=SURFACE_STYLE_FILL_AREA(#5998);
#6000=SURFACE_SIDE_STYLE('',(#5999));
#6001=SURFACE_STYLE_USAGE(.POSITIVE.,#6000);
#6002=PRESENTATION_STYLE_ASSIGNMENT((#6001));
#6003=STYLED_ITEM('',(#6002),#5996);
#6004=CARTESIAN_POINT('',(-2.813346039234E0,1.58E0,2.9E0));
#6005=DIRECTION('',(1.E0,0.E0,0.E0));
#6006=DIRECTION('',(0.E0,1.E0,0.E0));
#6007=AXIS2_PLACEMENT_3D('',#6004,#6005,#6006);
#6008=CYLINDRICAL_SURFACE('',#6007,1.E-1);
#6010=ORIENTED_EDGE('',*,*,#6009,.T.);
#6012=ORIENTED_EDGE('',*,*,#6011,.T.);
#6013=ORIENTED_EDGE('',*,*,#5953,.F.);
#6015=ORIENTED_EDGE('',*,*,#6014,.F.);
#6016=EDGE_LOOP('',(#6010,#6012,#6013,#6015));
#6017=FACE_OUTER_BOUND('',#6016,.F.);
#6018=ADVANCED_FACE('',(#6017),#6008,.T.);
#6019=FILL_AREA_STYLE_COLOUR('',#7);
#6020=FILL_AREA_STYLE('',(#6019));
#6021=SURFACE_STYLE_FILL_AREA(#6020);
#6022=SURFACE_SIDE_STYLE('',(#6021));
#6023=SURFACE_STYLE_USAGE(.POSITIVE.,#6022);
#6024=PRESENTATION_STYLE_ASSIGNMENT((#6023));
#6025=STYLED_ITEM('',(#6024),#6018);
#6026=CARTESIAN_POINT('',(0.E0,1.68E0,-3.E0));
#6027=DIRECTION('',(0.E0,-1.E0,0.E0));
#6028=DIRECTION('',(-1.E0,0.E0,0.E0));
#6029=AXIS2_PLACEMENT_3D('',#6026,#6027,#6028);
#6030=PLANE('',#6029);
#6032=ORIENTED_EDGE('',*,*,#6031,.F.);
#6034=ORIENTED_EDGE('',*,*,#6033,.F.);
#6035=ORIENTED_EDGE('',*,*,#6009,.F.);
#6037=ORIENTED_EDGE('',*,*,#6036,.F.);
#6039=ORIENTED_EDGE('',*,*,#6038,.F.);
#6041=ORIENTED_EDGE('',*,*,#6040,.F.);
#6043=ORIENTED_EDGE('',*,*,#6042,.F.);
#6045=ORIENTED_EDGE('',*,*,#6044,.F.);
#6047=ORIENTED_EDGE('',*,*,#6046,.F.);
#6049=ORIENTED_EDGE('',*,*,#6048,.F.);
#6051=ORIENTED_EDGE('',*,*,#6050,.F.);
#6053=ORIENTED_EDGE('',*,*,#6052,.F.);
#6055=ORIENTED_EDGE('',*,*,#6054,.F.);
#6057=ORIENTED_EDGE('',*,*,#6056,.F.);
#6059=ORIENTED_EDGE('',*,*,#6058,.F.);
#6061=ORIENTED_EDGE('',*,*,#6060,.F.);
#6062=EDGE_LOOP('',(#6032,#6034,#6035,#6037,#6039,#6041,#6043,#6045,#6047,#6049,
#6051,#6053,#6055,#6057,#6059,#6061));
#6063=FACE_OUTER_BOUND('',#6062,.F.);
#6064=ADVANCED_FACE('',(#6063),#6030,.F.);
#6065=FILL_AREA_STYLE_COLOUR('',#7);
#6066=FILL_AREA_STYLE('',(#6065));
#6067=SURFACE_STYLE_FILL_AREA(#6066);
#6068=SURFACE_SIDE_STYLE('',(#6067));
#6069=SURFACE_STYLE_USAGE(.POSITIVE.,#6068);
#6070=PRESENTATION_STYLE_ASSIGNMENT((#6069));
#6071=STYLED_ITEM('',(#6070),#6064);
#6072=CARTESIAN_POINT('',(-6.854505316948E-1,1.58E0,-2.9E0));
#6073=DIRECTION('',(-1.E0,0.E0,0.E0));
#6074=DIRECTION('',(0.E0,1.E0,0.E0));
#6075=AXIS2_PLACEMENT_3D('',#6072,#6073,#6074);
#6076=CYLINDRICAL_SURFACE('',#6075,1.E-1);
#6077=ORIENTED_EDGE('',*,*,#6031,.T.);
#6079=ORIENTED_EDGE('',*,*,#6078,.T.);
#6081=ORIENTED_EDGE('',*,*,#6080,.F.);
#6083=ORIENTED_EDGE('',*,*,#6082,.F.);
#6084=EDGE_LOOP('',(#6077,#6079,#6081,#6083));
#6085=FACE_OUTER_BOUND('',#6084,.F.);
#6086=ADVANCED_FACE('',(#6085),#6076,.T.);
#6087=FILL_AREA_STYLE_COLOUR('',#7);
#6088=FILL_AREA_STYLE('',(#6087));
#6089=SURFACE_STYLE_FILL_AREA(#6088);
#6090=SURFACE_SIDE_STYLE('',(#6089));
#6091=SURFACE_STYLE_USAGE(.POSITIVE.,#6090);
#6092=PRESENTATION_STYLE_ASSIGNMENT((#6091));
#6093=STYLED_ITEM('',(#6092),#6086);
#6094=CARTESIAN_POINT('',(-1.4E0,1.58E0,-2.9E0));
#6095=DIRECTION('',(7.071067877092E-1,0.E0,-7.071067746639E-1));
#6096=DIRECTION('',(-7.071067746639E-1,0.E0,-7.071067877092E-1));
#6097=AXIS2_PLACEMENT_3D('',#6094,#6095,#6096);
#6098=SPHERICAL_SURFACE('',#6097,1.E-1);
#6100=ORIENTED_EDGE('',*,*,#6099,.F.);
#6101=ORIENTED_EDGE('',*,*,#6078,.F.);
#6103=ORIENTED_EDGE('',*,*,#6102,.T.);
#6104=EDGE_LOOP('',(#6100,#6101,#6103));
#6105=FACE_OUTER_BOUND('',#6104,.F.);
#6106=ADVANCED_FACE('',(#6105),#6098,.T.);
#6107=FILL_AREA_STYLE_COLOUR('',#7);
#6108=FILL_AREA_STYLE('',(#6107));
#6109=SURFACE_STYLE_FILL_AREA(#6108);
#6110=SURFACE_SIDE_STYLE('',(#6109));
#6111=SURFACE_STYLE_USAGE(.POSITIVE.,#6110);
#6112=PRESENTATION_STYLE_ASSIGNMENT((#6111));
#6113=STYLED_ITEM('',(#6112),#6106);
#6114=CARTESIAN_POINT('',(-1.4E0,-5.415088E0,-2.9E0));
#6115=DIRECTION('',(0.E0,1.E0,0.E0));
#6116=DIRECTION('',(0.E0,0.E0,-1.E0));
#6117=AXIS2_PLACEMENT_3D('',#6114,#6115,#6116);
#6118=CYLINDRICAL_SURFACE('',#6117,1.E-1);
#6119=ORIENTED_EDGE('',*,*,#6099,.T.);
#6121=ORIENTED_EDGE('',*,*,#6120,.F.);
#6122=ORIENTED_EDGE('',*,*,#5896,.T.);
#6124=ORIENTED_EDGE('',*,*,#6123,.T.);
#6125=EDGE_LOOP('',(#6119,#6121,#6122,#6124));
#6126=FACE_OUTER_BOUND('',#6125,.F.);
#6127=ADVANCED_FACE('',(#6126),#6118,.T.);
#6128=FILL_AREA_STYLE_COLOUR('',#7);
#6129=FILL_AREA_STYLE('',(#6128));
#6130=SURFACE_STYLE_FILL_AREA(#6129);
#6131=SURFACE_SIDE_STYLE('',(#6130));
#6132=SURFACE_STYLE_USAGE(.POSITIVE.,#6131);
#6133=PRESENTATION_STYLE_ASSIGNMENT((#6132));
#6134=STYLED_ITEM('',(#6133),#6127);
#6135=CARTESIAN_POINT('',(-1.5E0,1.4E0,-2.4E0));
#6136=DIRECTION('',(1.E0,0.E0,0.E0));
#6137=DIRECTION('',(0.E0,0.E0,-1.E0));
#6138=AXIS2_PLACEMENT_3D('',#6135,#6136,#6137);
#6139=PLANE('',#6138);
#6141=ORIENTED_EDGE('',*,*,#6140,.T.);
#6143=ORIENTED_EDGE('',*,*,#6142,.T.);
#6144=ORIENTED_EDGE('',*,*,#5898,.F.);
#6145=ORIENTED_EDGE('',*,*,#6120,.T.);
#6146=EDGE_LOOP('',(#6141,#6143,#6144,#6145));
#6147=FACE_OUTER_BOUND('',#6146,.F.);
#6148=ADVANCED_FACE('',(#6147),#6139,.F.);
#6149=FILL_AREA_STYLE_COLOUR('',#7);
#6150=FILL_AREA_STYLE('',(#6149));
#6151=SURFACE_STYLE_FILL_AREA(#6150);
#6152=SURFACE_SIDE_STYLE('',(#6151));
#6153=SURFACE_STYLE_USAGE(.POSITIVE.,#6152);
#6154=PRESENTATION_STYLE_ASSIGNMENT((#6153));
#6155=STYLED_ITEM('',(#6154),#6148);
#6156=CARTESIAN_POINT('',(-1.4E0,1.58E0,-2.919717389187E0));
#6157=DIRECTION('',(0.E0,0.E0,1.E0));
#6158=DIRECTION('',(0.E0,1.E0,0.E0));
#6159=AXIS2_PLACEMENT_3D('',#6156,#6157,#6158);
#6160=CYLINDRICAL_SURFACE('',#6159,1.E-1);
#6161=ORIENTED_EDGE('',*,*,#6060,.T.);
#6163=ORIENTED_EDGE('',*,*,#6162,.T.);
#6164=ORIENTED_EDGE('',*,*,#6140,.F.);
#6165=ORIENTED_EDGE('',*,*,#6102,.F.);
#6166=EDGE_LOOP('',(#6161,#6163,#6164,#6165));
#6167=FACE_OUTER_BOUND('',#6166,.F.);
#6168=ADVANCED_FACE('',(#6167),#6160,.T.);
#6169=FILL_AREA_STYLE_COLOUR('',#7);
#6170=FILL_AREA_STYLE('',(#6169));
#6171=SURFACE_STYLE_FILL_AREA(#6170);
#6172=SURFACE_SIDE_STYLE('',(#6171));
#6173=SURFACE_STYLE_USAGE(.POSITIVE.,#6172);
#6174=PRESENTATION_STYLE_ASSIGNMENT((#6173));
#6175=STYLED_ITEM('',(#6174),#6168);
#6176=CARTESIAN_POINT('',(-1.6E0,1.58E0,-2.5E0));
#6177=DIRECTION('',(0.E0,-1.E0,0.E0));
#6178=DIRECTION('',(9.903826600848E-1,0.E0,-1.383552912015E-1));
#6179=AXIS2_PLACEMENT_3D('',#6176,#6177,#6178);
#6180=TOROIDAL_SURFACE('',#6179,2.E-1,1.E-1);
#6181=ORIENTED_EDGE('',*,*,#6058,.T.);
#6183=ORIENTED_EDGE('',*,*,#6182,.T.);
#6185=ORIENTED_EDGE('',*,*,#6184,.F.);
#6186=ORIENTED_EDGE('',*,*,#6162,.F.);
#6187=EDGE_LOOP('',(#6181,#6183,#6185,#6186));
#6188=FACE_OUTER_BOUND('',#6187,.F.);
#6189=ADVANCED_FACE('',(#6188),#6180,.T.);
#6190=FILL_AREA_STYLE_COLOUR('',#7);
#6191=FILL_AREA_STYLE('',(#6190));
#6192=SURFACE_STYLE_FILL_AREA(#6191);
#6193=SURFACE_SIDE_STYLE('',(#6192));
#6194=SURFACE_STYLE_USAGE(.POSITIVE.,#6193);
#6195=PRESENTATION_STYLE_ASSIGNMENT((#6194));
#6196=STYLED_ITEM('',(#6195),#6189);
#6197=CARTESIAN_POINT('',(-1.580282610813E0,1.58E0,-2.3E0));
#6198=DIRECTION('',(-1.E0,0.E0,0.E0));
#6199=DIRECTION('',(0.E0,1.E0,0.E0));
#6200=AXIS2_PLACEMENT_3D('',#6197,#6198,#6199);
#6201=CYLINDRICAL_SURFACE('',#6200,1.E-1);
#6202=ORIENTED_EDGE('',*,*,#6056,.T.);
#6204=ORIENTED_EDGE('',*,*,#6203,.T.);
#6206=ORIENTED_EDGE('',*,*,#6205,.F.);
#6207=ORIENTED_EDGE('',*,*,#6182,.F.);
#6208=EDGE_LOOP('',(#6202,#6204,#6206,#6207));
#6209=FACE_OUTER_BOUND('',#6208,.F.);
#6210=ADVANCED_FACE('',(#6209),#6201,.T.);
#6211=FILL_AREA_STYLE_COLOUR('',#7);
#6212=FILL_AREA_STYLE('',(#6211));
#6213=SURFACE_STYLE_FILL_AREA(#6212);
#6214=SURFACE_SIDE_STYLE('',(#6213));
#6215=SURFACE_STYLE_USAGE(.POSITIVE.,#6214);
#6216=PRESENTATION_STYLE_ASSIGNMENT((#6215));
#6217=STYLED_ITEM('',(#6216),#6210);
#6218=CARTESIAN_POINT('',(-2.7E0,1.58E0,-2.3E0));
#6219=DIRECTION('',(7.071067877092E-1,0.E0,-7.071067746639E-1));
#6220=DIRECTION('',(-7.071067746639E-1,0.E0,-7.071067877092E-1));
#6221=AXIS2_PLACEMENT_3D('',#6218,#6219,#6220);
#6222=SPHERICAL_SURFACE('',#6221,1.E-1);
#6224=ORIENTED_EDGE('',*,*,#6223,.F.);
#6225=ORIENTED_EDGE('',*,*,#6203,.F.);
#6227=ORIENTED_EDGE('',*,*,#6226,.T.);
#6228=EDGE_LOOP('',(#6224,#6225,#6227));
#6229=FACE_OUTER_BOUND('',#6228,.F.);
#6230=ADVANCED_FACE('',(#6229),#6222,.T.);
#6231=FILL_AREA_STYLE_COLOUR('',#7);
#6232=FILL_AREA_STYLE('',(#6231));
#6233=SURFACE_STYLE_FILL_AREA(#6232);
#6234=SURFACE_SIDE_STYLE('',(#6233));
#6235=SURFACE_STYLE_USAGE(.POSITIVE.,#6234);
#6236=PRESENTATION_STYLE_ASSIGNMENT((#6235));
#6237=STYLED_ITEM('',(#6236),#6230);
#6238=CARTESIAN_POINT('',(-2.7E0,-5.415088E0,-2.3E0));
#6239=DIRECTION('',(0.E0,1.E0,0.E0));
#6240=DIRECTION('',(0.E0,0.E0,-1.E0));
#6241=AXIS2_PLACEMENT_3D('',#6238,#6239,#6240);
#6242=CYLINDRICAL_SURFACE('',#6241,1.E-1);
#6243=ORIENTED_EDGE('',*,*,#6223,.T.);
#6245=ORIENTED_EDGE('',*,*,#6244,.F.);
#6246=ORIENTED_EDGE('',*,*,#5904,.T.);
#6248=ORIENTED_EDGE('',*,*,#6247,.T.);
#6249=EDGE_LOOP('',(#6243,#6245,#6246,#6248));
#6250=FACE_OUTER_BOUND('',#6249,.F.);
#6251=ADVANCED_FACE('',(#6250),#6242,.T.);
#6252=FILL_AREA_STYLE_COLOUR('',#7);
#6253=FILL_AREA_STYLE('',(#6252));
#6254=SURFACE_STYLE_FILL_AREA(#6253);
#6255=SURFACE_SIDE_STYLE('',(#6254));
#6256=SURFACE_STYLE_USAGE(.POSITIVE.,#6255);
#6257=PRESENTATION_STYLE_ASSIGNMENT((#6256));
#6258=STYLED_ITEM('',(#6257),#6251);
#6259=CARTESIAN_POINT('',(-2.8E0,1.4E0,-1.6E0));
#6260=DIRECTION('',(1.E0,0.E0,0.E0));
#6261=DIRECTION('',(0.E0,0.E0,-1.E0));
#6262=AXIS2_PLACEMENT_3D('',#6259,#6260,#6261);
#6263=PLANE('',#6262);
#6265=ORIENTED_EDGE('',*,*,#6264,.T.);
#6267=ORIENTED_EDGE('',*,*,#6266,.F.);
#6268=ORIENTED_EDGE('',*,*,#5906,.T.);
#6269=ORIENTED_EDGE('',*,*,#6244,.T.);
#6270=EDGE_LOOP('',(#6265,#6267,#6268,#6269));
#6271=FACE_OUTER_BOUND('',#6270,.F.);
#6272=ADVANCED_FACE('',(#6271),#6263,.F.);
#6273=FILL_AREA_STYLE_COLOUR('',#7);
#6274=FILL_AREA_STYLE('',(#6273));
#6275=SURFACE_STYLE_FILL_AREA(#6274);
#6276=SURFACE_SIDE_STYLE('',(#6275));
#6277=SURFACE_STYLE_USAGE(.POSITIVE.,#6276);
#6278=PRESENTATION_STYLE_ASSIGNMENT((#6277));
#6279=STYLED_ITEM('',(#6278),#6272);
#6280=CARTESIAN_POINT('',(-2.7E0,1.58E0,-2.319717389187E0));
#6281=DIRECTION('',(0.E0,0.E0,1.E0));
#6282=DIRECTION('',(0.E0,1.E0,0.E0));
#6283=AXIS2_PLACEMENT_3D('',#6280,#6281,#6282);
#6284=CYLINDRICAL_SURFACE('',#6283,1.E-1);
#6285=ORIENTED_EDGE('',*,*,#6054,.T.);
#6287=ORIENTED_EDGE('',*,*,#6286,.T.);
#6288=ORIENTED_EDGE('',*,*,#6264,.F.);
#6289=ORIENTED_EDGE('',*,*,#6226,.F.);
#6290=EDGE_LOOP('',(#6285,#6287,#6288,#6289));
#6291=FACE_OUTER_BOUND('',#6290,.F.);
#6292=ADVANCED_FACE('',(#6291),#6284,.T.);
#6293=FILL_AREA_STYLE_COLOUR('',#7);
#6294=FILL_AREA_STYLE('',(#6293));
#6295=SURFACE_STYLE_FILL_AREA(#6294);
#6296=SURFACE_SIDE_STYLE('',(#6295));
#6297=SURFACE_STYLE_USAGE(.POSITIVE.,#6296);
#6298=PRESENTATION_STYLE_ASSIGNMENT((#6297));
#6299=STYLED_ITEM('',(#6298),#6292);
#6300=CARTESIAN_POINT('',(-2.7E0,1.58E0,-1.7E0));
#6301=DIRECTION('',(-7.071067746639E-1,0.E0,-7.071067877092E-1));
#6302=DIRECTION('',(-7.071067877092E-1,0.E0,7.071067746639E-1));
#6303=AXIS2_PLACEMENT_3D('',#6300,#6301,#6302);
#6304=SPHERICAL_SURFACE('',#6303,1.E-1);
#6306=ORIENTED_EDGE('',*,*,#6305,.F.);
#6307=ORIENTED_EDGE('',*,*,#6286,.F.);
#6309=ORIENTED_EDGE('',*,*,#6308,.T.);
#6310=EDGE_LOOP('',(#6306,#6307,#6309));
#6311=FACE_OUTER_BOUND('',#6310,.F.);
#6312=ADVANCED_FACE('',(#6311),#6304,.T.);
#6313=FILL_AREA_STYLE_COLOUR('',#7);
#6314=FILL_AREA_STYLE('',(#6313));
#6315=SURFACE_STYLE_FILL_AREA(#6314);
#6316=SURFACE_SIDE_STYLE('',(#6315));
#6317=SURFACE_STYLE_USAGE(.POSITIVE.,#6316);
#6318=PRESENTATION_STYLE_ASSIGNMENT((#6317));
#6319=STYLED_ITEM('',(#6318),#6312);
#6320=CARTESIAN_POINT('',(-2.7E0,-5.415088E0,-1.7E0));
#6321=DIRECTION('',(0.E0,1.E0,0.E0));
#6322=DIRECTION('',(-1.E0,0.E0,0.E0));
#6323=AXIS2_PLACEMENT_3D('',#6320,#6321,#6322);
#6324=CYLINDRICAL_SURFACE('',#6323,1.E-1);
#6325=ORIENTED_EDGE('',*,*,#6305,.T.);
#6327=ORIENTED_EDGE('',*,*,#6326,.F.);
#6328=ORIENTED_EDGE('',*,*,#5908,.T.);
#6329=ORIENTED_EDGE('',*,*,#6266,.T.);
#6330=EDGE_LOOP('',(#6325,#6327,#6328,#6329));
#6331=FACE_OUTER_BOUND('',#6330,.F.);
#6332=ADVANCED_FACE('',(#6331),#6324,.T.);
#6333=FILL_AREA_STYLE_COLOUR('',#7);
#6334=FILL_AREA_STYLE('',(#6333));
#6335=SURFACE_STYLE_FILL_AREA(#6334);
#6336=SURFACE_SIDE_STYLE('',(#6335));
#6337=SURFACE_STYLE_USAGE(.POSITIVE.,#6336);
#6338=PRESENTATION_STYLE_ASSIGNMENT((#6337));
#6339=STYLED_ITEM('',(#6338),#6332);
#6340=CARTESIAN_POINT('',(-1.5E0,1.4E0,-1.6E0));
#6341=DIRECTION('',(0.E0,0.E0,-1.E0));
#6342=DIRECTION('',(-1.E0,0.E0,0.E0));
#6343=AXIS2_PLACEMENT_3D('',#6340,#6341,#6342);
#6344=PLANE('',#6343);
#6346=ORIENTED_EDGE('',*,*,#6345,.T.);
#6348=ORIENTED_EDGE('',*,*,#6347,.T.);
#6349=ORIENTED_EDGE('',*,*,#5910,.T.);
#6350=ORIENTED_EDGE('',*,*,#6326,.T.);
#6351=EDGE_LOOP('',(#6346,#6348,#6349,#6350));
#6352=FACE_OUTER_BOUND('',#6351,.F.);
#6353=ADVANCED_FACE('',(#6352),#6344,.F.);
#6354=FILL_AREA_STYLE_COLOUR('',#7);
#6355=FILL_AREA_STYLE('',(#6354));
#6356=SURFACE_STYLE_FILL_AREA(#6355);
#6357=SURFACE_SIDE_STYLE('',(#6356));
#6358=SURFACE_STYLE_USAGE(.POSITIVE.,#6357);
#6359=PRESENTATION_STYLE_ASSIGNMENT((#6358));
#6360=STYLED_ITEM('',(#6359),#6353);
#6361=CARTESIAN_POINT('',(-2.719717389187E0,1.58E0,-1.7E0));
#6362=DIRECTION('',(1.E0,0.E0,0.E0));
#6363=DIRECTION('',(0.E0,1.E0,0.E0));
#6364=AXIS2_PLACEMENT_3D('',#6361,#6362,#6363);
#6365=CYLINDRICAL_SURFACE('',#6364,1.E-1);
#6366=ORIENTED_EDGE('',*,*,#6052,.T.);
#6368=ORIENTED_EDGE('',*,*,#6367,.T.);
#6369=ORIENTED_EDGE('',*,*,#6345,.F.);
#6370=ORIENTED_EDGE('',*,*,#6308,.F.);
#6371=EDGE_LOOP('',(#6366,#6368,#6369,#6370));
#6372=FACE_OUTER_BOUND('',#6371,.F.);
#6373=ADVANCED_FACE('',(#6372),#6365,.T.);
#6374=FILL_AREA_STYLE_COLOUR('',#7);
#6375=FILL_AREA_STYLE('',(#6374));
#6376=SURFACE_STYLE_FILL_AREA(#6375);
#6377=SURFACE_SIDE_STYLE('',(#6376));
#6378=SURFACE_STYLE_USAGE(.POSITIVE.,#6377);
#6379=PRESENTATION_STYLE_ASSIGNMENT((#6378));
#6380=STYLED_ITEM('',(#6379),#6373);
#6381=CARTESIAN_POINT('',(-1.6E0,1.58E0,-1.5E0));
#6382=DIRECTION('',(0.E0,-1.E0,0.E0));
#6383=DIRECTION('',(-1.383552912015E-1,0.E0,-9.903826600848E-1));
#6384=AXIS2_PLACEMENT_3D('',#6381,#6382,#6383);
#6385=TOROIDAL_SURFACE('',#6384,2.E-1,1.E-1);
#6386=ORIENTED_EDGE('',*,*,#6050,.T.);
#6388=ORIENTED_EDGE('',*,*,#6387,.T.);
#6390=ORIENTED_EDGE('',*,*,#6389,.F.);
#6391=ORIENTED_EDGE('',*,*,#6367,.F.);
#6392=EDGE_LOOP('',(#6386,#6388,#6390,#6391));
#6393=FACE_OUTER_BOUND('',#6392,.F.);
#6394=ADVANCED_FACE('',(#6393),#6385,.T.);
#6395=FILL_AREA_STYLE_COLOUR('',#7);
#6396=FILL_AREA_STYLE('',(#6395));
#6397=SURFACE_STYLE_FILL_AREA(#6396);
#6398=SURFACE_SIDE_STYLE('',(#6397));
#6399=SURFACE_STYLE_USAGE(.POSITIVE.,#6398);
#6400=PRESENTATION_STYLE_ASSIGNMENT((#6399));
#6401=STYLED_ITEM('',(#6400),#6394);
#6402=CARTESIAN_POINT('',(-1.4E0,1.58E0,-1.519717389187E0));
#6403=DIRECTION('',(0.E0,0.E0,1.E0));
#6404=DIRECTION('',(0.E0,1.E0,0.E0));
#6405=AXIS2_PLACEMENT_3D('',#6402,#6403,#6404);
#6406=CYLINDRICAL_SURFACE('',#6405,1.E-1);
#6407=ORIENTED_EDGE('',*,*,#6048,.T.);
#6409=ORIENTED_EDGE('',*,*,#6408,.T.);
#6411=ORIENTED_EDGE('',*,*,#6410,.F.);
#6412=ORIENTED_EDGE('',*,*,#6387,.F.);
#6413=EDGE_LOOP('',(#6407,#6409,#6411,#6412));
#6414=FACE_OUTER_BOUND('',#6413,.F.);
#6415=ADVANCED_FACE('',(#6414),#6406,.T.);
#6416=FILL_AREA_STYLE_COLOUR('',#7);
#6417=FILL_AREA_STYLE('',(#6416));
#6418=SURFACE_STYLE_FILL_AREA(#6417);
#6419=SURFACE_SIDE_STYLE('',(#6418));
#6420=SURFACE_STYLE_USAGE(.POSITIVE.,#6419);
#6421=PRESENTATION_STYLE_ASSIGNMENT((#6420));
#6422=STYLED_ITEM('',(#6421),#6415);
#6423=CARTESIAN_POINT('',(-1.6E0,1.58E0,1.5E0));
#6424=DIRECTION('',(0.E0,-1.E0,0.E0));
#6425=DIRECTION('',(9.903826600848E-1,0.E0,-1.383552912015E-1));
#6426=AXIS2_PLACEMENT_3D('',#6423,#6424,#6425);
#6427=TOROIDAL_SURFACE('',#6426,2.E-1,1.E-1);
#6428=ORIENTED_EDGE('',*,*,#6046,.T.);
#6430=ORIENTED_EDGE('',*,*,#6429,.T.);
#6432=ORIENTED_EDGE('',*,*,#6431,.F.);
#6433=ORIENTED_EDGE('',*,*,#6408,.F.);
#6434=EDGE_LOOP('',(#6428,#6430,#6432,#6433));
#6435=FACE_OUTER_BOUND('',#6434,.F.);
#6436=ADVANCED_FACE('',(#6435),#6427,.T.);
#6437=FILL_AREA_STYLE_COLOUR('',#7);
#6438=FILL_AREA_STYLE('',(#6437));
#6439=SURFACE_STYLE_FILL_AREA(#6438);
#6440=SURFACE_SIDE_STYLE('',(#6439));
#6441=SURFACE_STYLE_USAGE(.POSITIVE.,#6440);
#6442=PRESENTATION_STYLE_ASSIGNMENT((#6441));
#6443=STYLED_ITEM('',(#6442),#6436);
#6444=CARTESIAN_POINT('',(-1.580282610813E0,1.58E0,1.7E0));
#6445=DIRECTION('',(-1.E0,0.E0,0.E0));
#6446=DIRECTION('',(0.E0,1.E0,0.E0));
#6447=AXIS2_PLACEMENT_3D('',#6444,#6445,#6446);
#6448=CYLINDRICAL_SURFACE('',#6447,1.E-1);
#6449=ORIENTED_EDGE('',*,*,#6044,.T.);
#6451=ORIENTED_EDGE('',*,*,#6450,.T.);
#6453=ORIENTED_EDGE('',*,*,#6452,.F.);
#6454=ORIENTED_EDGE('',*,*,#6429,.F.);
#6455=EDGE_LOOP('',(#6449,#6451,#6453,#6454));
#6456=FACE_OUTER_BOUND('',#6455,.F.);
#6457=ADVANCED_FACE('',(#6456),#6448,.T.);
#6458=FILL_AREA_STYLE_COLOUR('',#7);
#6459=FILL_AREA_STYLE('',(#6458));
#6460=SURFACE_STYLE_FILL_AREA(#6459);
#6461=SURFACE_SIDE_STYLE('',(#6460));
#6462=SURFACE_STYLE_USAGE(.POSITIVE.,#6461);
#6463=PRESENTATION_STYLE_ASSIGNMENT((#6462));
#6464=STYLED_ITEM('',(#6463),#6457);
#6465=CARTESIAN_POINT('',(-2.7E0,1.58E0,1.7E0));
#6466=DIRECTION('',(7.071067877092E-1,0.E0,-7.071067746639E-1));
#6467=DIRECTION('',(-7.071067746639E-1,0.E0,-7.071067877092E-1));
#6468=AXIS2_PLACEMENT_3D('',#6465,#6466,#6467);
#6469=SPHERICAL_SURFACE('',#6468,1.E-1);
#6471=ORIENTED_EDGE('',*,*,#6470,.F.);
#6472=ORIENTED_EDGE('',*,*,#6450,.F.);
#6474=ORIENTED_EDGE('',*,*,#6473,.T.);
#6475=EDGE_LOOP('',(#6471,#6472,#6474));
#6476=FACE_OUTER_BOUND('',#6475,.F.);
#6477=ADVANCED_FACE('',(#6476),#6469,.T.);
#6478=FILL_AREA_STYLE_COLOUR('',#7);
#6479=FILL_AREA_STYLE('',(#6478));
#6480=SURFACE_STYLE_FILL_AREA(#6479);
#6481=SURFACE_SIDE_STYLE('',(#6480));
#6482=SURFACE_STYLE_USAGE(.POSITIVE.,#6481);
#6483=PRESENTATION_STYLE_ASSIGNMENT((#6482));
#6484=STYLED_ITEM('',(#6483),#6477);
#6485=CARTESIAN_POINT('',(-2.7E0,-5.415088E0,1.7E0));
#6486=DIRECTION('',(0.E0,1.E0,0.E0));
#6487=DIRECTION('',(0.E0,0.E0,-1.E0));
#6488=AXIS2_PLACEMENT_3D('',#6485,#6486,#6487);
#6489=CYLINDRICAL_SURFACE('',#6488,1.E-1);
#6490=ORIENTED_EDGE('',*,*,#6470,.T.);
#6492=ORIENTED_EDGE('',*,*,#6491,.F.);
#6493=ORIENTED_EDGE('',*,*,#5920,.T.);
#6495=ORIENTED_EDGE('',*,*,#6494,.T.);
#6496=EDGE_LOOP('',(#6490,#6492,#6493,#6495));
#6497=FACE_OUTER_BOUND('',#6496,.F.);
#6498=ADVANCED_FACE('',(#6497),#6489,.T.);
#6499=FILL_AREA_STYLE_COLOUR('',#7);
#6500=FILL_AREA_STYLE('',(#6499));
#6501=SURFACE_STYLE_FILL_AREA(#6500);
#6502=SURFACE_SIDE_STYLE('',(#6501));
#6503=SURFACE_STYLE_USAGE(.POSITIVE.,#6502);
#6504=PRESENTATION_STYLE_ASSIGNMENT((#6503));
#6505=STYLED_ITEM('',(#6504),#6498);
#6506=CARTESIAN_POINT('',(-2.8E0,1.4E0,2.4E0));
#6507=DIRECTION('',(1.E0,0.E0,0.E0));
#6508=DIRECTION('',(0.E0,0.E0,-1.E0));
#6509=AXIS2_PLACEMENT_3D('',#6506,#6507,#6508);
#6510=PLANE('',#6509);
#6512=ORIENTED_EDGE('',*,*,#6511,.T.);
#6514=ORIENTED_EDGE('',*,*,#6513,.F.);
#6515=ORIENTED_EDGE('',*,*,#5922,.T.);
#6516=ORIENTED_EDGE('',*,*,#6491,.T.);
#6517=EDGE_LOOP('',(#6512,#6514,#6515,#6516));
#6518=FACE_OUTER_BOUND('',#6517,.F.);
#6519=ADVANCED_FACE('',(#6518),#6510,.F.);
#6520=FILL_AREA_STYLE_COLOUR('',#7);
#6521=FILL_AREA_STYLE('',(#6520));
#6522=SURFACE_STYLE_FILL_AREA(#6521);
#6523=SURFACE_SIDE_STYLE('',(#6522));
#6524=SURFACE_STYLE_USAGE(.POSITIVE.,#6523);
#6525=PRESENTATION_STYLE_ASSIGNMENT((#6524));
#6526=STYLED_ITEM('',(#6525),#6519);
#6527=CARTESIAN_POINT('',(-2.7E0,1.58E0,1.680282610813E0));
#6528=DIRECTION('',(0.E0,0.E0,1.E0));
#6529=DIRECTION('',(0.E0,1.E0,0.E0));
#6530=AXIS2_PLACEMENT_3D('',#6527,#6528,#6529);
#6531=CYLINDRICAL_SURFACE('',#6530,1.E-1);
#6532=ORIENTED_EDGE('',*,*,#6042,.T.);
#6534=ORIENTED_EDGE('',*,*,#6533,.T.);
#6535=ORIENTED_EDGE('',*,*,#6511,.F.);
#6536=ORIENTED_EDGE('',*,*,#6473,.F.);
#6537=EDGE_LOOP('',(#6532,#6534,#6535,#6536));
#6538=FACE_OUTER_BOUND('',#6537,.F.);
#6539=ADVANCED_FACE('',(#6538),#6531,.T.);
#6540=FILL_AREA_STYLE_COLOUR('',#7);
#6541=FILL_AREA_STYLE('',(#6540));
#6542=SURFACE_STYLE_FILL_AREA(#6541);
#6543=SURFACE_SIDE_STYLE('',(#6542));
#6544=SURFACE_STYLE_USAGE(.POSITIVE.,#6543);
#6545=PRESENTATION_STYLE_ASSIGNMENT((#6544));
#6546=STYLED_ITEM('',(#6545),#6539);
#6547=CARTESIAN_POINT('',(-2.7E0,1.58E0,2.3E0));
#6548=DIRECTION('',(-7.071067746639E-1,0.E0,-7.071067877092E-1));
#6549=DIRECTION('',(-7.071067877092E-1,0.E0,7.071067746639E-1));
#6550=AXIS2_PLACEMENT_3D('',#6547,#6548,#6549);
#6551=SPHERICAL_SURFACE('',#6550,1.E-1);
#6553=ORIENTED_EDGE('',*,*,#6552,.F.);
#6554=ORIENTED_EDGE('',*,*,#6533,.F.);
#6556=ORIENTED_EDGE('',*,*,#6555,.T.);
#6557=EDGE_LOOP('',(#6553,#6554,#6556));
#6558=FACE_OUTER_BOUND('',#6557,.F.);
#6559=ADVANCED_FACE('',(#6558),#6551,.T.);
#6560=FILL_AREA_STYLE_COLOUR('',#7);
#6561=FILL_AREA_STYLE('',(#6560));
#6562=SURFACE_STYLE_FILL_AREA(#6561);
#6563=SURFACE_SIDE_STYLE('',(#6562));
#6564=SURFACE_STYLE_USAGE(.POSITIVE.,#6563);
#6565=PRESENTATION_STYLE_ASSIGNMENT((#6564));
#6566=STYLED_ITEM('',(#6565),#6559);
#6567=CARTESIAN_POINT('',(-2.7E0,-5.415088E0,2.3E0));
#6568=DIRECTION('',(0.E0,1.E0,0.E0));
#6569=DIRECTION('',(-1.E0,0.E0,0.E0));
#6570=AXIS2_PLACEMENT_3D('',#6567,#6568,#6569);
#6571=CYLINDRICAL_SURFACE('',#6570,1.E-1);
#6572=ORIENTED_EDGE('',*,*,#6552,.T.);
#6574=ORIENTED_EDGE('',*,*,#6573,.F.);
#6575=ORIENTED_EDGE('',*,*,#5924,.T.);
#6576=ORIENTED_EDGE('',*,*,#6513,.T.);
#6577=EDGE_LOOP('',(#6572,#6574,#6575,#6576));
#6578=FACE_OUTER_BOUND('',#6577,.F.);
#6579=ADVANCED_FACE('',(#6578),#6571,.T.);
#6580=FILL_AREA_STYLE_COLOUR('',#7);
#6581=FILL_AREA_STYLE('',(#6580));
#6582=SURFACE_STYLE_FILL_AREA(#6581);
#6583=SURFACE_SIDE_STYLE('',(#6582));
#6584=SURFACE_STYLE_USAGE(.POSITIVE.,#6583);
#6585=PRESENTATION_STYLE_ASSIGNMENT((#6584));
#6586=STYLED_ITEM('',(#6585),#6579);
#6587=CARTESIAN_POINT('',(-1.5E0,1.4E0,2.4E0));
#6588=DIRECTION('',(0.E0,0.E0,-1.E0));
#6589=DIRECTION('',(-1.E0,0.E0,0.E0));
#6590=AXIS2_PLACEMENT_3D('',#6587,#6588,#6589);
#6591=PLANE('',#6590);
#6593=ORIENTED_EDGE('',*,*,#6592,.T.);
#6595=ORIENTED_EDGE('',*,*,#6594,.T.);
#6596=ORIENTED_EDGE('',*,*,#5926,.T.);
#6597=ORIENTED_EDGE('',*,*,#6573,.T.);
#6598=EDGE_LOOP('',(#6593,#6595,#6596,#6597));
#6599=FACE_OUTER_BOUND('',#6598,.F.);
#6600=ADVANCED_FACE('',(#6599),#6591,.F.);
#6601=FILL_AREA_STYLE_COLOUR('',#7);
#6602=FILL_AREA_STYLE('',(#6601));
#6603=SURFACE_STYLE_FILL_AREA(#6602);
#6604=SURFACE_SIDE_STYLE('',(#6603));
#6605=SURFACE_STYLE_USAGE(.POSITIVE.,#6604);
#6606=PRESENTATION_STYLE_ASSIGNMENT((#6605));
#6607=STYLED_ITEM('',(#6606),#6600);
#6608=CARTESIAN_POINT('',(-2.719717389187E0,1.58E0,2.3E0));
#6609=DIRECTION('',(1.E0,0.E0,0.E0));
#6610=DIRECTION('',(0.E0,1.E0,0.E0));
#6611=AXIS2_PLACEMENT_3D('',#6608,#6609,#6610);
#6612=CYLINDRICAL_SURFACE('',#6611,1.E-1);
#6613=ORIENTED_EDGE('',*,*,#6040,.T.);
#6615=ORIENTED_EDGE('',*,*,#6614,.T.);
#6616=ORIENTED_EDGE('',*,*,#6592,.F.);
#6617=ORIENTED_EDGE('',*,*,#6555,.F.);
#6618=EDGE_LOOP('',(#6613,#6615,#6616,#6617));
#6619=FACE_OUTER_BOUND('',#6618,.F.);
#6620=ADVANCED_FACE('',(#6619),#6612,.T.);
#6621=FILL_AREA_STYLE_COLOUR('',#7);
#6622=FILL_AREA_STYLE('',(#6621));
#6623=SURFACE_STYLE_FILL_AREA(#6622);
#6624=SURFACE_SIDE_STYLE('',(#6623));
#6625=SURFACE_STYLE_USAGE(.POSITIVE.,#6624);
#6626=PRESENTATION_STYLE_ASSIGNMENT((#6625));
#6627=STYLED_ITEM('',(#6626),#6620);
#6628=CARTESIAN_POINT('',(-1.6E0,1.58E0,2.5E0));
#6629=DIRECTION('',(0.E0,-1.E0,0.E0));
#6630=DIRECTION('',(-1.383552912015E-1,0.E0,-9.903826600848E-1));
#6631=AXIS2_PLACEMENT_3D('',#6628,#6629,#6630);
#6632=TOROIDAL_SURFACE('',#6631,2.E-1,1.E-1);
#6633=ORIENTED_EDGE('',*,*,#6038,.T.);
#6635=ORIENTED_EDGE('',*,*,#6634,.T.);
#6637=ORIENTED_EDGE('',*,*,#6636,.F.);
#6638=ORIENTED_EDGE('',*,*,#6614,.F.);
#6639=EDGE_LOOP('',(#6633,#6635,#6637,#6638));
#6640=FACE_OUTER_BOUND('',#6639,.F.);
#6641=ADVANCED_FACE('',(#6640),#6632,.T.);
#6642=FILL_AREA_STYLE_COLOUR('',#7);
#6643=FILL_AREA_STYLE('',(#6642));
#6644=SURFACE_STYLE_FILL_AREA(#6643);
#6645=SURFACE_SIDE_STYLE('',(#6644));
#6646=SURFACE_STYLE_USAGE(.POSITIVE.,#6645);
#6647=PRESENTATION_STYLE_ASSIGNMENT((#6646));
#6648=STYLED_ITEM('',(#6647),#6641);
#6649=CARTESIAN_POINT('',(-1.4E0,1.58E0,2.480282610813E0));
#6650=DIRECTION('',(0.E0,0.E0,1.E0));
#6651=DIRECTION('',(0.E0,1.E0,0.E0));
#6652=AXIS2_PLACEMENT_3D('',#6649,#6650,#6651);
#6653=CYLINDRICAL_SURFACE('',#6652,1.E-1);
#6654=ORIENTED_EDGE('',*,*,#6036,.T.);
#6656=ORIENTED_EDGE('',*,*,#6655,.T.);
#6658=ORIENTED_EDGE('',*,*,#6657,.F.);
#6659=ORIENTED_EDGE('',*,*,#6634,.F.);
#6660=EDGE_LOOP('',(#6654,#6656,#6658,#6659));
#6661=FACE_OUTER_BOUND('',#6660,.F.);
#6662=ADVANCED_FACE('',(#6661),#6653,.T.);
#6663=FILL_AREA_STYLE_COLOUR('',#7);
#6664=FILL_AREA_STYLE('',(#6663));
#6665=SURFACE_STYLE_FILL_AREA(#6664);
#6666=SURFACE_SIDE_STYLE('',(#6665));
#6667=SURFACE_STYLE_USAGE(.POSITIVE.,#6666);
#6668=PRESENTATION_STYLE_ASSIGNMENT((#6667));
#6669=STYLED_ITEM('',(#6668),#6662);
#6670=CARTESIAN_POINT('',(-1.4E0,1.58E0,2.9E0));
#6671=DIRECTION('',(-7.071067746639E-1,0.E0,-7.071067877092E-1));
#6672=DIRECTION('',(-7.071067877092E-1,0.E0,7.071067746639E-1));
#6673=AXIS2_PLACEMENT_3D('',#6670,#6671,#6672);
#6674=SPHERICAL_SURFACE('',#6673,1.E-1);
#6676=ORIENTED_EDGE('',*,*,#6675,.F.);
#6677=ORIENTED_EDGE('',*,*,#6655,.F.);
#6678=ORIENTED_EDGE('',*,*,#6014,.T.);
#6679=EDGE_LOOP('',(#6676,#6677,#6678));
#6680=FACE_OUTER_BOUND('',#6679,.F.);
#6681=ADVANCED_FACE('',(#6680),#6674,.T.);
#6682=FILL_AREA_STYLE_COLOUR('',#7);
#6683=FILL_AREA_STYLE('',(#6682));
#6684=SURFACE_STYLE_FILL_AREA(#6683);
#6685=SURFACE_SIDE_STYLE('',(#6684));
#6686=SURFACE_STYLE_USAGE(.POSITIVE.,#6685);
#6687=PRESENTATION_STYLE_ASSIGNMENT((#6686));
#6688=STYLED_ITEM('',(#6687),#6681);
#6689=CARTESIAN_POINT('',(-1.4E0,-5.415088E0,2.9E0));
#6690=DIRECTION('',(0.E0,1.E0,0.E0));
#6691=DIRECTION('',(-1.E0,0.E0,0.E0));
#6692=AXIS2_PLACEMENT_3D('',#6689,#6690,#6691);
#6693=CYLINDRICAL_SURFACE('',#6692,1.E-1);
#6694=ORIENTED_EDGE('',*,*,#6675,.T.);
#6695=ORIENTED_EDGE('',*,*,#5972,.F.);
#6696=ORIENTED_EDGE('',*,*,#5932,.T.);
#6698=ORIENTED_EDGE('',*,*,#6697,.T.);
#6699=EDGE_LOOP('',(#6694,#6695,#6696,#6698));
#6700=FACE_OUTER_BOUND('',#6699,.F.);
#6701=ADVANCED_FACE('',(#6700),#6693,.T.);
#6702=FILL_AREA_STYLE_COLOUR('',#7);
#6703=FILL_AREA_STYLE('',(#6702));
#6704=SURFACE_STYLE_FILL_AREA(#6703);
#6705=SURFACE_SIDE_STYLE('',(#6704));
#6706=SURFACE_STYLE_USAGE(.POSITIVE.,#6705);
#6707=PRESENTATION_STYLE_ASSIGNMENT((#6706));
#6708=STYLED_ITEM('',(#6707),#6701);
#6709=CARTESIAN_POINT('',(-1.5E0,1.4E0,3.E0));
#6710=DIRECTION('',(1.E0,0.E0,0.E0));
#6711=DIRECTION('',(0.E0,0.E0,-1.E0));
#6712=AXIS2_PLACEMENT_3D('',#6709,#6710,#6711);
#6713=PLANE('',#6712);
#6714=ORIENTED_EDGE('',*,*,#6657,.T.);
#6715=ORIENTED_EDGE('',*,*,#6697,.F.);
#6716=ORIENTED_EDGE('',*,*,#5930,.T.);
#6718=ORIENTED_EDGE('',*,*,#6717,.F.);
#6719=EDGE_LOOP('',(#6714,#6715,#6716,#6718));
#6720=FACE_OUTER_BOUND('',#6719,.F.);
#6721=ADVANCED_FACE('',(#6720),#6713,.F.);
#6722=FILL_AREA_STYLE_COLOUR('',#7);
#6723=FILL_AREA_STYLE('',(#6722));
#6724=SURFACE_STYLE_FILL_AREA(#6723);
#6725=SURFACE_SIDE_STYLE('',(#6724));
#6726=SURFACE_STYLE_USAGE(.POSITIVE.,#6725);
#6727=PRESENTATION_STYLE_ASSIGNMENT((#6726));
#6728=STYLED_ITEM('',(#6727),#6721);
#6729=CARTESIAN_POINT('',(-1.6E0,5.695088E0,2.5E0));
#6730=DIRECTION('',(0.E0,-1.E0,0.E0));
#6731=DIRECTION('',(0.E0,0.E0,-1.E0));
#6732=AXIS2_PLACEMENT_3D('',#6729,#6730,#6731);
#6733=CYLINDRICAL_SURFACE('',#6732,1.E-1);
#6734=ORIENTED_EDGE('',*,*,#6636,.T.);
#6735=ORIENTED_EDGE('',*,*,#6717,.T.);
#6736=ORIENTED_EDGE('',*,*,#5928,.T.);
#6737=ORIENTED_EDGE('',*,*,#6594,.F.);
#6738=EDGE_LOOP('',(#6734,#6735,#6736,#6737));
#6739=FACE_OUTER_BOUND('',#6738,.F.);
#6740=ADVANCED_FACE('',(#6739),#6733,.F.);
#6741=FILL_AREA_STYLE_COLOUR('',#7);
#6742=FILL_AREA_STYLE('',(#6741));
#6743=SURFACE_STYLE_FILL_AREA(#6742);
#6744=SURFACE_SIDE_STYLE('',(#6743));
#6745=SURFACE_STYLE_USAGE(.POSITIVE.,#6744);
#6746=PRESENTATION_STYLE_ASSIGNMENT((#6745));
#6747=STYLED_ITEM('',(#6746),#6740);
#6748=CARTESIAN_POINT('',(-2.8E0,1.4E0,1.6E0));
#6749=DIRECTION('',(0.E0,0.E0,1.E0));
#6750=DIRECTION('',(1.E0,0.E0,0.E0));
#6751=AXIS2_PLACEMENT_3D('',#6748,#6749,#6750);
#6752=PLANE('',#6751);
#6753=ORIENTED_EDGE('',*,*,#6452,.T.);
#6754=ORIENTED_EDGE('',*,*,#6494,.F.);
#6755=ORIENTED_EDGE('',*,*,#5918,.T.);
#6757=ORIENTED_EDGE('',*,*,#6756,.F.);
#6758=EDGE_LOOP('',(#6753,#6754,#6755,#6757));
#6759=FACE_OUTER_BOUND('',#6758,.F.);
#6760=ADVANCED_FACE('',(#6759),#6752,.F.);
#6761=FILL_AREA_STYLE_COLOUR('',#7);
#6762=FILL_AREA_STYLE('',(#6761));
#6763=SURFACE_STYLE_FILL_AREA(#6762);
#6764=SURFACE_SIDE_STYLE('',(#6763));
#6765=SURFACE_STYLE_USAGE(.POSITIVE.,#6764);
#6766=PRESENTATION_STYLE_ASSIGNMENT((#6765));
#6767=STYLED_ITEM('',(#6766),#6760);
#6768=CARTESIAN_POINT('',(-1.6E0,5.695088E0,1.5E0));
#6769=DIRECTION('',(0.E0,-1.E0,0.E0));
#6770=DIRECTION('',(1.E0,0.E0,0.E0));
#6771=AXIS2_PLACEMENT_3D('',#6768,#6769,#6770);
#6772=CYLINDRICAL_SURFACE('',#6771,1.E-1);
#6773=ORIENTED_EDGE('',*,*,#6431,.T.);
#6774=ORIENTED_EDGE('',*,*,#6756,.T.);
#6775=ORIENTED_EDGE('',*,*,#5916,.T.);
#6777=ORIENTED_EDGE('',*,*,#6776,.F.);
#6778=EDGE_LOOP('',(#6773,#6774,#6775,#6777));
#6779=FACE_OUTER_BOUND('',#6778,.F.);
#6780=ADVANCED_FACE('',(#6779),#6772,.F.);
#6781=FILL_AREA_STYLE_COLOUR('',#7);
#6782=FILL_AREA_STYLE('',(#6781));
#6783=SURFACE_STYLE_FILL_AREA(#6782);
#6784=SURFACE_SIDE_STYLE('',(#6783));
#6785=SURFACE_STYLE_USAGE(.POSITIVE.,#6784);
#6786=PRESENTATION_STYLE_ASSIGNMENT((#6785));
#6787=STYLED_ITEM('',(#6786),#6780);
#6788=CARTESIAN_POINT('',(-1.5E0,1.4E0,1.6E0));
#6789=DIRECTION('',(1.E0,0.E0,0.E0));
#6790=DIRECTION('',(0.E0,0.E0,-1.E0));
#6791=AXIS2_PLACEMENT_3D('',#6788,#6789,#6790);
#6792=PLANE('',#6791);
#6793=ORIENTED_EDGE('',*,*,#6410,.T.);
#6794=ORIENTED_EDGE('',*,*,#6776,.T.);
#6795=ORIENTED_EDGE('',*,*,#5914,.T.);
#6797=ORIENTED_EDGE('',*,*,#6796,.F.);
#6798=EDGE_LOOP('',(#6793,#6794,#6795,#6797));
#6799=FACE_OUTER_BOUND('',#6798,.F.);
#6800=ADVANCED_FACE('',(#6799),#6792,.F.);
#6801=FILL_AREA_STYLE_COLOUR('',#7);
#6802=FILL_AREA_STYLE('',(#6801));
#6803=SURFACE_STYLE_FILL_AREA(#6802);
#6804=SURFACE_SIDE_STYLE('',(#6803));
#6805=SURFACE_STYLE_USAGE(.POSITIVE.,#6804);
#6806=PRESENTATION_STYLE_ASSIGNMENT((#6805));
#6807=STYLED_ITEM('',(#6806),#6800);
#6808=CARTESIAN_POINT('',(-1.6E0,5.695088E0,-1.5E0));
#6809=DIRECTION('',(0.E0,-1.E0,0.E0));
#6810=DIRECTION('',(0.E0,0.E0,-1.E0));
#6811=AXIS2_PLACEMENT_3D('',#6808,#6809,#6810);
#6812=CYLINDRICAL_SURFACE('',#6811,1.E-1);
#6813=ORIENTED_EDGE('',*,*,#6389,.T.);
#6814=ORIENTED_EDGE('',*,*,#6796,.T.);
#6815=ORIENTED_EDGE('',*,*,#5912,.T.);
#6816=ORIENTED_EDGE('',*,*,#6347,.F.);
#6817=EDGE_LOOP('',(#6813,#6814,#6815,#6816));
#6818=FACE_OUTER_BOUND('',#6817,.F.);
#6819=ADVANCED_FACE('',(#6818),#6812,.F.);
#6820=FILL_AREA_STYLE_COLOUR('',#7);
#6821=FILL_AREA_STYLE('',(#6820));
#6822=SURFACE_STYLE_FILL_AREA(#6821);
#6823=SURFACE_SIDE_STYLE('',(#6822));
#6824=SURFACE_STYLE_USAGE(.POSITIVE.,#6823);
#6825=PRESENTATION_STYLE_ASSIGNMENT((#6824));
#6826=STYLED_ITEM('',(#6825),#6819);
#6827=CARTESIAN_POINT('',(-2.8E0,1.4E0,-2.4E0));
#6828=DIRECTION('',(0.E0,0.E0,1.E0));
#6829=DIRECTION('',(1.E0,0.E0,0.E0));
#6830=AXIS2_PLACEMENT_3D('',#6827,#6828,#6829);
#6831=PLANE('',#6830);
#6832=ORIENTED_EDGE('',*,*,#6205,.T.);
#6833=ORIENTED_EDGE('',*,*,#6247,.F.);
#6834=ORIENTED_EDGE('',*,*,#5902,.T.);
#6836=ORIENTED_EDGE('',*,*,#6835,.F.);
#6837=EDGE_LOOP('',(#6832,#6833,#6834,#6836));
#6838=FACE_OUTER_BOUND('',#6837,.F.);
#6839=ADVANCED_FACE('',(#6838),#6831,.F.);
#6840=FILL_AREA_STYLE_COLOUR('',#7);
#6841=FILL_AREA_STYLE('',(#6840));
#6842=SURFACE_STYLE_FILL_AREA(#6841);
#6843=SURFACE_SIDE_STYLE('',(#6842));
#6844=SURFACE_STYLE_USAGE(.POSITIVE.,#6843);
#6845=PRESENTATION_STYLE_ASSIGNMENT((#6844));
#6846=STYLED_ITEM('',(#6845),#6839);
#6847=CARTESIAN_POINT('',(-1.6E0,5.695088E0,-2.5E0));
#6848=DIRECTION('',(0.E0,-1.E0,0.E0));
#6849=DIRECTION('',(1.E0,0.E0,0.E0));
#6850=AXIS2_PLACEMENT_3D('',#6847,#6848,#6849);
#6851=CYLINDRICAL_SURFACE('',#6850,1.E-1);
#6852=ORIENTED_EDGE('',*,*,#6184,.T.);
#6853=ORIENTED_EDGE('',*,*,#6835,.T.);
#6854=ORIENTED_EDGE('',*,*,#5900,.T.);
#6855=ORIENTED_EDGE('',*,*,#6142,.F.);
#6856=EDGE_LOOP('',(#6852,#6853,#6854,#6855));
#6857=FACE_OUTER_BOUND('',#6856,.F.);
#6858=ADVANCED_FACE('',(#6857),#6851,.F.);
#6859=FILL_AREA_STYLE_COLOUR('',#7);
#6860=FILL_AREA_STYLE('',(#6859));
#6861=SURFACE_STYLE_FILL_AREA(#6860);
#6862=SURFACE_SIDE_STYLE('',(#6861));
#6863=SURFACE_STYLE_USAGE(.POSITIVE.,#6862);
#6864=PRESENTATION_STYLE_ASSIGNMENT((#6863));
#6865=STYLED_ITEM('',(#6864),#6858);
#6866=CARTESIAN_POINT('',(0.E0,0.E0,-3.E0));
#6867=DIRECTION('',(0.E0,0.E0,1.E0));
#6868=DIRECTION('',(1.E0,0.E0,0.E0));
#6869=AXIS2_PLACEMENT_3D('',#6866,#6867,#6868);
#6870=PLANE('',#6869);
#6871=ORIENTED_EDGE('',*,*,#6080,.T.);
#6872=ORIENTED_EDGE('',*,*,#6123,.F.);
#6873=ORIENTED_EDGE('',*,*,#5894,.F.);
#6875=ORIENTED_EDGE('',*,*,#6874,.F.);
#6877=ORIENTED_EDGE('',*,*,#6876,.T.);
#6879=ORIENTED_EDGE('',*,*,#6878,.F.);
#6880=ORIENTED_EDGE('',*,*,#5864,.F.);
#6882=ORIENTED_EDGE('',*,*,#6881,.F.);
#6884=ORIENTED_EDGE('',*,*,#6883,.T.);
#6886=ORIENTED_EDGE('',*,*,#6885,.T.);
#6887=ORIENTED_EDGE('',*,*,#5779,.F.);
#6889=ORIENTED_EDGE('',*,*,#6888,.T.);
#6890=EDGE_LOOP('',(#6871,#6872,#6873,#6875,#6877,#6879,#6880,#6882,#6884,#6886,
#6887,#6889));
#6891=FACE_OUTER_BOUND('',#6890,.F.);
#6893=ORIENTED_EDGE('',*,*,#6892,.F.);
#6895=ORIENTED_EDGE('',*,*,#6894,.F.);
#6897=ORIENTED_EDGE('',*,*,#6896,.T.);
#6899=ORIENTED_EDGE('',*,*,#6898,.F.);
#6900=EDGE_LOOP('',(#6893,#6895,#6897,#6899));
#6901=FACE_BOUND('',#6900,.F.);
#6903=ORIENTED_EDGE('',*,*,#6902,.F.);
#6905=ORIENTED_EDGE('',*,*,#6904,.F.);
#6907=ORIENTED_EDGE('',*,*,#6906,.T.);
#6909=ORIENTED_EDGE('',*,*,#6908,.F.);
#6910=EDGE_LOOP('',(#6903,#6905,#6907,#6909));
#6911=FACE_BOUND('',#6910,.F.);
#6913=ORIENTED_EDGE('',*,*,#6912,.T.);
#6915=ORIENTED_EDGE('',*,*,#6914,.T.);
#6917=ORIENTED_EDGE('',*,*,#6916,.T.);
#6919=ORIENTED_EDGE('',*,*,#6918,.T.);
#6921=ORIENTED_EDGE('',*,*,#6920,.T.);
#6923=ORIENTED_EDGE('',*,*,#6922,.T.);
#6924=EDGE_LOOP('',(#6913,#6915,#6917,#6919,#6921,#6923));
#6925=FACE_BOUND('',#6924,.F.);
#6927=ORIENTED_EDGE('',*,*,#6926,.T.);
#6929=ORIENTED_EDGE('',*,*,#6928,.T.);
#6931=ORIENTED_EDGE('',*,*,#6930,.T.);
#6933=ORIENTED_EDGE('',*,*,#6932,.T.);
#6935=ORIENTED_EDGE('',*,*,#6934,.T.);
#6937=ORIENTED_EDGE('',*,*,#6936,.T.);
#6939=ORIENTED_EDGE('',*,*,#6938,.T.);
#6941=ORIENTED_EDGE('',*,*,#6940,.T.);
#6943=ORIENTED_EDGE('',*,*,#6942,.T.);
#6945=ORIENTED_EDGE('',*,*,#6944,.T.);
#6947=ORIENTED_EDGE('',*,*,#6946,.T.);
#6949=ORIENTED_EDGE('',*,*,#6948,.T.);
#6951=ORIENTED_EDGE('',*,*,#6950,.T.);
#6953=ORIENTED_EDGE('',*,*,#6952,.T.);
#6955=ORIENTED_EDGE('',*,*,#6954,.T.);
#6957=ORIENTED_EDGE('',*,*,#6956,.T.);
#6959=ORIENTED_EDGE('',*,*,#6958,.T.);
#6961=ORIENTED_EDGE('',*,*,#6960,.T.);
#6963=ORIENTED_EDGE('',*,*,#6962,.T.);
#6965=ORIENTED_EDGE('',*,*,#6964,.T.);
#6967=ORIENTED_EDGE('',*,*,#6966,.T.);
#6969=ORIENTED_EDGE('',*,*,#6968,.T.);
#6971=ORIENTED_EDGE('',*,*,#6970,.T.);
#6973=ORIENTED_EDGE('',*,*,#6972,.T.);
#6975=ORIENTED_EDGE('',*,*,#6974,.T.);
#6977=ORIENTED_EDGE('',*,*,#6976,.T.);
#6979=ORIENTED_EDGE('',*,*,#6978,.T.);
#6981=ORIENTED_EDGE('',*,*,#6980,.T.);
#6983=ORIENTED_EDGE('',*,*,#6982,.T.);
#6985=ORIENTED_EDGE('',*,*,#6984,.T.);
#6987=ORIENTED_EDGE('',*,*,#6986,.T.);
#6989=ORIENTED_EDGE('',*,*,#6988,.T.);
#6991=ORIENTED_EDGE('',*,*,#6990,.T.);
#6993=ORIENTED_EDGE('',*,*,#6992,.T.);
#6995=ORIENTED_EDGE('',*,*,#6994,.T.);
#6997=ORIENTED_EDGE('',*,*,#6996,.T.);
#6999=ORIENTED_EDGE('',*,*,#6998,.T.);
#7001=ORIENTED_EDGE('',*,*,#7000,.T.);
#7003=ORIENTED_EDGE('',*,*,#7002,.T.);
#7005=ORIENTED_EDGE('',*,*,#7004,.T.);
#7006=EDGE_LOOP('',(#6927,#6929,#6931,#6933,#6935,#6937,#6939,#6941,#6943,#6945,
#6947,#6949,#6951,#6953,#6955,#6957,#6959,#6961,#6963,#6965,#6967,#6969,#6971,
#6973,#6975,#6977,#6979,#6981,#6983,#6985,#6987,#6989,#6991,#6993,#6995,#6997,
#6999,#7001,#7003,#7005));
#7007=FACE_BOUND('',#7006,.F.);
#7009=ORIENTED_EDGE('',*,*,#7008,.T.);
#7011=ORIENTED_EDGE('',*,*,#7010,.T.);
#7013=ORIENTED_EDGE('',*,*,#7012,.T.);
#7015=ORIENTED_EDGE('',*,*,#7014,.T.);
#7017=ORIENTED_EDGE('',*,*,#7016,.T.);
#7019=ORIENTED_EDGE('',*,*,#7018,.T.);
#7021=ORIENTED_EDGE('',*,*,#7020,.T.);
#7023=ORIENTED_EDGE('',*,*,#7022,.T.);
#7025=ORIENTED_EDGE('',*,*,#7024,.T.);
#7027=ORIENTED_EDGE('',*,*,#7026,.T.);
#7029=ORIENTED_EDGE('',*,*,#7028,.T.);
#7031=ORIENTED_EDGE('',*,*,#7030,.T.);
#7032=EDGE_LOOP('',(#7009,#7011,#7013,#7015,#7017,#7019,#7021,#7023,#7025,#7027,
#7029,#7031));
#7033=FACE_BOUND('',#7032,.F.);
#7035=ORIENTED_EDGE('',*,*,#7034,.T.);
#7037=ORIENTED_EDGE('',*,*,#7036,.T.);
#7039=ORIENTED_EDGE('',*,*,#7038,.T.);
#7041=ORIENTED_EDGE('',*,*,#7040,.T.);
#7043=ORIENTED_EDGE('',*,*,#7042,.T.);
#7045=ORIENTED_EDGE('',*,*,#7044,.T.);
#7047=ORIENTED_EDGE('',*,*,#7046,.T.);
#7049=ORIENTED_EDGE('',*,*,#7048,.T.);
#7051=ORIENTED_EDGE('',*,*,#7050,.T.);
#7053=ORIENTED_EDGE('',*,*,#7052,.T.);
#7055=ORIENTED_EDGE('',*,*,#7054,.T.);
#7057=ORIENTED_EDGE('',*,*,#7056,.T.);
#7059=ORIENTED_EDGE('',*,*,#7058,.T.);
#7061=ORIENTED_EDGE('',*,*,#7060,.T.);
#7062=EDGE_LOOP('',(#7035,#7037,#7039,#7041,#7043,#7045,#7047,#7049,#7051,#7053,
#7055,#7057,#7059,#7061));
#7063=FACE_BOUND('',#7062,.F.);
#7065=ORIENTED_EDGE('',*,*,#7064,.T.);
#7067=ORIENTED_EDGE('',*,*,#7066,.T.);
#7069=ORIENTED_EDGE('',*,*,#7068,.T.);
#7071=ORIENTED_EDGE('',*,*,#7070,.T.);
#7073=ORIENTED_EDGE('',*,*,#7072,.T.);
#7075=ORIENTED_EDGE('',*,*,#7074,.T.);
#7077=ORIENTED_EDGE('',*,*,#7076,.T.);
#7079=ORIENTED_EDGE('',*,*,#7078,.T.);
#7080=EDGE_LOOP('',(#7065,#7067,#7069,#7071,#7073,#7075,#7077,#7079));
#7081=FACE_BOUND('',#7080,.F.);
#7082=ADVANCED_FACE('',(#6891,#6901,#6911,#6925,#7007,#7033,#7063,#7081),#6870,
.F.);
#7083=FILL_AREA_STYLE_COLOUR('',#7);
#7084=FILL_AREA_STYLE('',(#7083));
#7085=SURFACE_STYLE_FILL_AREA(#7084);
#7086=SURFACE_SIDE_STYLE('',(#7085));
#7087=SURFACE_STYLE_USAGE(.POSITIVE.,#7086);
#7088=PRESENTATION_STYLE_ASSIGNMENT((#7087));
#7089=STYLED_ITEM('',(#7088),#7082);
#7090=CARTESIAN_POINT('',(0.E0,0.E0,-3.E0));
#7091=DIRECTION('',(0.E0,0.E0,1.E0));
#7092=DIRECTION('',(1.E0,0.E0,0.E0));
#7093=AXIS2_PLACEMENT_3D('',#7090,#7091,#7092);
#7094=PLANE('',#7093);
#7096=ORIENTED_EDGE('',*,*,#7095,.T.);
#7098=ORIENTED_EDGE('',*,*,#7097,.T.);
#7100=ORIENTED_EDGE('',*,*,#7099,.T.);
#7102=ORIENTED_EDGE('',*,*,#7101,.T.);
#7104=ORIENTED_EDGE('',*,*,#7103,.T.);
#7106=ORIENTED_EDGE('',*,*,#7105,.T.);
#7108=ORIENTED_EDGE('',*,*,#7107,.T.);
#7110=ORIENTED_EDGE('',*,*,#7109,.T.);
#7112=ORIENTED_EDGE('',*,*,#7111,.T.);
#7114=ORIENTED_EDGE('',*,*,#7113,.T.);
#7116=ORIENTED_EDGE('',*,*,#7115,.T.);
#7118=ORIENTED_EDGE('',*,*,#7117,.T.);
#7119=EDGE_LOOP('',(#7096,#7098,#7100,#7102,#7104,#7106,#7108,#7110,#7112,#7114,
#7116,#7118));
#7120=FACE_OUTER_BOUND('',#7119,.F.);
#7121=ADVANCED_FACE('',(#7120),#7094,.F.);
#7122=FILL_AREA_STYLE_COLOUR('',#7);
#7123=FILL_AREA_STYLE('',(#7122));
#7124=SURFACE_STYLE_FILL_AREA(#7123);
#7125=SURFACE_SIDE_STYLE('',(#7124));
#7126=SURFACE_STYLE_USAGE(.POSITIVE.,#7125);
#7127=PRESENTATION_STYLE_ASSIGNMENT((#7126));
#7128=STYLED_ITEM('',(#7127),#7121);
#7129=CARTESIAN_POINT('',(0.E0,0.E0,-3.E0));
#7130=DIRECTION('',(0.E0,0.E0,1.E0));
#7131=DIRECTION('',(1.E0,0.E0,0.E0));
#7132=AXIS2_PLACEMENT_3D('',#7129,#7130,#7131);
#7133=PLANE('',#7132);
#7135=ORIENTED_EDGE('',*,*,#7134,.T.);
#7137=ORIENTED_EDGE('',*,*,#7136,.T.);
#7139=ORIENTED_EDGE('',*,*,#7138,.T.);
#7140=EDGE_LOOP('',(#7135,#7137,#7139));
#7141=FACE_OUTER_BOUND('',#7140,.F.);
#7142=ADVANCED_FACE('',(#7141),#7133,.F.);
#7143=FILL_AREA_STYLE_COLOUR('',#7);
#7144=FILL_AREA_STYLE('',(#7143));
#7145=SURFACE_STYLE_FILL_AREA(#7144);
#7146=SURFACE_SIDE_STYLE('',(#7145));
#7147=SURFACE_STYLE_USAGE(.POSITIVE.,#7146);
#7148=PRESENTATION_STYLE_ASSIGNMENT((#7147));
#7149=STYLED_ITEM('',(#7148),#7142);
#7150=CARTESIAN_POINT('',(-2.8E0,-5.05008E0,-2.8E0));
#7151=DIRECTION('',(0.E0,1.E0,0.E0));
#7152=DIRECTION('',(0.E0,0.E0,-1.E0));
#7153=AXIS2_PLACEMENT_3D('',#7150,#7151,#7152);
#7154=CYLINDRICAL_SURFACE('',#7153,2.E-1);
#7155=ORIENTED_EDGE('',*,*,#5892,.T.);
#7157=ORIENTED_EDGE('',*,*,#7156,.F.);
#7159=ORIENTED_EDGE('',*,*,#7158,.T.);
#7160=ORIENTED_EDGE('',*,*,#6874,.T.);
#7161=EDGE_LOOP('',(#7155,#7157,#7159,#7160));
#7162=FACE_OUTER_BOUND('',#7161,.F.);
#7163=ADVANCED_FACE('',(#7162),#7154,.T.);
#7164=FILL_AREA_STYLE_COLOUR('',#7);
#7165=FILL_AREA_STYLE('',(#7164));
#7166=SURFACE_STYLE_FILL_AREA(#7165);
#7167=SURFACE_SIDE_STYLE('',(#7166));
#7168=SURFACE_STYLE_USAGE(.POSITIVE.,#7167);
#7169=PRESENTATION_STYLE_ASSIGNMENT((#7168));
#7170=STYLED_ITEM('',(#7169),#7163);
#7171=CARTESIAN_POINT('',(-3.E0,1.4E0,-3.E0));
#7172=DIRECTION('',(-1.E0,0.E0,0.E0));
#7173=DIRECTION('',(0.E0,-1.E0,0.E0));
#7174=AXIS2_PLACEMENT_3D('',#7171,#7172,#7173);
#7175=PLANE('',#7174);
#7176=ORIENTED_EDGE('',*,*,#5890,.F.);
#7177=ORIENTED_EDGE('',*,*,#5167,.F.);
#7178=ORIENTED_EDGE('',*,*,#5883,.F.);
#7180=ORIENTED_EDGE('',*,*,#7179,.T.);
#7182=ORIENTED_EDGE('',*,*,#7181,.F.);
#7183=ORIENTED_EDGE('',*,*,#7156,.T.);
#7184=EDGE_LOOP('',(#7176,#7177,#7178,#7180,#7182,#7183));
#7185=FACE_OUTER_BOUND('',#7184,.F.);
#7186=ADVANCED_FACE('',(#7185),#7175,.T.);
#7187=FILL_AREA_STYLE_COLOUR('',#7);
#7188=FILL_AREA_STYLE('',(#7187));
#7189=SURFACE_STYLE_FILL_AREA(#7188);
#7190=SURFACE_SIDE_STYLE('',(#7189));
#7191=SURFACE_STYLE_USAGE(.POSITIVE.,#7190);
#7192=PRESENTATION_STYLE_ASSIGNMENT((#7191));
#7193=STYLED_ITEM('',(#7192),#7186);
#7194=CARTESIAN_POINT('',(-2.8E0,5.05008E0,2.8E0));
#7195=DIRECTION('',(0.E0,-1.E0,0.E0));
#7196=DIRECTION('',(0.E0,0.E0,1.E0));
#7197=AXIS2_PLACEMENT_3D('',#7194,#7195,#7196);
#7198=CYLINDRICAL_SURFACE('',#7197,2.E-1);
#7200=ORIENTED_EDGE('',*,*,#7199,.T.);
#7201=ORIENTED_EDGE('',*,*,#7179,.F.);
#7202=ORIENTED_EDGE('',*,*,#5936,.T.);
#7203=ORIENTED_EDGE('',*,*,#5969,.T.);
#7204=EDGE_LOOP('',(#7200,#7201,#7202,#7203));
#7205=FACE_OUTER_BOUND('',#7204,.F.);
#7206=ADVANCED_FACE('',(#7205),#7198,.T.);
#7207=FILL_AREA_STYLE_COLOUR('',#7);
#7208=FILL_AREA_STYLE('',(#7207));
#7209=SURFACE_STYLE_FILL_AREA(#7208);
#7210=SURFACE_SIDE_STYLE('',(#7209));
#7211=SURFACE_STYLE_USAGE(.POSITIVE.,#7210);
#7212=PRESENTATION_STYLE_ASSIGNMENT((#7211));
#7213=STYLED_ITEM('',(#7212),#7206);
#7214=CARTESIAN_POINT('',(-3.E0,-1.4E0,-3.E0));
#7215=DIRECTION('',(0.E0,-1.E0,0.E0));
#7216=DIRECTION('',(1.E0,0.E0,0.E0));
#7217=AXIS2_PLACEMENT_3D('',#7214,#7215,#7216);
#7218=PLANE('',#7217);
#7219=ORIENTED_EDGE('',*,*,#7199,.F.);
#7220=ORIENTED_EDGE('',*,*,#5967,.T.);
#7222=ORIENTED_EDGE('',*,*,#7221,.F.);
#7224=ORIENTED_EDGE('',*,*,#7223,.F.);
#7226=ORIENTED_EDGE('',*,*,#7225,.F.);
#7227=ORIENTED_EDGE('',*,*,#6876,.F.);
#7228=ORIENTED_EDGE('',*,*,#7158,.F.);
#7229=ORIENTED_EDGE('',*,*,#7181,.T.);
#7230=EDGE_LOOP('',(#7219,#7220,#7222,#7224,#7226,#7227,#7228,#7229));
#7231=FACE_OUTER_BOUND('',#7230,.F.);
#7233=ORIENTED_EDGE('',*,*,#7232,.T.);
#7235=ORIENTED_EDGE('',*,*,#7234,.T.);
#7236=EDGE_LOOP('',(#7233,#7235));
#7237=FACE_BOUND('',#7236,.F.);
#7238=ADVANCED_FACE('',(#7231,#7237),#7218,.T.);
#7239=FILL_AREA_STYLE_COLOUR('',#7);
#7240=FILL_AREA_STYLE('',(#7239));
#7241=SURFACE_STYLE_FILL_AREA(#7240);
#7242=SURFACE_SIDE_STYLE('',(#7241));
#7243=SURFACE_STYLE_USAGE(.POSITIVE.,#7242);
#7244=PRESENTATION_STYLE_ASSIGNMENT((#7243));
#7245=STYLED_ITEM('',(#7244),#7238);
#7246=CARTESIAN_POINT('',(2.8E0,-5.05008E0,2.8E0));
#7247=DIRECTION('',(0.E0,1.E0,0.E0));
#7248=DIRECTION('',(0.E0,0.E0,1.E0));
#7249=AXIS2_PLACEMENT_3D('',#7246,#7247,#7248);
#7250=CYLINDRICAL_SURFACE('',#7249,2.E-1);
#7251=ORIENTED_EDGE('',*,*,#5822,.T.);
#7253=ORIENTED_EDGE('',*,*,#7252,.F.);
#7254=ORIENTED_EDGE('',*,*,#7221,.T.);
#7255=ORIENTED_EDGE('',*,*,#5965,.T.);
#7256=EDGE_LOOP('',(#7251,#7253,#7254,#7255));
#7257=FACE_OUTER_BOUND('',#7256,.F.);
#7258=ADVANCED_FACE('',(#7257),#7250,.T.);
#7259=FILL_AREA_STYLE_COLOUR('',#7);
#7260=FILL_AREA_STYLE('',(#7259));
#7261=SURFACE_STYLE_FILL_AREA(#7260);
#7262=SURFACE_SIDE_STYLE('',(#7261));
#7263=SURFACE_STYLE_USAGE(.POSITIVE.,#7262);
#7264=PRESENTATION_STYLE_ASSIGNMENT((#7263));
#7265=STYLED_ITEM('',(#7264),#7258);
#7266=CARTESIAN_POINT('',(3.E0,-1.4E0,-3.E0));
#7267=DIRECTION('',(1.E0,0.E0,0.E0));
#7268=DIRECTION('',(0.E0,1.E0,0.E0));
#7269=AXIS2_PLACEMENT_3D('',#7266,#7267,#7268);
#7270=PLANE('',#7269);
#7271=ORIENTED_EDGE('',*,*,#5820,.F.);
#7273=ORIENTED_EDGE('',*,*,#7272,.T.);
#7274=ORIENTED_EDGE('',*,*,#5812,.F.);
#7276=ORIENTED_EDGE('',*,*,#7275,.T.);
#7277=ORIENTED_EDGE('',*,*,#7223,.T.);
#7278=ORIENTED_EDGE('',*,*,#7252,.T.);
#7279=EDGE_LOOP('',(#7271,#7273,#7274,#7276,#7277,#7278));
#7280=FACE_OUTER_BOUND('',#7279,.F.);
#7281=ADVANCED_FACE('',(#7280),#7270,.T.);
#7282=FILL_AREA_STYLE_COLOUR('',#7);
#7283=FILL_AREA_STYLE('',(#7282));
#7284=SURFACE_STYLE_FILL_AREA(#7283);
#7285=SURFACE_SIDE_STYLE('',(#7284));
#7286=SURFACE_STYLE_USAGE(.POSITIVE.,#7285);
#7287=PRESENTATION_STYLE_ASSIGNMENT((#7286));
#7288=STYLED_ITEM('',(#7287),#7281);
#7289=CARTESIAN_POINT('',(3.75E0,1.4E0,0.E0));
#7290=DIRECTION('',(0.E0,-1.E0,0.E0));
#7291=DIRECTION('',(0.E0,0.E0,-1.E0));
#7292=AXIS2_PLACEMENT_3D('',#7289,#7290,#7291);
#7293=PLANE('',#7292);
#7295=ORIENTED_EDGE('',*,*,#7294,.F.);
#7297=ORIENTED_EDGE('',*,*,#7296,.F.);
#7299=ORIENTED_EDGE('',*,*,#7298,.T.);
#7301=ORIENTED_EDGE('',*,*,#7300,.F.);
#7303=ORIENTED_EDGE('',*,*,#7302,.F.);
#7305=ORIENTED_EDGE('',*,*,#7304,.T.);
#7307=ORIENTED_EDGE('',*,*,#7306,.F.);
#7309=ORIENTED_EDGE('',*,*,#7308,.F.);
#7311=ORIENTED_EDGE('',*,*,#7310,.F.);
#7312=ORIENTED_EDGE('',*,*,#7272,.F.);
#7314=ORIENTED_EDGE('',*,*,#7313,.F.);
#7316=ORIENTED_EDGE('',*,*,#7315,.F.);
#7318=ORIENTED_EDGE('',*,*,#7317,.T.);
#7320=ORIENTED_EDGE('',*,*,#7319,.F.);
#7322=ORIENTED_EDGE('',*,*,#7321,.T.);
#7323=EDGE_LOOP('',(#7295,#7297,#7299,#7301,#7303,#7305,#7307,#7309,#7311,#7312,
#7314,#7316,#7318,#7320,#7322));
#7324=FACE_OUTER_BOUND('',#7323,.F.);
#7325=ADVANCED_FACE('',(#7324),#7293,.T.);
#7326=FILL_AREA_STYLE_COLOUR('',#30);
#7327=FILL_AREA_STYLE('',(#7326));
#7328=SURFACE_STYLE_FILL_AREA(#7327);
#7329=SURFACE_SIDE_STYLE('',(#7328));
#7330=SURFACE_STYLE_USAGE(.POSITIVE.,#7329);
#7331=PRESENTATION_STYLE_ASSIGNMENT((#7330));
#7332=STYLED_ITEM('',(#7331),#7325);
#7333=CARTESIAN_POINT('',(3.45E0,-1.60524E1,-1.542E-1));
#7334=DIRECTION('',(0.E0,1.E0,0.E0));
#7335=DIRECTION('',(1.E0,0.E0,0.E0));
#7336=AXIS2_PLACEMENT_3D('',#7333,#7334,#7335);
#7337=CYLINDRICAL_SURFACE('',#7336,3.E-1);
#7339=ORIENTED_EDGE('',*,*,#7338,.T.);
#7340=ORIENTED_EDGE('',*,*,#7294,.T.);
#7342=ORIENTED_EDGE('',*,*,#7341,.T.);
#7344=ORIENTED_EDGE('',*,*,#7343,.T.);
#7345=EDGE_LOOP('',(#7339,#7340,#7342,#7344));
#7346=FACE_OUTER_BOUND('',#7345,.F.);
#7347=ADVANCED_FACE('',(#7346),#7337,.T.);
#7348=FILL_AREA_STYLE_COLOUR('',#30);
#7349=FILL_AREA_STYLE('',(#7348));
#7350=SURFACE_STYLE_FILL_AREA(#7349);
#7351=SURFACE_SIDE_STYLE('',(#7350));
#7352=SURFACE_STYLE_USAGE(.POSITIVE.,#7351);
#7353=PRESENTATION_STYLE_ASSIGNMENT((#7352));
#7354=STYLED_ITEM('',(#7353),#7347);
#7355=CARTESIAN_POINT('',(3.55E0,1.655632770663E0,-6.440979485566E-1));
#7356=DIRECTION('',(0.E0,-1.E0,0.E0));
#7357=DIRECTION('',(-2.E-1,0.E0,9.797958971133E-1));
#7358=AXIS2_PLACEMENT_3D('',#7355,#7356,#7357);
#7359=CYLINDRICAL_SURFACE('',#7358,2.E-1);
#7360=ORIENTED_EDGE('',*,*,#7338,.F.);
#7362=ORIENTED_EDGE('',*,*,#7361,.T.);
#7364=ORIENTED_EDGE('',*,*,#7363,.T.);
#7365=ORIENTED_EDGE('',*,*,#7296,.T.);
#7366=EDGE_LOOP('',(#7360,#7362,#7364,#7365));
#7367=FACE_OUTER_BOUND('',#7366,.F.);
#7368=ADVANCED_FACE('',(#7367),#7359,.F.);
#7369=FILL_AREA_STYLE_COLOUR('',#30);
#7370=FILL_AREA_STYLE('',(#7369));
#7371=SURFACE_STYLE_FILL_AREA(#7370);
#7372=SURFACE_SIDE_STYLE('',(#7371));
#7373=SURFACE_STYLE_USAGE(.POSITIVE.,#7372);
#7374=PRESENTATION_STYLE_ASSIGNMENT((#7373));
#7375=STYLED_ITEM('',(#7374),#7368);
#7376=CARTESIAN_POINT('',(3.350980531574E0,1.621223074105E0,
-7.544568369833E-1));
#7377=CARTESIAN_POINT('',(3.339423317901E0,1.586889245077E0,
-8.655568521413E-1));
#7378=CARTESIAN_POINT('',(3.413330271219E0,1.560163347537E0,
-9.520385439826E-1));
#7379=CARTESIAN_POINT('',(3.529576538202E0,1.556639995520E0,
-9.634396744013E-1));
#7380=CARTESIAN_POINT('',(3.350980531574E0,1.653790361489E0,
-7.645212791471E-1));
#7381=CARTESIAN_POINT('',(3.339423317901E0,1.701211722590E0,
-9.008865358627E-1));
#7382=CARTESIAN_POINT('',(3.413330271219E0,1.738125124731E0,-1.007035019212E0));
#7383=CARTESIAN_POINT('',(3.529576538202E0,1.742991524810E0,-1.021028879377E0));
#7384=CARTESIAN_POINT('',(3.350980531574E0,1.681221980970E0,
-7.442869653144E-1));
#7385=CARTESIAN_POINT('',(3.339423317901E0,1.797506224011E0,
-8.298570742798E-1));
#7386=CARTESIAN_POINT('',(3.413330271219E0,1.888023386032E0,
-8.964659562305E-1));
#7387=CARTESIAN_POINT('',(3.529576538202E0,1.899956524102E0,
-9.052471969069E-1));
#7388=CARTESIAN_POINT('',(3.350980531574E0,1.681221980978E0,
-7.102000000102E-1));
#7389=CARTESIAN_POINT('',(3.339423317901E0,1.797506224037E0,
-7.102000000359E-1));
#7390=CARTESIAN_POINT('',(3.413330271219E0,1.888023386073E0,
-7.102000000558E-1));
#7391=CARTESIAN_POINT('',(3.529576538202E0,1.899956524145E0,
-7.102000000585E-1));
#7392=CARTESIAN_POINT('',(3.350980531574E0,1.681221980985E0,
-6.761130347060E-1));
#7393=CARTESIAN_POINT('',(3.339423317901E0,1.797506224063E0,
-5.905429257920E-1));
#7394=CARTESIAN_POINT('',(3.413330271219E0,1.888023386114E0,
-5.239340438812E-1));
#7395=CARTESIAN_POINT('',(3.529576538202E0,1.899956524188E0,
-5.151528032101E-1));
#7396=CARTESIAN_POINT('',(3.350980531574E0,1.653790361513E0,
-6.558787208612E-1));
#7397=CARTESIAN_POINT('',(3.339423317901E0,1.701211722674E0,
-5.195134641665E-1));
#7398=CARTESIAN_POINT('',(3.413330271219E0,1.738125124862E0,
-4.133649808331E-1));
#7399=CARTESIAN_POINT('',(3.529576538202E0,1.742991524947E0,
-3.993711206708E-1));
#7400=CARTESIAN_POINT('',(3.350980531574E0,1.621223074124E0,
-6.659431630107E-1));
#7401=CARTESIAN_POINT('',(3.339423317901E0,1.586889245145E0,
-5.548431478376E-1));
#7402=CARTESIAN_POINT('',(3.413330271219E0,1.560163347644E0,
-4.683614559844E-1));
#7403=CARTESIAN_POINT('',(3.529576538202E0,1.556639995632E0,
-4.569603255641E-1));
#7404=(BOUNDED_SURFACE()B_SPLINE_SURFACE(3,3,((#7376,#7377,#7378,#7379),(#7380,
#7381,#7382,#7383),(#7384,#7385,#7386,#7387),(#7388,#7389,#7390,#7391),(#7392,
#7393,#7394,#7395),(#7396,#7397,#7398,#7399),(#7400,#7401,#7402,#7403)),
.UNSPECIFIED.,.F.,.F.,.F.)B_SPLINE_SURFACE_WITH_KNOTS((4,3,4),(4,4),(0.E0,1.E0,
2.E0),(0.E0,1.E0),.UNSPECIFIED.)GEOMETRIC_REPRESENTATION_ITEM()RATIONAL_B_SPLINE_SURFACE(((1.469356449854E0,1.183565652379E0,1.183565652379E0,1.469356449854E0),(
1.071267178355E0,8.629050064382E-1,8.629050064382E-1,1.071267178355E0),(
1.071267178355E0,8.629050064382E-1,8.629050064382E-1,1.071267178355E0),(
1.469356449854E0,1.183565652379E0,1.183565652379E0,1.469356449854E0),(
1.071267178355E0,8.629050064382E-1,8.629050064382E-1,1.071267178355E0),(
1.071267178355E0,8.629050064382E-1,8.629050064382E-1,1.071267178355E0),(
1.469356449854E0,1.183565652379E0,1.183565652379E0,1.469356449854E0)))REPRESENTATION_ITEM('')SURFACE());
#7406=ORIENTED_EDGE('',*,*,#7405,.F.);
#7408=ORIENTED_EDGE('',*,*,#7407,.T.);
#7410=ORIENTED_EDGE('',*,*,#7409,.T.);
#7411=ORIENTED_EDGE('',*,*,#7361,.F.);
#7412=EDGE_LOOP('',(#7406,#7408,#7410,#7411));
#7413=FACE_OUTER_BOUND('',#7412,.F.);
#7414=ADVANCED_FACE('',(#7413),#7404,.F.);
#7415=FILL_AREA_STYLE_COLOUR('',#30);
#7416=FILL_AREA_STYLE('',(#7415));
#7417=SURFACE_STYLE_FILL_AREA(#7416);
#7418=SURFACE_SIDE_STYLE('',(#7417));
#7419=SURFACE_STYLE_USAGE(.POSITIVE.,#7418);
#7420=PRESENTATION_STYLE_ASSIGNMENT((#7419));
#7421=STYLED_ITEM('',(#7420),#7414);
#7422=CARTESIAN_POINT('',(3.45E0,1.6349E0,-7.102E-1));
#7423=DIRECTION('',(1.E0,0.E0,0.E0));
#7424=DIRECTION('',(0.E0,-1.128125043796E-1,9.936162935739E-1));
#7425=AXIS2_PLACEMENT_3D('',#7422,#7423,#7424);
#7426=TOROIDAL_SURFACE('',#7425,5.56E-1,3.E-1);
#7427=ORIENTED_EDGE('',*,*,#7405,.T.);
#7428=ORIENTED_EDGE('',*,*,#7343,.F.);
#7430=ORIENTED_EDGE('',*,*,#7429,.T.);
#7432=ORIENTED_EDGE('',*,*,#7431,.T.);
#7433=EDGE_LOOP('',(#7427,#7428,#7430,#7432));
#7434=FACE_OUTER_BOUND('',#7433,.F.);
#7435=ADVANCED_FACE('',(#7434),#7426,.T.);
#7436=FILL_AREA_STYLE_COLOUR('',#30);
#7437=FILL_AREA_STYLE('',(#7436));
#7438=SURFACE_STYLE_FILL_AREA(#7437);
#7439=SURFACE_SIDE_STYLE('',(#7438));
#7440=SURFACE_STYLE_USAGE(.POSITIVE.,#7439);
#7441=PRESENTATION_STYLE_ASSIGNMENT((#7440));
#7442=STYLED_ITEM('',(#7441),#7435);
#7443=CARTESIAN_POINT('',(3.75E0,-1.42E0,-3.E0));
#7444=DIRECTION('',(1.E0,0.E0,0.E0));
#7445=DIRECTION('',(0.E0,0.E0,1.E0));
#7446=AXIS2_PLACEMENT_3D('',#7443,#7444,#7445);
#7447=PLANE('',#7446);
#7449=ORIENTED_EDGE('',*,*,#7448,.F.);
#7451=ORIENTED_EDGE('',*,*,#7450,.T.);
#7453=ORIENTED_EDGE('',*,*,#7452,.T.);
#7455=ORIENTED_EDGE('',*,*,#7454,.F.);
#7457=ORIENTED_EDGE('',*,*,#7456,.F.);
#7459=ORIENTED_EDGE('',*,*,#7458,.F.);
#7460=ORIENTED_EDGE('',*,*,#7304,.F.);
#7462=ORIENTED_EDGE('',*,*,#7461,.F.);
#7463=ORIENTED_EDGE('',*,*,#7429,.F.);
#7464=ORIENTED_EDGE('',*,*,#7341,.F.);
#7465=ORIENTED_EDGE('',*,*,#7321,.F.);
#7467=ORIENTED_EDGE('',*,*,#7466,.F.);
#7469=ORIENTED_EDGE('',*,*,#7468,.F.);
#7471=ORIENTED_EDGE('',*,*,#7470,.F.);
#7473=ORIENTED_EDGE('',*,*,#7472,.F.);
#7475=ORIENTED_EDGE('',*,*,#7474,.F.);
#7477=ORIENTED_EDGE('',*,*,#7476,.F.);
#7479=ORIENTED_EDGE('',*,*,#7478,.F.);
#7481=ORIENTED_EDGE('',*,*,#7480,.T.);
#7482=EDGE_LOOP('',(#7449,#7451,#7453,#7455,#7457,#7459,#7460,#7462,#7463,#7464,
#7465,#7467,#7469,#7471,#7473,#7475,#7477,#7479,#7481));
#7483=FACE_OUTER_BOUND('',#7482,.F.);
#7484=ADVANCED_FACE('',(#7483),#7447,.T.);
#7485=FILL_AREA_STYLE_COLOUR('',#30);
#7486=FILL_AREA_STYLE('',(#7485));
#7487=SURFACE_STYLE_FILL_AREA(#7486);
#7488=SURFACE_SIDE_STYLE('',(#7487));
#7489=SURFACE_STYLE_USAGE(.POSITIVE.,#7488);
#7490=PRESENTATION_STYLE_ASSIGNMENT((#7489));
#7491=STYLED_ITEM('',(#7490),#7484);
#7492=CARTESIAN_POINT('',(0.E0,2.68E0,-3.E0));
#7493=DIRECTION('',(0.E0,-1.E0,0.E0));
#7494=DIRECTION('',(1.E0,0.E0,0.E0));
#7495=AXIS2_PLACEMENT_3D('',#7492,#7493,#7494);
#7496=PLANE('',#7495);
#7498=ORIENTED_EDGE('',*,*,#7497,.T.);
#7500=ORIENTED_EDGE('',*,*,#7499,.F.);
#7501=ORIENTED_EDGE('',*,*,#7448,.T.);
#7503=ORIENTED_EDGE('',*,*,#7502,.F.);
#7505=ORIENTED_EDGE('',*,*,#7504,.F.);
#7507=ORIENTED_EDGE('',*,*,#7506,.F.);
#7509=ORIENTED_EDGE('',*,*,#7508,.F.);
#7511=ORIENTED_EDGE('',*,*,#7510,.F.);
#7513=ORIENTED_EDGE('',*,*,#7512,.F.);
#7515=ORIENTED_EDGE('',*,*,#7514,.F.);
#7517=ORIENTED_EDGE('',*,*,#7516,.F.);
#7519=ORIENTED_EDGE('',*,*,#7518,.F.);
#7521=ORIENTED_EDGE('',*,*,#7520,.F.);
#7523=ORIENTED_EDGE('',*,*,#7522,.F.);
#7525=ORIENTED_EDGE('',*,*,#7524,.F.);
#7527=ORIENTED_EDGE('',*,*,#7526,.F.);
#7528=EDGE_LOOP('',(#7498,#7500,#7501,#7503,#7505,#7507,#7509,#7511,#7513,#7515,
#7517,#7519,#7521,#7523,#7525,#7527));
#7529=FACE_OUTER_BOUND('',#7528,.F.);
#7530=ADVANCED_FACE('',(#7529),#7496,.T.);
#7531=FILL_AREA_STYLE_COLOUR('',#30);
#7532=FILL_AREA_STYLE('',(#7531));
#7533=SURFACE_STYLE_FILL_AREA(#7532);
#7534=SURFACE_SIDE_STYLE('',(#7533));
#7535=SURFACE_STYLE_USAGE(.POSITIVE.,#7534);
#7536=PRESENTATION_STYLE_ASSIGNMENT((#7535));
#7537=STYLED_ITEM('',(#7536),#7530);
#7538=CARTESIAN_POINT('',(3.35E0,-1.42E0,-3.E0));
#7539=DIRECTION('',(1.E0,0.E0,0.E0));
#7540=DIRECTION('',(0.E0,0.E0,1.E0));
#7541=AXIS2_PLACEMENT_3D('',#7538,#7539,#7540);
#7542=PLANE('',#7541);
#7543=ORIENTED_EDGE('',*,*,#7497,.F.);
#7545=ORIENTED_EDGE('',*,*,#7544,.F.);
#7547=ORIENTED_EDGE('',*,*,#7546,.F.);
#7549=ORIENTED_EDGE('',*,*,#7548,.T.);
#7551=ORIENTED_EDGE('',*,*,#7550,.T.);
#7553=ORIENTED_EDGE('',*,*,#7552,.F.);
#7555=ORIENTED_EDGE('',*,*,#7554,.T.);
#7557=ORIENTED_EDGE('',*,*,#7556,.F.);
#7559=ORIENTED_EDGE('',*,*,#7558,.T.);
#7560=ORIENTED_EDGE('',*,*,#7317,.F.);
#7562=ORIENTED_EDGE('',*,*,#7561,.T.);
#7564=ORIENTED_EDGE('',*,*,#7563,.T.);
#7566=ORIENTED_EDGE('',*,*,#7565,.T.);
#7568=ORIENTED_EDGE('',*,*,#7567,.T.);
#7570=ORIENTED_EDGE('',*,*,#7569,.T.);
#7572=ORIENTED_EDGE('',*,*,#7571,.T.);
#7574=ORIENTED_EDGE('',*,*,#7573,.F.);
#7576=ORIENTED_EDGE('',*,*,#7575,.F.);
#7577=EDGE_LOOP('',(#7543,#7545,#7547,#7549,#7551,#7553,#7555,#7557,#7559,#7560,
#7562,#7564,#7566,#7568,#7570,#7572,#7574,#7576));
#7578=FACE_OUTER_BOUND('',#7577,.F.);
#7579=ADVANCED_FACE('',(#7578),#7542,.F.);
#7580=FILL_AREA_STYLE_COLOUR('',#30);
#7581=FILL_AREA_STYLE('',(#7580));
#7582=SURFACE_STYLE_FILL_AREA(#7581);
#7583=SURFACE_SIDE_STYLE('',(#7582));
#7584=SURFACE_STYLE_USAGE(.POSITIVE.,#7583);
#7585=PRESENTATION_STYLE_ASSIGNMENT((#7584));
#7586=STYLED_ITEM('',(#7585),#7579);
#7587=CARTESIAN_POINT('',(4.778350462956E0,3.68E0,-4.479656493703E0));
#7588=DIRECTION('',(0.E0,-1.E0,0.E0));
#7589=DIRECTION('',(1.E0,0.E0,0.E0));
#7590=AXIS2_PLACEMENT_3D('',#7587,#7588,#7589);
#7591=CYLINDRICAL_SURFACE('',#7590,1.428350462956E0);
#7593=ORIENTED_EDGE('',*,*,#7592,.F.);
#7594=ORIENTED_EDGE('',*,*,#7544,.T.);
#7595=ORIENTED_EDGE('',*,*,#7526,.T.);
#7597=ORIENTED_EDGE('',*,*,#7596,.F.);
#7598=EDGE_LOOP('',(#7593,#7594,#7595,#7597));
#7599=FACE_OUTER_BOUND('',#7598,.F.);
#7600=ADVANCED_FACE('',(#7599),#7591,.T.);
#7601=FILL_AREA_STYLE_COLOUR('',#30);
#7602=FILL_AREA_STYLE('',(#7601));
#7603=SURFACE_STYLE_FILL_AREA(#7602);
#7604=SURFACE_SIDE_STYLE('',(#7603));
#7605=SURFACE_STYLE_USAGE(.POSITIVE.,#7604);
#7606=PRESENTATION_STYLE_ASSIGNMENT((#7605));
#7607=STYLED_ITEM('',(#7606),#7600);
#7608=CARTESIAN_POINT('',(0.E0,3.68E0,-3.E0));
#7609=DIRECTION('',(0.E0,-1.E0,0.E0));
#7610=DIRECTION('',(1.E0,0.E0,0.E0));
#7611=AXIS2_PLACEMENT_3D('',#7608,#7609,#7610);
#7612=PLANE('',#7611);
#7614=ORIENTED_EDGE('',*,*,#7613,.T.);
#7616=ORIENTED_EDGE('',*,*,#7615,.T.);
#7618=ORIENTED_EDGE('',*,*,#7617,.T.);
#7620=ORIENTED_EDGE('',*,*,#7619,.T.);
#7622=ORIENTED_EDGE('',*,*,#7621,.T.);
#7624=ORIENTED_EDGE('',*,*,#7623,.T.);
#7626=ORIENTED_EDGE('',*,*,#7625,.T.);
#7627=ORIENTED_EDGE('',*,*,#7478,.T.);
#7629=ORIENTED_EDGE('',*,*,#7628,.F.);
#7630=ORIENTED_EDGE('',*,*,#7546,.T.);
#7631=ORIENTED_EDGE('',*,*,#7592,.T.);
#7633=ORIENTED_EDGE('',*,*,#7632,.T.);
#7635=ORIENTED_EDGE('',*,*,#7634,.T.);
#7637=ORIENTED_EDGE('',*,*,#7636,.T.);
#7639=ORIENTED_EDGE('',*,*,#7638,.T.);
#7641=ORIENTED_EDGE('',*,*,#7640,.T.);
#7642=EDGE_LOOP('',(#7614,#7616,#7618,#7620,#7622,#7624,#7626,#7627,#7629,#7630,
#7631,#7633,#7635,#7637,#7639,#7641));
#7643=FACE_OUTER_BOUND('',#7642,.F.);
#7644=ADVANCED_FACE('',(#7643),#7612,.F.);
#7645=FILL_AREA_STYLE_COLOUR('',#30);
#7646=FILL_AREA_STYLE('',(#7645));
#7647=SURFACE_STYLE_FILL_AREA(#7646);
#7648=SURFACE_SIDE_STYLE('',(#7647));
#7649=SURFACE_STYLE_USAGE(.POSITIVE.,#7648);
#7650=PRESENTATION_STYLE_ASSIGNMENT((#7649));
#7651=STYLED_ITEM('',(#7650),#7644);
#7652=CARTESIAN_POINT('',(-1.238612647018E1,3.18E0,-7.5E0));
#7653=DIRECTION('',(1.E0,0.E0,0.E0));
#7654=DIRECTION('',(0.E0,1.E0,0.E0));
#7655=AXIS2_PLACEMENT_3D('',#7652,#7653,#7654);
#7656=CYLINDRICAL_SURFACE('',#7655,5.E-1);
#7658=ORIENTED_EDGE('',*,*,#7657,.T.);
#7659=ORIENTED_EDGE('',*,*,#7613,.F.);
#7661=ORIENTED_EDGE('',*,*,#7660,.T.);
#7662=ORIENTED_EDGE('',*,*,#7514,.T.);
#7663=EDGE_LOOP('',(#7658,#7659,#7661,#7662));
#7664=FACE_OUTER_BOUND('',#7663,.F.);
#7665=ADVANCED_FACE('',(#7664),#7656,.T.);
#7666=FILL_AREA_STYLE_COLOUR('',#30);
#7667=FILL_AREA_STYLE('',(#7666));
#7668=SURFACE_STYLE_FILL_AREA(#7667);
#7669=SURFACE_SIDE_STYLE('',(#7668));
#7670=SURFACE_STYLE_USAGE(.POSITIVE.,#7669);
#7671=PRESENTATION_STYLE_ASSIGNMENT((#7670));
#7672=STYLED_ITEM('',(#7671),#7665);
#7673=CARTESIAN_POINT('',(3.75E0,3.68E0,-8.E0));
#7674=DIRECTION('',(1.E0,0.E0,0.E0));
#7675=DIRECTION('',(0.E0,0.E0,1.E0));
#7676=AXIS2_PLACEMENT_3D('',#7673,#7674,#7675);
#7677=PLANE('',#7676);
#7678=ORIENTED_EDGE('',*,*,#7657,.F.);
#7679=ORIENTED_EDGE('',*,*,#7512,.T.);
#7681=ORIENTED_EDGE('',*,*,#7680,.F.);
#7682=ORIENTED_EDGE('',*,*,#7615,.F.);
#7683=EDGE_LOOP('',(#7678,#7679,#7681,#7682));
#7684=FACE_OUTER_BOUND('',#7683,.F.);
#7685=ADVANCED_FACE('',(#7684),#7677,.T.);
#7686=FILL_AREA_STYLE_COLOUR('',#30);
#7687=FILL_AREA_STYLE('',(#7686));
#7688=SURFACE_STYLE_FILL_AREA(#7687);
#7689=SURFACE_SIDE_STYLE('',(#7688));
#7690=SURFACE_STYLE_USAGE(.POSITIVE.,#7689);
#7691=PRESENTATION_STYLE_ASSIGNMENT((#7690));
#7692=STYLED_ITEM('',(#7691),#7685);
#7693=CARTESIAN_POINT('',(4.734836796620E0,3.68E0,-6.822116084505E0));
#7694=DIRECTION('',(0.E0,-1.E0,0.E0));
#7695=DIRECTION('',(1.E0,0.E0,0.E0));
#7696=AXIS2_PLACEMENT_3D('',#7693,#7694,#7695);
#7697=CYLINDRICAL_SURFACE('',#7696,9.848367966202E-1);
#7698=ORIENTED_EDGE('',*,*,#7617,.F.);
#7699=ORIENTED_EDGE('',*,*,#7680,.T.);
#7700=ORIENTED_EDGE('',*,*,#7510,.T.);
#7702=ORIENTED_EDGE('',*,*,#7701,.F.);
#7703=EDGE_LOOP('',(#7698,#7699,#7700,#7702));
#7704=FACE_OUTER_BOUND('',#7703,.F.);
#7705=ADVANCED_FACE('',(#7704),#7697,.F.);
#7706=FILL_AREA_STYLE_COLOUR('',#30);
#7707=FILL_AREA_STYLE('',(#7706));
#7708=SURFACE_STYLE_FILL_AREA(#7707);
#7709=SURFACE_SIDE_STYLE('',(#7708));
#7710=SURFACE_STYLE_USAGE(.POSITIVE.,#7709);
#7711=PRESENTATION_STYLE_ASSIGNMENT((#7710));
#7712=STYLED_ITEM('',(#7711),#7705);
#7713=CARTESIAN_POINT('',(3.962697876583E0,3.68E0,-6.210801922930E0));
#7714=DIRECTION('',(7.840272852179E-1,0.E0,-6.207263616392E-1));
#7715=DIRECTION('',(6.207263616392E-1,0.E0,7.840272852179E-1));
#7716=AXIS2_PLACEMENT_3D('',#7713,#7714,#7715);
#7717=PLANE('',#7716);
#7718=ORIENTED_EDGE('',*,*,#7619,.F.);
#7719=ORIENTED_EDGE('',*,*,#7701,.T.);
#7720=ORIENTED_EDGE('',*,*,#7508,.T.);
#7722=ORIENTED_EDGE('',*,*,#7721,.F.);
#7723=EDGE_LOOP('',(#7718,#7719,#7720,#7722));
#7724=FACE_OUTER_BOUND('',#7723,.F.);
#7725=ADVANCED_FACE('',(#7724),#7717,.T.);
#7726=FILL_AREA_STYLE_COLOUR('',#30);
#7727=FILL_AREA_STYLE('',(#7726));
#7728=SURFACE_STYLE_FILL_AREA(#7727);
#7729=SURFACE_SIDE_STYLE('',(#7728));
#7730=SURFACE_STYLE_USAGE(.POSITIVE.,#7729);
#7731=PRESENTATION_STYLE_ASSIGNMENT((#7730));
#7732=STYLED_ITEM('',(#7731),#7725);
#7733=CARTESIAN_POINT('',(3.593363741933E0,3.68E0,-5.7E0));
#7734=DIRECTION('',(0.E0,-1.E0,0.E0));
#7735=DIRECTION('',(1.E0,0.E0,0.E0));
#7736=AXIS2_PLACEMENT_3D('',#7733,#7734,#7735);
#7737=CYLINDRICAL_SURFACE('',#7736,6.066362580669E-1);
#7738=ORIENTED_EDGE('',*,*,#7621,.F.);
#7739=ORIENTED_EDGE('',*,*,#7721,.T.);
#7740=ORIENTED_EDGE('',*,*,#7506,.T.);
#7742=ORIENTED_EDGE('',*,*,#7741,.F.);
#7743=EDGE_LOOP('',(#7738,#7739,#7740,#7742));
#7744=FACE_OUTER_BOUND('',#7743,.F.);
#7745=ADVANCED_FACE('',(#7744),#7737,.T.);
#7746=FILL_AREA_STYLE_COLOUR('',#30);
#7747=FILL_AREA_STYLE('',(#7746));
#7748=SURFACE_STYLE_FILL_AREA(#7747);
#7749=SURFACE_SIDE_STYLE('',(#7748));
#7750=SURFACE_STYLE_USAGE(.POSITIVE.,#7749);
#7751=PRESENTATION_STYLE_ASSIGNMENT((#7750));
#7752=STYLED_ITEM('',(#7751),#7745);
#7753=CARTESIAN_POINT('',(4.119642233830E0,3.68E0,-5.398274133412E0));
#7754=DIRECTION('',(8.675355040162E-1,0.E0,4.973752600114E-1));
#7755=DIRECTION('',(-4.973752600114E-1,0.E0,8.675355040162E-1));
#7756=AXIS2_PLACEMENT_3D('',#7753,#7754,#7755);
#7757=PLANE('',#7756);
#7758=ORIENTED_EDGE('',*,*,#7623,.F.);
#7759=ORIENTED_EDGE('',*,*,#7741,.T.);
#7760=ORIENTED_EDGE('',*,*,#7504,.T.);
#7762=ORIENTED_EDGE('',*,*,#7761,.F.);
#7763=EDGE_LOOP('',(#7758,#7759,#7760,#7762));
#7764=FACE_OUTER_BOUND('',#7763,.F.);
#7765=ADVANCED_FACE('',(#7764),#7757,.T.);
#7766=FILL_AREA_STYLE_COLOUR('',#30);
#7767=FILL_AREA_STYLE('',(#7766));
#7768=SURFACE_STYLE_FILL_AREA(#7767);
#7769=SURFACE_SIDE_STYLE('',(#7768));
#7770=SURFACE_STYLE_USAGE(.POSITIVE.,#7769);
#7771=PRESENTATION_STYLE_ASSIGNMENT((#7770));
#7772=STYLED_ITEM('',(#7771),#7765);
#7773=CARTESIAN_POINT('',(4.778350462956E0,3.68E0,-4.479656493703E0));
#7774=DIRECTION('',(0.E0,-1.E0,0.E0));
#7775=DIRECTION('',(1.E0,0.E0,0.E0));
#7776=AXIS2_PLACEMENT_3D('',#7773,#7774,#7775);
#7777=CYLINDRICAL_SURFACE('',#7776,1.028350462956E0);
#7778=ORIENTED_EDGE('',*,*,#7625,.F.);
#7779=ORIENTED_EDGE('',*,*,#7761,.T.);
#7780=ORIENTED_EDGE('',*,*,#7502,.T.);
#7781=ORIENTED_EDGE('',*,*,#7480,.F.);
#7782=EDGE_LOOP('',(#7778,#7779,#7780,#7781));
#7783=FACE_OUTER_BOUND('',#7782,.F.);
#7784=ADVANCED_FACE('',(#7783),#7777,.F.);
#7785=FILL_AREA_STYLE_COLOUR('',#30);
#7786=FILL_AREA_STYLE('',(#7785));
#7787=SURFACE_STYLE_FILL_AREA(#7786);
#7788=SURFACE_SIDE_STYLE('',(#7787));
#7789=SURFACE_STYLE_USAGE(.POSITIVE.,#7788);
#7790=PRESENTATION_STYLE_ASSIGNMENT((#7789));
#7791=STYLED_ITEM('',(#7790),#7784);
#7792=CARTESIAN_POINT('',(3.35E0,3.68E0,-6.822116084505E0));
#7793=DIRECTION('',(-1.E0,0.E0,0.E0));
#7794=DIRECTION('',(0.E0,0.E0,-1.E0));
#7795=AXIS2_PLACEMENT_3D('',#7792,#7793,#7794);
#7796=PLANE('',#7795);
#7797=ORIENTED_EDGE('',*,*,#7660,.F.);
#7798=ORIENTED_EDGE('',*,*,#7640,.F.);
#7800=ORIENTED_EDGE('',*,*,#7799,.T.);
#7801=ORIENTED_EDGE('',*,*,#7516,.T.);
#7802=EDGE_LOOP('',(#7797,#7798,#7800,#7801));
#7803=FACE_OUTER_BOUND('',#7802,.F.);
#7804=ADVANCED_FACE('',(#7803),#7796,.T.);
#7805=FILL_AREA_STYLE_COLOUR('',#30);
#7806=FILL_AREA_STYLE('',(#7805));
#7807=SURFACE_STYLE_FILL_AREA(#7806);
#7808=SURFACE_SIDE_STYLE('',(#7807));
#7809=SURFACE_STYLE_USAGE(.POSITIVE.,#7808);
#7810=PRESENTATION_STYLE_ASSIGNMENT((#7809));
#7811=STYLED_ITEM('',(#7810),#7804);
#7812=CARTESIAN_POINT('',(4.734836796620E0,3.68E0,-6.822116084505E0));
#7813=DIRECTION('',(0.E0,-1.E0,0.E0));
#7814=DIRECTION('',(1.E0,0.E0,0.E0));
#7815=AXIS2_PLACEMENT_3D('',#7812,#7813,#7814);
#7816=CYLINDRICAL_SURFACE('',#7815,1.384836796620E0);
#7817=ORIENTED_EDGE('',*,*,#7638,.F.);
#7819=ORIENTED_EDGE('',*,*,#7818,.T.);
#7820=ORIENTED_EDGE('',*,*,#7518,.T.);
#7821=ORIENTED_EDGE('',*,*,#7799,.F.);
#7822=EDGE_LOOP('',(#7817,#7819,#7820,#7821));
#7823=FACE_OUTER_BOUND('',#7822,.F.);
#7824=ADVANCED_FACE('',(#7823),#7816,.T.);
#7825=FILL_AREA_STYLE_COLOUR('',#30);
#7826=FILL_AREA_STYLE('',(#7825));
#7827=SURFACE_STYLE_FILL_AREA(#7826);
#7828=SURFACE_SIDE_STYLE('',(#7827));
#7829=SURFACE_STYLE_USAGE(.POSITIVE.,#7828);
#7830=PRESENTATION_STYLE_ASSIGNMENT((#7829));
#7831=STYLED_ITEM('',(#7830),#7824);
#7832=CARTESIAN_POINT('',(3.755372206373E0,3.68E0,-5.828264572653E0));
#7833=DIRECTION('',(-7.840272852179E-1,0.E0,6.207263616392E-1));
#7834=DIRECTION('',(-6.207263616392E-1,0.E0,-7.840272852179E-1));
#7835=AXIS2_PLACEMENT_3D('',#7832,#7833,#7834);
#7836=PLANE('',#7835);
#7837=ORIENTED_EDGE('',*,*,#7636,.F.);
#7839=ORIENTED_EDGE('',*,*,#7838,.T.);
#7840=ORIENTED_EDGE('',*,*,#7520,.T.);
#7841=ORIENTED_EDGE('',*,*,#7818,.F.);
#7842=EDGE_LOOP('',(#7837,#7839,#7840,#7841));
#7843=FACE_OUTER_BOUND('',#7842,.F.);
#7844=ADVANCED_FACE('',(#7843),#7836,.T.);
#7845=FILL_AREA_STYLE_COLOUR('',#30);
#7846=FILL_AREA_STYLE('',(#7845));
#7847=SURFACE_STYLE_FILL_AREA(#7846);
#7848=SURFACE_SIDE_STYLE('',(#7847));
#7849=SURFACE_STYLE_USAGE(.POSITIVE.,#7848);
#7850=PRESENTATION_STYLE_ASSIGNMENT((#7849));
#7851=STYLED_ITEM('',(#7850),#7844);
#7852=CARTESIAN_POINT('',(3.593363741933E0,3.68E0,-5.7E0));
#7853=DIRECTION('',(0.E0,-1.E0,0.E0));
#7854=DIRECTION('',(1.E0,0.E0,0.E0));
#7855=AXIS2_PLACEMENT_3D('',#7852,#7853,#7854);
#7856=CYLINDRICAL_SURFACE('',#7855,2.066362580669E-1);
#7857=ORIENTED_EDGE('',*,*,#7634,.F.);
#7859=ORIENTED_EDGE('',*,*,#7858,.T.);
#7860=ORIENTED_EDGE('',*,*,#7522,.T.);
#7861=ORIENTED_EDGE('',*,*,#7838,.F.);
#7862=EDGE_LOOP('',(#7857,#7859,#7860,#7861));
#7863=FACE_OUTER_BOUND('',#7862,.F.);
#7864=ADVANCED_FACE('',(#7863),#7856,.F.);
#7865=FILL_AREA_STYLE_COLOUR('',#30);
#7866=FILL_AREA_STYLE('',(#7865));
#7867=SURFACE_STYLE_FILL_AREA(#7866);
#7868=SURFACE_SIDE_STYLE('',(#7867));
#7869=SURFACE_STYLE_USAGE(.POSITIVE.,#7868);
#7870=PRESENTATION_STYLE_ASSIGNMENT((#7869));
#7871=STYLED_ITEM('',(#7870),#7864);
#7872=CARTESIAN_POINT('',(3.539205724164E0,3.68E0,-5.190082676603E0));
#7873=DIRECTION('',(-8.675355040162E-1,0.E0,-4.973752600114E-1));
#7874=DIRECTION('',(4.973752600114E-1,0.E0,-8.675355040162E-1));
#7875=AXIS2_PLACEMENT_3D('',#7872,#7873,#7874);
#7876=PLANE('',#7875);
#7877=ORIENTED_EDGE('',*,*,#7632,.F.);
#7878=ORIENTED_EDGE('',*,*,#7596,.T.);
#7879=ORIENTED_EDGE('',*,*,#7524,.T.);
#7880=ORIENTED_EDGE('',*,*,#7858,.F.);
#7881=EDGE_LOOP('',(#7877,#7878,#7879,#7880));
#7882=FACE_OUTER_BOUND('',#7881,.F.);
#7883=ADVANCED_FACE('',(#7882),#7876,.T.);
#7884=FILL_AREA_STYLE_COLOUR('',#30);
#7885=FILL_AREA_STYLE('',(#7884));
#7886=SURFACE_STYLE_FILL_AREA(#7885);
#7887=SURFACE_SIDE_STYLE('',(#7886));
#7888=SURFACE_STYLE_USAGE(.POSITIVE.,#7887);
#7889=PRESENTATION_STYLE_ASSIGNMENT((#7888));
#7890=STYLED_ITEM('',(#7889),#7883);
#7891=CARTESIAN_POINT('',(3.75E0,-6.2E-1,-4.E0));
#7892=DIRECTION('',(0.E0,0.E0,-1.E0));
#7893=DIRECTION('',(0.E0,1.E0,0.E0));
#7894=AXIS2_PLACEMENT_3D('',#7891,#7892,#7893);
#7895=PLANE('',#7894);
#7896=ORIENTED_EDGE('',*,*,#7628,.T.);
#7897=ORIENTED_EDGE('',*,*,#7476,.T.);
#7899=ORIENTED_EDGE('',*,*,#7898,.T.);
#7900=ORIENTED_EDGE('',*,*,#7548,.F.);
#7901=EDGE_LOOP('',(#7896,#7897,#7899,#7900));
#7902=FACE_OUTER_BOUND('',#7901,.F.);
#7903=ADVANCED_FACE('',(#7902),#7895,.T.);
#7904=FILL_AREA_STYLE_COLOUR('',#30);
#7905=FILL_AREA_STYLE('',(#7904));
#7906=SURFACE_STYLE_FILL_AREA(#7905);
#7907=SURFACE_SIDE_STYLE('',(#7906));
#7908=SURFACE_STYLE_USAGE(.POSITIVE.,#7907);
#7909=PRESENTATION_STYLE_ASSIGNMENT((#7908));
#7910=STYLED_ITEM('',(#7909),#7903);
#7911=CARTESIAN_POINT('',(3.75E0,-6.2E-1,-4.E0));
#7912=DIRECTION('',(0.E0,0.E0,-1.E0));
#7913=DIRECTION('',(0.E0,1.E0,0.E0));
#7914=AXIS2_PLACEMENT_3D('',#7911,#7912,#7913);
#7915=PLANE('',#7914);
#7917=ORIENTED_EDGE('',*,*,#7916,.F.);
#7918=ORIENTED_EDGE('',*,*,#7571,.F.);
#7920=ORIENTED_EDGE('',*,*,#7919,.F.);
#7921=ORIENTED_EDGE('',*,*,#7454,.T.);
#7922=EDGE_LOOP('',(#7917,#7918,#7920,#7921));
#7923=FACE_OUTER_BOUND('',#7922,.F.);
#7924=ADVANCED_FACE('',(#7923),#7915,.T.);
#7925=FILL_AREA_STYLE_COLOUR('',#30);
#7926=FILL_AREA_STYLE('',(#7925));
#7927=SURFACE_STYLE_FILL_AREA(#7926);
#7928=SURFACE_SIDE_STYLE('',(#7927));
#7929=SURFACE_STYLE_USAGE(.POSITIVE.,#7928);
#7930=PRESENTATION_STYLE_ASSIGNMENT((#7929));
#7931=STYLED_ITEM('',(#7930),#7924);
#7932=CARTESIAN_POINT('',(3.75E0,4.68E0,-4.E0));
#7933=DIRECTION('',(0.E0,1.E0,0.E0));
#7934=DIRECTION('',(0.E0,0.E0,1.E0));
#7935=AXIS2_PLACEMENT_3D('',#7932,#7933,#7934);
#7936=PLANE('',#7935);
#7938=ORIENTED_EDGE('',*,*,#7937,.T.);
#7939=ORIENTED_EDGE('',*,*,#7550,.F.);
#7940=ORIENTED_EDGE('',*,*,#7898,.F.);
#7941=ORIENTED_EDGE('',*,*,#7474,.T.);
#7942=EDGE_LOOP('',(#7938,#7939,#7940,#7941));
#7943=FACE_OUTER_BOUND('',#7942,.F.);
#7944=ADVANCED_FACE('',(#7943),#7936,.T.);
#7945=FILL_AREA_STYLE_COLOUR('',#30);
#7946=FILL_AREA_STYLE('',(#7945));
#7947=SURFACE_STYLE_FILL_AREA(#7946);
#7948=SURFACE_SIDE_STYLE('',(#7947));
#7949=SURFACE_STYLE_USAGE(.POSITIVE.,#7948);
#7950=PRESENTATION_STYLE_ASSIGNMENT((#7949));
#7951=STYLED_ITEM('',(#7950),#7944);
#7952=CARTESIAN_POINT('',(3.55E0,3.93E0,1.E0));
#7953=DIRECTION('',(0.E0,9.363291775690E-1,3.511234415884E-1));
#7954=DIRECTION('',(0.E0,3.511234415884E-1,-9.363291775690E-1));
#7955=AXIS2_PLACEMENT_3D('',#7952,#7953,#7954);
#7956=PLANE('',#7955);
#7957=ORIENTED_EDGE('',*,*,#7552,.T.);
#7958=ORIENTED_EDGE('',*,*,#7937,.F.);
#7959=ORIENTED_EDGE('',*,*,#7472,.T.);
#7961=ORIENTED_EDGE('',*,*,#7960,.T.);
#7962=EDGE_LOOP('',(#7957,#7958,#7959,#7961));
#7963=FACE_OUTER_BOUND('',#7962,.F.);
#7964=ADVANCED_FACE('',(#7963),#7956,.T.);
#7965=FILL_AREA_STYLE_COLOUR('',#30);
#7966=FILL_AREA_STYLE('',(#7965));
#7967=SURFACE_STYLE_FILL_AREA(#7966);
#7968=SURFACE_SIDE_STYLE('',(#7967));
#7969=SURFACE_STYLE_USAGE(.POSITIVE.,#7968);
#7970=PRESENTATION_STYLE_ASSIGNMENT((#7969));
#7971=STYLED_ITEM('',(#7970),#7964);
#7972=CARTESIAN_POINT('',(3.E0,-1.42E0,3.E0));
#7973=DIRECTION('',(0.E0,0.E0,1.E0));
#7974=DIRECTION('',(-1.E0,0.E0,0.E0));
#7975=AXIS2_PLACEMENT_3D('',#7972,#7973,#7974);
#7976=PLANE('',#7975);
#7978=ORIENTED_EDGE('',*,*,#7977,.F.);
#7979=ORIENTED_EDGE('',*,*,#5661,.T.);
#7981=ORIENTED_EDGE('',*,*,#7980,.F.);
#7983=ORIENTED_EDGE('',*,*,#7982,.T.);
#7985=ORIENTED_EDGE('',*,*,#7984,.F.);
#7986=ORIENTED_EDGE('',*,*,#7554,.F.);
#7987=ORIENTED_EDGE('',*,*,#7960,.F.);
#7988=ORIENTED_EDGE('',*,*,#7470,.T.);
#7990=ORIENTED_EDGE('',*,*,#7989,.F.);
#7992=ORIENTED_EDGE('',*,*,#7991,.T.);
#7994=ORIENTED_EDGE('',*,*,#7993,.F.);
#7995=ORIENTED_EDGE('',*,*,#5289,.T.);
#7996=EDGE_LOOP('',(#7978,#7979,#7981,#7983,#7985,#7986,#7987,#7988,#7990,#7992,
#7994,#7995));
#7997=FACE_OUTER_BOUND('',#7996,.F.);
#7998=ADVANCED_FACE('',(#7997),#7976,.T.);
#7999=FILL_AREA_STYLE_COLOUR('',#31);
#8000=FILL_AREA_STYLE('',(#7999));
#8001=SURFACE_STYLE_FILL_AREA(#8000);
#8002=SURFACE_SIDE_STYLE('',(#8001));
#8003=SURFACE_STYLE_USAGE(.POSITIVE.,#8002);
#8004=PRESENTATION_STYLE_ASSIGNMENT((#8003));
#8005=STYLED_ITEM('',(#8004),#7998);
#8006=CARTESIAN_POINT('',(-3.55E0,3.93E0,1.E0));
#8007=DIRECTION('',(0.E0,9.363291775690E-1,3.511234415884E-1));
#8008=DIRECTION('',(0.E0,3.511234415884E-1,-9.363291775690E-1));
#8009=AXIS2_PLACEMENT_3D('',#8006,#8007,#8008);
#8010=PLANE('',#8009);
#8011=ORIENTED_EDGE('',*,*,#5287,.T.);
#8013=ORIENTED_EDGE('',*,*,#8012,.F.);
#8014=ORIENTED_EDGE('',*,*,#5663,.T.);
#8015=ORIENTED_EDGE('',*,*,#7977,.T.);
#8016=EDGE_LOOP('',(#8011,#8013,#8014,#8015));
#8017=FACE_OUTER_BOUND('',#8016,.F.);
#8018=ADVANCED_FACE('',(#8017),#8010,.T.);
#8019=FILL_AREA_STYLE_COLOUR('',#31);
#8020=FILL_AREA_STYLE('',(#8019));
#8021=SURFACE_STYLE_FILL_AREA(#8020);
#8022=SURFACE_SIDE_STYLE('',(#8021));
#8023=SURFACE_STYLE_USAGE(.POSITIVE.,#8022);
#8024=PRESENTATION_STYLE_ASSIGNMENT((#8023));
#8025=STYLED_ITEM('',(#8024),#8018);
#8026=CARTESIAN_POINT('',(-3.75E0,4.68E0,-4.E0));
#8027=DIRECTION('',(0.E0,-1.E0,0.E0));
#8028=DIRECTION('',(0.E0,0.E0,1.E0));
#8029=AXIS2_PLACEMENT_3D('',#8026,#8027,#8028);
#8030=PLANE('',#8029);
#8031=ORIENTED_EDGE('',*,*,#8012,.T.);
#8032=ORIENTED_EDGE('',*,*,#5285,.F.);
#8033=ORIENTED_EDGE('',*,*,#5417,.T.);
#8034=ORIENTED_EDGE('',*,*,#5665,.T.);
#8035=EDGE_LOOP('',(#8031,#8032,#8033,#8034));
#8036=FACE_OUTER_BOUND('',#8035,.F.);
#8037=ADVANCED_FACE('',(#8036),#8030,.F.);
#8038=FILL_AREA_STYLE_COLOUR('',#31);
#8039=FILL_AREA_STYLE('',(#8038));
#8040=SURFACE_STYLE_FILL_AREA(#8039);
#8041=SURFACE_SIDE_STYLE('',(#8040));
#8042=SURFACE_STYLE_USAGE(.POSITIVE.,#8041);
#8043=PRESENTATION_STYLE_ASSIGNMENT((#8042));
#8044=STYLED_ITEM('',(#8043),#8037);
#8045=CARTESIAN_POINT('',(-3.05E0,-1.12E0,1.734095830342E1));
#8046=DIRECTION('',(0.E0,0.E0,-1.E0));
#8047=DIRECTION('',(0.E0,-1.E0,0.E0));
#8048=AXIS2_PLACEMENT_3D('',#8045,#8046,#8047);
#8049=CYLINDRICAL_SURFACE('',#8048,3.E-1);
#8051=ORIENTED_EDGE('',*,*,#8050,.F.);
#8052=ORIENTED_EDGE('',*,*,#7980,.T.);
#8053=ORIENTED_EDGE('',*,*,#5659,.T.);
#8055=ORIENTED_EDGE('',*,*,#8054,.T.);
#8056=EDGE_LOOP('',(#8051,#8052,#8053,#8055));
#8057=FACE_OUTER_BOUND('',#8056,.F.);
#8058=ADVANCED_FACE('',(#8057),#8049,.F.);
#8059=FILL_AREA_STYLE_COLOUR('',#31);
#8060=FILL_AREA_STYLE('',(#8059));
#8061=SURFACE_STYLE_FILL_AREA(#8060);
#8062=SURFACE_SIDE_STYLE('',(#8061));
#8063=SURFACE_STYLE_USAGE(.POSITIVE.,#8062);
#8064=PRESENTATION_STYLE_ASSIGNMENT((#8063));
#8065=STYLED_ITEM('',(#8064),#8058);
#8066=CARTESIAN_POINT('',(0.E0,-1.42E0,-3.E0));
#8067=DIRECTION('',(0.E0,-1.E0,0.E0));
#8068=DIRECTION('',(1.E0,0.E0,0.E0));
#8069=AXIS2_PLACEMENT_3D('',#8066,#8067,#8068);
#8070=PLANE('',#8069);
#8071=ORIENTED_EDGE('',*,*,#8050,.T.);
#8073=ORIENTED_EDGE('',*,*,#8072,.F.);
#8075=ORIENTED_EDGE('',*,*,#8074,.T.);
#8077=ORIENTED_EDGE('',*,*,#8076,.T.);
#8079=ORIENTED_EDGE('',*,*,#8078,.T.);
#8081=ORIENTED_EDGE('',*,*,#8080,.T.);
#8083=ORIENTED_EDGE('',*,*,#8082,.T.);
#8084=ORIENTED_EDGE('',*,*,#7982,.F.);
#8085=EDGE_LOOP('',(#8071,#8073,#8075,#8077,#8079,#8081,#8083,#8084));
#8086=FACE_OUTER_BOUND('',#8085,.F.);
#8088=ORIENTED_EDGE('',*,*,#8087,.T.);
#8090=ORIENTED_EDGE('',*,*,#8089,.T.);
#8091=EDGE_LOOP('',(#8088,#8090));
#8092=FACE_BOUND('',#8091,.F.);
#8093=ADVANCED_FACE('',(#8086,#8092),#8070,.F.);
#8094=FILL_AREA_STYLE_COLOUR('',#31);
#8095=FILL_AREA_STYLE('',(#8094));
#8096=SURFACE_STYLE_FILL_AREA(#8095);
#8097=SURFACE_SIDE_STYLE('',(#8096));
#8098=SURFACE_STYLE_USAGE(.POSITIVE.,#8097);
#8099=PRESENTATION_STYLE_ASSIGNMENT((#8098));
#8100=STYLED_ITEM('',(#8099),#8093);
#8101=CARTESIAN_POINT('',(0.E0,-1.42E0,0.E0));
#8102=DIRECTION('',(0.E0,-1.E0,0.E0));
#8103=DIRECTION('',(1.E0,0.E0,0.E0));
#8104=AXIS2_PLACEMENT_3D('',#8101,#8102,#8103);
#8105=CYLINDRICAL_SURFACE('',#8104,1.9E0);
#8106=ORIENTED_EDGE('',*,*,#8087,.F.);
#8108=ORIENTED_EDGE('',*,*,#8107,.T.);
#8110=ORIENTED_EDGE('',*,*,#8109,.T.);
#8112=ORIENTED_EDGE('',*,*,#8111,.F.);
#8113=EDGE_LOOP('',(#8106,#8108,#8110,#8112));
#8114=FACE_OUTER_BOUND('',#8113,.F.);
#8115=ADVANCED_FACE('',(#8114),#8105,.F.);
#8116=FILL_AREA_STYLE_COLOUR('',#31);
#8117=FILL_AREA_STYLE('',(#8116));
#8118=SURFACE_STYLE_FILL_AREA(#8117);
#8119=SURFACE_SIDE_STYLE('',(#8118));
#8120=SURFACE_STYLE_USAGE(.POSITIVE.,#8119);
#8121=PRESENTATION_STYLE_ASSIGNMENT((#8120));
#8122=STYLED_ITEM('',(#8121),#8115);
#8123=CARTESIAN_POINT('',(0.E0,-1.42E0,0.E0));
#8124=DIRECTION('',(0.E0,-1.E0,0.E0));
#8125=DIRECTION('',(1.E0,0.E0,0.E0));
#8126=AXIS2_PLACEMENT_3D('',#8123,#8124,#8125);
#8127=CYLINDRICAL_SURFACE('',#8126,1.9E0);
#8128=ORIENTED_EDGE('',*,*,#8089,.F.);
#8129=ORIENTED_EDGE('',*,*,#8111,.T.);
#8131=ORIENTED_EDGE('',*,*,#8130,.T.);
#8132=ORIENTED_EDGE('',*,*,#8107,.F.);
#8133=EDGE_LOOP('',(#8128,#8129,#8131,#8132));
#8134=FACE_OUTER_BOUND('',#8133,.F.);
#8135=ADVANCED_FACE('',(#8134),#8127,.F.);
#8136=FILL_AREA_STYLE_COLOUR('',#31);
#8137=FILL_AREA_STYLE('',(#8136));
#8138=SURFACE_STYLE_FILL_AREA(#8137);
#8139=SURFACE_SIDE_STYLE('',(#8138));
#8140=SURFACE_STYLE_USAGE(.POSITIVE.,#8139);
#8141=PRESENTATION_STYLE_ASSIGNMENT((#8140));
#8142=STYLED_ITEM('',(#8141),#8135);
#8143=CARTESIAN_POINT('',(0.E0,-1.82E0,-3.E0));
#8144=DIRECTION('',(0.E0,-1.E0,0.E0));
#8145=DIRECTION('',(1.E0,0.E0,0.E0));
#8146=AXIS2_PLACEMENT_3D('',#8143,#8144,#8145);
#8147=PLANE('',#8146);
#8149=ORIENTED_EDGE('',*,*,#8148,.T.);
#8150=ORIENTED_EDGE('',*,*,#7991,.F.);
#8152=ORIENTED_EDGE('',*,*,#8151,.T.);
#8154=ORIENTED_EDGE('',*,*,#8153,.F.);
#8156=ORIENTED_EDGE('',*,*,#8155,.F.);
#8158=ORIENTED_EDGE('',*,*,#8157,.F.);
#8160=ORIENTED_EDGE('',*,*,#8159,.F.);
#8162=ORIENTED_EDGE('',*,*,#8161,.T.);
#8163=EDGE_LOOP('',(#8149,#8150,#8152,#8154,#8156,#8158,#8160,#8162));
#8164=FACE_OUTER_BOUND('',#8163,.F.);
#8165=ORIENTED_EDGE('',*,*,#8109,.F.);
#8166=ORIENTED_EDGE('',*,*,#8130,.F.);
#8167=EDGE_LOOP('',(#8165,#8166));
#8168=FACE_BOUND('',#8167,.F.);
#8170=ORIENTED_EDGE('',*,*,#8169,.T.);
#8172=ORIENTED_EDGE('',*,*,#8171,.T.);
#8173=EDGE_LOOP('',(#8170,#8172));
#8174=FACE_BOUND('',#8173,.F.);
#8176=ORIENTED_EDGE('',*,*,#8175,.T.);
#8178=ORIENTED_EDGE('',*,*,#8177,.T.);
#8179=EDGE_LOOP('',(#8176,#8178));
#8180=FACE_BOUND('',#8179,.F.);
#8182=ORIENTED_EDGE('',*,*,#8181,.F.);
#8184=ORIENTED_EDGE('',*,*,#8183,.F.);
#8185=EDGE_LOOP('',(#8182,#8184));
#8186=FACE_BOUND('',#8185,.F.);
#8188=ORIENTED_EDGE('',*,*,#8187,.F.);
#8190=ORIENTED_EDGE('',*,*,#8189,.F.);
#8191=EDGE_LOOP('',(#8188,#8190));
#8192=FACE_BOUND('',#8191,.F.);
#8193=ADVANCED_FACE('',(#8164,#8168,#8174,#8180,#8186,#8192),#8147,.T.);
#8194=FILL_AREA_STYLE_COLOUR('',#31);
#8195=FILL_AREA_STYLE('',(#8194));
#8196=SURFACE_STYLE_FILL_AREA(#8195);
#8197=SURFACE_SIDE_STYLE('',(#8196));
#8198=SURFACE_STYLE_USAGE(.POSITIVE.,#8197);
#8199=PRESENTATION_STYLE_ASSIGNMENT((#8198));
#8200=STYLED_ITEM('',(#8199),#8193);
#8201=CARTESIAN_POINT('',(-3.15E0,-1.22E0,-2.234200026678E1));
#8202=DIRECTION('',(0.E0,0.E0,1.E0));
#8203=DIRECTION('',(-1.E0,0.E0,0.E0));
#8204=AXIS2_PLACEMENT_3D('',#8201,#8202,#8203);
#8205=CYLINDRICAL_SURFACE('',#8204,6.E-1);
#8206=ORIENTED_EDGE('',*,*,#7993,.T.);
#8207=ORIENTED_EDGE('',*,*,#8148,.F.);
#8209=ORIENTED_EDGE('',*,*,#8208,.T.);
#8210=ORIENTED_EDGE('',*,*,#5291,.T.);
#8211=EDGE_LOOP('',(#8206,#8207,#8209,#8210));
#8212=FACE_OUTER_BOUND('',#8211,.F.);
#8213=ADVANCED_FACE('',(#8212),#8205,.T.);
#8214=FILL_AREA_STYLE_COLOUR('',#31);
#8215=FILL_AREA_STYLE('',(#8214));
#8216=SURFACE_STYLE_FILL_AREA(#8215);
#8217=SURFACE_SIDE_STYLE('',(#8216));
#8218=SURFACE_STYLE_USAGE(.POSITIVE.,#8217);
#8219=PRESENTATION_STYLE_ASSIGNMENT((#8218));
#8220=STYLED_ITEM('',(#8219),#8213);
#8221=CARTESIAN_POINT('',(-3.E0,-1.82E0,0.E0));
#8222=DIRECTION('',(0.E0,0.E0,1.E0));
#8223=DIRECTION('',(0.E0,1.E0,0.E0));
#8224=AXIS2_PLACEMENT_3D('',#8221,#8222,#8223);
#8225=PLANE('',#8224);
#8226=ORIENTED_EDGE('',*,*,#5159,.F.);
#8227=ORIENTED_EDGE('',*,*,#5293,.T.);
#8228=ORIENTED_EDGE('',*,*,#8208,.F.);
#8229=ORIENTED_EDGE('',*,*,#8161,.F.);
#8231=ORIENTED_EDGE('',*,*,#8230,.F.);
#8232=ORIENTED_EDGE('',*,*,#8072,.T.);
#8233=ORIENTED_EDGE('',*,*,#8054,.F.);
#8234=ORIENTED_EDGE('',*,*,#5657,.T.);
#8235=EDGE_LOOP('',(#8226,#8227,#8228,#8229,#8231,#8232,#8233,#8234));
#8236=FACE_OUTER_BOUND('',#8235,.F.);
#8237=ADVANCED_FACE('',(#8236),#8225,.F.);
#8238=FILL_AREA_STYLE_COLOUR('',#31);
#8239=FILL_AREA_STYLE('',(#8238));
#8240=SURFACE_STYLE_FILL_AREA(#8239);
#8241=SURFACE_SIDE_STYLE('',(#8240));
#8242=SURFACE_STYLE_USAGE(.POSITIVE.,#8241);
#8243=PRESENTATION_STYLE_ASSIGNMENT((#8242));
#8244=STYLED_ITEM('',(#8243),#8237);
#8245=CARTESIAN_POINT('',(-3.E0,-1.42E0,3.E0));
#8246=DIRECTION('',(-1.E0,0.E0,0.E0));
#8247=DIRECTION('',(0.E0,0.E0,-1.E0));
#8248=AXIS2_PLACEMENT_3D('',#8245,#8246,#8247);
#8249=PLANE('',#8248);
#8250=ORIENTED_EDGE('',*,*,#8230,.T.);
#8251=ORIENTED_EDGE('',*,*,#8159,.T.);
#8253=ORIENTED_EDGE('',*,*,#8252,.F.);
#8254=ORIENTED_EDGE('',*,*,#8074,.F.);
#8255=EDGE_LOOP('',(#8250,#8251,#8253,#8254));
#8256=FACE_OUTER_BOUND('',#8255,.F.);
#8257=ADVANCED_FACE('',(#8256),#8249,.T.);
#8258=FILL_AREA_STYLE_COLOUR('',#31);
#8259=FILL_AREA_STYLE('',(#8258));
#8260=SURFACE_STYLE_FILL_AREA(#8259);
#8261=SURFACE_SIDE_STYLE('',(#8260));
#8262=SURFACE_STYLE_USAGE(.POSITIVE.,#8261);
#8263=PRESENTATION_STYLE_ASSIGNMENT((#8262));
#8264=STYLED_ITEM('',(#8263),#8257);
#8265=CARTESIAN_POINT('',(-3.E0,-1.42E0,-3.E0));
#8266=DIRECTION('',(0.E0,0.E0,-1.E0));
#8267=DIRECTION('',(1.E0,0.E0,0.E0));
#8268=AXIS2_PLACEMENT_3D('',#8265,#8266,#8267);
#8269=PLANE('',#8268);
#8270=ORIENTED_EDGE('',*,*,#8076,.F.);
#8271=ORIENTED_EDGE('',*,*,#8252,.T.);
#8272=ORIENTED_EDGE('',*,*,#8157,.T.);
#8274=ORIENTED_EDGE('',*,*,#8273,.F.);
#8275=EDGE_LOOP('',(#8270,#8271,#8272,#8274));
#8276=FACE_OUTER_BOUND('',#8275,.F.);
#8277=ADVANCED_FACE('',(#8276),#8269,.T.);
#8278=FILL_AREA_STYLE_COLOUR('',#31);
#8279=FILL_AREA_STYLE('',(#8278));
#8280=SURFACE_STYLE_FILL_AREA(#8279);
#8281=SURFACE_SIDE_STYLE('',(#8280));
#8282=SURFACE_STYLE_USAGE(.POSITIVE.,#8281);
#8283=PRESENTATION_STYLE_ASSIGNMENT((#8282));
#8284=STYLED_ITEM('',(#8283),#8277);
#8285=CARTESIAN_POINT('',(3.E0,-1.42E0,-3.E0));
#8286=DIRECTION('',(1.E0,0.E0,0.E0));
#8287=DIRECTION('',(0.E0,0.E0,1.E0));
#8288=AXIS2_PLACEMENT_3D('',#8285,#8286,#8287);
#8289=PLANE('',#8288);
#8291=ORIENTED_EDGE('',*,*,#8290,.F.);
#8292=ORIENTED_EDGE('',*,*,#8078,.F.);
#8293=ORIENTED_EDGE('',*,*,#8273,.T.);
#8294=ORIENTED_EDGE('',*,*,#8155,.T.);
#8295=EDGE_LOOP('',(#8291,#8292,#8293,#8294));
#8296=FACE_OUTER_BOUND('',#8295,.F.);
#8297=ADVANCED_FACE('',(#8296),#8289,.T.);
#8298=FILL_AREA_STYLE_COLOUR('',#31);
#8299=FILL_AREA_STYLE('',(#8298));
#8300=SURFACE_STYLE_FILL_AREA(#8299);
#8301=SURFACE_SIDE_STYLE('',(#8300));
#8302=SURFACE_STYLE_USAGE(.POSITIVE.,#8301);
#8303=PRESENTATION_STYLE_ASSIGNMENT((#8302));
#8304=STYLED_ITEM('',(#8303),#8297);
#8305=CARTESIAN_POINT('',(3.E0,-1.82E0,0.E0));
#8306=DIRECTION('',(0.E0,0.E0,-1.E0));
#8307=DIRECTION('',(0.E0,1.E0,0.E0));
#8308=AXIS2_PLACEMENT_3D('',#8305,#8306,#8307);
#8309=PLANE('',#8308);
#8310=ORIENTED_EDGE('',*,*,#7319,.T.);
#8311=ORIENTED_EDGE('',*,*,#7558,.F.);
#8313=ORIENTED_EDGE('',*,*,#8312,.F.);
#8314=ORIENTED_EDGE('',*,*,#8080,.F.);
#8315=ORIENTED_EDGE('',*,*,#8290,.T.);
#8316=ORIENTED_EDGE('',*,*,#8153,.T.);
#8318=ORIENTED_EDGE('',*,*,#8317,.F.);
#8319=ORIENTED_EDGE('',*,*,#7466,.T.);
#8320=EDGE_LOOP('',(#8310,#8311,#8313,#8314,#8315,#8316,#8318,#8319));
#8321=FACE_OUTER_BOUND('',#8320,.F.);
#8322=ADVANCED_FACE('',(#8321),#8309,.T.);
#8323=FILL_AREA_STYLE_COLOUR('',#30);
#8324=FILL_AREA_STYLE('',(#8323));
#8325=SURFACE_STYLE_FILL_AREA(#8324);
#8326=SURFACE_SIDE_STYLE('',(#8325));
#8327=SURFACE_STYLE_USAGE(.POSITIVE.,#8326);
#8328=PRESENTATION_STYLE_ASSIGNMENT((#8327));
#8329=STYLED_ITEM('',(#8328),#8322);
#8330=CARTESIAN_POINT('',(3.05E0,-1.12E0,-1.31252E1));
#8331=DIRECTION('',(0.E0,0.E0,1.E0));
#8332=DIRECTION('',(0.E0,-1.E0,0.E0));
#8333=AXIS2_PLACEMENT_3D('',#8330,#8331,#8332);
#8334=CYLINDRICAL_SURFACE('',#8333,3.E-1);
#8335=ORIENTED_EDGE('',*,*,#8082,.F.);
#8336=ORIENTED_EDGE('',*,*,#8312,.T.);
#8337=ORIENTED_EDGE('',*,*,#7556,.T.);
#8338=ORIENTED_EDGE('',*,*,#7984,.T.);
#8339=EDGE_LOOP('',(#8335,#8336,#8337,#8338));
#8340=FACE_OUTER_BOUND('',#8339,.F.);
#8341=ADVANCED_FACE('',(#8340),#8334,.F.);
#8342=FILL_AREA_STYLE_COLOUR('',#30);
#8343=FILL_AREA_STYLE('',(#8342));
#8344=SURFACE_STYLE_FILL_AREA(#8343);
#8345=SURFACE_SIDE_STYLE('',(#8344));
#8346=SURFACE_STYLE_USAGE(.POSITIVE.,#8345);
#8347=PRESENTATION_STYLE_ASSIGNMENT((#8346));
#8348=STYLED_ITEM('',(#8347),#8341);
#8349=CARTESIAN_POINT('',(3.15E0,-1.22E0,1.21252E1));
#8350=DIRECTION('',(0.E0,0.E0,-1.E0));
#8351=DIRECTION('',(1.E0,0.E0,0.E0));
#8352=AXIS2_PLACEMENT_3D('',#8349,#8350,#8351);
#8353=CYLINDRICAL_SURFACE('',#8352,6.E-1);
#8354=ORIENTED_EDGE('',*,*,#8317,.T.);
#8355=ORIENTED_EDGE('',*,*,#8151,.F.);
#8356=ORIENTED_EDGE('',*,*,#7989,.T.);
#8357=ORIENTED_EDGE('',*,*,#7468,.T.);
#8358=EDGE_LOOP('',(#8354,#8355,#8356,#8357));
#8359=FACE_OUTER_BOUND('',#8358,.F.);
#8360=ADVANCED_FACE('',(#8359),#8353,.T.);
#8361=FILL_AREA_STYLE_COLOUR('',#30);
#8362=FILL_AREA_STYLE('',(#8361));
#8363=SURFACE_STYLE_FILL_AREA(#8362);
#8364=SURFACE_SIDE_STYLE('',(#8363));
#8365=SURFACE_STYLE_USAGE(.POSITIVE.,#8364);
#8366=PRESENTATION_STYLE_ASSIGNMENT((#8365));
#8367=STYLED_ITEM('',(#8366),#8360);
#8368=CARTESIAN_POINT('',(-2.1E0,-1.82E0,2.1E0));
#8369=DIRECTION('',(0.E0,-1.E0,0.E0));
#8370=DIRECTION('',(1.E0,0.E0,0.E0));
#8371=AXIS2_PLACEMENT_3D('',#8368,#8369,#8370);
#8372=CYLINDRICAL_SURFACE('',#8371,6.E-1);
#8374=ORIENTED_EDGE('',*,*,#8373,.T.);
#8376=ORIENTED_EDGE('',*,*,#8375,.F.);
#8377=ORIENTED_EDGE('',*,*,#8169,.F.);
#8379=ORIENTED_EDGE('',*,*,#8378,.T.);
#8380=EDGE_LOOP('',(#8374,#8376,#8377,#8379));
#8381=FACE_OUTER_BOUND('',#8380,.F.);
#8382=ADVANCED_FACE('',(#8381),#8372,.T.);
#8383=FILL_AREA_STYLE_COLOUR('',#7);
#8384=FILL_AREA_STYLE('',(#8383));
#8385=SURFACE_STYLE_FILL_AREA(#8384);
#8386=SURFACE_SIDE_STYLE('',(#8385));
#8387=SURFACE_STYLE_USAGE(.POSITIVE.,#8386);
#8388=PRESENTATION_STYLE_ASSIGNMENT((#8387));
#8389=STYLED_ITEM('',(#8388),#8382);
#8390=CARTESIAN_POINT('',(-2.1E0,-2.07E0,2.1E0));
#8391=DIRECTION('',(0.E0,-1.E0,0.E0));
#8392=DIRECTION('',(9.996453803668E-1,0.E0,-2.662918533134E-2));
#8393=AXIS2_PLACEMENT_3D('',#8390,#8391,#8392);
#8394=TOROIDAL_SURFACE('',#8393,3.5E-1,2.5E-1);
#8396=ORIENTED_EDGE('',*,*,#8395,.T.);
#8398=ORIENTED_EDGE('',*,*,#8397,.T.);
#8399=ORIENTED_EDGE('',*,*,#8373,.F.);
#8401=ORIENTED_EDGE('',*,*,#8400,.F.);
#8402=EDGE_LOOP('',(#8396,#8398,#8399,#8401));
#8403=FACE_OUTER_BOUND('',#8402,.F.);
#8404=ADVANCED_FACE('',(#8403),#8394,.T.);
#8405=FILL_AREA_STYLE_COLOUR('',#7);
#8406=FILL_AREA_STYLE('',(#8405));
#8407=SURFACE_STYLE_FILL_AREA(#8406);
#8408=SURFACE_SIDE_STYLE('',(#8407));
#8409=SURFACE_STYLE_USAGE(.POSITIVE.,#8408);
#8410=PRESENTATION_STYLE_ASSIGNMENT((#8409));
#8411=STYLED_ITEM('',(#8410),#8404);
#8412=CARTESIAN_POINT('',(0.E0,-2.32E0,-3.E0));
#8413=DIRECTION('',(0.E0,-1.E0,0.E0));
#8414=DIRECTION('',(1.E0,0.E0,0.E0));
#8415=AXIS2_PLACEMENT_3D('',#8412,#8413,#8414);
#8416=PLANE('',#8415);
#8418=ORIENTED_EDGE('',*,*,#8417,.F.);
#8419=ORIENTED_EDGE('',*,*,#8395,.F.);
#8420=EDGE_LOOP('',(#8418,#8419));
#8421=FACE_OUTER_BOUND('',#8420,.F.);
#8422=ADVANCED_FACE('',(#8421),#8416,.T.);
#8423=FILL_AREA_STYLE_COLOUR('',#7);
#8424=FILL_AREA_STYLE('',(#8423));
#8425=SURFACE_STYLE_FILL_AREA(#8424);
#8426=SURFACE_SIDE_STYLE('',(#8425));
#8427=SURFACE_STYLE_USAGE(.POSITIVE.,#8426);
#8428=PRESENTATION_STYLE_ASSIGNMENT((#8427));
#8429=STYLED_ITEM('',(#8428),#8422);
#8430=CARTESIAN_POINT('',(0.E0,-2.32E0,-3.E0));
#8431=DIRECTION('',(0.E0,-1.E0,0.E0));
#8432=DIRECTION('',(1.E0,0.E0,0.E0));
#8433=AXIS2_PLACEMENT_3D('',#8430,#8431,#8432);
#8434=PLANE('',#8433);
#8436=ORIENTED_EDGE('',*,*,#8435,.F.);
#8438=ORIENTED_EDGE('',*,*,#8437,.F.);
#8439=EDGE_LOOP('',(#8436,#8438));
#8440=FACE_OUTER_BOUND('',#8439,.F.);
#8441=ADVANCED_FACE('',(#8440),#8434,.T.);
#8442=FILL_AREA_STYLE_COLOUR('',#7);
#8443=FILL_AREA_STYLE('',(#8442));
#8444=SURFACE_STYLE_FILL_AREA(#8443);
#8445=SURFACE_SIDE_STYLE('',(#8444));
#8446=SURFACE_STYLE_USAGE(.POSITIVE.,#8445);
#8447=PRESENTATION_STYLE_ASSIGNMENT((#8446));
#8448=STYLED_ITEM('',(#8447),#8441);
#8449=CARTESIAN_POINT('',(-2.1E0,-2.07E0,2.1E0));
#8450=DIRECTION('',(0.E0,-1.E0,0.E0));
#8451=DIRECTION('',(-9.996453803668E-1,0.E0,2.662918533134E-2));
#8452=AXIS2_PLACEMENT_3D('',#8449,#8450,#8451);
#8453=TOROIDAL_SURFACE('',#8452,3.5E-1,2.5E-1);
#8454=ORIENTED_EDGE('',*,*,#8417,.T.);
#8455=ORIENTED_EDGE('',*,*,#8400,.T.);
#8457=ORIENTED_EDGE('',*,*,#8456,.F.);
#8458=ORIENTED_EDGE('',*,*,#8397,.F.);
#8459=EDGE_LOOP('',(#8454,#8455,#8457,#8458));
#8460=FACE_OUTER_BOUND('',#8459,.F.);
#8461=ADVANCED_FACE('',(#8460),#8453,.T.);
#8462=FILL_AREA_STYLE_COLOUR('',#7);
#8463=FILL_AREA_STYLE('',(#8462));
#8464=SURFACE_STYLE_FILL_AREA(#8463);
#8465=SURFACE_SIDE_STYLE('',(#8464));
#8466=SURFACE_STYLE_USAGE(.POSITIVE.,#8465);
#8467=PRESENTATION_STYLE_ASSIGNMENT((#8466));
#8468=STYLED_ITEM('',(#8467),#8461);
#8469=CARTESIAN_POINT('',(-2.1E0,-1.82E0,2.1E0));
#8470=DIRECTION('',(0.E0,-1.E0,0.E0));
#8471=DIRECTION('',(1.E0,0.E0,0.E0));
#8472=AXIS2_PLACEMENT_3D('',#8469,#8470,#8471);
#8473=CYLINDRICAL_SURFACE('',#8472,6.E-1);
#8474=ORIENTED_EDGE('',*,*,#8456,.T.);
#8475=ORIENTED_EDGE('',*,*,#8378,.F.);
#8476=ORIENTED_EDGE('',*,*,#8171,.F.);
#8477=ORIENTED_EDGE('',*,*,#8375,.T.);
#8478=EDGE_LOOP('',(#8474,#8475,#8476,#8477));
#8479=FACE_OUTER_BOUND('',#8478,.F.);
#8480=ADVANCED_FACE('',(#8479),#8473,.T.);
#8481=FILL_AREA_STYLE_COLOUR('',#7);
#8482=FILL_AREA_STYLE('',(#8481));
#8483=SURFACE_STYLE_FILL_AREA(#8482);
#8484=SURFACE_SIDE_STYLE('',(#8483));
#8485=SURFACE_STYLE_USAGE(.POSITIVE.,#8484);
#8486=PRESENTATION_STYLE_ASSIGNMENT((#8485));
#8487=STYLED_ITEM('',(#8486),#8480);
#8488=CARTESIAN_POINT('',(-2.1E0,-2.07E0,-2.1E0));
#8489=DIRECTION('',(0.E0,-1.E0,0.E0));
#8490=DIRECTION('',(9.996453803668E-1,0.E0,-2.662918533134E-2));
#8491=AXIS2_PLACEMENT_3D('',#8488,#8489,#8490);
#8492=TOROIDAL_SURFACE('',#8491,3.5E-1,2.5E-1);
#8493=ORIENTED_EDGE('',*,*,#8435,.T.);
#8495=ORIENTED_EDGE('',*,*,#8494,.T.);
#8497=ORIENTED_EDGE('',*,*,#8496,.F.);
#8499=ORIENTED_EDGE('',*,*,#8498,.F.);
#8500=EDGE_LOOP('',(#8493,#8495,#8497,#8499));
#8501=FACE_OUTER_BOUND('',#8500,.F.);
#8502=ADVANCED_FACE('',(#8501),#8492,.T.);
#8503=FILL_AREA_STYLE_COLOUR('',#7);
#8504=FILL_AREA_STYLE('',(#8503));
#8505=SURFACE_STYLE_FILL_AREA(#8504);
#8506=SURFACE_SIDE_STYLE('',(#8505));
#8507=SURFACE_STYLE_USAGE(.POSITIVE.,#8506);
#8508=PRESENTATION_STYLE_ASSIGNMENT((#8507));
#8509=STYLED_ITEM('',(#8508),#8502);
#8510=CARTESIAN_POINT('',(-2.1E0,-2.07E0,-2.1E0));
#8511=DIRECTION('',(0.E0,-1.E0,0.E0));
#8512=DIRECTION('',(-9.996453803668E-1,0.E0,2.662918533134E-2));
#8513=AXIS2_PLACEMENT_3D('',#8510,#8511,#8512);
#8514=TOROIDAL_SURFACE('',#8513,3.5E-1,2.5E-1);
#8515=ORIENTED_EDGE('',*,*,#8437,.T.);
#8516=ORIENTED_EDGE('',*,*,#8498,.T.);
#8518=ORIENTED_EDGE('',*,*,#8517,.F.);
#8519=ORIENTED_EDGE('',*,*,#8494,.F.);
#8520=EDGE_LOOP('',(#8515,#8516,#8518,#8519));
#8521=FACE_OUTER_BOUND('',#8520,.F.);
#8522=ADVANCED_FACE('',(#8521),#8514,.T.);
#8523=FILL_AREA_STYLE_COLOUR('',#7);
#8524=FILL_AREA_STYLE('',(#8523));
#8525=SURFACE_STYLE_FILL_AREA(#8524);
#8526=SURFACE_SIDE_STYLE('',(#8525));
#8527=SURFACE_STYLE_USAGE(.POSITIVE.,#8526);
#8528=PRESENTATION_STYLE_ASSIGNMENT((#8527));
#8529=STYLED_ITEM('',(#8528),#8522);
#8530=CARTESIAN_POINT('',(-2.1E0,-1.82E0,-2.1E0));
#8531=DIRECTION('',(0.E0,-1.E0,0.E0));
#8532=DIRECTION('',(1.E0,0.E0,0.E0));
#8533=AXIS2_PLACEMENT_3D('',#8530,#8531,#8532);
#8534=CYLINDRICAL_SURFACE('',#8533,6.E-1);
#8535=ORIENTED_EDGE('',*,*,#8517,.T.);
#8537=ORIENTED_EDGE('',*,*,#8536,.F.);
#8538=ORIENTED_EDGE('',*,*,#8177,.F.);
#8540=ORIENTED_EDGE('',*,*,#8539,.T.);
#8541=EDGE_LOOP('',(#8535,#8537,#8538,#8540));
#8542=FACE_OUTER_BOUND('',#8541,.F.);
#8543=ADVANCED_FACE('',(#8542),#8534,.T.);
#8544=FILL_AREA_STYLE_COLOUR('',#7);
#8545=FILL_AREA_STYLE('',(#8544));
#8546=SURFACE_STYLE_FILL_AREA(#8545);
#8547=SURFACE_SIDE_STYLE('',(#8546));
#8548=SURFACE_STYLE_USAGE(.POSITIVE.,#8547);
#8549=PRESENTATION_STYLE_ASSIGNMENT((#8548));
#8550=STYLED_ITEM('',(#8549),#8543);
#8551=CARTESIAN_POINT('',(-2.1E0,-1.82E0,-2.1E0));
#8552=DIRECTION('',(0.E0,-1.E0,0.E0));
#8553=DIRECTION('',(1.E0,0.E0,0.E0));
#8554=AXIS2_PLACEMENT_3D('',#8551,#8552,#8553);
#8555=CYLINDRICAL_SURFACE('',#8554,6.E-1);
#8556=ORIENTED_EDGE('',*,*,#8496,.T.);
#8557=ORIENTED_EDGE('',*,*,#8539,.F.);
#8558=ORIENTED_EDGE('',*,*,#8175,.F.);
#8559=ORIENTED_EDGE('',*,*,#8536,.T.);
#8560=EDGE_LOOP('',(#8556,#8557,#8558,#8559));
#8561=FACE_OUTER_BOUND('',#8560,.F.);
#8562=ADVANCED_FACE('',(#8561),#8555,.T.);
#8563=FILL_AREA_STYLE_COLOUR('',#7);
#8564=FILL_AREA_STYLE('',(#8563));
#8565=SURFACE_STYLE_FILL_AREA(#8564);
#8566=SURFACE_SIDE_STYLE('',(#8565));
#8567=SURFACE_STYLE_USAGE(.POSITIVE.,#8566);
#8568=PRESENTATION_STYLE_ASSIGNMENT((#8567));
#8569=STYLED_ITEM('',(#8568),#8562);
#8570=CARTESIAN_POINT('',(2.1E0,-1.82E0,2.1E0));
#8571=DIRECTION('',(0.E0,1.E0,0.E0));
#8572=DIRECTION('',(-1.E0,0.E0,0.E0));
#8573=AXIS2_PLACEMENT_3D('',#8570,#8571,#8572);
#8574=CYLINDRICAL_SURFACE('',#8573,6.E-1);
#8576=ORIENTED_EDGE('',*,*,#8575,.T.);
#8578=ORIENTED_EDGE('',*,*,#8577,.F.);
#8579=ORIENTED_EDGE('',*,*,#8181,.T.);
#8581=ORIENTED_EDGE('',*,*,#8580,.T.);
#8582=EDGE_LOOP('',(#8576,#8578,#8579,#8581));
#8583=FACE_OUTER_BOUND('',#8582,.F.);
#8584=ADVANCED_FACE('',(#8583),#8574,.T.);
#8585=FILL_AREA_STYLE_COLOUR('',#7);
#8586=FILL_AREA_STYLE('',(#8585));
#8587=SURFACE_STYLE_FILL_AREA(#8586);
#8588=SURFACE_SIDE_STYLE('',(#8587));
#8589=SURFACE_STYLE_USAGE(.POSITIVE.,#8588);
#8590=PRESENTATION_STYLE_ASSIGNMENT((#8589));
#8591=STYLED_ITEM('',(#8590),#8584);
#8592=CARTESIAN_POINT('',(2.1E0,-2.07E0,2.1E0));
#8593=DIRECTION('',(0.E0,1.E0,0.E0));
#8594=DIRECTION('',(9.992844283213E-1,0.E0,-3.782368721501E-2));
#8595=AXIS2_PLACEMENT_3D('',#8592,#8593,#8594);
#8596=TOROIDAL_SURFACE('',#8595,3.5E-1,2.5E-1);
#8598=ORIENTED_EDGE('',*,*,#8597,.T.);
#8600=ORIENTED_EDGE('',*,*,#8599,.T.);
#8601=ORIENTED_EDGE('',*,*,#8575,.F.);
#8603=ORIENTED_EDGE('',*,*,#8602,.F.);
#8604=EDGE_LOOP('',(#8598,#8600,#8601,#8603));
#8605=FACE_OUTER_BOUND('',#8604,.F.);
#8606=ADVANCED_FACE('',(#8605),#8596,.T.);
#8607=FILL_AREA_STYLE_COLOUR('',#7);
#8608=FILL_AREA_STYLE('',(#8607));
#8609=SURFACE_STYLE_FILL_AREA(#8608);
#8610=SURFACE_SIDE_STYLE('',(#8609));
#8611=SURFACE_STYLE_USAGE(.POSITIVE.,#8610);
#8612=PRESENTATION_STYLE_ASSIGNMENT((#8611));
#8613=STYLED_ITEM('',(#8612),#8606);
#8614=CARTESIAN_POINT('',(0.E0,-2.32E0,-3.E0));
#8615=DIRECTION('',(0.E0,1.E0,0.E0));
#8616=DIRECTION('',(-1.E0,0.E0,0.E0));
#8617=AXIS2_PLACEMENT_3D('',#8614,#8615,#8616);
#8618=PLANE('',#8617);
#8620=ORIENTED_EDGE('',*,*,#8619,.F.);
#8621=ORIENTED_EDGE('',*,*,#8597,.F.);
#8622=EDGE_LOOP('',(#8620,#8621));
#8623=FACE_OUTER_BOUND('',#8622,.F.);
#8624=ADVANCED_FACE('',(#8623),#8618,.F.);
#8625=FILL_AREA_STYLE_COLOUR('',#7);
#8626=FILL_AREA_STYLE('',(#8625));
#8627=SURFACE_STYLE_FILL_AREA(#8626);
#8628=SURFACE_SIDE_STYLE('',(#8627));
#8629=SURFACE_STYLE_USAGE(.POSITIVE.,#8628);
#8630=PRESENTATION_STYLE_ASSIGNMENT((#8629));
#8631=STYLED_ITEM('',(#8630),#8624);
#8632=CARTESIAN_POINT('',(0.E0,-2.32E0,-3.E0));
#8633=DIRECTION('',(0.E0,1.E0,0.E0));
#8634=DIRECTION('',(-1.E0,0.E0,0.E0));
#8635=AXIS2_PLACEMENT_3D('',#8632,#8633,#8634);
#8636=PLANE('',#8635);
#8638=ORIENTED_EDGE('',*,*,#8637,.F.);
#8640=ORIENTED_EDGE('',*,*,#8639,.F.);
#8641=EDGE_LOOP('',(#8638,#8640));
#8642=FACE_OUTER_BOUND('',#8641,.F.);
#8643=ADVANCED_FACE('',(#8642),#8636,.F.);
#8644=FILL_AREA_STYLE_COLOUR('',#7);
#8645=FILL_AREA_STYLE('',(#8644));
#8646=SURFACE_STYLE_FILL_AREA(#8645);
#8647=SURFACE_SIDE_STYLE('',(#8646));
#8648=SURFACE_STYLE_USAGE(.POSITIVE.,#8647);
#8649=PRESENTATION_STYLE_ASSIGNMENT((#8648));
#8650=STYLED_ITEM('',(#8649),#8643);
#8651=CARTESIAN_POINT('',(2.1E0,-2.07E0,2.1E0));
#8652=DIRECTION('',(0.E0,1.E0,0.E0));
#8653=DIRECTION('',(-9.992844283213E-1,0.E0,3.782368721501E-2));
#8654=AXIS2_PLACEMENT_3D('',#8651,#8652,#8653);
#8655=TOROIDAL_SURFACE('',#8654,3.5E-1,2.5E-1);
#8656=ORIENTED_EDGE('',*,*,#8619,.T.);
#8657=ORIENTED_EDGE('',*,*,#8602,.T.);
#8659=ORIENTED_EDGE('',*,*,#8658,.F.);
#8660=ORIENTED_EDGE('',*,*,#8599,.F.);
#8661=EDGE_LOOP('',(#8656,#8657,#8659,#8660));
#8662=FACE_OUTER_BOUND('',#8661,.F.);
#8663=ADVANCED_FACE('',(#8662),#8655,.T.);
#8664=FILL_AREA_STYLE_COLOUR('',#7);
#8665=FILL_AREA_STYLE('',(#8664));
#8666=SURFACE_STYLE_FILL_AREA(#8665);
#8667=SURFACE_SIDE_STYLE('',(#8666));
#8668=SURFACE_STYLE_USAGE(.POSITIVE.,#8667);
#8669=PRESENTATION_STYLE_ASSIGNMENT((#8668));
#8670=STYLED_ITEM('',(#8669),#8663);
#8671=CARTESIAN_POINT('',(2.1E0,-1.82E0,2.1E0));
#8672=DIRECTION('',(0.E0,1.E0,0.E0));
#8673=DIRECTION('',(-1.E0,0.E0,0.E0));
#8674=AXIS2_PLACEMENT_3D('',#8671,#8672,#8673);
#8675=CYLINDRICAL_SURFACE('',#8674,6.E-1);
#8676=ORIENTED_EDGE('',*,*,#8658,.T.);
#8677=ORIENTED_EDGE('',*,*,#8580,.F.);
#8678=ORIENTED_EDGE('',*,*,#8183,.T.);
#8679=ORIENTED_EDGE('',*,*,#8577,.T.);
#8680=EDGE_LOOP('',(#8676,#8677,#8678,#8679));
#8681=FACE_OUTER_BOUND('',#8680,.F.);
#8682=ADVANCED_FACE('',(#8681),#8675,.T.);
#8683=FILL_AREA_STYLE_COLOUR('',#7);
#8684=FILL_AREA_STYLE('',(#8683));
#8685=SURFACE_STYLE_FILL_AREA(#8684);
#8686=SURFACE_SIDE_STYLE('',(#8685));
#8687=SURFACE_STYLE_USAGE(.POSITIVE.,#8686);
#8688=PRESENTATION_STYLE_ASSIGNMENT((#8687));
#8689=STYLED_ITEM('',(#8688),#8682);
#8690=CARTESIAN_POINT('',(2.1E0,-2.07E0,-2.1E0));
#8691=DIRECTION('',(0.E0,1.E0,0.E0));
#8692=DIRECTION('',(9.992844283213E-1,0.E0,-3.782368721501E-2));
#8693=AXIS2_PLACEMENT_3D('',#8690,#8691,#8692);
#8694=TOROIDAL_SURFACE('',#8693,3.5E-1,2.5E-1);
#8695=ORIENTED_EDGE('',*,*,#8637,.T.);
#8697=ORIENTED_EDGE('',*,*,#8696,.T.);
#8699=ORIENTED_EDGE('',*,*,#8698,.F.);
#8701=ORIENTED_EDGE('',*,*,#8700,.F.);
#8702=EDGE_LOOP('',(#8695,#8697,#8699,#8701));
#8703=FACE_OUTER_BOUND('',#8702,.F.);
#8704=ADVANCED_FACE('',(#8703),#8694,.T.);
#8705=FILL_AREA_STYLE_COLOUR('',#7);
#8706=FILL_AREA_STYLE('',(#8705));
#8707=SURFACE_STYLE_FILL_AREA(#8706);
#8708=SURFACE_SIDE_STYLE('',(#8707));
#8709=SURFACE_STYLE_USAGE(.POSITIVE.,#8708);
#8710=PRESENTATION_STYLE_ASSIGNMENT((#8709));
#8711=STYLED_ITEM('',(#8710),#8704);
#8712=CARTESIAN_POINT('',(2.1E0,-2.07E0,-2.1E0));
#8713=DIRECTION('',(0.E0,1.E0,0.E0));
#8714=DIRECTION('',(-9.992844283213E-1,0.E0,3.782368721501E-2));
#8715=AXIS2_PLACEMENT_3D('',#8712,#8713,#8714);
#8716=TOROIDAL_SURFACE('',#8715,3.5E-1,2.5E-1);
#8717=ORIENTED_EDGE('',*,*,#8639,.T.);
#8718=ORIENTED_EDGE('',*,*,#8700,.T.);
#8720=ORIENTED_EDGE('',*,*,#8719,.F.);
#8721=ORIENTED_EDGE('',*,*,#8696,.F.);
#8722=EDGE_LOOP('',(#8717,#8718,#8720,#8721));
#8723=FACE_OUTER_BOUND('',#8722,.F.);
#8724=ADVANCED_FACE('',(#8723),#8716,.T.);
#8725=FILL_AREA_STYLE_COLOUR('',#7);
#8726=FILL_AREA_STYLE('',(#8725));
#8727=SURFACE_STYLE_FILL_AREA(#8726);
#8728=SURFACE_SIDE_STYLE('',(#8727));
#8729=SURFACE_STYLE_USAGE(.POSITIVE.,#8728);
#8730=PRESENTATION_STYLE_ASSIGNMENT((#8729));
#8731=STYLED_ITEM('',(#8730),#8724);
#8732=CARTESIAN_POINT('',(2.1E0,-1.82E0,-2.1E0));
#8733=DIRECTION('',(0.E0,1.E0,0.E0));
#8734=DIRECTION('',(-1.E0,0.E0,0.E0));
#8735=AXIS2_PLACEMENT_3D('',#8732,#8733,#8734);
#8736=CYLINDRICAL_SURFACE('',#8735,6.E-1);
#8737=ORIENTED_EDGE('',*,*,#8719,.T.);
#8739=ORIENTED_EDGE('',*,*,#8738,.F.);
#8740=ORIENTED_EDGE('',*,*,#8189,.T.);
#8742=ORIENTED_EDGE('',*,*,#8741,.T.);
#8743=EDGE_LOOP('',(#8737,#8739,#8740,#8742));
#8744=FACE_OUTER_BOUND('',#8743,.F.);
#8745=ADVANCED_FACE('',(#8744),#8736,.T.);
#8746=FILL_AREA_STYLE_COLOUR('',#7);
#8747=FILL_AREA_STYLE('',(#8746));
#8748=SURFACE_STYLE_FILL_AREA(#8747);
#8749=SURFACE_SIDE_STYLE('',(#8748));
#8750=SURFACE_STYLE_USAGE(.POSITIVE.,#8749);
#8751=PRESENTATION_STYLE_ASSIGNMENT((#8750));
#8752=STYLED_ITEM('',(#8751),#8745);
#8753=CARTESIAN_POINT('',(2.1E0,-1.82E0,-2.1E0));
#8754=DIRECTION('',(0.E0,1.E0,0.E0));
#8755=DIRECTION('',(-1.E0,0.E0,0.E0));
#8756=AXIS2_PLACEMENT_3D('',#8753,#8754,#8755);
#8757=CYLINDRICAL_SURFACE('',#8756,6.E-1);
#8758=ORIENTED_EDGE('',*,*,#8698,.T.);
#8759=ORIENTED_EDGE('',*,*,#8741,.F.);
#8760=ORIENTED_EDGE('',*,*,#8187,.T.);
#8761=ORIENTED_EDGE('',*,*,#8738,.T.);
#8762=EDGE_LOOP('',(#8758,#8759,#8760,#8761));
#8763=FACE_OUTER_BOUND('',#8762,.F.);
#8764=ADVANCED_FACE('',(#8763),#8757,.T.);
#8765=FILL_AREA_STYLE_COLOUR('',#7);
#8766=FILL_AREA_STYLE('',(#8765));
#8767=SURFACE_STYLE_FILL_AREA(#8766);
#8768=SURFACE_SIDE_STYLE('',(#8767));
#8769=SURFACE_STYLE_USAGE(.POSITIVE.,#8768);
#8770=PRESENTATION_STYLE_ASSIGNMENT((#8769));
#8771=STYLED_ITEM('',(#8770),#8764);
#8772=CARTESIAN_POINT('',(3.75E0,1.68E0,-3.4E0));
#8773=DIRECTION('',(0.E0,-1.E0,0.E0));
#8774=DIRECTION('',(0.E0,0.E0,-1.E0));
#8775=AXIS2_PLACEMENT_3D('',#8772,#8773,#8774);
#8776=PLANE('',#8775);
#8777=ORIENTED_EDGE('',*,*,#7452,.F.);
#8779=ORIENTED_EDGE('',*,*,#8778,.T.);
#8780=ORIENTED_EDGE('',*,*,#7573,.T.);
#8781=ORIENTED_EDGE('',*,*,#7916,.T.);
#8782=EDGE_LOOP('',(#8777,#8779,#8780,#8781));
#8783=FACE_OUTER_BOUND('',#8782,.F.);
#8784=ADVANCED_FACE('',(#8783),#8776,.F.);
#8785=FILL_AREA_STYLE_COLOUR('',#30);
#8786=FILL_AREA_STYLE('',(#8785));
#8787=SURFACE_STYLE_FILL_AREA(#8786);
#8788=SURFACE_SIDE_STYLE('',(#8787));
#8789=SURFACE_STYLE_USAGE(.POSITIVE.,#8788);
#8790=PRESENTATION_STYLE_ASSIGNMENT((#8789));
#8791=STYLED_ITEM('',(#8790),#8784);
#8792=CARTESIAN_POINT('',(3.75E0,2.68E0,-3.4E0));
#8793=DIRECTION('',(0.E0,0.E0,1.E0));
#8794=DIRECTION('',(0.E0,-1.E0,0.E0));
#8795=AXIS2_PLACEMENT_3D('',#8792,#8793,#8794);
#8796=PLANE('',#8795);
#8797=ORIENTED_EDGE('',*,*,#7450,.F.);
#8798=ORIENTED_EDGE('',*,*,#7499,.T.);
#8799=ORIENTED_EDGE('',*,*,#7575,.T.);
#8800=ORIENTED_EDGE('',*,*,#8778,.F.);
#8801=EDGE_LOOP('',(#8797,#8798,#8799,#8800));
#8802=FACE_OUTER_BOUND('',#8801,.F.);
#8803=ADVANCED_FACE('',(#8802),#8796,.F.);
#8804=FILL_AREA_STYLE_COLOUR('',#30);
#8805=FILL_AREA_STYLE('',(#8804));
#8806=SURFACE_STYLE_FILL_AREA(#8805);
#8807=SURFACE_SIDE_STYLE('',(#8806));
#8808=SURFACE_STYLE_USAGE(.POSITIVE.,#8807);
#8809=PRESENTATION_STYLE_ASSIGNMENT((#8808));
#8810=STYLED_ITEM('',(#8809),#8803);
#8811=CARTESIAN_POINT('',(3.75E0,-6.2E-1,-3.3E0));
#8812=DIRECTION('',(0.E0,-1.E0,0.E0));
#8813=DIRECTION('',(0.E0,0.E0,-1.E0));
#8814=AXIS2_PLACEMENT_3D('',#8811,#8812,#8813);
#8815=PLANE('',#8814);
#8816=ORIENTED_EDGE('',*,*,#7456,.T.);
#8817=ORIENTED_EDGE('',*,*,#7919,.T.);
#8818=ORIENTED_EDGE('',*,*,#7569,.F.);
#8820=ORIENTED_EDGE('',*,*,#8819,.F.);
#8821=EDGE_LOOP('',(#8816,#8817,#8818,#8820));
#8822=FACE_OUTER_BOUND('',#8821,.F.);
#8823=ADVANCED_FACE('',(#8822),#8815,.T.);
#8824=FILL_AREA_STYLE_COLOUR('',#30);
#8825=FILL_AREA_STYLE('',(#8824));
#8826=SURFACE_STYLE_FILL_AREA(#8825);
#8827=SURFACE_SIDE_STYLE('',(#8826));
#8828=SURFACE_STYLE_USAGE(.POSITIVE.,#8827);
#8829=PRESENTATION_STYLE_ASSIGNMENT((#8828));
#8830=STYLED_ITEM('',(#8829),#8823);
#8831=CARTESIAN_POINT('',(3.75E0,1.4E0,-1.5E0));
#8832=DIRECTION('',(0.E0,-6.652809670318E-1,7.465930852246E-1));
#8833=DIRECTION('',(0.E0,-7.465930852246E-1,-6.652809670318E-1));
#8834=AXIS2_PLACEMENT_3D('',#8831,#8832,#8833);
#8835=PLANE('',#8834);
#8836=ORIENTED_EDGE('',*,*,#7567,.F.);
#8838=ORIENTED_EDGE('',*,*,#8837,.F.);
#8839=ORIENTED_EDGE('',*,*,#7306,.T.);
#8840=ORIENTED_EDGE('',*,*,#7458,.T.);
#8841=ORIENTED_EDGE('',*,*,#8819,.T.);
#8842=EDGE_LOOP('',(#8836,#8838,#8839,#8840,#8841));
#8843=FACE_OUTER_BOUND('',#8842,.F.);
#8844=ADVANCED_FACE('',(#8843),#8835,.T.);
#8845=FILL_AREA_STYLE_COLOUR('',#30);
#8846=FILL_AREA_STYLE('',(#8845));
#8847=SURFACE_STYLE_FILL_AREA(#8846);
#8848=SURFACE_SIDE_STYLE('',(#8847));
#8849=SURFACE_STYLE_USAGE(.POSITIVE.,#8848);
#8850=PRESENTATION_STYLE_ASSIGNMENT((#8849));
#8851=STYLED_ITEM('',(#8850),#8844);
#8852=CARTESIAN_POINT('',(3.15E0,1.663841612289E0,-1.5662E0));
#8853=DIRECTION('',(0.E0,-1.E0,0.E0));
#8854=DIRECTION('',(1.E0,0.E0,0.E0));
#8855=AXIS2_PLACEMENT_3D('',#8852,#8853,#8854);
#8856=CYLINDRICAL_SURFACE('',#8855,2.E-1);
#8858=ORIENTED_EDGE('',*,*,#8857,.T.);
#8859=ORIENTED_EDGE('',*,*,#7308,.T.);
#8860=ORIENTED_EDGE('',*,*,#8837,.T.);
#8861=ORIENTED_EDGE('',*,*,#7565,.F.);
#8863=ORIENTED_EDGE('',*,*,#8862,.T.);
#8864=EDGE_LOOP('',(#8858,#8859,#8860,#8861,#8863));
#8865=FACE_OUTER_BOUND('',#8864,.F.);
#8866=ADVANCED_FACE('',(#8865),#8856,.F.);
#8867=FILL_AREA_STYLE_COLOUR('',#30);
#8868=FILL_AREA_STYLE('',(#8867));
#8869=SURFACE_STYLE_FILL_AREA(#8868);
#8870=SURFACE_SIDE_STYLE('',(#8869));
#8871=SURFACE_STYLE_USAGE(.POSITIVE.,#8870);
#8872=PRESENTATION_STYLE_ASSIGNMENT((#8871));
#8873=STYLED_ITEM('',(#8872),#8866);
#8874=CARTESIAN_POINT('',(3.35E0,1.652615071369E0,-1.000514575051E0));
#8875=DIRECTION('',(0.E0,-1.E0,0.E0));
#8876=DIRECTION('',(-1.E0,0.E0,0.E0));
#8877=AXIS2_PLACEMENT_3D('',#8874,#8875,#8876);
#8878=CYLINDRICAL_SURFACE('',#8877,4.E-1);
#8879=ORIENTED_EDGE('',*,*,#7310,.T.);
#8880=ORIENTED_EDGE('',*,*,#8857,.F.);
#8882=ORIENTED_EDGE('',*,*,#8881,.F.);
#8884=ORIENTED_EDGE('',*,*,#8883,.T.);
#8885=ORIENTED_EDGE('',*,*,#5814,.T.);
#8886=EDGE_LOOP('',(#8879,#8880,#8882,#8884,#8885));
#8887=FACE_OUTER_BOUND('',#8886,.F.);
#8888=ADVANCED_FACE('',(#8887),#8878,.T.);
#8889=FILL_AREA_STYLE_COLOUR('',#30);
#8890=FILL_AREA_STYLE('',(#8889));
#8891=SURFACE_STYLE_FILL_AREA(#8890);
#8892=SURFACE_SIDE_STYLE('',(#8891));
#8893=SURFACE_STYLE_USAGE(.POSITIVE.,#8892);
#8894=PRESENTATION_STYLE_ASSIGNMENT((#8893));
#8895=STYLED_ITEM('',(#8894),#8888);
#8896=CARTESIAN_POINT('',(2.950490566607E0,1.616453411885E0,
-9.800805299599E-1));
#8897=CARTESIAN_POINT('',(2.940994464419E0,1.603390379306E0,-1.171197615319E0));
#8898=CARTESIAN_POINT('',(3.051729221222E0,1.592711360945E0,-1.327435675009E0));
#8899=CARTESIAN_POINT('',(3.235501917463E0,1.588967539003E0,-1.382209199699E0));
#8900=CARTESIAN_POINT('',(2.950490566607E0,1.783237153867E0,
-9.914803556272E-1));
#8901=CARTESIAN_POINT('',(2.940994464419E0,1.888282762387E0,-1.190670277717E0));
#8902=CARTESIAN_POINT('',(3.051729221222E0,1.974157460734E0,-1.353507874778E0));
#8903=CARTESIAN_POINT('',(3.235501917463E0,2.004263184778E0,-1.410595047780E0));
#8904=CARTESIAN_POINT('',(2.950490566607E0,1.905410216214E0,
-8.773728823788E-1));
#8905=CARTESIAN_POINT('',(2.940994464419E0,2.096973216666E0,
-9.957570949641E-1));
#8906=CARTESIAN_POINT('',(3.051729221222E0,2.253575811577E0,-1.092536091135E0));
#8907=CARTESIAN_POINT('',(3.235501917463E0,2.308477134058E0,-1.126464614996E0));
#8908=CARTESIAN_POINT('',(2.950490566607E0,1.905410216192E0,
-7.101999999652E-1));
#8909=CARTESIAN_POINT('',(2.940994464419E0,2.096973216630E0,
-7.101999999405E-1));
#8910=CARTESIAN_POINT('',(3.051729221222E0,2.253575811528E0,
-7.101999999203E-1));
#8911=CARTESIAN_POINT('',(3.235501917463E0,2.308477134004E0,
-7.101999999133E-1));
#8912=CARTESIAN_POINT('',(2.950490566607E0,1.905410216171E0,
-5.430271175515E-1));
#8913=CARTESIAN_POINT('',(2.940994464419E0,2.096973216593E0,
-4.246429049169E-1));
#8914=CARTESIAN_POINT('',(3.051729221222E0,2.253575811479E0,
-3.278639087055E-1));
#8915=CARTESIAN_POINT('',(3.235501917463E0,2.308477133950E0,
-2.939353848302E-1));
#8916=CARTESIAN_POINT('',(2.950490566607E0,1.783237153794E0,
-4.289196443346E-1));
#8917=CARTESIAN_POINT('',(2.940994464419E0,1.888282762263E0,
-2.297297222174E-1));
#8918=CARTESIAN_POINT('',(3.051729221222E0,1.974157460568E0,
-6.689212513475E-2));
#8919=CARTESIAN_POINT('',(3.235501917463E0,2.004263184597E0,
-9.804952125207E-3));
#8920=CARTESIAN_POINT('',(2.950490566607E0,1.616453411816E0,
-4.403194700449E-1));
#8921=CARTESIAN_POINT('',(2.940994464419E0,1.603390379188E0,
-2.492023846887E-1));
#8922=CARTESIAN_POINT('',(3.051729221222E0,1.592711360786E0,
-9.296432500157E-2));
#8923=CARTESIAN_POINT('',(3.235501917463E0,1.588967538830E0,
-3.819080031298E-2));
#8924=(BOUNDED_SURFACE()B_SPLINE_SURFACE(3,3,((#8896,#8897,#8898,#8899),(#8900,
#8901,#8902,#8903),(#8904,#8905,#8906,#8907),(#8908,#8909,#8910,#8911),(#8912,
#8913,#8914,#8915),(#8916,#8917,#8918,#8919),(#8920,#8921,#8922,#8923)),
.UNSPECIFIED.,.F.,.F.,.F.)B_SPLINE_SURFACE_WITH_KNOTS((4,3,4),(4,4),(0.E0,1.E0,
2.E0),(0.E0,1.E0),.UNSPECIFIED.)GEOMETRIC_REPRESENTATION_ITEM()RATIONAL_B_SPLINE_SURFACE(((1.330404543170E0,1.141407350257E0,1.141407350257E0,1.330404543170E0),(
1.048865813362E0,8.998639962190E-1,8.998639962190E-1,1.048865813362E0),(
1.048865813362E0,8.998639962190E-1,8.998639962190E-1,1.048865813362E0),(
1.330404543170E0,1.141407350257E0,1.141407350257E0,1.330404543170E0),(
1.048865813362E0,8.998639962190E-1,8.998639962190E-1,1.048865813362E0),(
1.048865813362E0,8.998639962190E-1,8.998639962190E-1,1.048865813362E0),(
1.330404543170E0,1.141407350257E0,1.141407350257E0,1.330404543170E0)))REPRESENTATION_ITEM('')SURFACE());
#8926=ORIENTED_EDGE('',*,*,#8925,.T.);
#8927=ORIENTED_EDGE('',*,*,#8881,.T.);
#8929=ORIENTED_EDGE('',*,*,#8928,.F.);
#8931=ORIENTED_EDGE('',*,*,#8930,.F.);
#8932=EDGE_LOOP('',(#8926,#8927,#8929,#8931));
#8933=FACE_OUTER_BOUND('',#8932,.F.);
#8934=ADVANCED_FACE('',(#8933),#8924,.T.);
#8935=FILL_AREA_STYLE_COLOUR('',#30);
#8936=FILL_AREA_STYLE('',(#8935));
#8937=SURFACE_STYLE_FILL_AREA(#8936);
#8938=SURFACE_SIDE_STYLE('',(#8937));
#8939=SURFACE_STYLE_USAGE(.POSITIVE.,#8938);
#8940=PRESENTATION_STYLE_ASSIGNMENT((#8939));
#8941=STYLED_ITEM('',(#8940),#8934);
#8942=CARTESIAN_POINT('',(2.95E0,-1.42E0,-3.E0));
#8943=DIRECTION('',(1.E0,0.E0,0.E0));
#8944=DIRECTION('',(0.E0,0.E0,1.E0));
#8945=AXIS2_PLACEMENT_3D('',#8942,#8943,#8944);
#8946=PLANE('',#8945);
#8947=ORIENTED_EDGE('',*,*,#8883,.F.);
#8948=ORIENTED_EDGE('',*,*,#8925,.F.);
#8950=ORIENTED_EDGE('',*,*,#8949,.F.);
#8951=ORIENTED_EDGE('',*,*,#5816,.F.);
#8952=EDGE_LOOP('',(#8947,#8948,#8950,#8951));
#8953=FACE_OUTER_BOUND('',#8952,.F.);
#8954=ADVANCED_FACE('',(#8953),#8946,.F.);
#8955=FILL_AREA_STYLE_COLOUR('',#30);
#8956=FILL_AREA_STYLE('',(#8955));
#8957=SURFACE_STYLE_FILL_AREA(#8956);
#8958=SURFACE_SIDE_STYLE('',(#8957));
#8959=SURFACE_STYLE_USAGE(.POSITIVE.,#8958);
#8960=PRESENTATION_STYLE_ASSIGNMENT((#8959));
#8961=STYLED_ITEM('',(#8960),#8954);
#8962=CARTESIAN_POINT('',(3.35E0,-1.60524E1,-4.198854249492E-1));
#8963=DIRECTION('',(0.E0,1.E0,0.E0));
#8964=DIRECTION('',(-1.E0,0.E0,0.E0));
#8965=AXIS2_PLACEMENT_3D('',#8962,#8963,#8964);
#8966=CYLINDRICAL_SURFACE('',#8965,4.E-1);
#8967=ORIENTED_EDGE('',*,*,#7313,.T.);
#8968=ORIENTED_EDGE('',*,*,#5818,.T.);
#8969=ORIENTED_EDGE('',*,*,#8949,.T.);
#8970=ORIENTED_EDGE('',*,*,#8930,.T.);
#8972=ORIENTED_EDGE('',*,*,#8971,.F.);
#8973=EDGE_LOOP('',(#8967,#8968,#8969,#8970,#8972));
#8974=FACE_OUTER_BOUND('',#8973,.F.);
#8975=ADVANCED_FACE('',(#8974),#8966,.T.);
#8976=FILL_AREA_STYLE_COLOUR('',#30);
#8977=FILL_AREA_STYLE('',(#8976));
#8978=SURFACE_STYLE_FILL_AREA(#8977);
#8979=SURFACE_SIDE_STYLE('',(#8978));
#8980=SURFACE_STYLE_USAGE(.POSITIVE.,#8979);
#8981=PRESENTATION_STYLE_ASSIGNMENT((#8980));
#8982=STYLED_ITEM('',(#8981),#8975);
#8983=CARTESIAN_POINT('',(3.15E0,-1.60524E1,1.458E-1));
#8984=DIRECTION('',(0.E0,1.E0,0.E0));
#8985=DIRECTION('',(1.E0,0.E0,0.E0));
#8986=AXIS2_PLACEMENT_3D('',#8983,#8984,#8985);
#8987=CYLINDRICAL_SURFACE('',#8986,2.E-1);
#8988=ORIENTED_EDGE('',*,*,#8971,.T.);
#8990=ORIENTED_EDGE('',*,*,#8989,.F.);
#8991=ORIENTED_EDGE('',*,*,#7561,.F.);
#8992=ORIENTED_EDGE('',*,*,#7315,.T.);
#8993=EDGE_LOOP('',(#8988,#8990,#8991,#8992));
#8994=FACE_OUTER_BOUND('',#8993,.F.);
#8995=ADVANCED_FACE('',(#8994),#8987,.F.);
#8996=FILL_AREA_STYLE_COLOUR('',#30);
#8997=FILL_AREA_STYLE('',(#8996));
#8998=SURFACE_STYLE_FILL_AREA(#8997);
#8999=SURFACE_SIDE_STYLE('',(#8998));
#9000=SURFACE_STYLE_USAGE(.POSITIVE.,#8999);
#9001=PRESENTATION_STYLE_ASSIGNMENT((#9000));
#9002=STYLED_ITEM('',(#9001),#8995);
#9003=CARTESIAN_POINT('',(3.15E0,1.6349E0,-7.102E-1));
#9004=DIRECTION('',(1.E0,0.E0,0.E0));
#9005=DIRECTION('',(0.E0,-4.410400064227E-2,9.990269451458E-1));
#9006=AXIS2_PLACEMENT_3D('',#9003,#9004,#9005);
#9007=TOROIDAL_SURFACE('',#9006,8.56E-1,2.E-1);
#9008=ORIENTED_EDGE('',*,*,#8928,.T.);
#9009=ORIENTED_EDGE('',*,*,#8862,.F.);
#9010=ORIENTED_EDGE('',*,*,#7563,.F.);
#9011=ORIENTED_EDGE('',*,*,#8989,.T.);
#9012=EDGE_LOOP('',(#9008,#9009,#9010,#9011));
#9013=FACE_OUTER_BOUND('',#9012,.F.);
#9014=ADVANCED_FACE('',(#9013),#9007,.F.);
#9015=FILL_AREA_STYLE_COLOUR('',#30);
#9016=FILL_AREA_STYLE('',(#9015));
#9017=SURFACE_STYLE_FILL_AREA(#9016);
#9018=SURFACE_SIDE_STYLE('',(#9017));
#9019=SURFACE_STYLE_USAGE(.POSITIVE.,#9018);
#9020=PRESENTATION_STYLE_ASSIGNMENT((#9019));
#9021=STYLED_ITEM('',(#9020),#9014);
#9022=CARTESIAN_POINT('',(3.45E0,1.663841612289E0,-1.2662E0));
#9023=DIRECTION('',(0.E0,-1.E0,0.E0));
#9024=DIRECTION('',(1.E0,0.E0,0.E0));
#9025=AXIS2_PLACEMENT_3D('',#9022,#9023,#9024);
#9026=CYLINDRICAL_SURFACE('',#9025,3.E-1);
#9028=ORIENTED_EDGE('',*,*,#9027,.T.);
#9029=ORIENTED_EDGE('',*,*,#7431,.F.);
#9030=ORIENTED_EDGE('',*,*,#7461,.T.);
#9031=ORIENTED_EDGE('',*,*,#7302,.T.);
#9032=EDGE_LOOP('',(#9028,#9029,#9030,#9031));
#9033=FACE_OUTER_BOUND('',#9032,.F.);
#9034=ADVANCED_FACE('',(#9033),#9026,.T.);
#9035=FILL_AREA_STYLE_COLOUR('',#30);
#9036=FILL_AREA_STYLE('',(#9035));
#9037=SURFACE_STYLE_FILL_AREA(#9036);
#9038=SURFACE_SIDE_STYLE('',(#9037));
#9039=SURFACE_STYLE_USAGE(.POSITIVE.,#9038);
#9040=PRESENTATION_STYLE_ASSIGNMENT((#9039));
#9041=STYLED_ITEM('',(#9040),#9034);
#9042=CARTESIAN_POINT('',(3.55E0,-1.60524E1,-7.763020514434E-1));
#9043=DIRECTION('',(0.E0,1.E0,0.E0));
#9044=DIRECTION('',(-2.E-1,0.E0,-9.797958971133E-1));
#9045=AXIS2_PLACEMENT_3D('',#9042,#9043,#9044);
#9046=CYLINDRICAL_SURFACE('',#9045,2.E-1);
#9048=ORIENTED_EDGE('',*,*,#9047,.T.);
#9049=ORIENTED_EDGE('',*,*,#7407,.F.);
#9050=ORIENTED_EDGE('',*,*,#9027,.F.);
#9051=ORIENTED_EDGE('',*,*,#7300,.T.);
#9052=EDGE_LOOP('',(#9048,#9049,#9050,#9051));
#9053=FACE_OUTER_BOUND('',#9052,.F.);
#9054=ADVANCED_FACE('',(#9053),#9046,.F.);
#9055=FILL_AREA_STYLE_COLOUR('',#30);
#9056=FILL_AREA_STYLE('',(#9055));
#9057=SURFACE_STYLE_FILL_AREA(#9056);
#9058=SURFACE_SIDE_STYLE('',(#9057));
#9059=SURFACE_STYLE_USAGE(.POSITIVE.,#9058);
#9060=PRESENTATION_STYLE_ASSIGNMENT((#9059));
#9061=STYLED_ITEM('',(#9060),#9054);
#9062=CARTESIAN_POINT('',(3.35E0,-1.42E0,-3.E0));
#9063=DIRECTION('',(1.E0,0.E0,0.E0));
#9064=DIRECTION('',(0.E0,0.E0,1.E0));
#9065=AXIS2_PLACEMENT_3D('',#9062,#9063,#9064);
#9066=PLANE('',#9065);
#9067=ORIENTED_EDGE('',*,*,#7363,.F.);
#9068=ORIENTED_EDGE('',*,*,#7409,.F.);
#9069=ORIENTED_EDGE('',*,*,#9047,.F.);
#9070=ORIENTED_EDGE('',*,*,#7298,.F.);
#9071=EDGE_LOOP('',(#9067,#9068,#9069,#9070));
#9072=FACE_OUTER_BOUND('',#9071,.F.);
#9073=ADVANCED_FACE('',(#9072),#9066,.T.);
#9074=FILL_AREA_STYLE_COLOUR('',#30);
#9075=FILL_AREA_STYLE('',(#9074));
#9076=SURFACE_STYLE_FILL_AREA(#9075);
#9077=SURFACE_SIDE_STYLE('',(#9076));
#9078=SURFACE_STYLE_USAGE(.POSITIVE.,#9077);
#9079=PRESENTATION_STYLE_ASSIGNMENT((#9078));
#9080=STYLED_ITEM('',(#9079),#9073);
#9081=CARTESIAN_POINT('',(2.8E0,5.05008E0,-2.8E0));
#9082=DIRECTION('',(0.E0,-1.E0,0.E0));
#9083=DIRECTION('',(0.E0,0.E0,-1.E0));
#9084=AXIS2_PLACEMENT_3D('',#9081,#9082,#9083);
#9085=CYLINDRICAL_SURFACE('',#9084,2.E-1);
#9086=ORIENTED_EDGE('',*,*,#7225,.T.);
#9087=ORIENTED_EDGE('',*,*,#7275,.F.);
#9088=ORIENTED_EDGE('',*,*,#5866,.T.);
#9089=ORIENTED_EDGE('',*,*,#6878,.T.);
#9090=EDGE_LOOP('',(#9086,#9087,#9088,#9089));
#9091=FACE_OUTER_BOUND('',#9090,.F.);
#9092=ADVANCED_FACE('',(#9091),#9085,.T.);
#9093=FILL_AREA_STYLE_COLOUR('',#7);
#9094=FILL_AREA_STYLE('',(#9093));
#9095=SURFACE_STYLE_FILL_AREA(#9094);
#9096=SURFACE_SIDE_STYLE('',(#9095));
#9097=SURFACE_STYLE_USAGE(.POSITIVE.,#9096);
#9098=PRESENTATION_STYLE_ASSIGNMENT((#9097));
#9099=STYLED_ITEM('',(#9098),#9092);
#9100=CARTESIAN_POINT('',(0.E0,-2.812565110895E0,0.E0));
#9101=DIRECTION('',(0.E0,1.E0,0.E0));
#9102=DIRECTION('',(0.E0,0.E0,-1.E0));
#9103=AXIS2_PLACEMENT_3D('',#9100,#9101,#9102);
#9104=CONICAL_SURFACE('',#9103,1.677436723755E0,2.940691468786E0);
#9106=ORIENTED_EDGE('',*,*,#9105,.T.);
#9108=ORIENTED_EDGE('',*,*,#9107,.T.);
#9109=ORIENTED_EDGE('',*,*,#7232,.F.);
#9111=ORIENTED_EDGE('',*,*,#9110,.F.);
#9112=EDGE_LOOP('',(#9106,#9108,#9109,#9111));
#9113=FACE_OUTER_BOUND('',#9112,.F.);
#9114=ADVANCED_FACE('',(#9113),#9104,.T.);
#9115=FILL_AREA_STYLE_COLOUR('',#7);
#9116=FILL_AREA_STYLE('',(#9115));
#9117=SURFACE_STYLE_FILL_AREA(#9116);
#9118=SURFACE_SIDE_STYLE('',(#9117));
#9119=SURFACE_STYLE_USAGE(.POSITIVE.,#9118);
#9120=PRESENTATION_STYLE_ASSIGNMENT((#9119));
#9121=STYLED_ITEM('',(#9120),#9114);
#9122=CARTESIAN_POINT('',(0.E0,-4.22E0,0.E0));
#9123=DIRECTION('',(0.E0,1.E0,0.E0));
#9124=DIRECTION('',(-9.999081727315E-1,0.E0,1.355160893560E-2));
#9125=AXIS2_PLACEMENT_3D('',#9122,#9123,#9124);
#9126=TOROIDAL_SURFACE('',#9125,1.505005130090E0,1.E-1);
#9128=ORIENTED_EDGE('',*,*,#9127,.T.);
#9130=ORIENTED_EDGE('',*,*,#9129,.T.);
#9131=ORIENTED_EDGE('',*,*,#9105,.F.);
#9133=ORIENTED_EDGE('',*,*,#9132,.F.);
#9134=EDGE_LOOP('',(#9128,#9130,#9131,#9133));
#9135=FACE_OUTER_BOUND('',#9134,.F.);
#9136=ADVANCED_FACE('',(#9135),#9126,.T.);
#9137=FILL_AREA_STYLE_COLOUR('',#7);
#9138=FILL_AREA_STYLE('',(#9137));
#9139=SURFACE_STYLE_FILL_AREA(#9138);
#9140=SURFACE_SIDE_STYLE('',(#9139));
#9141=SURFACE_STYLE_USAGE(.POSITIVE.,#9140);
#9142=PRESENTATION_STYLE_ASSIGNMENT((#9141));
#9143=STYLED_ITEM('',(#9142),#9136);
#9144=CARTESIAN_POINT('',(0.E0,-4.32E0,-3.E0));
#9145=DIRECTION('',(0.E0,-1.E0,0.E0));
#9146=DIRECTION('',(1.E0,0.E0,0.E0));
#9147=AXIS2_PLACEMENT_3D('',#9144,#9145,#9146);
#9148=PLANE('',#9147);
#9149=ORIENTED_EDGE('',*,*,#9127,.F.);
#9151=ORIENTED_EDGE('',*,*,#9150,.F.);
#9152=EDGE_LOOP('',(#9149,#9151));
#9153=FACE_OUTER_BOUND('',#9152,.F.);
#9154=ADVANCED_FACE('',(#9153),#9148,.T.);
#9155=FILL_AREA_STYLE_COLOUR('',#7);
#9156=FILL_AREA_STYLE('',(#9155));
#9157=SURFACE_STYLE_FILL_AREA(#9156);
#9158=SURFACE_SIDE_STYLE('',(#9157));
#9159=SURFACE_STYLE_USAGE(.POSITIVE.,#9158);
#9160=PRESENTATION_STYLE_ASSIGNMENT((#9159));
#9161=STYLED_ITEM('',(#9160),#9154);
#9162=CARTESIAN_POINT('',(0.E0,-4.22E0,0.E0));
#9163=DIRECTION('',(0.E0,1.E0,0.E0));
#9164=DIRECTION('',(9.999081727315E-1,0.E0,-1.355160893560E-2));
#9165=AXIS2_PLACEMENT_3D('',#9162,#9163,#9164);
#9166=TOROIDAL_SURFACE('',#9165,1.505005130090E0,1.E-1);
#9167=ORIENTED_EDGE('',*,*,#9150,.T.);
#9168=ORIENTED_EDGE('',*,*,#9132,.T.);
#9170=ORIENTED_EDGE('',*,*,#9169,.F.);
#9171=ORIENTED_EDGE('',*,*,#9129,.F.);
#9172=EDGE_LOOP('',(#9167,#9168,#9170,#9171));
#9173=FACE_OUTER_BOUND('',#9172,.F.);
#9174=ADVANCED_FACE('',(#9173),#9166,.T.);
#9175=FILL_AREA_STYLE_COLOUR('',#7);
#9176=FILL_AREA_STYLE('',(#9175));
#9177=SURFACE_STYLE_FILL_AREA(#9176);
#9178=SURFACE_SIDE_STYLE('',(#9177));
#9179=SURFACE_STYLE_USAGE(.POSITIVE.,#9178);
#9180=PRESENTATION_STYLE_ASSIGNMENT((#9179));
#9181=STYLED_ITEM('',(#9180),#9174);
#9182=CARTESIAN_POINT('',(0.E0,-2.812565110895E0,0.E0));
#9183=DIRECTION('',(0.E0,1.E0,0.E0));
#9184=DIRECTION('',(0.E0,0.E0,-1.E0));
#9185=AXIS2_PLACEMENT_3D('',#9182,#9183,#9184);
#9186=CONICAL_SURFACE('',#9185,1.677436723755E0,2.940691468786E0);
#9187=ORIENTED_EDGE('',*,*,#9169,.T.);
#9188=ORIENTED_EDGE('',*,*,#9110,.T.);
#9189=ORIENTED_EDGE('',*,*,#7234,.F.);
#9190=ORIENTED_EDGE('',*,*,#9107,.F.);
#9191=EDGE_LOOP('',(#9187,#9188,#9189,#9190));
#9192=FACE_OUTER_BOUND('',#9191,.F.);
#9193=ADVANCED_FACE('',(#9192),#9186,.T.);
#9194=FILL_AREA_STYLE_COLOUR('',#7);
#9195=FILL_AREA_STYLE('',(#9194));
#9196=SURFACE_STYLE_FILL_AREA(#9195);
#9197=SURFACE_SIDE_STYLE('',(#9196));
#9198=SURFACE_STYLE_USAGE(.POSITIVE.,#9197);
#9199=PRESENTATION_STYLE_ASSIGNMENT((#9198));
#9200=STYLED_ITEM('',(#9199),#9193);
#9201=CARTESIAN_POINT('',(1.4E0,5.695088E0,-2.9E0));
#9202=DIRECTION('',(0.E0,-1.E0,0.E0));
#9203=DIRECTION('',(0.E0,0.E0,-1.E0));
#9204=AXIS2_PLACEMENT_3D('',#9201,#9202,#9203);
#9205=CYLINDRICAL_SURFACE('',#9204,1.E-1);
#9207=ORIENTED_EDGE('',*,*,#9206,.T.);
#9208=ORIENTED_EDGE('',*,*,#6881,.T.);
#9209=ORIENTED_EDGE('',*,*,#5862,.T.);
#9211=ORIENTED_EDGE('',*,*,#9210,.F.);
#9212=EDGE_LOOP('',(#9207,#9208,#9209,#9211));
#9213=FACE_OUTER_BOUND('',#9212,.F.);
#9214=ADVANCED_FACE('',(#9213),#9205,.T.);
#9215=FILL_AREA_STYLE_COLOUR('',#7);
#9216=FILL_AREA_STYLE('',(#9215));
#9217=SURFACE_STYLE_FILL_AREA(#9216);
#9218=SURFACE_SIDE_STYLE('',(#9217));
#9219=SURFACE_STYLE_USAGE(.POSITIVE.,#9218);
#9220=PRESENTATION_STYLE_ASSIGNMENT((#9219));
#9221=STYLED_ITEM('',(#9220),#9214);
#9222=CARTESIAN_POINT('',(1.4E0,1.58E0,-2.9E0));
#9223=DIRECTION('',(7.071067877092E-1,0.E0,7.071067746639E-1));
#9224=DIRECTION('',(7.071067746639E-1,0.E0,-7.071067877092E-1));
#9225=AXIS2_PLACEMENT_3D('',#9222,#9223,#9224);
#9226=SPHERICAL_SURFACE('',#9225,1.E-1);
#9227=ORIENTED_EDGE('',*,*,#9206,.F.);
#9229=ORIENTED_EDGE('',*,*,#9228,.F.);
#9231=ORIENTED_EDGE('',*,*,#9230,.T.);
#9232=EDGE_LOOP('',(#9227,#9229,#9231));
#9233=FACE_OUTER_BOUND('',#9232,.F.);
#9234=ADVANCED_FACE('',(#9233),#9226,.T.);
#9235=FILL_AREA_STYLE_COLOUR('',#7);
#9236=FILL_AREA_STYLE('',(#9235));
#9237=SURFACE_STYLE_FILL_AREA(#9236);
#9238=SURFACE_SIDE_STYLE('',(#9237));
#9239=SURFACE_STYLE_USAGE(.POSITIVE.,#9238);
#9240=PRESENTATION_STYLE_ASSIGNMENT((#9239));
#9241=STYLED_ITEM('',(#9240),#9234);
#9242=CARTESIAN_POINT('',(1.4E0,1.58E0,-2.486119945886E0));
#9243=DIRECTION('',(0.E0,0.E0,-1.E0));
#9244=DIRECTION('',(0.E0,1.E0,0.E0));
#9245=AXIS2_PLACEMENT_3D('',#9242,#9243,#9244);
#9246=CYLINDRICAL_SURFACE('',#9245,1.E-1);
#9248=ORIENTED_EDGE('',*,*,#9247,.T.);
#9249=ORIENTED_EDGE('',*,*,#9228,.T.);
#9251=ORIENTED_EDGE('',*,*,#9250,.F.);
#9253=ORIENTED_EDGE('',*,*,#9252,.F.);
#9254=EDGE_LOOP('',(#9248,#9249,#9251,#9253));
#9255=FACE_OUTER_BOUND('',#9254,.F.);
#9256=ADVANCED_FACE('',(#9255),#9246,.T.);
#9257=FILL_AREA_STYLE_COLOUR('',#7);
#9258=FILL_AREA_STYLE('',(#9257));
#9259=SURFACE_STYLE_FILL_AREA(#9258);
#9260=SURFACE_SIDE_STYLE('',(#9259));
#9261=SURFACE_STYLE_USAGE(.POSITIVE.,#9260);
#9262=PRESENTATION_STYLE_ASSIGNMENT((#9261));
#9263=STYLED_ITEM('',(#9262),#9256);
#9264=CARTESIAN_POINT('',(0.E0,1.68E0,-3.E0));
#9265=DIRECTION('',(0.E0,1.E0,0.E0));
#9266=DIRECTION('',(1.E0,0.E0,0.E0));
#9267=AXIS2_PLACEMENT_3D('',#9264,#9265,#9266);
#9268=PLANE('',#9267);
#9270=ORIENTED_EDGE('',*,*,#9269,.F.);
#9272=ORIENTED_EDGE('',*,*,#9271,.F.);
#9274=ORIENTED_EDGE('',*,*,#9273,.F.);
#9275=ORIENTED_EDGE('',*,*,#9247,.F.);
#9277=ORIENTED_EDGE('',*,*,#9276,.F.);
#9279=ORIENTED_EDGE('',*,*,#9278,.F.);
#9281=ORIENTED_EDGE('',*,*,#9280,.F.);
#9283=ORIENTED_EDGE('',*,*,#9282,.F.);
#9285=ORIENTED_EDGE('',*,*,#9284,.F.);
#9287=ORIENTED_EDGE('',*,*,#9286,.F.);
#9289=ORIENTED_EDGE('',*,*,#9288,.F.);
#9291=ORIENTED_EDGE('',*,*,#9290,.F.);
#9293=ORIENTED_EDGE('',*,*,#9292,.F.);
#9295=ORIENTED_EDGE('',*,*,#9294,.F.);
#9297=ORIENTED_EDGE('',*,*,#9296,.F.);
#9299=ORIENTED_EDGE('',*,*,#9298,.F.);
#9300=EDGE_LOOP('',(#9270,#9272,#9274,#9275,#9277,#9279,#9281,#9283,#9285,#9287,
#9289,#9291,#9293,#9295,#9297,#9299));
#9301=FACE_OUTER_BOUND('',#9300,.F.);
#9302=ADVANCED_FACE('',(#9301),#9268,.T.);
#9303=FILL_AREA_STYLE_COLOUR('',#7);
#9304=FILL_AREA_STYLE('',(#9303));
#9305=SURFACE_STYLE_FILL_AREA(#9304);
#9306=SURFACE_SIDE_STYLE('',(#9305));
#9307=SURFACE_STYLE_USAGE(.POSITIVE.,#9306);
#9308=PRESENTATION_STYLE_ASSIGNMENT((#9307));
#9309=STYLED_ITEM('',(#9308),#9302);
#9310=CARTESIAN_POINT('',(6.854505316948E-1,1.58E0,2.9E0));
#9311=DIRECTION('',(1.E0,0.E0,0.E0));
#9312=DIRECTION('',(0.E0,1.E0,0.E0));
#9313=AXIS2_PLACEMENT_3D('',#9310,#9311,#9312);
#9314=CYLINDRICAL_SURFACE('',#9313,1.E-1);
#9315=ORIENTED_EDGE('',*,*,#9269,.T.);
#9317=ORIENTED_EDGE('',*,*,#9316,.T.);
#9318=ORIENTED_EDGE('',*,*,#5960,.F.);
#9320=ORIENTED_EDGE('',*,*,#9319,.F.);
#9321=EDGE_LOOP('',(#9315,#9317,#9318,#9320));
#9322=FACE_OUTER_BOUND('',#9321,.F.);
#9323=ADVANCED_FACE('',(#9322),#9314,.T.);
#9324=FILL_AREA_STYLE_COLOUR('',#7);
#9325=FILL_AREA_STYLE('',(#9324));
#9326=SURFACE_STYLE_FILL_AREA(#9325);
#9327=SURFACE_SIDE_STYLE('',(#9326));
#9328=SURFACE_STYLE_USAGE(.POSITIVE.,#9327);
#9329=PRESENTATION_STYLE_ASSIGNMENT((#9328));
#9330=STYLED_ITEM('',(#9329),#9323);
#9331=CARTESIAN_POINT('',(1.4E0,1.58E0,2.9E0));
#9332=DIRECTION('',(-7.071067746639E-1,0.E0,7.071067877092E-1));
#9333=DIRECTION('',(7.071067877092E-1,0.E0,7.071067746639E-1));
#9334=AXIS2_PLACEMENT_3D('',#9331,#9332,#9333);
#9335=SPHERICAL_SURFACE('',#9334,1.E-1);
#9337=ORIENTED_EDGE('',*,*,#9336,.F.);
#9338=ORIENTED_EDGE('',*,*,#9316,.F.);
#9340=ORIENTED_EDGE('',*,*,#9339,.T.);
#9341=EDGE_LOOP('',(#9337,#9338,#9340));
#9342=FACE_OUTER_BOUND('',#9341,.F.);
#9343=ADVANCED_FACE('',(#9342),#9335,.T.);
#9344=FILL_AREA_STYLE_COLOUR('',#7);
#9345=FILL_AREA_STYLE('',(#9344));
#9346=SURFACE_STYLE_FILL_AREA(#9345);
#9347=SURFACE_SIDE_STYLE('',(#9346));
#9348=SURFACE_STYLE_USAGE(.POSITIVE.,#9347);
#9349=PRESENTATION_STYLE_ASSIGNMENT((#9348));
#9350=STYLED_ITEM('',(#9349),#9343);
#9351=CARTESIAN_POINT('',(1.4E0,5.695088E0,2.9E0));
#9352=DIRECTION('',(0.E0,-1.E0,0.E0));
#9353=DIRECTION('',(1.E0,0.E0,0.E0));
#9354=AXIS2_PLACEMENT_3D('',#9351,#9352,#9353);
#9355=CYLINDRICAL_SURFACE('',#9354,1.E-1);
#9356=ORIENTED_EDGE('',*,*,#9336,.T.);
#9358=ORIENTED_EDGE('',*,*,#9357,.T.);
#9359=ORIENTED_EDGE('',*,*,#5826,.T.);
#9360=ORIENTED_EDGE('',*,*,#5962,.F.);
#9361=EDGE_LOOP('',(#9356,#9358,#9359,#9360));
#9362=FACE_OUTER_BOUND('',#9361,.F.);
#9363=ADVANCED_FACE('',(#9362),#9355,.T.);
#9364=FILL_AREA_STYLE_COLOUR('',#7);
#9365=FILL_AREA_STYLE('',(#9364));
#9366=SURFACE_STYLE_FILL_AREA(#9365);
#9367=SURFACE_SIDE_STYLE('',(#9366));
#9368=SURFACE_STYLE_USAGE(.POSITIVE.,#9367);
#9369=PRESENTATION_STYLE_ASSIGNMENT((#9368));
#9370=STYLED_ITEM('',(#9369),#9363);
#9371=CARTESIAN_POINT('',(1.5E0,1.4E0,3.E0));
#9372=DIRECTION('',(1.E0,0.E0,0.E0));
#9373=DIRECTION('',(0.E0,0.E0,-1.E0));
#9374=AXIS2_PLACEMENT_3D('',#9371,#9372,#9373);
#9375=PLANE('',#9374);
#9377=ORIENTED_EDGE('',*,*,#9376,.T.);
#9379=ORIENTED_EDGE('',*,*,#9378,.F.);
#9380=ORIENTED_EDGE('',*,*,#5828,.F.);
#9381=ORIENTED_EDGE('',*,*,#9357,.F.);
#9382=EDGE_LOOP('',(#9377,#9379,#9380,#9381));
#9383=FACE_OUTER_BOUND('',#9382,.F.);
#9384=ADVANCED_FACE('',(#9383),#9375,.T.);
#9385=FILL_AREA_STYLE_COLOUR('',#7);
#9386=FILL_AREA_STYLE('',(#9385));
#9387=SURFACE_STYLE_FILL_AREA(#9386);
#9388=SURFACE_SIDE_STYLE('',(#9387));
#9389=SURFACE_STYLE_USAGE(.POSITIVE.,#9388);
#9390=PRESENTATION_STYLE_ASSIGNMENT((#9389));
#9391=STYLED_ITEM('',(#9390),#9384);
#9392=CARTESIAN_POINT('',(1.4E0,1.58E0,2.913880054114E0));
#9393=DIRECTION('',(0.E0,0.E0,-1.E0));
#9394=DIRECTION('',(0.E0,1.E0,0.E0));
#9395=AXIS2_PLACEMENT_3D('',#9392,#9393,#9394);
#9396=CYLINDRICAL_SURFACE('',#9395,1.E-1);
#9397=ORIENTED_EDGE('',*,*,#9298,.T.);
#9399=ORIENTED_EDGE('',*,*,#9398,.T.);
#9400=ORIENTED_EDGE('',*,*,#9376,.F.);
#9401=ORIENTED_EDGE('',*,*,#9339,.F.);
#9402=EDGE_LOOP('',(#9397,#9399,#9400,#9401));
#9403=FACE_OUTER_BOUND('',#9402,.F.);
#9404=ADVANCED_FACE('',(#9403),#9396,.T.);
#9405=FILL_AREA_STYLE_COLOUR('',#7);
#9406=FILL_AREA_STYLE('',(#9405));
#9407=SURFACE_STYLE_FILL_AREA(#9406);
#9408=SURFACE_SIDE_STYLE('',(#9407));
#9409=SURFACE_STYLE_USAGE(.POSITIVE.,#9408);
#9410=PRESENTATION_STYLE_ASSIGNMENT((#9409));
#9411=STYLED_ITEM('',(#9410),#9404);
#9412=CARTESIAN_POINT('',(1.6E0,1.58E0,2.5E0));
#9413=DIRECTION('',(0.E0,1.E0,0.E0));
#9414=DIRECTION('',(-9.806241242668E-1,0.E0,1.958987669844E-1));
#9415=AXIS2_PLACEMENT_3D('',#9412,#9413,#9414);
#9416=TOROIDAL_SURFACE('',#9415,2.E-1,1.E-1);
#9417=ORIENTED_EDGE('',*,*,#9296,.T.);
#9419=ORIENTED_EDGE('',*,*,#9418,.T.);
#9421=ORIENTED_EDGE('',*,*,#9420,.F.);
#9422=ORIENTED_EDGE('',*,*,#9398,.F.);
#9423=EDGE_LOOP('',(#9417,#9419,#9421,#9422));
#9424=FACE_OUTER_BOUND('',#9423,.F.);
#9425=ADVANCED_FACE('',(#9424),#9416,.T.);
#9426=FILL_AREA_STYLE_COLOUR('',#7);
#9427=FILL_AREA_STYLE('',(#9426));
#9428=SURFACE_STYLE_FILL_AREA(#9427);
#9429=SURFACE_SIDE_STYLE('',(#9428));
#9430=SURFACE_STYLE_USAGE(.POSITIVE.,#9429);
#9431=PRESENTATION_STYLE_ASSIGNMENT((#9430));
#9432=STYLED_ITEM('',(#9431),#9425);
#9433=CARTESIAN_POINT('',(1.586119945886E0,1.58E0,2.3E0));
#9434=DIRECTION('',(1.E0,0.E0,0.E0));
#9435=DIRECTION('',(0.E0,1.E0,0.E0));
#9436=AXIS2_PLACEMENT_3D('',#9433,#9434,#9435);
#9437=CYLINDRICAL_SURFACE('',#9436,1.E-1);
#9438=ORIENTED_EDGE('',*,*,#9294,.T.);
#9440=ORIENTED_EDGE('',*,*,#9439,.T.);
#9442=ORIENTED_EDGE('',*,*,#9441,.F.);
#9443=ORIENTED_EDGE('',*,*,#9418,.F.);
#9444=EDGE_LOOP('',(#9438,#9440,#9442,#9443));
#9445=FACE_OUTER_BOUND('',#9444,.F.);
#9446=ADVANCED_FACE('',(#9445),#9437,.T.);
#9447=FILL_AREA_STYLE_COLOUR('',#7);
#9448=FILL_AREA_STYLE('',(#9447));
#9449=SURFACE_STYLE_FILL_AREA(#9448);
#9450=SURFACE_SIDE_STYLE('',(#9449));
#9451=SURFACE_STYLE_USAGE(.POSITIVE.,#9450);
#9452=PRESENTATION_STYLE_ASSIGNMENT((#9451));
#9453=STYLED_ITEM('',(#9452),#9446);
#9454=CARTESIAN_POINT('',(2.7E0,1.58E0,2.3E0));
#9455=DIRECTION('',(-7.071067746639E-1,0.E0,7.071067877092E-1));
#9456=DIRECTION('',(7.071067877092E-1,0.E0,7.071067746639E-1));
#9457=AXIS2_PLACEMENT_3D('',#9454,#9455,#9456);
#9458=SPHERICAL_SURFACE('',#9457,1.E-1);
#9460=ORIENTED_EDGE('',*,*,#9459,.F.);
#9461=ORIENTED_EDGE('',*,*,#9439,.F.);
#9463=ORIENTED_EDGE('',*,*,#9462,.T.);
#9464=EDGE_LOOP('',(#9460,#9461,#9463));
#9465=FACE_OUTER_BOUND('',#9464,.F.);
#9466=ADVANCED_FACE('',(#9465),#9458,.T.);
#9467=FILL_AREA_STYLE_COLOUR('',#7);
#9468=FILL_AREA_STYLE('',(#9467));
#9469=SURFACE_STYLE_FILL_AREA(#9468);
#9470=SURFACE_SIDE_STYLE('',(#9469));
#9471=SURFACE_STYLE_USAGE(.POSITIVE.,#9470);
#9472=PRESENTATION_STYLE_ASSIGNMENT((#9471));
#9473=STYLED_ITEM('',(#9472),#9466);
#9474=CARTESIAN_POINT('',(2.7E0,5.695088E0,2.3E0));
#9475=DIRECTION('',(0.E0,-1.E0,0.E0));
#9476=DIRECTION('',(1.E0,0.E0,0.E0));
#9477=AXIS2_PLACEMENT_3D('',#9474,#9475,#9476);
#9478=CYLINDRICAL_SURFACE('',#9477,1.E-1);
#9479=ORIENTED_EDGE('',*,*,#9459,.T.);
#9481=ORIENTED_EDGE('',*,*,#9480,.T.);
#9482=ORIENTED_EDGE('',*,*,#5834,.T.);
#9484=ORIENTED_EDGE('',*,*,#9483,.F.);
#9485=EDGE_LOOP('',(#9479,#9481,#9482,#9484));
#9486=FACE_OUTER_BOUND('',#9485,.F.);
#9487=ADVANCED_FACE('',(#9486),#9478,.T.);
#9488=FILL_AREA_STYLE_COLOUR('',#7);
#9489=FILL_AREA_STYLE('',(#9488));
#9490=SURFACE_STYLE_FILL_AREA(#9489);
#9491=SURFACE_SIDE_STYLE('',(#9490));
#9492=SURFACE_STYLE_USAGE(.POSITIVE.,#9491);
#9493=PRESENTATION_STYLE_ASSIGNMENT((#9492));
#9494=STYLED_ITEM('',(#9493),#9487);
#9495=CARTESIAN_POINT('',(2.8E0,1.4E0,2.4E0));
#9496=DIRECTION('',(1.E0,0.E0,0.E0));
#9497=DIRECTION('',(0.E0,0.E0,-1.E0));
#9498=AXIS2_PLACEMENT_3D('',#9495,#9496,#9497);
#9499=PLANE('',#9498);
#9501=ORIENTED_EDGE('',*,*,#9500,.T.);
#9503=ORIENTED_EDGE('',*,*,#9502,.T.);
#9504=ORIENTED_EDGE('',*,*,#5836,.F.);
#9505=ORIENTED_EDGE('',*,*,#9480,.F.);
#9506=EDGE_LOOP('',(#9501,#9503,#9504,#9505));
#9507=FACE_OUTER_BOUND('',#9506,.F.);
#9508=ADVANCED_FACE('',(#9507),#9499,.T.);
#9509=FILL_AREA_STYLE_COLOUR('',#7);
#9510=FILL_AREA_STYLE('',(#9509));
#9511=SURFACE_STYLE_FILL_AREA(#9510);
#9512=SURFACE_SIDE_STYLE('',(#9511));
#9513=SURFACE_STYLE_USAGE(.POSITIVE.,#9512);
#9514=PRESENTATION_STYLE_ASSIGNMENT((#9513));
#9515=STYLED_ITEM('',(#9514),#9508);
#9516=CARTESIAN_POINT('',(2.7E0,1.58E0,2.313880054114E0));
#9517=DIRECTION('',(0.E0,0.E0,-1.E0));
#9518=DIRECTION('',(0.E0,1.E0,0.E0));
#9519=AXIS2_PLACEMENT_3D('',#9516,#9517,#9518);
#9520=CYLINDRICAL_SURFACE('',#9519,1.E-1);
#9521=ORIENTED_EDGE('',*,*,#9292,.T.);
#9523=ORIENTED_EDGE('',*,*,#9522,.T.);
#9524=ORIENTED_EDGE('',*,*,#9500,.F.);
#9525=ORIENTED_EDGE('',*,*,#9462,.F.);
#9526=EDGE_LOOP('',(#9521,#9523,#9524,#9525));
#9527=FACE_OUTER_BOUND('',#9526,.F.);
#9528=ADVANCED_FACE('',(#9527),#9520,.T.);
#9529=FILL_AREA_STYLE_COLOUR('',#7);
#9530=FILL_AREA_STYLE('',(#9529));
#9531=SURFACE_STYLE_FILL_AREA(#9530);
#9532=SURFACE_SIDE_STYLE('',(#9531));
#9533=SURFACE_STYLE_USAGE(.POSITIVE.,#9532);
#9534=PRESENTATION_STYLE_ASSIGNMENT((#9533));
#9535=STYLED_ITEM('',(#9534),#9528);
#9536=CARTESIAN_POINT('',(2.7E0,1.58E0,1.7E0));
#9537=DIRECTION('',(7.071067877092E-1,0.E0,7.071067746639E-1));
#9538=DIRECTION('',(7.071067746639E-1,0.E0,-7.071067877092E-1));
#9539=AXIS2_PLACEMENT_3D('',#9536,#9537,#9538);
#9540=SPHERICAL_SURFACE('',#9539,1.E-1);
#9542=ORIENTED_EDGE('',*,*,#9541,.F.);
#9543=ORIENTED_EDGE('',*,*,#9522,.F.);
#9545=ORIENTED_EDGE('',*,*,#9544,.T.);
#9546=EDGE_LOOP('',(#9542,#9543,#9545));
#9547=FACE_OUTER_BOUND('',#9546,.F.);
#9548=ADVANCED_FACE('',(#9547),#9540,.T.);
#9549=FILL_AREA_STYLE_COLOUR('',#7);
#9550=FILL_AREA_STYLE('',(#9549));
#9551=SURFACE_STYLE_FILL_AREA(#9550);
#9552=SURFACE_SIDE_STYLE('',(#9551));
#9553=SURFACE_STYLE_USAGE(.POSITIVE.,#9552);
#9554=PRESENTATION_STYLE_ASSIGNMENT((#9553));
#9555=STYLED_ITEM('',(#9554),#9548);
#9556=CARTESIAN_POINT('',(2.7E0,5.695088E0,1.7E0));
#9557=DIRECTION('',(0.E0,-1.E0,0.E0));
#9558=DIRECTION('',(0.E0,0.E0,-1.E0));
#9559=AXIS2_PLACEMENT_3D('',#9556,#9557,#9558);
#9560=CYLINDRICAL_SURFACE('',#9559,1.E-1);
#9561=ORIENTED_EDGE('',*,*,#9541,.T.);
#9563=ORIENTED_EDGE('',*,*,#9562,.T.);
#9564=ORIENTED_EDGE('',*,*,#5838,.T.);
#9565=ORIENTED_EDGE('',*,*,#9502,.F.);
#9566=EDGE_LOOP('',(#9561,#9563,#9564,#9565));
#9567=FACE_OUTER_BOUND('',#9566,.F.);
#9568=ADVANCED_FACE('',(#9567),#9560,.T.);
#9569=FILL_AREA_STYLE_COLOUR('',#7);
#9570=FILL_AREA_STYLE('',(#9569));
#9571=SURFACE_STYLE_FILL_AREA(#9570);
#9572=SURFACE_SIDE_STYLE('',(#9571));
#9573=SURFACE_STYLE_USAGE(.POSITIVE.,#9572);
#9574=PRESENTATION_STYLE_ASSIGNMENT((#9573));
#9575=STYLED_ITEM('',(#9574),#9568);
#9576=CARTESIAN_POINT('',(2.8E0,1.4E0,1.6E0));
#9577=DIRECTION('',(0.E0,0.E0,-1.E0));
#9578=DIRECTION('',(-1.E0,0.E0,0.E0));
#9579=AXIS2_PLACEMENT_3D('',#9576,#9577,#9578);
#9580=PLANE('',#9579);
#9582=ORIENTED_EDGE('',*,*,#9581,.T.);
#9584=ORIENTED_EDGE('',*,*,#9583,.F.);
#9585=ORIENTED_EDGE('',*,*,#5840,.F.);
#9586=ORIENTED_EDGE('',*,*,#9562,.F.);
#9587=EDGE_LOOP('',(#9582,#9584,#9585,#9586));
#9588=FACE_OUTER_BOUND('',#9587,.F.);
#9589=ADVANCED_FACE('',(#9588),#9580,.T.);
#9590=FILL_AREA_STYLE_COLOUR('',#7);
#9591=FILL_AREA_STYLE('',(#9590));
#9592=SURFACE_STYLE_FILL_AREA(#9591);
#9593=SURFACE_SIDE_STYLE('',(#9592));
#9594=SURFACE_STYLE_USAGE(.POSITIVE.,#9593);
#9595=PRESENTATION_STYLE_ASSIGNMENT((#9594));
#9596=STYLED_ITEM('',(#9595),#9589);
#9597=CARTESIAN_POINT('',(2.713880054114E0,1.58E0,1.7E0));
#9598=DIRECTION('',(-1.E0,0.E0,0.E0));
#9599=DIRECTION('',(0.E0,1.E0,0.E0));
#9600=AXIS2_PLACEMENT_3D('',#9597,#9598,#9599);
#9601=CYLINDRICAL_SURFACE('',#9600,1.E-1);
#9602=ORIENTED_EDGE('',*,*,#9290,.T.);
#9604=ORIENTED_EDGE('',*,*,#9603,.T.);
#9605=ORIENTED_EDGE('',*,*,#9581,.F.);
#9606=ORIENTED_EDGE('',*,*,#9544,.F.);
#9607=EDGE_LOOP('',(#9602,#9604,#9605,#9606));
#9608=FACE_OUTER_BOUND('',#9607,.F.);
#9609=ADVANCED_FACE('',(#9608),#9601,.T.);
#9610=FILL_AREA_STYLE_COLOUR('',#7);
#9611=FILL_AREA_STYLE('',(#9610));
#9612=SURFACE_STYLE_FILL_AREA(#9611);
#9613=SURFACE_SIDE_STYLE('',(#9612));
#9614=SURFACE_STYLE_USAGE(.POSITIVE.,#9613);
#9615=PRESENTATION_STYLE_ASSIGNMENT((#9614));
#9616=STYLED_ITEM('',(#9615),#9609);
#9617=CARTESIAN_POINT('',(1.6E0,1.58E0,1.5E0));
#9618=DIRECTION('',(0.E0,1.E0,0.E0));
#9619=DIRECTION('',(1.958987669844E-1,0.E0,9.806241242668E-1));
#9620=AXIS2_PLACEMENT_3D('',#9617,#9618,#9619);
#9621=TOROIDAL_SURFACE('',#9620,2.E-1,1.E-1);
#9622=ORIENTED_EDGE('',*,*,#9288,.T.);
#9624=ORIENTED_EDGE('',*,*,#9623,.T.);
#9626=ORIENTED_EDGE('',*,*,#9625,.F.);
#9627=ORIENTED_EDGE('',*,*,#9603,.F.);
#9628=EDGE_LOOP('',(#9622,#9624,#9626,#9627));
#9629=FACE_OUTER_BOUND('',#9628,.F.);
#9630=ADVANCED_FACE('',(#9629),#9621,.T.);
#9631=FILL_AREA_STYLE_COLOUR('',#7);
#9632=FILL_AREA_STYLE('',(#9631));
#9633=SURFACE_STYLE_FILL_AREA(#9632);
#9634=SURFACE_SIDE_STYLE('',(#9633));
#9635=SURFACE_STYLE_USAGE(.POSITIVE.,#9634);
#9636=PRESENTATION_STYLE_ASSIGNMENT((#9635));
#9637=STYLED_ITEM('',(#9636),#9630);
#9638=CARTESIAN_POINT('',(1.4E0,1.58E0,1.513880054114E0));
#9639=DIRECTION('',(0.E0,0.E0,-1.E0));
#9640=DIRECTION('',(0.E0,1.E0,0.E0));
#9641=AXIS2_PLACEMENT_3D('',#9638,#9639,#9640);
#9642=CYLINDRICAL_SURFACE('',#9641,1.E-1);
#9643=ORIENTED_EDGE('',*,*,#9286,.T.);
#9645=ORIENTED_EDGE('',*,*,#9644,.T.);
#9647=ORIENTED_EDGE('',*,*,#9646,.F.);
#9648=ORIENTED_EDGE('',*,*,#9623,.F.);
#9649=EDGE_LOOP('',(#9643,#9645,#9647,#9648));
#9650=FACE_OUTER_BOUND('',#9649,.F.);
#9651=ADVANCED_FACE('',(#9650),#9642,.T.);
#9652=FILL_AREA_STYLE_COLOUR('',#7);
#9653=FILL_AREA_STYLE('',(#9652));
#9654=SURFACE_STYLE_FILL_AREA(#9653);
#9655=SURFACE_SIDE_STYLE('',(#9654));
#9656=SURFACE_STYLE_USAGE(.POSITIVE.,#9655);
#9657=PRESENTATION_STYLE_ASSIGNMENT((#9656));
#9658=STYLED_ITEM('',(#9657),#9651);
#9659=CARTESIAN_POINT('',(1.6E0,1.58E0,-1.5E0));
#9660=DIRECTION('',(0.E0,1.E0,0.E0));
#9661=DIRECTION('',(-9.806241242668E-1,0.E0,1.958987669844E-1));
#9662=AXIS2_PLACEMENT_3D('',#9659,#9660,#9661);
#9663=TOROIDAL_SURFACE('',#9662,2.E-1,1.E-1);
#9664=ORIENTED_EDGE('',*,*,#9284,.T.);
#9666=ORIENTED_EDGE('',*,*,#9665,.T.);
#9668=ORIENTED_EDGE('',*,*,#9667,.F.);
#9669=ORIENTED_EDGE('',*,*,#9644,.F.);
#9670=EDGE_LOOP('',(#9664,#9666,#9668,#9669));
#9671=FACE_OUTER_BOUND('',#9670,.F.);
#9672=ADVANCED_FACE('',(#9671),#9663,.T.);
#9673=FILL_AREA_STYLE_COLOUR('',#7);
#9674=FILL_AREA_STYLE('',(#9673));
#9675=SURFACE_STYLE_FILL_AREA(#9674);
#9676=SURFACE_SIDE_STYLE('',(#9675));
#9677=SURFACE_STYLE_USAGE(.POSITIVE.,#9676);
#9678=PRESENTATION_STYLE_ASSIGNMENT((#9677));
#9679=STYLED_ITEM('',(#9678),#9672);
#9680=CARTESIAN_POINT('',(1.586119945886E0,1.58E0,-1.7E0));
#9681=DIRECTION('',(1.E0,0.E0,0.E0));
#9682=DIRECTION('',(0.E0,1.E0,0.E0));
#9683=AXIS2_PLACEMENT_3D('',#9680,#9681,#9682);
#9684=CYLINDRICAL_SURFACE('',#9683,1.E-1);
#9685=ORIENTED_EDGE('',*,*,#9282,.T.);
#9687=ORIENTED_EDGE('',*,*,#9686,.T.);
#9689=ORIENTED_EDGE('',*,*,#9688,.F.);
#9690=ORIENTED_EDGE('',*,*,#9665,.F.);
#9691=EDGE_LOOP('',(#9685,#9687,#9689,#9690));
#9692=FACE_OUTER_BOUND('',#9691,.F.);
#9693=ADVANCED_FACE('',(#9692),#9684,.T.);
#9694=FILL_AREA_STYLE_COLOUR('',#7);
#9695=FILL_AREA_STYLE('',(#9694));
#9696=SURFACE_STYLE_FILL_AREA(#9695);
#9697=SURFACE_SIDE_STYLE('',(#9696));
#9698=SURFACE_STYLE_USAGE(.POSITIVE.,#9697);
#9699=PRESENTATION_STYLE_ASSIGNMENT((#9698));
#9700=STYLED_ITEM('',(#9699),#9693);
#9701=CARTESIAN_POINT('',(2.7E0,1.58E0,-1.7E0));
#9702=DIRECTION('',(-7.071067746639E-1,0.E0,7.071067877092E-1));
#9703=DIRECTION('',(7.071067877092E-1,0.E0,7.071067746639E-1));
#9704=AXIS2_PLACEMENT_3D('',#9701,#9702,#9703);
#9705=SPHERICAL_SURFACE('',#9704,1.E-1);
#9707=ORIENTED_EDGE('',*,*,#9706,.F.);
#9708=ORIENTED_EDGE('',*,*,#9686,.F.);
#9710=ORIENTED_EDGE('',*,*,#9709,.T.);
#9711=EDGE_LOOP('',(#9707,#9708,#9710));
#9712=FACE_OUTER_BOUND('',#9711,.F.);
#9713=ADVANCED_FACE('',(#9712),#9705,.T.);
#9714=FILL_AREA_STYLE_COLOUR('',#7);
#9715=FILL_AREA_STYLE('',(#9714));
#9716=SURFACE_STYLE_FILL_AREA(#9715);
#9717=SURFACE_SIDE_STYLE('',(#9716));
#9718=SURFACE_STYLE_USAGE(.POSITIVE.,#9717);
#9719=PRESENTATION_STYLE_ASSIGNMENT((#9718));
#9720=STYLED_ITEM('',(#9719),#9713);
#9721=CARTESIAN_POINT('',(2.7E0,5.695088E0,-1.7E0));
#9722=DIRECTION('',(0.E0,-1.E0,0.E0));
#9723=DIRECTION('',(1.E0,0.E0,0.E0));
#9724=AXIS2_PLACEMENT_3D('',#9721,#9722,#9723);
#9725=CYLINDRICAL_SURFACE('',#9724,1.E-1);
#9726=ORIENTED_EDGE('',*,*,#9706,.T.);
#9728=ORIENTED_EDGE('',*,*,#9727,.T.);
#9729=ORIENTED_EDGE('',*,*,#5850,.T.);
#9731=ORIENTED_EDGE('',*,*,#9730,.F.);
#9732=EDGE_LOOP('',(#9726,#9728,#9729,#9731));
#9733=FACE_OUTER_BOUND('',#9732,.F.);
#9734=ADVANCED_FACE('',(#9733),#9725,.T.);
#9735=FILL_AREA_STYLE_COLOUR('',#7);
#9736=FILL_AREA_STYLE('',(#9735));
#9737=SURFACE_STYLE_FILL_AREA(#9736);
#9738=SURFACE_SIDE_STYLE('',(#9737));
#9739=SURFACE_STYLE_USAGE(.POSITIVE.,#9738);
#9740=PRESENTATION_STYLE_ASSIGNMENT((#9739));
#9741=STYLED_ITEM('',(#9740),#9734);
#9742=CARTESIAN_POINT('',(2.8E0,1.4E0,-1.6E0));
#9743=DIRECTION('',(1.E0,0.E0,0.E0));
#9744=DIRECTION('',(0.E0,0.E0,-1.E0));
#9745=AXIS2_PLACEMENT_3D('',#9742,#9743,#9744);
#9746=PLANE('',#9745);
#9748=ORIENTED_EDGE('',*,*,#9747,.T.);
#9750=ORIENTED_EDGE('',*,*,#9749,.T.);
#9751=ORIENTED_EDGE('',*,*,#5852,.F.);
#9752=ORIENTED_EDGE('',*,*,#9727,.F.);
#9753=EDGE_LOOP('',(#9748,#9750,#9751,#9752));
#9754=FACE_OUTER_BOUND('',#9753,.F.);
#9755=ADVANCED_FACE('',(#9754),#9746,.T.);
#9756=FILL_AREA_STYLE_COLOUR('',#7);
#9757=FILL_AREA_STYLE('',(#9756));
#9758=SURFACE_STYLE_FILL_AREA(#9757);
#9759=SURFACE_SIDE_STYLE('',(#9758));
#9760=SURFACE_STYLE_USAGE(.POSITIVE.,#9759);
#9761=PRESENTATION_STYLE_ASSIGNMENT((#9760));
#9762=STYLED_ITEM('',(#9761),#9755);
#9763=CARTESIAN_POINT('',(2.7E0,1.58E0,-1.686119945886E0));
#9764=DIRECTION('',(0.E0,0.E0,-1.E0));
#9765=DIRECTION('',(0.E0,1.E0,0.E0));
#9766=AXIS2_PLACEMENT_3D('',#9763,#9764,#9765);
#9767=CYLINDRICAL_SURFACE('',#9766,1.E-1);
#9768=ORIENTED_EDGE('',*,*,#9280,.T.);
#9770=ORIENTED_EDGE('',*,*,#9769,.T.);
#9771=ORIENTED_EDGE('',*,*,#9747,.F.);
#9772=ORIENTED_EDGE('',*,*,#9709,.F.);
#9773=EDGE_LOOP('',(#9768,#9770,#9771,#9772));
#9774=FACE_OUTER_BOUND('',#9773,.F.);
#9775=ADVANCED_FACE('',(#9774),#9767,.T.);
#9776=FILL_AREA_STYLE_COLOUR('',#7);
#9777=FILL_AREA_STYLE('',(#9776));
#9778=SURFACE_STYLE_FILL_AREA(#9777);
#9779=SURFACE_SIDE_STYLE('',(#9778));
#9780=SURFACE_STYLE_USAGE(.POSITIVE.,#9779);
#9781=PRESENTATION_STYLE_ASSIGNMENT((#9780));
#9782=STYLED_ITEM('',(#9781),#9775);
#9783=CARTESIAN_POINT('',(2.7E0,1.58E0,-2.3E0));
#9784=DIRECTION('',(7.071067877092E-1,0.E0,7.071067746639E-1));
#9785=DIRECTION('',(7.071067746639E-1,0.E0,-7.071067877092E-1));
#9786=AXIS2_PLACEMENT_3D('',#9783,#9784,#9785);
#9787=SPHERICAL_SURFACE('',#9786,1.E-1);
#9789=ORIENTED_EDGE('',*,*,#9788,.F.);
#9790=ORIENTED_EDGE('',*,*,#9769,.F.);
#9792=ORIENTED_EDGE('',*,*,#9791,.T.);
#9793=EDGE_LOOP('',(#9789,#9790,#9792));
#9794=FACE_OUTER_BOUND('',#9793,.F.);
#9795=ADVANCED_FACE('',(#9794),#9787,.T.);
#9796=FILL_AREA_STYLE_COLOUR('',#7);
#9797=FILL_AREA_STYLE('',(#9796));
#9798=SURFACE_STYLE_FILL_AREA(#9797);
#9799=SURFACE_SIDE_STYLE('',(#9798));
#9800=SURFACE_STYLE_USAGE(.POSITIVE.,#9799);
#9801=PRESENTATION_STYLE_ASSIGNMENT((#9800));
#9802=STYLED_ITEM('',(#9801),#9795);
#9803=CARTESIAN_POINT('',(2.7E0,5.695088E0,-2.3E0));
#9804=DIRECTION('',(0.E0,-1.E0,0.E0));
#9805=DIRECTION('',(0.E0,0.E0,-1.E0));
#9806=AXIS2_PLACEMENT_3D('',#9803,#9804,#9805);
#9807=CYLINDRICAL_SURFACE('',#9806,1.E-1);
#9808=ORIENTED_EDGE('',*,*,#9788,.T.);
#9810=ORIENTED_EDGE('',*,*,#9809,.T.);
#9811=ORIENTED_EDGE('',*,*,#5854,.T.);
#9812=ORIENTED_EDGE('',*,*,#9749,.F.);
#9813=EDGE_LOOP('',(#9808,#9810,#9811,#9812));
#9814=FACE_OUTER_BOUND('',#9813,.F.);
#9815=ADVANCED_FACE('',(#9814),#9807,.T.);
#9816=FILL_AREA_STYLE_COLOUR('',#7);
#9817=FILL_AREA_STYLE('',(#9816));
#9818=SURFACE_STYLE_FILL_AREA(#9817);
#9819=SURFACE_SIDE_STYLE('',(#9818));
#9820=SURFACE_STYLE_USAGE(.POSITIVE.,#9819);
#9821=PRESENTATION_STYLE_ASSIGNMENT((#9820));
#9822=STYLED_ITEM('',(#9821),#9815);
#9823=CARTESIAN_POINT('',(2.8E0,1.4E0,-2.4E0));
#9824=DIRECTION('',(0.E0,0.E0,-1.E0));
#9825=DIRECTION('',(-1.E0,0.E0,0.E0));
#9826=AXIS2_PLACEMENT_3D('',#9823,#9824,#9825);
#9827=PLANE('',#9826);
#9829=ORIENTED_EDGE('',*,*,#9828,.T.);
#9831=ORIENTED_EDGE('',*,*,#9830,.F.);
#9832=ORIENTED_EDGE('',*,*,#5856,.F.);
#9833=ORIENTED_EDGE('',*,*,#9809,.F.);
#9834=EDGE_LOOP('',(#9829,#9831,#9832,#9833));
#9835=FACE_OUTER_BOUND('',#9834,.F.);
#9836=ADVANCED_FACE('',(#9835),#9827,.T.);
#9837=FILL_AREA_STYLE_COLOUR('',#7);
#9838=FILL_AREA_STYLE('',(#9837));
#9839=SURFACE_STYLE_FILL_AREA(#9838);
#9840=SURFACE_SIDE_STYLE('',(#9839));
#9841=SURFACE_STYLE_USAGE(.POSITIVE.,#9840);
#9842=PRESENTATION_STYLE_ASSIGNMENT((#9841));
#9843=STYLED_ITEM('',(#9842),#9836);
#9844=CARTESIAN_POINT('',(2.713880054114E0,1.58E0,-2.3E0));
#9845=DIRECTION('',(-1.E0,0.E0,0.E0));
#9846=DIRECTION('',(0.E0,1.E0,0.E0));
#9847=AXIS2_PLACEMENT_3D('',#9844,#9845,#9846);
#9848=CYLINDRICAL_SURFACE('',#9847,1.E-1);
#9849=ORIENTED_EDGE('',*,*,#9278,.T.);
#9851=ORIENTED_EDGE('',*,*,#9850,.T.);
#9852=ORIENTED_EDGE('',*,*,#9828,.F.);
#9853=ORIENTED_EDGE('',*,*,#9791,.F.);
#9854=EDGE_LOOP('',(#9849,#9851,#9852,#9853));
#9855=FACE_OUTER_BOUND('',#9854,.F.);
#9856=ADVANCED_FACE('',(#9855),#9848,.T.);
#9857=FILL_AREA_STYLE_COLOUR('',#7);
#9858=FILL_AREA_STYLE('',(#9857));
#9859=SURFACE_STYLE_FILL_AREA(#9858);
#9860=SURFACE_SIDE_STYLE('',(#9859));
#9861=SURFACE_STYLE_USAGE(.POSITIVE.,#9860);
#9862=PRESENTATION_STYLE_ASSIGNMENT((#9861));
#9863=STYLED_ITEM('',(#9862),#9856);
#9864=CARTESIAN_POINT('',(1.6E0,1.58E0,-2.5E0));
#9865=DIRECTION('',(0.E0,1.E0,0.E0));
#9866=DIRECTION('',(1.958987669844E-1,0.E0,9.806241242668E-1));
#9867=AXIS2_PLACEMENT_3D('',#9864,#9865,#9866);
#9868=TOROIDAL_SURFACE('',#9867,2.E-1,1.E-1);
#9869=ORIENTED_EDGE('',*,*,#9276,.T.);
#9870=ORIENTED_EDGE('',*,*,#9252,.T.);
#9872=ORIENTED_EDGE('',*,*,#9871,.F.);
#9873=ORIENTED_EDGE('',*,*,#9850,.F.);
#9874=EDGE_LOOP('',(#9869,#9870,#9872,#9873));
#9875=FACE_OUTER_BOUND('',#9874,.F.);
#9876=ADVANCED_FACE('',(#9875),#9868,.T.);
#9877=FILL_AREA_STYLE_COLOUR('',#7);
#9878=FILL_AREA_STYLE('',(#9877));
#9879=SURFACE_STYLE_FILL_AREA(#9878);
#9880=SURFACE_SIDE_STYLE('',(#9879));
#9881=SURFACE_STYLE_USAGE(.POSITIVE.,#9880);
#9882=PRESENTATION_STYLE_ASSIGNMENT((#9881));
#9883=STYLED_ITEM('',(#9882),#9876);
#9884=CARTESIAN_POINT('',(1.6E0,-5.415088E0,-2.5E0));
#9885=DIRECTION('',(0.E0,1.E0,0.E0));
#9886=DIRECTION('',(-1.E0,0.E0,0.E0));
#9887=AXIS2_PLACEMENT_3D('',#9884,#9885,#9886);
#9888=CYLINDRICAL_SURFACE('',#9887,1.E-1);
#9889=ORIENTED_EDGE('',*,*,#9871,.T.);
#9891=ORIENTED_EDGE('',*,*,#9890,.F.);
#9892=ORIENTED_EDGE('',*,*,#5858,.T.);
#9893=ORIENTED_EDGE('',*,*,#9830,.T.);
#9894=EDGE_LOOP('',(#9889,#9891,#9892,#9893));
#9895=FACE_OUTER_BOUND('',#9894,.F.);
#9896=ADVANCED_FACE('',(#9895),#9888,.F.);
#9897=FILL_AREA_STYLE_COLOUR('',#7);
#9898=FILL_AREA_STYLE('',(#9897));
#9899=SURFACE_STYLE_FILL_AREA(#9898);
#9900=SURFACE_SIDE_STYLE('',(#9899));
#9901=SURFACE_STYLE_USAGE(.POSITIVE.,#9900);
#9902=PRESENTATION_STYLE_ASSIGNMENT((#9901));
#9903=STYLED_ITEM('',(#9902),#9896);
#9904=CARTESIAN_POINT('',(1.5E0,1.4E0,-2.4E0));
#9905=DIRECTION('',(1.E0,0.E0,0.E0));
#9906=DIRECTION('',(0.E0,0.E0,-1.E0));
#9907=AXIS2_PLACEMENT_3D('',#9904,#9905,#9906);
#9908=PLANE('',#9907);
#9909=ORIENTED_EDGE('',*,*,#9250,.T.);
#9910=ORIENTED_EDGE('',*,*,#9210,.T.);
#9911=ORIENTED_EDGE('',*,*,#5860,.T.);
#9912=ORIENTED_EDGE('',*,*,#9890,.T.);
#9913=EDGE_LOOP('',(#9909,#9910,#9911,#9912));
#9914=FACE_OUTER_BOUND('',#9913,.F.);
#9915=ADVANCED_FACE('',(#9914),#9908,.T.);
#9916=FILL_AREA_STYLE_COLOUR('',#7);
#9917=FILL_AREA_STYLE('',(#9916));
#9918=SURFACE_STYLE_FILL_AREA(#9917);
#9919=SURFACE_SIDE_STYLE('',(#9918));
#9920=SURFACE_STYLE_USAGE(.POSITIVE.,#9919);
#9921=PRESENTATION_STYLE_ASSIGNMENT((#9920));
#9922=STYLED_ITEM('',(#9921),#9915);
#9923=CARTESIAN_POINT('',(1.5E0,1.4E0,-1.6E0));
#9924=DIRECTION('',(0.E0,0.E0,1.E0));
#9925=DIRECTION('',(1.E0,0.E0,0.E0));
#9926=AXIS2_PLACEMENT_3D('',#9923,#9924,#9925);
#9927=PLANE('',#9926);
#9928=ORIENTED_EDGE('',*,*,#9688,.T.);
#9929=ORIENTED_EDGE('',*,*,#9730,.T.);
#9930=ORIENTED_EDGE('',*,*,#5848,.F.);
#9932=ORIENTED_EDGE('',*,*,#9931,.T.);
#9933=EDGE_LOOP('',(#9928,#9929,#9930,#9932));
#9934=FACE_OUTER_BOUND('',#9933,.F.);
#9935=ADVANCED_FACE('',(#9934),#9927,.T.);
#9936=FILL_AREA_STYLE_COLOUR('',#7);
#9937=FILL_AREA_STYLE('',(#9936));
#9938=SURFACE_STYLE_FILL_AREA(#9937);
#9939=SURFACE_SIDE_STYLE('',(#9938));
#9940=SURFACE_STYLE_USAGE(.POSITIVE.,#9939);
#9941=PRESENTATION_STYLE_ASSIGNMENT((#9940));
#9942=STYLED_ITEM('',(#9941),#9935);
#9943=CARTESIAN_POINT('',(1.6E0,-5.415088E0,-1.5E0));
#9944=DIRECTION('',(0.E0,1.E0,0.E0));
#9945=DIRECTION('',(0.E0,0.E0,-1.E0));
#9946=AXIS2_PLACEMENT_3D('',#9943,#9944,#9945);
#9947=CYLINDRICAL_SURFACE('',#9946,1.E-1);
#9948=ORIENTED_EDGE('',*,*,#9667,.T.);
#9949=ORIENTED_EDGE('',*,*,#9931,.F.);
#9950=ORIENTED_EDGE('',*,*,#5846,.T.);
#9952=ORIENTED_EDGE('',*,*,#9951,.T.);
#9953=EDGE_LOOP('',(#9948,#9949,#9950,#9952));
#9954=FACE_OUTER_BOUND('',#9953,.F.);
#9955=ADVANCED_FACE('',(#9954),#9947,.F.);
#9956=FILL_AREA_STYLE_COLOUR('',#7);
#9957=FILL_AREA_STYLE('',(#9956));
#9958=SURFACE_STYLE_FILL_AREA(#9957);
#9959=SURFACE_SIDE_STYLE('',(#9958));
#9960=SURFACE_STYLE_USAGE(.POSITIVE.,#9959);
#9961=PRESENTATION_STYLE_ASSIGNMENT((#9960));
#9962=STYLED_ITEM('',(#9961),#9955);
#9963=CARTESIAN_POINT('',(1.5E0,1.4E0,1.6E0));
#9964=DIRECTION('',(1.E0,0.E0,0.E0));
#9965=DIRECTION('',(0.E0,0.E0,-1.E0));
#9966=AXIS2_PLACEMENT_3D('',#9963,#9964,#9965);
#9967=PLANE('',#9966);
#9968=ORIENTED_EDGE('',*,*,#9646,.T.);
#9969=ORIENTED_EDGE('',*,*,#9951,.F.);
#9970=ORIENTED_EDGE('',*,*,#5844,.F.);
#9972=ORIENTED_EDGE('',*,*,#9971,.T.);
#9973=EDGE_LOOP('',(#9968,#9969,#9970,#9972));
#9974=FACE_OUTER_BOUND('',#9973,.F.);
#9975=ADVANCED_FACE('',(#9974),#9967,.T.);
#9976=FILL_AREA_STYLE_COLOUR('',#7);
#9977=FILL_AREA_STYLE('',(#9976));
#9978=SURFACE_STYLE_FILL_AREA(#9977);
#9979=SURFACE_SIDE_STYLE('',(#9978));
#9980=SURFACE_STYLE_USAGE(.POSITIVE.,#9979);
#9981=PRESENTATION_STYLE_ASSIGNMENT((#9980));
#9982=STYLED_ITEM('',(#9981),#9975);
#9983=CARTESIAN_POINT('',(1.6E0,-5.415088E0,1.5E0));
#9984=DIRECTION('',(0.E0,1.E0,0.E0));
#9985=DIRECTION('',(-1.E0,0.E0,0.E0));
#9986=AXIS2_PLACEMENT_3D('',#9983,#9984,#9985);
#9987=CYLINDRICAL_SURFACE('',#9986,1.E-1);
#9988=ORIENTED_EDGE('',*,*,#9625,.T.);
#9989=ORIENTED_EDGE('',*,*,#9971,.F.);
#9990=ORIENTED_EDGE('',*,*,#5842,.T.);
#9991=ORIENTED_EDGE('',*,*,#9583,.T.);
#9992=EDGE_LOOP('',(#9988,#9989,#9990,#9991));
#9993=FACE_OUTER_BOUND('',#9992,.F.);
#9994=ADVANCED_FACE('',(#9993),#9987,.F.);
#9995=FILL_AREA_STYLE_COLOUR('',#7);
#9996=FILL_AREA_STYLE('',(#9995));
#9997=SURFACE_STYLE_FILL_AREA(#9996);
#9998=SURFACE_SIDE_STYLE('',(#9997));
#9999=SURFACE_STYLE_USAGE(.POSITIVE.,#9998);
#10000=PRESENTATION_STYLE_ASSIGNMENT((#9999));
#10001=STYLED_ITEM('',(#10000),#9994);
#10002=CARTESIAN_POINT('',(1.5E0,1.4E0,2.4E0));
#10003=DIRECTION('',(0.E0,0.E0,1.E0));
#10004=DIRECTION('',(1.E0,0.E0,0.E0));
#10005=AXIS2_PLACEMENT_3D('',#10002,#10003,#10004);
#10006=PLANE('',#10005);
#10007=ORIENTED_EDGE('',*,*,#9441,.T.);
#10008=ORIENTED_EDGE('',*,*,#9483,.T.);
#10009=ORIENTED_EDGE('',*,*,#5832,.F.);
#10011=ORIENTED_EDGE('',*,*,#10010,.T.);
#10012=EDGE_LOOP('',(#10007,#10008,#10009,#10011));
#10013=FACE_OUTER_BOUND('',#10012,.F.);
#10014=ADVANCED_FACE('',(#10013),#10006,.T.);
#10015=FILL_AREA_STYLE_COLOUR('',#7);
#10016=FILL_AREA_STYLE('',(#10015));
#10017=SURFACE_STYLE_FILL_AREA(#10016);
#10018=SURFACE_SIDE_STYLE('',(#10017));
#10019=SURFACE_STYLE_USAGE(.POSITIVE.,#10018);
#10020=PRESENTATION_STYLE_ASSIGNMENT((#10019));
#10021=STYLED_ITEM('',(#10020),#10014);
#10022=CARTESIAN_POINT('',(1.6E0,-5.415088E0,2.5E0));
#10023=DIRECTION('',(0.E0,1.E0,0.E0));
#10024=DIRECTION('',(0.E0,0.E0,-1.E0));
#10025=AXIS2_PLACEMENT_3D('',#10022,#10023,#10024);
#10026=CYLINDRICAL_SURFACE('',#10025,1.E-1);
#10027=ORIENTED_EDGE('',*,*,#9420,.T.);
#10028=ORIENTED_EDGE('',*,*,#10010,.F.);
#10029=ORIENTED_EDGE('',*,*,#5830,.T.);
#10030=ORIENTED_EDGE('',*,*,#9378,.T.);
#10031=EDGE_LOOP('',(#10027,#10028,#10029,#10030));
#10032=FACE_OUTER_BOUND('',#10031,.F.);
#10033=ADVANCED_FACE('',(#10032),#10026,.F.);
#10034=FILL_AREA_STYLE_COLOUR('',#7);
#10035=FILL_AREA_STYLE('',(#10034));
#10036=SURFACE_STYLE_FILL_AREA(#10035);
#10037=SURFACE_SIDE_STYLE('',(#10036));
#10038=SURFACE_STYLE_USAGE(.POSITIVE.,#10037);
#10039=PRESENTATION_STYLE_ASSIGNMENT((#10038));
#10040=STYLED_ITEM('',(#10039),#10033);
#10041=CARTESIAN_POINT('',(8.E-1,1.58E0,2.9E0));
#10042=DIRECTION('',(-7.071067877092E-1,0.E0,-7.071067746639E-1));
#10043=DIRECTION('',(-7.071067746639E-1,0.E0,7.071067877092E-1));
#10044=AXIS2_PLACEMENT_3D('',#10041,#10042,#10043);
#10045=SPHERICAL_SURFACE('',#10044,1.E-1);
#10047=ORIENTED_EDGE('',*,*,#10046,.F.);
#10049=ORIENTED_EDGE('',*,*,#10048,.F.);
#10050=ORIENTED_EDGE('',*,*,#9319,.T.);
#10051=EDGE_LOOP('',(#10047,#10049,#10050));
#10052=FACE_OUTER_BOUND('',#10051,.F.);
#10053=ADVANCED_FACE('',(#10052),#10045,.T.);
#10054=FILL_AREA_STYLE_COLOUR('',#7);
#10055=FILL_AREA_STYLE('',(#10054));
#10056=SURFACE_STYLE_FILL_AREA(#10055);
#10057=SURFACE_SIDE_STYLE('',(#10056));
#10058=SURFACE_STYLE_USAGE(.POSITIVE.,#10057);
#10059=PRESENTATION_STYLE_ASSIGNMENT((#10058));
#10060=STYLED_ITEM('',(#10059),#10053);
#10061=CARTESIAN_POINT('',(8.E-1,5.695088E0,2.9E0));
#10062=DIRECTION('',(0.E0,-1.E0,0.E0));
#10063=DIRECTION('',(0.E0,0.E0,1.E0));
#10064=AXIS2_PLACEMENT_3D('',#10061,#10062,#10063);
#10065=CYLINDRICAL_SURFACE('',#10064,1.E-1);
#10066=ORIENTED_EDGE('',*,*,#10046,.T.);
#10067=ORIENTED_EDGE('',*,*,#5958,.T.);
#10068=ORIENTED_EDGE('',*,*,#5785,.T.);
#10070=ORIENTED_EDGE('',*,*,#10069,.F.);
#10071=EDGE_LOOP('',(#10066,#10067,#10068,#10070));
#10072=FACE_OUTER_BOUND('',#10071,.F.);
#10073=ADVANCED_FACE('',(#10072),#10065,.T.);
#10074=FILL_AREA_STYLE_COLOUR('',#7);
#10075=FILL_AREA_STYLE('',(#10074));
#10076=SURFACE_STYLE_FILL_AREA(#10075);
#10077=SURFACE_SIDE_STYLE('',(#10076));
#10078=SURFACE_STYLE_USAGE(.POSITIVE.,#10077);
#10079=PRESENTATION_STYLE_ASSIGNMENT((#10078));
#10080=STYLED_ITEM('',(#10079),#10073);
#10081=CARTESIAN_POINT('',(7.E-1,1.4E0,-3.E0));
#10082=DIRECTION('',(-1.E0,0.E0,0.E0));
#10083=DIRECTION('',(0.E0,0.E0,1.E0));
#10084=AXIS2_PLACEMENT_3D('',#10081,#10082,#10083);
#10085=PLANE('',#10084);
#10087=ORIENTED_EDGE('',*,*,#10086,.T.);
#10088=ORIENTED_EDGE('',*,*,#10069,.T.);
#10089=ORIENTED_EDGE('',*,*,#5783,.F.);
#10091=ORIENTED_EDGE('',*,*,#10090,.F.);
#10092=EDGE_LOOP('',(#10087,#10088,#10089,#10091));
#10093=FACE_OUTER_BOUND('',#10092,.F.);
#10094=ADVANCED_FACE('',(#10093),#10085,.T.);
#10095=FILL_AREA_STYLE_COLOUR('',#7);
#10096=FILL_AREA_STYLE('',(#10095));
#10097=SURFACE_STYLE_FILL_AREA(#10096);
#10098=SURFACE_SIDE_STYLE('',(#10097));
#10099=SURFACE_STYLE_USAGE(.POSITIVE.,#10098);
#10100=PRESENTATION_STYLE_ASSIGNMENT((#10099));
#10101=STYLED_ITEM('',(#10100),#10094);
#10102=CARTESIAN_POINT('',(8.E-1,1.58E0,-2.913880054114E0));
#10103=DIRECTION('',(0.E0,0.E0,1.E0));
#10104=DIRECTION('',(0.E0,1.E0,0.E0));
#10105=AXIS2_PLACEMENT_3D('',#10102,#10103,#10104);
#10106=CYLINDRICAL_SURFACE('',#10105,1.E-1);
#10107=ORIENTED_EDGE('',*,*,#9271,.T.);
#10108=ORIENTED_EDGE('',*,*,#10048,.T.);
#10109=ORIENTED_EDGE('',*,*,#10086,.F.);
#10111=ORIENTED_EDGE('',*,*,#10110,.F.);
#10112=EDGE_LOOP('',(#10107,#10108,#10109,#10111));
#10113=FACE_OUTER_BOUND('',#10112,.F.);
#10114=ADVANCED_FACE('',(#10113),#10106,.T.);
#10115=FILL_AREA_STYLE_COLOUR('',#7);
#10116=FILL_AREA_STYLE('',(#10115));
#10117=SURFACE_STYLE_FILL_AREA(#10116);
#10118=SURFACE_SIDE_STYLE('',(#10117));
#10119=SURFACE_STYLE_USAGE(.POSITIVE.,#10118);
#10120=PRESENTATION_STYLE_ASSIGNMENT((#10119));
#10121=STYLED_ITEM('',(#10120),#10114);
#10122=CARTESIAN_POINT('',(8.E-1,1.58E0,-2.9E0));
#10123=DIRECTION('',(7.071067746639E-1,0.E0,-7.071067877092E-1));
#10124=DIRECTION('',(-7.071067877092E-1,0.E0,-7.071067746639E-1));
#10125=AXIS2_PLACEMENT_3D('',#10122,#10123,#10124);
#10126=SPHERICAL_SURFACE('',#10125,1.E-1);
#10128=ORIENTED_EDGE('',*,*,#10127,.F.);
#10130=ORIENTED_EDGE('',*,*,#10129,.F.);
#10131=ORIENTED_EDGE('',*,*,#10110,.T.);
#10132=EDGE_LOOP('',(#10128,#10130,#10131));
#10133=FACE_OUTER_BOUND('',#10132,.F.);
#10134=ADVANCED_FACE('',(#10133),#10126,.T.);
#10135=FILL_AREA_STYLE_COLOUR('',#7);
#10136=FILL_AREA_STYLE('',(#10135));
#10137=SURFACE_STYLE_FILL_AREA(#10136);
#10138=SURFACE_SIDE_STYLE('',(#10137));
#10139=SURFACE_STYLE_USAGE(.POSITIVE.,#10138);
#10140=PRESENTATION_STYLE_ASSIGNMENT((#10139));
#10141=STYLED_ITEM('',(#10140),#10134);
#10142=CARTESIAN_POINT('',(8.E-1,5.695088E0,-2.9E0));
#10143=DIRECTION('',(0.E0,-1.E0,0.E0));
#10144=DIRECTION('',(-1.E0,0.E0,0.E0));
#10145=AXIS2_PLACEMENT_3D('',#10142,#10143,#10144);
#10146=CYLINDRICAL_SURFACE('',#10145,1.E-1);
#10147=ORIENTED_EDGE('',*,*,#10127,.T.);
#10148=ORIENTED_EDGE('',*,*,#10090,.T.);
#10149=ORIENTED_EDGE('',*,*,#5781,.T.);
#10150=ORIENTED_EDGE('',*,*,#6885,.F.);
#10151=EDGE_LOOP('',(#10147,#10148,#10149,#10150));
#10152=FACE_OUTER_BOUND('',#10151,.F.);
#10153=ADVANCED_FACE('',(#10152),#10146,.T.);
#10154=FILL_AREA_STYLE_COLOUR('',#7);
#10155=FILL_AREA_STYLE('',(#10154));
#10156=SURFACE_STYLE_FILL_AREA(#10155);
#10157=SURFACE_SIDE_STYLE('',(#10156));
#10158=SURFACE_STYLE_USAGE(.POSITIVE.,#10157);
#10159=PRESENTATION_STYLE_ASSIGNMENT((#10158));
#10160=STYLED_ITEM('',(#10159),#10153);
#10161=CARTESIAN_POINT('',(2.813346039234E0,1.58E0,-2.9E0));
#10162=DIRECTION('',(-1.E0,0.E0,0.E0));
#10163=DIRECTION('',(0.E0,1.E0,0.E0));
#10164=AXIS2_PLACEMENT_3D('',#10161,#10162,#10163);
#10165=CYLINDRICAL_SURFACE('',#10164,1.E-1);
#10166=ORIENTED_EDGE('',*,*,#9273,.T.);
#10167=ORIENTED_EDGE('',*,*,#10129,.T.);
#10168=ORIENTED_EDGE('',*,*,#6883,.F.);
#10169=ORIENTED_EDGE('',*,*,#9230,.F.);
#10170=EDGE_LOOP('',(#10166,#10167,#10168,#10169));
#10171=FACE_OUTER_BOUND('',#10170,.F.);
#10172=ADVANCED_FACE('',(#10171),#10165,.T.);
#10173=FILL_AREA_STYLE_COLOUR('',#7);
#10174=FILL_AREA_STYLE('',(#10173));
#10175=SURFACE_STYLE_FILL_AREA(#10174);
#10176=SURFACE_SIDE_STYLE('',(#10175));
#10177=SURFACE_STYLE_USAGE(.POSITIVE.,#10176);
#10178=PRESENTATION_STYLE_ASSIGNMENT((#10177));
#10179=STYLED_ITEM('',(#10178),#10172);
#10180=CARTESIAN_POINT('',(-8.E-1,-5.415088E0,-2.9E0));
#10181=DIRECTION('',(0.E0,1.E0,0.E0));
#10182=DIRECTION('',(1.E0,0.E0,0.E0));
#10183=AXIS2_PLACEMENT_3D('',#10180,#10181,#10182);
#10184=CYLINDRICAL_SURFACE('',#10183,1.E-1);
#10186=ORIENTED_EDGE('',*,*,#10185,.T.);
#10187=ORIENTED_EDGE('',*,*,#6888,.F.);
#10188=ORIENTED_EDGE('',*,*,#5777,.T.);
#10190=ORIENTED_EDGE('',*,*,#10189,.T.);
#10191=EDGE_LOOP('',(#10186,#10187,#10188,#10190));
#10192=FACE_OUTER_BOUND('',#10191,.F.);
#10193=ADVANCED_FACE('',(#10192),#10184,.T.);
#10194=FILL_AREA_STYLE_COLOUR('',#7);
#10195=FILL_AREA_STYLE('',(#10194));
#10196=SURFACE_STYLE_FILL_AREA(#10195);
#10197=SURFACE_SIDE_STYLE('',(#10196));
#10198=SURFACE_STYLE_USAGE(.POSITIVE.,#10197);
#10199=PRESENTATION_STYLE_ASSIGNMENT((#10198));
#10200=STYLED_ITEM('',(#10199),#10193);
#10201=CARTESIAN_POINT('',(-8.E-1,1.58E0,-2.9E0));
#10202=DIRECTION('',(7.071067746639E-1,0.E0,7.071067877092E-1));
#10203=DIRECTION('',(7.071067877092E-1,0.E0,-7.071067746639E-1));
#10204=AXIS2_PLACEMENT_3D('',#10201,#10202,#10203);
#10205=SPHERICAL_SURFACE('',#10204,1.E-1);
#10206=ORIENTED_EDGE('',*,*,#10185,.F.);
#10208=ORIENTED_EDGE('',*,*,#10207,.F.);
#10209=ORIENTED_EDGE('',*,*,#6082,.T.);
#10210=EDGE_LOOP('',(#10206,#10208,#10209));
#10211=FACE_OUTER_BOUND('',#10210,.F.);
#10212=ADVANCED_FACE('',(#10211),#10205,.T.);
#10213=FILL_AREA_STYLE_COLOUR('',#7);
#10214=FILL_AREA_STYLE('',(#10213));
#10215=SURFACE_STYLE_FILL_AREA(#10214);
#10216=SURFACE_SIDE_STYLE('',(#10215));
#10217=SURFACE_STYLE_USAGE(.POSITIVE.,#10216);
#10218=PRESENTATION_STYLE_ASSIGNMENT((#10217));
#10219=STYLED_ITEM('',(#10218),#10212);
#10220=CARTESIAN_POINT('',(-8.E-1,1.58E0,2.919717389187E0));
#10221=DIRECTION('',(0.E0,0.E0,-1.E0));
#10222=DIRECTION('',(0.E0,1.E0,0.E0));
#10223=AXIS2_PLACEMENT_3D('',#10220,#10221,#10222);
#10224=CYLINDRICAL_SURFACE('',#10223,1.E-1);
#10225=ORIENTED_EDGE('',*,*,#6033,.T.);
#10226=ORIENTED_EDGE('',*,*,#10207,.T.);
#10228=ORIENTED_EDGE('',*,*,#10227,.F.);
#10230=ORIENTED_EDGE('',*,*,#10229,.F.);
#10231=EDGE_LOOP('',(#10225,#10226,#10228,#10230));
#10232=FACE_OUTER_BOUND('',#10231,.F.);
#10233=ADVANCED_FACE('',(#10232),#10224,.T.);
#10234=FILL_AREA_STYLE_COLOUR('',#7);
#10235=FILL_AREA_STYLE('',(#10234));
#10236=SURFACE_STYLE_FILL_AREA(#10235);
#10237=SURFACE_SIDE_STYLE('',(#10236));
#10238=SURFACE_STYLE_USAGE(.POSITIVE.,#10237);
#10239=PRESENTATION_STYLE_ASSIGNMENT((#10238));
#10240=STYLED_ITEM('',(#10239),#10233);
#10241=CARTESIAN_POINT('',(-7.E-1,1.4E0,-3.E0));
#10242=DIRECTION('',(-1.E0,0.E0,0.E0));
#10243=DIRECTION('',(0.E0,0.E0,1.E0));
#10244=AXIS2_PLACEMENT_3D('',#10241,#10242,#10243);
#10245=PLANE('',#10244);
#10246=ORIENTED_EDGE('',*,*,#10227,.T.);
#10247=ORIENTED_EDGE('',*,*,#10189,.F.);
#10248=ORIENTED_EDGE('',*,*,#5775,.T.);
#10250=ORIENTED_EDGE('',*,*,#10249,.T.);
#10251=EDGE_LOOP('',(#10246,#10247,#10248,#10250));
#10252=FACE_OUTER_BOUND('',#10251,.F.);
#10253=ADVANCED_FACE('',(#10252),#10245,.F.);
#10254=FILL_AREA_STYLE_COLOUR('',#7);
#10255=FILL_AREA_STYLE('',(#10254));
#10256=SURFACE_STYLE_FILL_AREA(#10255);
#10257=SURFACE_SIDE_STYLE('',(#10256));
#10258=SURFACE_STYLE_USAGE(.POSITIVE.,#10257);
#10259=PRESENTATION_STYLE_ASSIGNMENT((#10258));
#10260=STYLED_ITEM('',(#10259),#10253);
#10261=CARTESIAN_POINT('',(-8.E-1,-5.415088E0,2.9E0));
#10262=DIRECTION('',(0.E0,1.E0,0.E0));
#10263=DIRECTION('',(0.E0,0.E0,1.E0));
#10264=AXIS2_PLACEMENT_3D('',#10261,#10262,#10263);
#10265=CYLINDRICAL_SURFACE('',#10264,1.E-1);
#10267=ORIENTED_EDGE('',*,*,#10266,.T.);
#10268=ORIENTED_EDGE('',*,*,#10249,.F.);
#10269=ORIENTED_EDGE('',*,*,#5773,.T.);
#10270=ORIENTED_EDGE('',*,*,#5955,.T.);
#10271=EDGE_LOOP('',(#10267,#10268,#10269,#10270));
#10272=FACE_OUTER_BOUND('',#10271,.F.);
#10273=ADVANCED_FACE('',(#10272),#10265,.T.);
#10274=FILL_AREA_STYLE_COLOUR('',#7);
#10275=FILL_AREA_STYLE('',(#10274));
#10276=SURFACE_STYLE_FILL_AREA(#10275);
#10277=SURFACE_SIDE_STYLE('',(#10276));
#10278=SURFACE_STYLE_USAGE(.POSITIVE.,#10277);
#10279=PRESENTATION_STYLE_ASSIGNMENT((#10278));
#10280=STYLED_ITEM('',(#10279),#10273);
#10281=CARTESIAN_POINT('',(-8.E-1,1.58E0,2.9E0));
#10282=DIRECTION('',(-7.071067877092E-1,0.E0,7.071067746639E-1));
#10283=DIRECTION('',(7.071067746639E-1,0.E0,7.071067877092E-1));
#10284=AXIS2_PLACEMENT_3D('',#10281,#10282,#10283);
#10285=SPHERICAL_SURFACE('',#10284,1.E-1);
#10286=ORIENTED_EDGE('',*,*,#10266,.F.);
#10287=ORIENTED_EDGE('',*,*,#6011,.F.);
#10288=ORIENTED_EDGE('',*,*,#10229,.T.);
#10289=EDGE_LOOP('',(#10286,#10287,#10288));
#10290=FACE_OUTER_BOUND('',#10289,.F.);
#10291=ADVANCED_FACE('',(#10290),#10285,.T.);
#10292=FILL_AREA_STYLE_COLOUR('',#7);
#10293=FILL_AREA_STYLE('',(#10292));
#10294=SURFACE_STYLE_FILL_AREA(#10293);
#10295=SURFACE_SIDE_STYLE('',(#10294));
#10296=SURFACE_STYLE_USAGE(.POSITIVE.,#10295);
#10297=PRESENTATION_STYLE_ASSIGNMENT((#10296));
#10298=STYLED_ITEM('',(#10297),#10291);
#10299=CARTESIAN_POINT('',(-2.65E0,5.05E-1,3.E0));
#10300=DIRECTION('',(0.E0,-1.E0,0.E0));
#10301=DIRECTION('',(1.E0,0.E0,0.E0));
#10302=AXIS2_PLACEMENT_3D('',#10299,#10300,#10301);
#10303=PLANE('',#10302);
#10304=ORIENTED_EDGE('',*,*,#6892,.T.);
#10306=ORIENTED_EDGE('',*,*,#10305,.F.);
#10307=ORIENTED_EDGE('',*,*,#5976,.F.);
#10309=ORIENTED_EDGE('',*,*,#10308,.T.);
#10310=EDGE_LOOP('',(#10304,#10306,#10307,#10309));
#10311=FACE_OUTER_BOUND('',#10310,.F.);
#10312=ADVANCED_FACE('',(#10311),#10303,.F.);
#10313=FILL_AREA_STYLE_COLOUR('',#7);
#10314=FILL_AREA_STYLE('',(#10313));
#10315=SURFACE_STYLE_FILL_AREA(#10314);
#10316=SURFACE_SIDE_STYLE('',(#10315));
#10317=SURFACE_STYLE_USAGE(.POSITIVE.,#10316);
#10318=PRESENTATION_STYLE_ASSIGNMENT((#10317));
#10319=STYLED_ITEM('',(#10318),#10312);
#10320=CARTESIAN_POINT('',(-1.85E0,5.05E-1,3.E0));
#10321=DIRECTION('',(1.E0,0.E0,0.E0));
#10322=DIRECTION('',(0.E0,1.E0,0.E0));
#10323=AXIS2_PLACEMENT_3D('',#10320,#10321,#10322);
#10324=PLANE('',#10323);
#10325=ORIENTED_EDGE('',*,*,#6898,.T.);
#10327=ORIENTED_EDGE('',*,*,#10326,.F.);
#10328=ORIENTED_EDGE('',*,*,#5978,.F.);
#10329=ORIENTED_EDGE('',*,*,#10305,.T.);
#10330=EDGE_LOOP('',(#10325,#10327,#10328,#10329));
#10331=FACE_OUTER_BOUND('',#10330,.F.);
#10332=ADVANCED_FACE('',(#10331),#10324,.F.);
#10333=FILL_AREA_STYLE_COLOUR('',#7);
#10334=FILL_AREA_STYLE('',(#10333));
#10335=SURFACE_STYLE_FILL_AREA(#10334);
#10336=SURFACE_SIDE_STYLE('',(#10335));
#10337=SURFACE_STYLE_USAGE(.POSITIVE.,#10336);
#10338=PRESENTATION_STYLE_ASSIGNMENT((#10337));
#10339=STYLED_ITEM('',(#10338),#10332);
#10340=CARTESIAN_POINT('',(-1.85E0,8.55E-1,3.E0));
#10341=DIRECTION('',(0.E0,1.E0,0.E0));
#10342=DIRECTION('',(-1.E0,0.E0,0.E0));
#10343=AXIS2_PLACEMENT_3D('',#10340,#10341,#10342);
#10344=PLANE('',#10343);
#10345=ORIENTED_EDGE('',*,*,#6896,.F.);
#10347=ORIENTED_EDGE('',*,*,#10346,.F.);
#10348=ORIENTED_EDGE('',*,*,#5980,.T.);
#10349=ORIENTED_EDGE('',*,*,#10326,.T.);
#10350=EDGE_LOOP('',(#10345,#10347,#10348,#10349));
#10351=FACE_OUTER_BOUND('',#10350,.F.);
#10352=ADVANCED_FACE('',(#10351),#10344,.F.);
#10353=FILL_AREA_STYLE_COLOUR('',#7);
#10354=FILL_AREA_STYLE('',(#10353));
#10355=SURFACE_STYLE_FILL_AREA(#10354);
#10356=SURFACE_SIDE_STYLE('',(#10355));
#10357=SURFACE_STYLE_USAGE(.POSITIVE.,#10356);
#10358=PRESENTATION_STYLE_ASSIGNMENT((#10357));
#10359=STYLED_ITEM('',(#10358),#10352);
#10360=CARTESIAN_POINT('',(-2.65E0,8.55E-1,3.E0));
#10361=DIRECTION('',(-1.E0,0.E0,0.E0));
#10362=DIRECTION('',(0.E0,-1.E0,0.E0));
#10363=AXIS2_PLACEMENT_3D('',#10360,#10361,#10362);
#10364=PLANE('',#10363);
#10365=ORIENTED_EDGE('',*,*,#10308,.F.);
#10366=ORIENTED_EDGE('',*,*,#5982,.F.);
#10367=ORIENTED_EDGE('',*,*,#10346,.T.);
#10368=ORIENTED_EDGE('',*,*,#6894,.T.);
#10369=EDGE_LOOP('',(#10365,#10366,#10367,#10368));
#10370=FACE_OUTER_BOUND('',#10369,.F.);
#10371=ADVANCED_FACE('',(#10370),#10364,.F.);
#10372=FILL_AREA_STYLE_COLOUR('',#7);
#10373=FILL_AREA_STYLE('',(#10372));
#10374=SURFACE_STYLE_FILL_AREA(#10373);
#10375=SURFACE_SIDE_STYLE('',(#10374));
#10376=SURFACE_STYLE_USAGE(.POSITIVE.,#10375);
#10377=PRESENTATION_STYLE_ASSIGNMENT((#10376));
#10378=STYLED_ITEM('',(#10377),#10371);
#10379=CARTESIAN_POINT('',(2.65E0,8.55E-1,3.E0));
#10380=DIRECTION('',(0.E0,1.E0,0.E0));
#10381=DIRECTION('',(-1.E0,0.E0,0.E0));
#10382=AXIS2_PLACEMENT_3D('',#10379,#10380,#10381);
#10383=PLANE('',#10382);
#10384=ORIENTED_EDGE('',*,*,#6902,.T.);
#10386=ORIENTED_EDGE('',*,*,#10385,.F.);
#10387=ORIENTED_EDGE('',*,*,#5986,.F.);
#10389=ORIENTED_EDGE('',*,*,#10388,.T.);
#10390=EDGE_LOOP('',(#10384,#10386,#10387,#10389));
#10391=FACE_OUTER_BOUND('',#10390,.F.);
#10392=ADVANCED_FACE('',(#10391),#10383,.F.);
#10393=FILL_AREA_STYLE_COLOUR('',#7);
#10394=FILL_AREA_STYLE('',(#10393));
#10395=SURFACE_STYLE_FILL_AREA(#10394);
#10396=SURFACE_SIDE_STYLE('',(#10395));
#10397=SURFACE_STYLE_USAGE(.POSITIVE.,#10396);
#10398=PRESENTATION_STYLE_ASSIGNMENT((#10397));
#10399=STYLED_ITEM('',(#10398),#10392);
#10400=CARTESIAN_POINT('',(1.85E0,8.55E-1,3.E0));
#10401=DIRECTION('',(-1.E0,0.E0,0.E0));
#10402=DIRECTION('',(0.E0,-1.E0,0.E0));
#10403=AXIS2_PLACEMENT_3D('',#10400,#10401,#10402);
#10404=PLANE('',#10403);
#10405=ORIENTED_EDGE('',*,*,#6908,.T.);
#10407=ORIENTED_EDGE('',*,*,#10406,.F.);
#10408=ORIENTED_EDGE('',*,*,#5988,.F.);
#10409=ORIENTED_EDGE('',*,*,#10385,.T.);
#10410=EDGE_LOOP('',(#10405,#10407,#10408,#10409));
#10411=FACE_OUTER_BOUND('',#10410,.F.);
#10412=ADVANCED_FACE('',(#10411),#10404,.F.);
#10413=FILL_AREA_STYLE_COLOUR('',#7);
#10414=FILL_AREA_STYLE('',(#10413));
#10415=SURFACE_STYLE_FILL_AREA(#10414);
#10416=SURFACE_SIDE_STYLE('',(#10415));
#10417=SURFACE_STYLE_USAGE(.POSITIVE.,#10416);
#10418=PRESENTATION_STYLE_ASSIGNMENT((#10417));
#10419=STYLED_ITEM('',(#10418),#10412);
#10420=CARTESIAN_POINT('',(1.85E0,5.05E-1,3.E0));
#10421=DIRECTION('',(0.E0,-1.E0,0.E0));
#10422=DIRECTION('',(1.E0,0.E0,0.E0));
#10423=AXIS2_PLACEMENT_3D('',#10420,#10421,#10422);
#10424=PLANE('',#10423);
#10425=ORIENTED_EDGE('',*,*,#6906,.F.);
#10427=ORIENTED_EDGE('',*,*,#10426,.F.);
#10428=ORIENTED_EDGE('',*,*,#5990,.T.);
#10429=ORIENTED_EDGE('',*,*,#10406,.T.);
#10430=EDGE_LOOP('',(#10425,#10427,#10428,#10429));
#10431=FACE_OUTER_BOUND('',#10430,.F.);
#10432=ADVANCED_FACE('',(#10431),#10424,.F.);
#10433=FILL_AREA_STYLE_COLOUR('',#7);
#10434=FILL_AREA_STYLE('',(#10433));
#10435=SURFACE_STYLE_FILL_AREA(#10434);
#10436=SURFACE_SIDE_STYLE('',(#10435));
#10437=SURFACE_STYLE_USAGE(.POSITIVE.,#10436);
#10438=PRESENTATION_STYLE_ASSIGNMENT((#10437));
#10439=STYLED_ITEM('',(#10438),#10432);
#10440=CARTESIAN_POINT('',(2.65E0,5.05E-1,3.E0));
#10441=DIRECTION('',(1.E0,0.E0,0.E0));
#10442=DIRECTION('',(0.E0,1.E0,0.E0));
#10443=AXIS2_PLACEMENT_3D('',#10440,#10441,#10442);
#10444=PLANE('',#10443);
#10445=ORIENTED_EDGE('',*,*,#10426,.T.);
#10446=ORIENTED_EDGE('',*,*,#6904,.T.);
#10447=ORIENTED_EDGE('',*,*,#10388,.F.);
#10448=ORIENTED_EDGE('',*,*,#5992,.F.);
#10449=EDGE_LOOP('',(#10445,#10446,#10447,#10448));
#10450=FACE_OUTER_BOUND('',#10449,.F.);
#10451=ADVANCED_FACE('',(#10450),#10444,.F.);
#10452=FILL_AREA_STYLE_COLOUR('',#7);
#10453=FILL_AREA_STYLE('',(#10452));
#10454=SURFACE_STYLE_FILL_AREA(#10453);
#10455=SURFACE_SIDE_STYLE('',(#10454));
#10456=SURFACE_STYLE_USAGE(.POSITIVE.,#10455);
#10457=PRESENTATION_STYLE_ASSIGNMENT((#10456));
#10458=STYLED_ITEM('',(#10457),#10451);
#10459=CARTESIAN_POINT('',(-8.786E-1,-7.194E-1,-3.E0));
#10460=DIRECTION('',(-1.E0,0.E0,0.E0));
#10461=DIRECTION('',(0.E0,1.E0,0.E0));
#10462=AXIS2_PLACEMENT_3D('',#10459,#10460,#10461);
#10463=PLANE('',#10462);
#10464=ORIENTED_EDGE('',*,*,#6912,.F.);
#10466=ORIENTED_EDGE('',*,*,#10465,.T.);
#10468=ORIENTED_EDGE('',*,*,#10467,.T.);
#10470=ORIENTED_EDGE('',*,*,#10469,.F.);
#10471=EDGE_LOOP('',(#10464,#10466,#10468,#10470));
#10472=FACE_OUTER_BOUND('',#10471,.F.);
#10473=ADVANCED_FACE('',(#10472),#10463,.T.);
#10474=FILL_AREA_STYLE_COLOUR('',#30);
#10475=FILL_AREA_STYLE('',(#10474));
#10476=SURFACE_STYLE_FILL_AREA(#10475);
#10477=SURFACE_SIDE_STYLE('',(#10476));
#10478=SURFACE_STYLE_USAGE(.POSITIVE.,#10477);
#10479=PRESENTATION_STYLE_ASSIGNMENT((#10478));
#10480=STYLED_ITEM('',(#10479),#10473);
#10481=CARTESIAN_POINT('',(-8.311E-1,-7.194E-1,-3.E0));
#10482=DIRECTION('',(0.E0,-1.E0,0.E0));
#10483=DIRECTION('',(-1.E0,0.E0,0.E0));
#10484=AXIS2_PLACEMENT_3D('',#10481,#10482,#10483);
#10485=PLANE('',#10484);
#10486=ORIENTED_EDGE('',*,*,#6922,.F.);
#10488=ORIENTED_EDGE('',*,*,#10487,.T.);
#10490=ORIENTED_EDGE('',*,*,#10489,.T.);
#10491=ORIENTED_EDGE('',*,*,#10465,.F.);
#10492=EDGE_LOOP('',(#10486,#10488,#10490,#10491));
#10493=FACE_OUTER_BOUND('',#10492,.F.);
#10494=ADVANCED_FACE('',(#10493),#10485,.T.);
#10495=FILL_AREA_STYLE_COLOUR('',#30);
#10496=FILL_AREA_STYLE('',(#10495));
#10497=SURFACE_STYLE_FILL_AREA(#10496);
#10498=SURFACE_SIDE_STYLE('',(#10497));
#10499=SURFACE_STYLE_USAGE(.POSITIVE.,#10498);
#10500=PRESENTATION_STYLE_ASSIGNMENT((#10499));
#10501=STYLED_ITEM('',(#10500),#10494);
#10502=CARTESIAN_POINT('',(-8.311E-1,-3.879106381774E-1,-3.E0));
#10503=DIRECTION('',(1.E0,0.E0,0.E0));
#10504=DIRECTION('',(0.E0,-1.E0,0.E0));
#10505=AXIS2_PLACEMENT_3D('',#10502,#10503,#10504);
#10506=PLANE('',#10505);
#10507=ORIENTED_EDGE('',*,*,#6920,.F.);
#10509=ORIENTED_EDGE('',*,*,#10508,.T.);
#10511=ORIENTED_EDGE('',*,*,#10510,.T.);
#10512=ORIENTED_EDGE('',*,*,#10487,.F.);
#10513=EDGE_LOOP('',(#10507,#10509,#10511,#10512));
#10514=FACE_OUTER_BOUND('',#10513,.F.);
#10515=ADVANCED_FACE('',(#10514),#10506,.T.);
#10516=FILL_AREA_STYLE_COLOUR('',#30);
#10517=FILL_AREA_STYLE('',(#10516));
#10518=SURFACE_STYLE_FILL_AREA(#10517);
#10519=SURFACE_SIDE_STYLE('',(#10518));
#10520=SURFACE_STYLE_USAGE(.POSITIVE.,#10519);
#10521=PRESENTATION_STYLE_ASSIGNMENT((#10520));
#10522=STYLED_ITEM('',(#10521),#10515);
#10523=CARTESIAN_POINT('',(-5.936E-1,-3.879106381774E-1,-3.E0));
#10524=DIRECTION('',(0.E0,-1.E0,0.E0));
#10525=DIRECTION('',(-1.E0,0.E0,0.E0));
#10526=AXIS2_PLACEMENT_3D('',#10523,#10524,#10525);
#10527=PLANE('',#10526);
#10528=ORIENTED_EDGE('',*,*,#6918,.F.);
#10530=ORIENTED_EDGE('',*,*,#10529,.T.);
#10532=ORIENTED_EDGE('',*,*,#10531,.T.);
#10533=ORIENTED_EDGE('',*,*,#10508,.F.);
#10534=EDGE_LOOP('',(#10528,#10530,#10532,#10533));
#10535=FACE_OUTER_BOUND('',#10534,.F.);
#10536=ADVANCED_FACE('',(#10535),#10527,.T.);
#10537=FILL_AREA_STYLE_COLOUR('',#30);
#10538=FILL_AREA_STYLE('',(#10537));
#10539=SURFACE_STYLE_FILL_AREA(#10538);
#10540=SURFACE_SIDE_STYLE('',(#10539));
#10541=SURFACE_STYLE_USAGE(.POSITIVE.,#10540);
#10542=PRESENTATION_STYLE_ASSIGNMENT((#10541));
#10543=STYLED_ITEM('',(#10542),#10536);
#10544=CARTESIAN_POINT('',(-5.936E-1,-3.394E-1,-3.E0));
#10545=DIRECTION('',(1.E0,0.E0,0.E0));
#10546=DIRECTION('',(0.E0,-1.E0,0.E0));
#10547=AXIS2_PLACEMENT_3D('',#10544,#10545,#10546);
#10548=PLANE('',#10547);
#10549=ORIENTED_EDGE('',*,*,#6916,.F.);
#10551=ORIENTED_EDGE('',*,*,#10550,.T.);
#10553=ORIENTED_EDGE('',*,*,#10552,.T.);
#10554=ORIENTED_EDGE('',*,*,#10529,.F.);
#10555=EDGE_LOOP('',(#10549,#10551,#10553,#10554));
#10556=FACE_OUTER_BOUND('',#10555,.F.);
#10557=ADVANCED_FACE('',(#10556),#10548,.T.);
#10558=FILL_AREA_STYLE_COLOUR('',#30);
#10559=FILL_AREA_STYLE('',(#10558));
#10560=SURFACE_STYLE_FILL_AREA(#10559);
#10561=SURFACE_SIDE_STYLE('',(#10560));
#10562=SURFACE_STYLE_USAGE(.POSITIVE.,#10561);
#10563=PRESENTATION_STYLE_ASSIGNMENT((#10562));
#10564=STYLED_ITEM('',(#10563),#10557);
#10565=CARTESIAN_POINT('',(-8.786E-1,-3.394E-1,-3.E0));
#10566=DIRECTION('',(0.E0,1.E0,0.E0));
#10567=DIRECTION('',(1.E0,0.E0,0.E0));
#10568=AXIS2_PLACEMENT_3D('',#10565,#10566,#10567);
#10569=PLANE('',#10568);
#10570=ORIENTED_EDGE('',*,*,#6914,.F.);
#10571=ORIENTED_EDGE('',*,*,#10469,.T.);
#10573=ORIENTED_EDGE('',*,*,#10572,.T.);
#10574=ORIENTED_EDGE('',*,*,#10550,.F.);
#10575=EDGE_LOOP('',(#10570,#10571,#10573,#10574));
#10576=FACE_OUTER_BOUND('',#10575,.F.);
#10577=ADVANCED_FACE('',(#10576),#10569,.T.);
#10578=FILL_AREA_STYLE_COLOUR('',#30);
#10579=FILL_AREA_STYLE('',(#10578));
#10580=SURFACE_STYLE_FILL_AREA(#10579);
#10581=SURFACE_SIDE_STYLE('',(#10580));
#10582=SURFACE_STYLE_USAGE(.POSITIVE.,#10581);
#10583=PRESENTATION_STYLE_ASSIGNMENT((#10582));
#10584=STYLED_ITEM('',(#10583),#10577);
#10585=CARTESIAN_POINT('',(0.E0,0.E0,-3.02E0));
#10586=DIRECTION('',(0.E0,0.E0,-1.E0));
#10587=DIRECTION('',(1.E0,0.E0,0.E0));
#10588=AXIS2_PLACEMENT_3D('',#10585,#10586,#10587);
#10589=PLANE('',#10588);
#10590=ORIENTED_EDGE('',*,*,#10467,.F.);
#10591=ORIENTED_EDGE('',*,*,#10489,.F.);
#10592=ORIENTED_EDGE('',*,*,#10510,.F.);
#10593=ORIENTED_EDGE('',*,*,#10531,.F.);
#10594=ORIENTED_EDGE('',*,*,#10552,.F.);
#10595=ORIENTED_EDGE('',*,*,#10572,.F.);
#10596=EDGE_LOOP('',(#10590,#10591,#10592,#10593,#10594,#10595));
#10597=FACE_OUTER_BOUND('',#10596,.F.);
#10598=ADVANCED_FACE('',(#10597),#10589,.T.);
#10599=FILL_AREA_STYLE_COLOUR('',#30);
#10600=FILL_AREA_STYLE('',(#10599));
#10601=SURFACE_STYLE_FILL_AREA(#10600);
#10602=SURFACE_SIDE_STYLE('',(#10601));
#10603=SURFACE_STYLE_USAGE(.POSITIVE.,#10602);
#10604=PRESENTATION_STYLE_ASSIGNMENT((#10603));
#10605=STYLED_ITEM('',(#10604),#10598);
#10606=CARTESIAN_POINT('',(0.E0,0.E0,-3.02E0));
#10607=DIRECTION('',(0.E0,0.E0,-1.E0));
#10608=DIRECTION('',(1.E0,0.E0,0.E0));
#10609=AXIS2_PLACEMENT_3D('',#10606,#10607,#10608);
#10610=PLANE('',#10609);
#10612=ORIENTED_EDGE('',*,*,#10611,.F.);
#10614=ORIENTED_EDGE('',*,*,#10613,.F.);
#10616=ORIENTED_EDGE('',*,*,#10615,.F.);
#10618=ORIENTED_EDGE('',*,*,#10617,.F.);
#10620=ORIENTED_EDGE('',*,*,#10619,.F.);
#10622=ORIENTED_EDGE('',*,*,#10621,.F.);
#10624=ORIENTED_EDGE('',*,*,#10623,.F.);
#10626=ORIENTED_EDGE('',*,*,#10625,.F.);
#10628=ORIENTED_EDGE('',*,*,#10627,.F.);
#10630=ORIENTED_EDGE('',*,*,#10629,.F.);
#10632=ORIENTED_EDGE('',*,*,#10631,.F.);
#10634=ORIENTED_EDGE('',*,*,#10633,.F.);
#10636=ORIENTED_EDGE('',*,*,#10635,.F.);
#10638=ORIENTED_EDGE('',*,*,#10637,.F.);
#10640=ORIENTED_EDGE('',*,*,#10639,.F.);
#10642=ORIENTED_EDGE('',*,*,#10641,.F.);
#10644=ORIENTED_EDGE('',*,*,#10643,.F.);
#10646=ORIENTED_EDGE('',*,*,#10645,.F.);
#10648=ORIENTED_EDGE('',*,*,#10647,.F.);
#10650=ORIENTED_EDGE('',*,*,#10649,.F.);
#10652=ORIENTED_EDGE('',*,*,#10651,.F.);
#10654=ORIENTED_EDGE('',*,*,#10653,.F.);
#10656=ORIENTED_EDGE('',*,*,#10655,.F.);
#10658=ORIENTED_EDGE('',*,*,#10657,.F.);
#10660=ORIENTED_EDGE('',*,*,#10659,.F.);
#10662=ORIENTED_EDGE('',*,*,#10661,.F.);
#10664=ORIENTED_EDGE('',*,*,#10663,.F.);
#10666=ORIENTED_EDGE('',*,*,#10665,.F.);
#10668=ORIENTED_EDGE('',*,*,#10667,.F.);
#10670=ORIENTED_EDGE('',*,*,#10669,.F.);
#10672=ORIENTED_EDGE('',*,*,#10671,.F.);
#10674=ORIENTED_EDGE('',*,*,#10673,.F.);
#10676=ORIENTED_EDGE('',*,*,#10675,.F.);
#10678=ORIENTED_EDGE('',*,*,#10677,.F.);
#10680=ORIENTED_EDGE('',*,*,#10679,.F.);
#10682=ORIENTED_EDGE('',*,*,#10681,.F.);
#10684=ORIENTED_EDGE('',*,*,#10683,.F.);
#10686=ORIENTED_EDGE('',*,*,#10685,.F.);
#10688=ORIENTED_EDGE('',*,*,#10687,.F.);
#10690=ORIENTED_EDGE('',*,*,#10689,.F.);
#10691=EDGE_LOOP('',(#10612,#10614,#10616,#10618,#10620,#10622,#10624,#10626,
#10628,#10630,#10632,#10634,#10636,#10638,#10640,#10642,#10644,#10646,#10648,
#10650,#10652,#10654,#10656,#10658,#10660,#10662,#10664,#10666,#10668,#10670,
#10672,#10674,#10676,#10678,#10680,#10682,#10684,#10686,#10688,#10690));
#10692=FACE_OUTER_BOUND('',#10691,.F.);
#10693=ADVANCED_FACE('',(#10692),#10610,.T.);
#10694=FILL_AREA_STYLE_COLOUR('',#30);
#10695=FILL_AREA_STYLE('',(#10694));
#10696=SURFACE_STYLE_FILL_AREA(#10695);
#10697=SURFACE_SIDE_STYLE('',(#10696));
#10698=SURFACE_STYLE_USAGE(.POSITIVE.,#10697);
#10699=PRESENTATION_STYLE_ASSIGNMENT((#10698));
#10700=STYLED_ITEM('',(#10699),#10693);
#10701=CARTESIAN_POINT('',(0.E0,0.E0,-3.02E0));
#10702=DIRECTION('',(0.E0,0.E0,-1.E0));
#10703=DIRECTION('',(1.E0,0.E0,0.E0));
#10704=AXIS2_PLACEMENT_3D('',#10701,#10702,#10703);
#10705=PLANE('',#10704);
#10707=ORIENTED_EDGE('',*,*,#10706,.F.);
#10709=ORIENTED_EDGE('',*,*,#10708,.F.);
#10711=ORIENTED_EDGE('',*,*,#10710,.F.);
#10713=ORIENTED_EDGE('',*,*,#10712,.F.);
#10715=ORIENTED_EDGE('',*,*,#10714,.F.);
#10717=ORIENTED_EDGE('',*,*,#10716,.F.);
#10719=ORIENTED_EDGE('',*,*,#10718,.F.);
#10721=ORIENTED_EDGE('',*,*,#10720,.F.);
#10723=ORIENTED_EDGE('',*,*,#10722,.F.);
#10725=ORIENTED_EDGE('',*,*,#10724,.F.);
#10727=ORIENTED_EDGE('',*,*,#10726,.F.);
#10729=ORIENTED_EDGE('',*,*,#10728,.F.);
#10730=EDGE_LOOP('',(#10707,#10709,#10711,#10713,#10715,#10717,#10719,#10721,
#10723,#10725,#10727,#10729));
#10731=FACE_OUTER_BOUND('',#10730,.F.);
#10732=ADVANCED_FACE('',(#10731),#10705,.T.);
#10733=FILL_AREA_STYLE_COLOUR('',#30);
#10734=FILL_AREA_STYLE('',(#10733));
#10735=SURFACE_STYLE_FILL_AREA(#10734);
#10736=SURFACE_SIDE_STYLE('',(#10735));
#10737=SURFACE_STYLE_USAGE(.POSITIVE.,#10736);
#10738=PRESENTATION_STYLE_ASSIGNMENT((#10737));
#10739=STYLED_ITEM('',(#10738),#10732);
#10740=CARTESIAN_POINT('',(0.E0,0.E0,-3.02E0));
#10741=DIRECTION('',(0.E0,0.E0,-1.E0));
#10742=DIRECTION('',(1.E0,0.E0,0.E0));
#10743=AXIS2_PLACEMENT_3D('',#10740,#10741,#10742);
#10744=PLANE('',#10743);
#10746=ORIENTED_EDGE('',*,*,#10745,.F.);
#10748=ORIENTED_EDGE('',*,*,#10747,.F.);
#10750=ORIENTED_EDGE('',*,*,#10749,.F.);
#10752=ORIENTED_EDGE('',*,*,#10751,.F.);
#10754=ORIENTED_EDGE('',*,*,#10753,.F.);
#10756=ORIENTED_EDGE('',*,*,#10755,.F.);
#10758=ORIENTED_EDGE('',*,*,#10757,.F.);
#10760=ORIENTED_EDGE('',*,*,#10759,.F.);
#10762=ORIENTED_EDGE('',*,*,#10761,.F.);
#10764=ORIENTED_EDGE('',*,*,#10763,.F.);
#10766=ORIENTED_EDGE('',*,*,#10765,.F.);
#10768=ORIENTED_EDGE('',*,*,#10767,.F.);
#10770=ORIENTED_EDGE('',*,*,#10769,.F.);
#10772=ORIENTED_EDGE('',*,*,#10771,.F.);
#10773=EDGE_LOOP('',(#10746,#10748,#10750,#10752,#10754,#10756,#10758,#10760,
#10762,#10764,#10766,#10768,#10770,#10772));
#10774=FACE_OUTER_BOUND('',#10773,.F.);
#10776=ORIENTED_EDGE('',*,*,#10775,.F.);
#10778=ORIENTED_EDGE('',*,*,#10777,.F.);
#10780=ORIENTED_EDGE('',*,*,#10779,.F.);
#10782=ORIENTED_EDGE('',*,*,#10781,.F.);
#10784=ORIENTED_EDGE('',*,*,#10783,.F.);
#10786=ORIENTED_EDGE('',*,*,#10785,.F.);
#10788=ORIENTED_EDGE('',*,*,#10787,.F.);
#10790=ORIENTED_EDGE('',*,*,#10789,.F.);
#10792=ORIENTED_EDGE('',*,*,#10791,.F.);
#10794=ORIENTED_EDGE('',*,*,#10793,.F.);
#10796=ORIENTED_EDGE('',*,*,#10795,.F.);
#10798=ORIENTED_EDGE('',*,*,#10797,.F.);
#10799=EDGE_LOOP('',(#10776,#10778,#10780,#10782,#10784,#10786,#10788,#10790,
#10792,#10794,#10796,#10798));
#10800=FACE_BOUND('',#10799,.F.);
#10801=ADVANCED_FACE('',(#10774,#10800),#10744,.T.);
#10802=FILL_AREA_STYLE_COLOUR('',#30);
#10803=FILL_AREA_STYLE('',(#10802));
#10804=SURFACE_STYLE_FILL_AREA(#10803);
#10805=SURFACE_SIDE_STYLE('',(#10804));
#10806=SURFACE_STYLE_USAGE(.POSITIVE.,#10805);
#10807=PRESENTATION_STYLE_ASSIGNMENT((#10806));
#10808=STYLED_ITEM('',(#10807),#10801);
#10809=CARTESIAN_POINT('',(0.E0,0.E0,-3.02E0));
#10810=DIRECTION('',(0.E0,0.E0,-1.E0));
#10811=DIRECTION('',(1.E0,0.E0,0.E0));
#10812=AXIS2_PLACEMENT_3D('',#10809,#10810,#10811);
#10813=PLANE('',#10812);
#10815=ORIENTED_EDGE('',*,*,#10814,.F.);
#10817=ORIENTED_EDGE('',*,*,#10816,.F.);
#10819=ORIENTED_EDGE('',*,*,#10818,.F.);
#10821=ORIENTED_EDGE('',*,*,#10820,.F.);
#10823=ORIENTED_EDGE('',*,*,#10822,.F.);
#10825=ORIENTED_EDGE('',*,*,#10824,.F.);
#10827=ORIENTED_EDGE('',*,*,#10826,.F.);
#10829=ORIENTED_EDGE('',*,*,#10828,.F.);
#10830=EDGE_LOOP('',(#10815,#10817,#10819,#10821,#10823,#10825,#10827,#10829));
#10831=FACE_OUTER_BOUND('',#10830,.F.);
#10833=ORIENTED_EDGE('',*,*,#10832,.F.);
#10835=ORIENTED_EDGE('',*,*,#10834,.F.);
#10837=ORIENTED_EDGE('',*,*,#10836,.F.);
#10838=EDGE_LOOP('',(#10833,#10835,#10837));
#10839=FACE_BOUND('',#10838,.F.);
#10840=ADVANCED_FACE('',(#10831,#10839),#10813,.T.);
#10841=FILL_AREA_STYLE_COLOUR('',#30);
#10842=FILL_AREA_STYLE('',(#10841));
#10843=SURFACE_STYLE_FILL_AREA(#10842);
#10844=SURFACE_SIDE_STYLE('',(#10843));
#10845=SURFACE_STYLE_USAGE(.POSITIVE.,#10844);
#10846=PRESENTATION_STYLE_ASSIGNMENT((#10845));
#10847=STYLED_ITEM('',(#10846),#10840);
#10848=CARTESIAN_POINT('',(-2.215166817665E-1,-4.364212763548E-1,-3.E0));
#10849=DIRECTION('',(0.E0,-1.E0,0.E0));
#10850=DIRECTION('',(-1.E0,0.E0,0.E0));
#10851=AXIS2_PLACEMENT_3D('',#10848,#10849,#10850);
#10852=PLANE('',#10851);
#10853=ORIENTED_EDGE('',*,*,#6926,.F.);
#10855=ORIENTED_EDGE('',*,*,#10854,.T.);
#10856=ORIENTED_EDGE('',*,*,#10611,.T.);
#10858=ORIENTED_EDGE('',*,*,#10857,.F.);
#10859=EDGE_LOOP('',(#10853,#10855,#10856,#10858));
#10860=FACE_OUTER_BOUND('',#10859,.F.);
#10861=ADVANCED_FACE('',(#10860),#10852,.T.);
#10862=FILL_AREA_STYLE_COLOUR('',#30);
#10863=FILL_AREA_STYLE('',(#10862));
#10864=SURFACE_STYLE_FILL_AREA(#10863);
#10865=SURFACE_SIDE_STYLE('',(#10864));
#10866=SURFACE_STYLE_USAGE(.POSITIVE.,#10865);
#10867=PRESENTATION_STYLE_ASSIGNMENT((#10866));
#10868=STYLED_ITEM('',(#10867),#10861);
#10869=CARTESIAN_POINT('',(-2.294333182335E-1,-3.959957435966E-1,-3.E0));
#10870=DIRECTION('',(9.813592778365E-1,1.921821214477E-1,0.E0));
#10871=DIRECTION('',(1.921821214477E-1,-9.813592778365E-1,0.E0));
#10872=AXIS2_PLACEMENT_3D('',#10869,#10870,#10871);
#10873=PLANE('',#10872);
#10874=ORIENTED_EDGE('',*,*,#7004,.F.);
#10876=ORIENTED_EDGE('',*,*,#10875,.T.);
#10877=ORIENTED_EDGE('',*,*,#10613,.T.);
#10878=ORIENTED_EDGE('',*,*,#10854,.F.);
#10879=EDGE_LOOP('',(#10874,#10876,#10877,#10878));
#10880=FACE_OUTER_BOUND('',#10879,.F.);
#10881=ADVANCED_FACE('',(#10880),#10873,.T.);
#10882=FILL_AREA_STYLE_COLOUR('',#30);
#10883=FILL_AREA_STYLE('',(#10882));
#10884=SURFACE_STYLE_FILL_AREA(#10883);
#10885=SURFACE_SIDE_STYLE('',(#10884));
#10886=SURFACE_STYLE_USAGE(.POSITIVE.,#10885);
#10887=PRESENTATION_STYLE_ASSIGNMENT((#10886));
#10888=STYLED_ITEM('',(#10887),#10881);
#10889=CARTESIAN_POINT('',(-2.611E-1,-3.636553190887E-1,-3.E0));
#10890=DIRECTION('',(7.145102486526E-1,6.996249742329E-1,0.E0));
#10891=DIRECTION('',(6.996249742329E-1,-7.145102486526E-1,0.E0));
#10892=AXIS2_PLACEMENT_3D('',#10889,#10890,#10891);
#10893=PLANE('',#10892);
#10894=ORIENTED_EDGE('',*,*,#7002,.F.);
#10896=ORIENTED_EDGE('',*,*,#10895,.T.);
#10897=ORIENTED_EDGE('',*,*,#10615,.T.);
#10898=ORIENTED_EDGE('',*,*,#10875,.F.);
#10899=EDGE_LOOP('',(#10894,#10896,#10897,#10898));
#10900=FACE_OUTER_BOUND('',#10899,.F.);
#10901=ADVANCED_FACE('',(#10900),#10893,.T.);
#10902=FILL_AREA_STYLE_COLOUR('',#30);
#10903=FILL_AREA_STYLE('',(#10902));
#10904=SURFACE_STYLE_FILL_AREA(#10903);
#10905=SURFACE_SIDE_STYLE('',(#10904));
#10906=SURFACE_STYLE_USAGE(.POSITIVE.,#10905);
#10907=PRESENTATION_STYLE_ASSIGNMENT((#10906));
#10908=STYLED_ITEM('',(#10907),#10901);
#10909=CARTESIAN_POINT('',(-2.927666817665E-1,-3.474851061270E-1,-3.E0));
#10910=DIRECTION('',(4.547769889117E-1,8.906053505096E-1,0.E0));
#10911=DIRECTION('',(8.906053505096E-1,-4.547769889117E-1,0.E0));
#10912=AXIS2_PLACEMENT_3D('',#10909,#10910,#10911);
#10913=PLANE('',#10912);
#10914=ORIENTED_EDGE('',*,*,#7000,.F.);
#10916=ORIENTED_EDGE('',*,*,#10915,.T.);
#10917=ORIENTED_EDGE('',*,*,#10617,.T.);
#10918=ORIENTED_EDGE('',*,*,#10895,.F.);
#10919=EDGE_LOOP('',(#10914,#10916,#10917,#10918));
#10920=FACE_OUTER_BOUND('',#10919,.F.);
#10921=ADVANCED_FACE('',(#10920),#10913,.T.);
#10922=FILL_AREA_STYLE_COLOUR('',#30);
#10923=FILL_AREA_STYLE('',(#10922));
#10924=SURFACE_STYLE_FILL_AREA(#10923);
#10925=SURFACE_SIDE_STYLE('',(#10924));
#10926=SURFACE_STYLE_USAGE(.POSITIVE.,#10925);
#10927=PRESENTATION_STYLE_ASSIGNMENT((#10926));
#10928=STYLED_ITEM('',(#10927),#10921);
#10929=CARTESIAN_POINT('',(-3.3235E-1,-3.394E-1,-3.E0));
#10930=DIRECTION('',(2.001234451615E-1,9.797706908745E-1,0.E0));
#10931=DIRECTION('',(9.797706908745E-1,-2.001234451615E-1,0.E0));
#10932=AXIS2_PLACEMENT_3D('',#10929,#10930,#10931);
#10933=PLANE('',#10932);
#10934=ORIENTED_EDGE('',*,*,#6998,.F.);
#10936=ORIENTED_EDGE('',*,*,#10935,.T.);
#10937=ORIENTED_EDGE('',*,*,#10619,.T.);
#10938=ORIENTED_EDGE('',*,*,#10915,.F.);
#10939=EDGE_LOOP('',(#10934,#10936,#10937,#10938));
#10940=FACE_OUTER_BOUND('',#10939,.F.);
#10941=ADVANCED_FACE('',(#10940),#10933,.T.);
#10942=FILL_AREA_STYLE_COLOUR('',#30);
#10943=FILL_AREA_STYLE('',(#10942));
#10944=SURFACE_STYLE_FILL_AREA(#10943);
#10945=SURFACE_SIDE_STYLE('',(#10944));
#10946=SURFACE_STYLE_USAGE(.POSITIVE.,#10945);
#10947=PRESENTATION_STYLE_ASSIGNMENT((#10946));
#10948=STYLED_ITEM('',(#10947),#10941);
#10949=CARTESIAN_POINT('',(-4.036E-1,-3.394E-1,-3.E0));
#10950=DIRECTION('',(0.E0,1.E0,0.E0));
#10951=DIRECTION('',(1.E0,0.E0,0.E0));
#10952=AXIS2_PLACEMENT_3D('',#10949,#10950,#10951);
#10953=PLANE('',#10952);
#10954=ORIENTED_EDGE('',*,*,#6996,.F.);
#10956=ORIENTED_EDGE('',*,*,#10955,.T.);
#10957=ORIENTED_EDGE('',*,*,#10621,.T.);
#10958=ORIENTED_EDGE('',*,*,#10935,.F.);
#10959=EDGE_LOOP('',(#10954,#10956,#10957,#10958));
#10960=FACE_OUTER_BOUND('',#10959,.F.);
#10961=ADVANCED_FACE('',(#10960),#10953,.T.);
#10962=FILL_AREA_STYLE_COLOUR('',#30);
#10963=FILL_AREA_STYLE('',(#10962));
#10964=SURFACE_STYLE_FILL_AREA(#10963);
#10965=SURFACE_SIDE_STYLE('',(#10964));
#10966=SURFACE_STYLE_USAGE(.POSITIVE.,#10965);
#10967=PRESENTATION_STYLE_ASSIGNMENT((#10966));
#10968=STYLED_ITEM('',(#10967),#10961);
#10969=CARTESIAN_POINT('',(-4.431833182335E-1,-3.474851061270E-1,-3.E0));
#10970=DIRECTION('',(-2.001234451615E-1,9.797706908745E-1,0.E0));
#10971=DIRECTION('',(9.797706908745E-1,2.001234451615E-1,0.E0));
#10972=AXIS2_PLACEMENT_3D('',#10969,#10970,#10971);
#10973=PLANE('',#10972);
#10974=ORIENTED_EDGE('',*,*,#6994,.F.);
#10976=ORIENTED_EDGE('',*,*,#10975,.T.);
#10977=ORIENTED_EDGE('',*,*,#10623,.T.);
#10978=ORIENTED_EDGE('',*,*,#10955,.F.);
#10979=EDGE_LOOP('',(#10974,#10976,#10977,#10978));
#10980=FACE_OUTER_BOUND('',#10979,.F.);
#10981=ADVANCED_FACE('',(#10980),#10973,.T.);
#10982=FILL_AREA_STYLE_COLOUR('',#30);
#10983=FILL_AREA_STYLE('',(#10982));
#10984=SURFACE_STYLE_FILL_AREA(#10983);
#10985=SURFACE_SIDE_STYLE('',(#10984));
#10986=SURFACE_STYLE_USAGE(.POSITIVE.,#10985);
#10987=PRESENTATION_STYLE_ASSIGNMENT((#10986));
#10988=STYLED_ITEM('',(#10987),#10981);
#10989=CARTESIAN_POINT('',(-4.7485E-1,-3.636553190887E-1,-3.E0));
#10990=DIRECTION('',(-4.547769889117E-1,8.906053505096E-1,0.E0));
#10991=DIRECTION('',(8.906053505096E-1,4.547769889117E-1,0.E0));
#10992=AXIS2_PLACEMENT_3D('',#10989,#10990,#10991);
#10993=PLANE('',#10992);
#10994=ORIENTED_EDGE('',*,*,#6992,.F.);
#10996=ORIENTED_EDGE('',*,*,#10995,.T.);
#10997=ORIENTED_EDGE('',*,*,#10625,.T.);
#10998=ORIENTED_EDGE('',*,*,#10975,.F.);
#10999=EDGE_LOOP('',(#10994,#10996,#10997,#10998));
#11000=FACE_OUTER_BOUND('',#10999,.F.);
#11001=ADVANCED_FACE('',(#11000),#10993,.T.);
#11002=FILL_AREA_STYLE_COLOUR('',#30);
#11003=FILL_AREA_STYLE('',(#11002));
#11004=SURFACE_STYLE_FILL_AREA(#11003);
#11005=SURFACE_SIDE_STYLE('',(#11004));
#11006=SURFACE_STYLE_USAGE(.POSITIVE.,#11005);
#11007=PRESENTATION_STYLE_ASSIGNMENT((#11006));
#11008=STYLED_ITEM('',(#11007),#11001);
#11009=CARTESIAN_POINT('',(-5.065166591167E-1,-3.959957435966E-1,-3.E0));
#11010=DIRECTION('',(-7.145104988025E-1,6.996247187608E-1,0.E0));
#11011=DIRECTION('',(6.996247187608E-1,7.145104988025E-1,0.E0));
#11012=AXIS2_PLACEMENT_3D('',#11009,#11010,#11011);
#11013=PLANE('',#11012);
#11014=ORIENTED_EDGE('',*,*,#6990,.F.);
#11016=ORIENTED_EDGE('',*,*,#11015,.T.);
#11017=ORIENTED_EDGE('',*,*,#10627,.T.);
#11018=ORIENTED_EDGE('',*,*,#10995,.F.);
#11019=EDGE_LOOP('',(#11014,#11016,#11017,#11018));
#11020=FACE_OUTER_BOUND('',#11019,.F.);
#11021=ADVANCED_FACE('',(#11020),#11013,.T.);
#11022=FILL_AREA_STYLE_COLOUR('',#30);
#11023=FILL_AREA_STYLE('',(#11022));
#11024=SURFACE_STYLE_FILL_AREA(#11023);
#11025=SURFACE_SIDE_STYLE('',(#11024));
#11026=SURFACE_STYLE_USAGE(.POSITIVE.,#11025);
#11027=PRESENTATION_STYLE_ASSIGNMENT((#11026));
#11028=STYLED_ITEM('',(#11027),#11021);
#11029=CARTESIAN_POINT('',(-5.2235E-1,-4.283361709356E-1,-3.E0));
#11030=DIRECTION('',(-8.981380447713E-1,4.397136028534E-1,0.E0));
#11031=DIRECTION('',(4.397136028534E-1,8.981380447713E-1,0.E0));
#11032=AXIS2_PLACEMENT_3D('',#11029,#11030,#11031);
#11033=PLANE('',#11032);
#11034=ORIENTED_EDGE('',*,*,#6988,.F.);
#11036=ORIENTED_EDGE('',*,*,#11035,.T.);
#11037=ORIENTED_EDGE('',*,*,#10629,.T.);
#11038=ORIENTED_EDGE('',*,*,#11015,.F.);
#11039=EDGE_LOOP('',(#11034,#11036,#11037,#11038));
#11040=FACE_OUTER_BOUND('',#11039,.F.);
#11041=ADVANCED_FACE('',(#11040),#11033,.T.);
#11042=FILL_AREA_STYLE_COLOUR('',#30);
#11043=FILL_AREA_STYLE('',(#11042));
#11044=SURFACE_STYLE_FILL_AREA(#11043);
#11045=SURFACE_SIDE_STYLE('',(#11044));
#11046=SURFACE_STYLE_USAGE(.POSITIVE.,#11045);
#11047=PRESENTATION_STYLE_ASSIGNMENT((#11046));
#11048=STYLED_ITEM('',(#11047),#11041);
#11049=CARTESIAN_POINT('',(-5.302666591167E-1,-4.687616980314E-1,-3.E0));
#11050=DIRECTION('',(-9.813591690599E-1,1.921826769043E-1,0.E0));
#11051=DIRECTION('',(1.921826769043E-1,9.813591690599E-1,0.E0));
#11052=AXIS2_PLACEMENT_3D('',#11049,#11050,#11051);
#11053=PLANE('',#11052);
#11054=ORIENTED_EDGE('',*,*,#6986,.F.);
#11056=ORIENTED_EDGE('',*,*,#11055,.T.);
#11057=ORIENTED_EDGE('',*,*,#10631,.T.);
#11058=ORIENTED_EDGE('',*,*,#11035,.F.);
#11059=EDGE_LOOP('',(#11054,#11056,#11057,#11058));
#11060=FACE_OUTER_BOUND('',#11059,.F.);
#11061=ADVANCED_FACE('',(#11060),#11053,.T.);
#11062=FILL_AREA_STYLE_COLOUR('',#30);
#11063=FILL_AREA_STYLE('',(#11062));
#11064=SURFACE_STYLE_FILL_AREA(#11063);
#11065=SURFACE_SIDE_STYLE('',(#11064));
#11066=SURFACE_STYLE_USAGE(.POSITIVE.,#11065);
#11067=PRESENTATION_STYLE_ASSIGNMENT((#11066));
#11068=STYLED_ITEM('',(#11067),#11061);
#11069=CARTESIAN_POINT('',(-5.302666591167E-1,-5.900382906437E-1,-3.E0));
#11070=DIRECTION('',(-1.E0,0.E0,0.E0));
#11071=DIRECTION('',(0.E0,1.E0,0.E0));
#11072=AXIS2_PLACEMENT_3D('',#11069,#11070,#11071);
#11073=PLANE('',#11072);
#11074=ORIENTED_EDGE('',*,*,#6984,.F.);
#11076=ORIENTED_EDGE('',*,*,#11075,.T.);
#11077=ORIENTED_EDGE('',*,*,#10633,.T.);
#11078=ORIENTED_EDGE('',*,*,#11055,.F.);
#11079=EDGE_LOOP('',(#11074,#11076,#11077,#11078));
#11080=FACE_OUTER_BOUND('',#11079,.F.);
#11081=ADVANCED_FACE('',(#11080),#11073,.T.);
#11082=FILL_AREA_STYLE_COLOUR('',#30);
#11083=FILL_AREA_STYLE('',(#11082));
#11084=SURFACE_STYLE_FILL_AREA(#11083);
#11085=SURFACE_SIDE_STYLE('',(#11084));
#11086=SURFACE_STYLE_USAGE(.POSITIVE.,#11085);
#11087=PRESENTATION_STYLE_ASSIGNMENT((#11086));
#11088=STYLED_ITEM('',(#11087),#11081);
#11089=CARTESIAN_POINT('',(-5.2235E-1,-6.304638403893E-1,-3.E0));
#11090=DIRECTION('',(-9.813591893677E-1,-1.921825732045E-1,0.E0));
#11091=DIRECTION('',(-1.921825732045E-1,9.813591893677E-1,0.E0));
#11092=AXIS2_PLACEMENT_3D('',#11089,#11090,#11091);
#11093=PLANE('',#11092);
#11094=ORIENTED_EDGE('',*,*,#6982,.F.);
#11096=ORIENTED_EDGE('',*,*,#11095,.T.);
#11097=ORIENTED_EDGE('',*,*,#10635,.T.);
#11098=ORIENTED_EDGE('',*,*,#11075,.F.);
#11099=EDGE_LOOP('',(#11094,#11096,#11097,#11098));
#11100=FACE_OUTER_BOUND('',#11099,.F.);
#11101=ADVANCED_FACE('',(#11100),#11093,.T.);
#11102=FILL_AREA_STYLE_COLOUR('',#30);
#11103=FILL_AREA_STYLE('',(#11102));
#11104=SURFACE_STYLE_FILL_AREA(#11103);
#11105=SURFACE_SIDE_STYLE('',(#11104));
#11106=SURFACE_STYLE_USAGE(.POSITIVE.,#11105);
#11107=PRESENTATION_STYLE_ASSIGNMENT((#11106));
#11108=STYLED_ITEM('',(#11107),#11101);
#11109=CARTESIAN_POINT('',(-5.065166591167E-1,-6.628042620659E-1,-3.E0));
#11110=DIRECTION('',(-8.981380143666E-1,-4.397136649566E-1,0.E0));
#11111=DIRECTION('',(-4.397136649566E-1,8.981380143666E-1,0.E0));
#11112=AXIS2_PLACEMENT_3D('',#11109,#11110,#11111);
#11113=PLANE('',#11112);
#11114=ORIENTED_EDGE('',*,*,#6980,.F.);
#11116=ORIENTED_EDGE('',*,*,#11115,.T.);
#11117=ORIENTED_EDGE('',*,*,#10637,.T.);
#11118=ORIENTED_EDGE('',*,*,#11095,.F.);
#11119=EDGE_LOOP('',(#11114,#11116,#11117,#11118));
#11120=FACE_OUTER_BOUND('',#11119,.F.);
#11121=ADVANCED_FACE('',(#11120),#11113,.T.);
#11122=FILL_AREA_STYLE_COLOUR('',#30);
#11123=FILL_AREA_STYLE('',(#11122));
#11124=SURFACE_STYLE_FILL_AREA(#11123);
#11125=SURFACE_SIDE_STYLE('',(#11124));
#11126=SURFACE_STYLE_USAGE(.POSITIVE.,#11125);
#11127=PRESENTATION_STYLE_ASSIGNMENT((#11126));
#11128=STYLED_ITEM('',(#11127),#11121);
#11129=CARTESIAN_POINT('',(-4.7485E-1,-6.951446837425E-1,-3.E0));
#11130=DIRECTION('',(-7.145104681851E-1,-6.996247500295E-1,0.E0));
#11131=DIRECTION('',(-6.996247500295E-1,7.145104681851E-1,0.E0));
#11132=AXIS2_PLACEMENT_3D('',#11129,#11130,#11131);
#11133=PLANE('',#11132);
#11134=ORIENTED_EDGE('',*,*,#6978,.F.);
#11136=ORIENTED_EDGE('',*,*,#11135,.T.);
#11137=ORIENTED_EDGE('',*,*,#10639,.T.);
#11138=ORIENTED_EDGE('',*,*,#11115,.F.);
#11139=EDGE_LOOP('',(#11134,#11136,#11137,#11138));
#11140=FACE_OUTER_BOUND('',#11139,.F.);
#11141=ADVANCED_FACE('',(#11140),#11133,.T.);
#11142=FILL_AREA_STYLE_COLOUR('',#30);
#11143=FILL_AREA_STYLE('',(#11142));
#11144=SURFACE_STYLE_FILL_AREA(#11143);
#11145=SURFACE_SIDE_STYLE('',(#11144));
#11146=SURFACE_STYLE_USAGE(.POSITIVE.,#11145);
#11147=PRESENTATION_STYLE_ASSIGNMENT((#11146));
#11148=STYLED_ITEM('',(#11147),#11141);
#11149=CARTESIAN_POINT('',(-4.431833182335E-1,-7.113148945808E-1,-3.E0));
#11150=DIRECTION('',(-4.547769415434E-1,-8.906053746977E-1,0.E0));
#11151=DIRECTION('',(-8.906053746977E-1,4.547769415434E-1,0.E0));
#11152=AXIS2_PLACEMENT_3D('',#11149,#11150,#11151);
#11153=PLANE('',#11152);
#11154=ORIENTED_EDGE('',*,*,#6976,.F.);
#11156=ORIENTED_EDGE('',*,*,#11155,.T.);
#11157=ORIENTED_EDGE('',*,*,#10641,.T.);
#11158=ORIENTED_EDGE('',*,*,#11135,.F.);
#11159=EDGE_LOOP('',(#11154,#11156,#11157,#11158));
#11160=FACE_OUTER_BOUND('',#11159,.F.);
#11161=ADVANCED_FACE('',(#11160),#11153,.T.);
#11162=FILL_AREA_STYLE_COLOUR('',#30);
#11163=FILL_AREA_STYLE('',(#11162));
#11164=SURFACE_STYLE_FILL_AREA(#11163);
#11165=SURFACE_SIDE_STYLE('',(#11164));
#11166=SURFACE_STYLE_USAGE(.POSITIVE.,#11165);
#11167=PRESENTATION_STYLE_ASSIGNMENT((#11166));
#11168=STYLED_ITEM('',(#11167),#11161);
#11169=CARTESIAN_POINT('',(-4.036E-1,-7.194E-1,-3.E0));
#11170=DIRECTION('',(-2.001234283435E-1,-9.797706943097E-1,0.E0));
#11171=DIRECTION('',(-9.797706943097E-1,2.001234283435E-1,0.E0));
#11172=AXIS2_PLACEMENT_3D('',#11169,#11170,#11171);
#11173=PLANE('',#11172);
#11174=ORIENTED_EDGE('',*,*,#6974,.F.);
#11176=ORIENTED_EDGE('',*,*,#11175,.T.);
#11177=ORIENTED_EDGE('',*,*,#10643,.T.);
#11178=ORIENTED_EDGE('',*,*,#11155,.F.);
#11179=EDGE_LOOP('',(#11174,#11176,#11177,#11178));
#11180=FACE_OUTER_BOUND('',#11179,.F.);
#11181=ADVANCED_FACE('',(#11180),#11173,.T.);
#11182=FILL_AREA_STYLE_COLOUR('',#30);
#11183=FILL_AREA_STYLE('',(#11182));
#11184=SURFACE_STYLE_FILL_AREA(#11183);
#11185=SURFACE_SIDE_STYLE('',(#11184));
#11186=SURFACE_STYLE_USAGE(.POSITIVE.,#11185);
#11187=PRESENTATION_STYLE_ASSIGNMENT((#11186));
#11188=STYLED_ITEM('',(#11187),#11181);
#11189=CARTESIAN_POINT('',(-3.3235E-1,-7.194E-1,-3.E0));
#11190=DIRECTION('',(0.E0,-1.E0,0.E0));
#11191=DIRECTION('',(-1.E0,0.E0,0.E0));
#11192=AXIS2_PLACEMENT_3D('',#11189,#11190,#11191);
#11193=PLANE('',#11192);
#11194=ORIENTED_EDGE('',*,*,#6972,.F.);
#11196=ORIENTED_EDGE('',*,*,#11195,.T.);
#11197=ORIENTED_EDGE('',*,*,#10645,.T.);
#11198=ORIENTED_EDGE('',*,*,#11175,.F.);
#11199=EDGE_LOOP('',(#11194,#11196,#11197,#11198));
#11200=FACE_OUTER_BOUND('',#11199,.F.);
#11201=ADVANCED_FACE('',(#11200),#11193,.T.);
#11202=FILL_AREA_STYLE_COLOUR('',#30);
#11203=FILL_AREA_STYLE('',(#11202));
#11204=SURFACE_STYLE_FILL_AREA(#11203);
#11205=SURFACE_SIDE_STYLE('',(#11204));
#11206=SURFACE_STYLE_USAGE(.POSITIVE.,#11205);
#11207=PRESENTATION_STYLE_ASSIGNMENT((#11206));
#11208=STYLED_ITEM('',(#11207),#11201);
#11209=CARTESIAN_POINT('',(-2.927666817665E-1,-7.113148945808E-1,-3.E0));
#11210=DIRECTION('',(2.001234283435E-1,-9.797706943097E-1,0.E0));
#11211=DIRECTION('',(-9.797706943097E-1,-2.001234283435E-1,0.E0));
#11212=AXIS2_PLACEMENT_3D('',#11209,#11210,#11211);
#11213=PLANE('',#11212);
#11214=ORIENTED_EDGE('',*,*,#6970,.F.);
#11216=ORIENTED_EDGE('',*,*,#11215,.T.);
#11217=ORIENTED_EDGE('',*,*,#10647,.T.);
#11218=ORIENTED_EDGE('',*,*,#11195,.F.);
#11219=EDGE_LOOP('',(#11214,#11216,#11217,#11218));
#11220=FACE_OUTER_BOUND('',#11219,.F.);
#11221=ADVANCED_FACE('',(#11220),#11213,.T.);
#11222=FILL_AREA_STYLE_COLOUR('',#30);
#11223=FILL_AREA_STYLE('',(#11222));
#11224=SURFACE_STYLE_FILL_AREA(#11223);
#11225=SURFACE_SIDE_STYLE('',(#11224));
#11226=SURFACE_STYLE_USAGE(.POSITIVE.,#11225);
#11227=PRESENTATION_STYLE_ASSIGNMENT((#11226));
#11228=STYLED_ITEM('',(#11227),#11221);
#11229=CARTESIAN_POINT('',(-2.611E-1,-6.951446837425E-1,-3.E0));
#11230=DIRECTION('',(4.547769415434E-1,-8.906053746977E-1,0.E0));
#11231=DIRECTION('',(-8.906053746977E-1,-4.547769415434E-1,0.E0));
#11232=AXIS2_PLACEMENT_3D('',#11229,#11230,#11231);
#11233=PLANE('',#11232);
#11234=ORIENTED_EDGE('',*,*,#6968,.F.);
#11236=ORIENTED_EDGE('',*,*,#11235,.T.);
#11237=ORIENTED_EDGE('',*,*,#10649,.T.);
#11238=ORIENTED_EDGE('',*,*,#11215,.F.);
#11239=EDGE_LOOP('',(#11234,#11236,#11237,#11238));
#11240=FACE_OUTER_BOUND('',#11239,.F.);
#11241=ADVANCED_FACE('',(#11240),#11233,.T.);
#11242=FILL_AREA_STYLE_COLOUR('',#30);
#11243=FILL_AREA_STYLE('',(#11242));
#11244=SURFACE_STYLE_FILL_AREA(#11243);
#11245=SURFACE_SIDE_STYLE('',(#11244));
#11246=SURFACE_STYLE_USAGE(.POSITIVE.,#11245);
#11247=PRESENTATION_STYLE_ASSIGNMENT((#11246));
#11248=STYLED_ITEM('',(#11247),#11241);
#11249=CARTESIAN_POINT('',(-2.294333182335E-1,-6.628042620659E-1,-3.E0));
#11250=DIRECTION('',(7.145102180353E-1,-6.996250055017E-1,0.E0));
#11251=DIRECTION('',(-6.996250055017E-1,-7.145102180353E-1,0.E0));
#11252=AXIS2_PLACEMENT_3D('',#11249,#11250,#11251);
#11253=PLANE('',#11252);
#11254=ORIENTED_EDGE('',*,*,#6966,.F.);
#11256=ORIENTED_EDGE('',*,*,#11255,.T.);
#11257=ORIENTED_EDGE('',*,*,#10651,.T.);
#11258=ORIENTED_EDGE('',*,*,#11235,.F.);
#11259=EDGE_LOOP('',(#11254,#11256,#11257,#11258));
#11260=FACE_OUTER_BOUND('',#11259,.F.);
#11261=ADVANCED_FACE('',(#11260),#11253,.T.);
#11262=FILL_AREA_STYLE_COLOUR('',#30);
#11263=FILL_AREA_STYLE('',(#11262));
#11264=SURFACE_STYLE_FILL_AREA(#11263);
#11265=SURFACE_SIDE_STYLE('',(#11264));
#11266=SURFACE_STYLE_USAGE(.POSITIVE.,#11265);
#11267=PRESENTATION_STYLE_ASSIGNMENT((#11266));
#11268=STYLED_ITEM('',(#11267),#11261);
#11269=CARTESIAN_POINT('',(-2.215166817665E-1,-6.223787123203E-1,-3.E0));
#11270=DIRECTION('',(9.813592930674E-1,-1.921820436730E-1,0.E0));
#11271=DIRECTION('',(-1.921820436730E-1,-9.813592930674E-1,0.E0));
#11272=AXIS2_PLACEMENT_3D('',#11269,#11270,#11271);
#11273=PLANE('',#11272);
#11274=ORIENTED_EDGE('',*,*,#6964,.F.);
#11276=ORIENTED_EDGE('',*,*,#11275,.T.);
#11277=ORIENTED_EDGE('',*,*,#10653,.T.);
#11278=ORIENTED_EDGE('',*,*,#11255,.F.);
#11279=EDGE_LOOP('',(#11274,#11276,#11277,#11278));
#11280=FACE_OUTER_BOUND('',#11279,.F.);
#11281=ADVANCED_FACE('',(#11280),#11273,.T.);
#11282=FILL_AREA_STYLE_COLOUR('',#30);
#11283=FILL_AREA_STYLE('',(#11282));
#11284=SURFACE_STYLE_FILL_AREA(#11283);
#11285=SURFACE_SIDE_STYLE('',(#11284));
#11286=SURFACE_STYLE_USAGE(.POSITIVE.,#11285);
#11287=PRESENTATION_STYLE_ASSIGNMENT((#11286));
#11288=STYLED_ITEM('',(#11287),#11281);
#11289=CARTESIAN_POINT('',(-2.690166817665E-1,-6.223787123203E-1,-3.E0));
#11290=DIRECTION('',(0.E0,1.E0,0.E0));
#11291=DIRECTION('',(1.E0,0.E0,0.E0));
#11292=AXIS2_PLACEMENT_3D('',#11289,#11290,#11291);
#11293=PLANE('',#11292);
#11294=ORIENTED_EDGE('',*,*,#6962,.F.);
#11296=ORIENTED_EDGE('',*,*,#11295,.T.);
#11297=ORIENTED_EDGE('',*,*,#10655,.T.);
#11298=ORIENTED_EDGE('',*,*,#11275,.F.);
#11299=EDGE_LOOP('',(#11294,#11296,#11297,#11298));
#11300=FACE_OUTER_BOUND('',#11299,.F.);
#11301=ADVANCED_FACE('',(#11300),#11293,.T.);
#11302=FILL_AREA_STYLE_COLOUR('',#30);
#11303=FILL_AREA_STYLE('',(#11302));
#11304=SURFACE_STYLE_FILL_AREA(#11303);
#11305=SURFACE_SIDE_STYLE('',(#11304));
#11306=SURFACE_STYLE_USAGE(.POSITIVE.,#11305);
#11307=PRESENTATION_STYLE_ASSIGNMENT((#11306));
#11308=STYLED_ITEM('',(#11307),#11301);
#11309=CARTESIAN_POINT('',(-2.769333182335E-1,-6.466340512276E-1,-3.E0));
#11310=DIRECTION('',(-9.506456267027E-1,3.102787334496E-1,0.E0));
#11311=DIRECTION('',(3.102787334496E-1,9.506456267027E-1,0.E0));
#11312=AXIS2_PLACEMENT_3D('',#11309,#11310,#11311);
#11313=PLANE('',#11312);
#11314=ORIENTED_EDGE('',*,*,#6960,.F.);
#11316=ORIENTED_EDGE('',*,*,#11315,.T.);
#11317=ORIENTED_EDGE('',*,*,#10657,.T.);
#11318=ORIENTED_EDGE('',*,*,#11295,.F.);
#11319=EDGE_LOOP('',(#11314,#11316,#11317,#11318));
#11320=FACE_OUTER_BOUND('',#11319,.F.);
#11321=ADVANCED_FACE('',(#11320),#11313,.T.);
#11322=FILL_AREA_STYLE_COLOUR('',#30);
#11323=FILL_AREA_STYLE('',(#11322));
#11324=SURFACE_STYLE_FILL_AREA(#11323);
#11325=SURFACE_SIDE_STYLE('',(#11324));
#11326=SURFACE_STYLE_USAGE(.POSITIVE.,#11325);
#11327=PRESENTATION_STYLE_ASSIGNMENT((#11326));
#11328=STYLED_ITEM('',(#11327),#11321);
#11329=CARTESIAN_POINT('',(-3.006833182335E-1,-6.628042620659E-1,-3.E0));
#11330=DIRECTION('',(-5.627909312417E-1,8.265992787996E-1,0.E0));
#11331=DIRECTION('',(8.265992787996E-1,5.627909312417E-1,0.E0));
#11332=AXIS2_PLACEMENT_3D('',#11329,#11330,#11331);
#11333=PLANE('',#11332);
#11334=ORIENTED_EDGE('',*,*,#6958,.F.);
#11336=ORIENTED_EDGE('',*,*,#11335,.T.);
#11337=ORIENTED_EDGE('',*,*,#10659,.T.);
#11338=ORIENTED_EDGE('',*,*,#11315,.F.);
#11339=EDGE_LOOP('',(#11334,#11336,#11337,#11338));
#11340=FACE_OUTER_BOUND('',#11339,.F.);
#11341=ADVANCED_FACE('',(#11340),#11333,.T.);
#11342=FILL_AREA_STYLE_COLOUR('',#30);
#11343=FILL_AREA_STYLE('',(#11342));
#11344=SURFACE_STYLE_FILL_AREA(#11343);
#11345=SURFACE_SIDE_STYLE('',(#11344));
#11346=SURFACE_STYLE_USAGE(.POSITIVE.,#11345);
#11347=PRESENTATION_STYLE_ASSIGNMENT((#11346));
#11348=STYLED_ITEM('',(#11347),#11341);
#11349=CARTESIAN_POINT('',(-3.3235E-1,-6.708893674850E-1,-3.E0));
#11350=DIRECTION('',(-2.473831068378E-1,9.689177459678E-1,0.E0));
#11351=DIRECTION('',(9.689177459678E-1,2.473831068378E-1,0.E0));
#11352=AXIS2_PLACEMENT_3D('',#11349,#11350,#11351);
#11353=PLANE('',#11352);
#11354=ORIENTED_EDGE('',*,*,#6956,.F.);
#11356=ORIENTED_EDGE('',*,*,#11355,.T.);
#11357=ORIENTED_EDGE('',*,*,#10661,.T.);
#11358=ORIENTED_EDGE('',*,*,#11335,.F.);
#11359=EDGE_LOOP('',(#11354,#11356,#11357,#11358));
#11360=FACE_OUTER_BOUND('',#11359,.F.);
#11361=ADVANCED_FACE('',(#11360),#11353,.T.);
#11362=FILL_AREA_STYLE_COLOUR('',#30);
#11363=FILL_AREA_STYLE('',(#11362));
#11364=SURFACE_STYLE_FILL_AREA(#11363);
#11365=SURFACE_SIDE_STYLE('',(#11364));
#11366=SURFACE_STYLE_USAGE(.POSITIVE.,#11365);
#11367=PRESENTATION_STYLE_ASSIGNMENT((#11366));
#11368=STYLED_ITEM('',(#11367),#11361);
#11369=CARTESIAN_POINT('',(-4.036E-1,-6.708893674850E-1,-3.E0));
#11370=DIRECTION('',(0.E0,1.E0,0.E0));
#11371=DIRECTION('',(1.E0,0.E0,0.E0));
#11372=AXIS2_PLACEMENT_3D('',#11369,#11370,#11371);
#11373=PLANE('',#11372);
#11374=ORIENTED_EDGE('',*,*,#6954,.F.);
#11376=ORIENTED_EDGE('',*,*,#11375,.T.);
#11377=ORIENTED_EDGE('',*,*,#10663,.T.);
#11378=ORIENTED_EDGE('',*,*,#11355,.F.);
#11379=EDGE_LOOP('',(#11374,#11376,#11377,#11378));
#11380=FACE_OUTER_BOUND('',#11379,.F.);
#11381=ADVANCED_FACE('',(#11380),#11373,.T.);
#11382=FILL_AREA_STYLE_COLOUR('',#30);
#11383=FILL_AREA_STYLE('',(#11382));
#11384=SURFACE_STYLE_FILL_AREA(#11383);
#11385=SURFACE_SIDE_STYLE('',(#11384));
#11386=SURFACE_STYLE_USAGE(.POSITIVE.,#11385);
#11387=PRESENTATION_STYLE_ASSIGNMENT((#11386));
#11388=STYLED_ITEM('',(#11387),#11381);
#11389=CARTESIAN_POINT('',(-4.352666817665E-1,-6.628042620659E-1,-3.E0));
#11390=DIRECTION('',(2.473831068378E-1,9.689177459678E-1,0.E0));
#11391=DIRECTION('',(9.689177459678E-1,-2.473831068378E-1,0.E0));
#11392=AXIS2_PLACEMENT_3D('',#11389,#11390,#11391);
#11393=PLANE('',#11392);
#11394=ORIENTED_EDGE('',*,*,#6952,.F.);
#11396=ORIENTED_EDGE('',*,*,#11395,.T.);
#11397=ORIENTED_EDGE('',*,*,#10665,.T.);
#11398=ORIENTED_EDGE('',*,*,#11375,.F.);
#11399=EDGE_LOOP('',(#11394,#11396,#11397,#11398));
#11400=FACE_OUTER_BOUND('',#11399,.F.);
#11401=ADVANCED_FACE('',(#11400),#11393,.T.);
#11402=FILL_AREA_STYLE_COLOUR('',#30);
#11403=FILL_AREA_STYLE('',(#11402));
#11404=SURFACE_STYLE_FILL_AREA(#11403);
#11405=SURFACE_SIDE_STYLE('',(#11404));
#11406=SURFACE_STYLE_USAGE(.POSITIVE.,#11405);
#11407=PRESENTATION_STYLE_ASSIGNMENT((#11406));
#11408=STYLED_ITEM('',(#11407),#11401);
#11409=CARTESIAN_POINT('',(-4.590166817665E-1,-6.466340512276E-1,-3.E0));
#11410=DIRECTION('',(5.627909312417E-1,8.265992787996E-1,0.E0));
#11411=DIRECTION('',(8.265992787996E-1,-5.627909312417E-1,0.E0));
#11412=AXIS2_PLACEMENT_3D('',#11409,#11410,#11411);
#11413=PLANE('',#11412);
#11414=ORIENTED_EDGE('',*,*,#6950,.F.);
#11416=ORIENTED_EDGE('',*,*,#11415,.T.);
#11417=ORIENTED_EDGE('',*,*,#10667,.T.);
#11418=ORIENTED_EDGE('',*,*,#11395,.F.);
#11419=EDGE_LOOP('',(#11414,#11416,#11417,#11418));
#11420=FACE_OUTER_BOUND('',#11419,.F.);
#11421=ADVANCED_FACE('',(#11420),#11413,.T.);
#11422=FILL_AREA_STYLE_COLOUR('',#30);
#11423=FILL_AREA_STYLE('',(#11422));
#11424=SURFACE_STYLE_FILL_AREA(#11423);
#11425=SURFACE_SIDE_STYLE('',(#11424));
#11426=SURFACE_STYLE_USAGE(.POSITIVE.,#11425);
#11427=PRESENTATION_STYLE_ASSIGNMENT((#11426));
#11428=STYLED_ITEM('',(#11427),#11421);
#11429=CARTESIAN_POINT('',(-4.7485E-1,-6.223787123203E-1,-3.E0));
#11430=DIRECTION('',(8.373795927994E-1,5.466218231676E-1,0.E0));
#11431=DIRECTION('',(5.466218231676E-1,-8.373795927994E-1,0.E0));
#11432=AXIS2_PLACEMENT_3D('',#11429,#11430,#11431);
#11433=PLANE('',#11432);
#11434=ORIENTED_EDGE('',*,*,#6948,.F.);
#11436=ORIENTED_EDGE('',*,*,#11435,.T.);
#11437=ORIENTED_EDGE('',*,*,#10669,.T.);
#11438=ORIENTED_EDGE('',*,*,#11415,.F.);
#11439=EDGE_LOOP('',(#11434,#11436,#11437,#11438));
#11440=FACE_OUTER_BOUND('',#11439,.F.);
#11441=ADVANCED_FACE('',(#11440),#11433,.T.);
#11442=FILL_AREA_STYLE_COLOUR('',#30);
#11443=FILL_AREA_STYLE('',(#11442));
#11444=SURFACE_STYLE_FILL_AREA(#11443);
#11445=SURFACE_SIDE_STYLE('',(#11444));
#11446=SURFACE_STYLE_USAGE(.POSITIVE.,#11445);
#11447=PRESENTATION_STYLE_ASSIGNMENT((#11446));
#11448=STYLED_ITEM('',(#11447),#11441);
#11449=CARTESIAN_POINT('',(-4.827666817665E-1,-5.900382906437E-1,-3.E0));
#11450=DIRECTION('',(9.713210491251E-1,2.377717803411E-1,0.E0));
#11451=DIRECTION('',(2.377717803411E-1,-9.713210491251E-1,0.E0));
#11452=AXIS2_PLACEMENT_3D('',#11449,#11450,#11451);
#11453=PLANE('',#11452);
#11454=ORIENTED_EDGE('',*,*,#6946,.F.);
#11456=ORIENTED_EDGE('',*,*,#11455,.T.);
#11457=ORIENTED_EDGE('',*,*,#10671,.T.);
#11458=ORIENTED_EDGE('',*,*,#11435,.F.);
#11459=EDGE_LOOP('',(#11454,#11456,#11457,#11458));
#11460=FACE_OUTER_BOUND('',#11459,.F.);
#11461=ADVANCED_FACE('',(#11460),#11453,.T.);
#11462=FILL_AREA_STYLE_COLOUR('',#30);
#11463=FILL_AREA_STYLE('',(#11462));
#11464=SURFACE_STYLE_FILL_AREA(#11463);
#11465=SURFACE_SIDE_STYLE('',(#11464));
#11466=SURFACE_STYLE_USAGE(.POSITIVE.,#11465);
#11467=PRESENTATION_STYLE_ASSIGNMENT((#11466));
#11468=STYLED_ITEM('',(#11467),#11461);
#11469=CARTESIAN_POINT('',(-4.827666817665E-1,-4.687616980314E-1,-3.E0));
#11470=DIRECTION('',(1.E0,0.E0,0.E0));
#11471=DIRECTION('',(0.E0,-1.E0,0.E0));
#11472=AXIS2_PLACEMENT_3D('',#11469,#11470,#11471);
#11473=PLANE('',#11472);
#11474=ORIENTED_EDGE('',*,*,#6944,.F.);
#11476=ORIENTED_EDGE('',*,*,#11475,.T.);
#11477=ORIENTED_EDGE('',*,*,#10673,.T.);
#11478=ORIENTED_EDGE('',*,*,#11455,.F.);
#11479=EDGE_LOOP('',(#11474,#11476,#11477,#11478));
#11480=FACE_OUTER_BOUND('',#11479,.F.);
#11481=ADVANCED_FACE('',(#11480),#11473,.T.);
#11482=FILL_AREA_STYLE_COLOUR('',#30);
#11483=FILL_AREA_STYLE('',(#11482));
#11484=SURFACE_STYLE_FILL_AREA(#11483);
#11485=SURFACE_SIDE_STYLE('',(#11484));
#11486=SURFACE_STYLE_USAGE(.POSITIVE.,#11485);
#11487=PRESENTATION_STYLE_ASSIGNMENT((#11486));
#11488=STYLED_ITEM('',(#11487),#11481);
#11489=CARTESIAN_POINT('',(-4.7485E-1,-4.364212763548E-1,-3.E0));
#11490=DIRECTION('',(9.713210491251E-1,-2.377717803411E-1,0.E0));
#11491=DIRECTION('',(-2.377717803411E-1,-9.713210491251E-1,0.E0));
#11492=AXIS2_PLACEMENT_3D('',#11489,#11490,#11491);
#11493=PLANE('',#11492);
#11494=ORIENTED_EDGE('',*,*,#6942,.F.);
#11496=ORIENTED_EDGE('',*,*,#11495,.T.);
#11497=ORIENTED_EDGE('',*,*,#10675,.T.);
#11498=ORIENTED_EDGE('',*,*,#11475,.F.);
#11499=EDGE_LOOP('',(#11494,#11496,#11497,#11498));
#11500=FACE_OUTER_BOUND('',#11499,.F.);
#11501=ADVANCED_FACE('',(#11500),#11493,.T.);
#11502=FILL_AREA_STYLE_COLOUR('',#30);
#11503=FILL_AREA_STYLE('',(#11502));
#11504=SURFACE_STYLE_FILL_AREA(#11503);
#11505=SURFACE_SIDE_STYLE('',(#11504));
#11506=SURFACE_STYLE_USAGE(.POSITIVE.,#11505);
#11507=PRESENTATION_STYLE_ASSIGNMENT((#11506));
#11508=STYLED_ITEM('',(#11507),#11501);
#11509=CARTESIAN_POINT('',(-4.590166817665E-1,-4.121659600973E-1,-3.E0));
#11510=DIRECTION('',(8.373793591563E-1,-5.466221810895E-1,0.E0));
#11511=DIRECTION('',(-5.466221810895E-1,-8.373793591563E-1,0.E0));
#11512=AXIS2_PLACEMENT_3D('',#11509,#11510,#11511);
#11513=PLANE('',#11512);
#11514=ORIENTED_EDGE('',*,*,#6940,.F.);
#11516=ORIENTED_EDGE('',*,*,#11515,.T.);
#11517=ORIENTED_EDGE('',*,*,#10677,.T.);
#11518=ORIENTED_EDGE('',*,*,#11495,.F.);
#11519=EDGE_LOOP('',(#11514,#11516,#11517,#11518));
#11520=FACE_OUTER_BOUND('',#11519,.F.);
#11521=ADVANCED_FACE('',(#11520),#11513,.T.);
#11522=FILL_AREA_STYLE_COLOUR('',#30);
#11523=FILL_AREA_STYLE('',(#11522));
#11524=SURFACE_STYLE_FILL_AREA(#11523);
#11525=SURFACE_SIDE_STYLE('',(#11524));
#11526=SURFACE_STYLE_USAGE(.POSITIVE.,#11525);
#11527=PRESENTATION_STYLE_ASSIGNMENT((#11526));
#11528=STYLED_ITEM('',(#11527),#11521);
#11529=CARTESIAN_POINT('',(-4.352666817665E-1,-3.959957435966E-1,-3.E0));
#11530=DIRECTION('',(5.627910658976E-1,-8.265991871191E-1,0.E0));
#11531=DIRECTION('',(-8.265991871191E-1,-5.627910658976E-1,0.E0));
#11532=AXIS2_PLACEMENT_3D('',#11529,#11530,#11531);
#11533=PLANE('',#11532);
#11534=ORIENTED_EDGE('',*,*,#6938,.F.);
#11536=ORIENTED_EDGE('',*,*,#11535,.T.);
#11537=ORIENTED_EDGE('',*,*,#10679,.T.);
#11538=ORIENTED_EDGE('',*,*,#11515,.F.);
#11539=EDGE_LOOP('',(#11534,#11536,#11537,#11538));
#11540=FACE_OUTER_BOUND('',#11539,.F.);
#11541=ADVANCED_FACE('',(#11540),#11533,.T.);
#11542=FILL_AREA_STYLE_COLOUR('',#30);
#11543=FILL_AREA_STYLE('',(#11542));
#11544=SURFACE_STYLE_FILL_AREA(#11543);
#11545=SURFACE_SIDE_STYLE('',(#11544));
#11546=SURFACE_STYLE_USAGE(.POSITIVE.,#11545);
#11547=PRESENTATION_STYLE_ASSIGNMENT((#11546));
#11548=STYLED_ITEM('',(#11547),#11541);
#11549=CARTESIAN_POINT('',(-4.036E-1,-3.879106381774E-1,-3.E0));
#11550=DIRECTION('',(2.473831068378E-1,-9.689177459678E-1,0.E0));
#11551=DIRECTION('',(-9.689177459678E-1,-2.473831068378E-1,0.E0));
#11552=AXIS2_PLACEMENT_3D('',#11549,#11550,#11551);
#11553=PLANE('',#11552);
#11554=ORIENTED_EDGE('',*,*,#6936,.F.);
#11556=ORIENTED_EDGE('',*,*,#11555,.T.);
#11557=ORIENTED_EDGE('',*,*,#10681,.T.);
#11558=ORIENTED_EDGE('',*,*,#11535,.F.);
#11559=EDGE_LOOP('',(#11554,#11556,#11557,#11558));
#11560=FACE_OUTER_BOUND('',#11559,.F.);
#11561=ADVANCED_FACE('',(#11560),#11553,.T.);
#11562=FILL_AREA_STYLE_COLOUR('',#30);
#11563=FILL_AREA_STYLE('',(#11562));
#11564=SURFACE_STYLE_FILL_AREA(#11563);
#11565=SURFACE_SIDE_STYLE('',(#11564));
#11566=SURFACE_STYLE_USAGE(.POSITIVE.,#11565);
#11567=PRESENTATION_STYLE_ASSIGNMENT((#11566));
#11568=STYLED_ITEM('',(#11567),#11561);
#11569=CARTESIAN_POINT('',(-3.3235E-1,-3.879106381774E-1,-3.E0));
#11570=DIRECTION('',(0.E0,-1.E0,0.E0));
#11571=DIRECTION('',(-1.E0,0.E0,0.E0));
#11572=AXIS2_PLACEMENT_3D('',#11569,#11570,#11571);
#11573=PLANE('',#11572);
#11574=ORIENTED_EDGE('',*,*,#6934,.F.);
#11576=ORIENTED_EDGE('',*,*,#11575,.T.);
#11577=ORIENTED_EDGE('',*,*,#10683,.T.);
#11578=ORIENTED_EDGE('',*,*,#11555,.F.);
#11579=EDGE_LOOP('',(#11574,#11576,#11577,#11578));
#11580=FACE_OUTER_BOUND('',#11579,.F.);
#11581=ADVANCED_FACE('',(#11580),#11573,.T.);
#11582=FILL_AREA_STYLE_COLOUR('',#30);
#11583=FILL_AREA_STYLE('',(#11582));
#11584=SURFACE_STYLE_FILL_AREA(#11583);
#11585=SURFACE_SIDE_STYLE('',(#11584));
#11586=SURFACE_STYLE_USAGE(.POSITIVE.,#11585);
#11587=PRESENTATION_STYLE_ASSIGNMENT((#11586));
#11588=STYLED_ITEM('',(#11587),#11581);
#11589=CARTESIAN_POINT('',(-3.006833182335E-1,-3.959957435966E-1,-3.E0));
#11590=DIRECTION('',(-2.473831068378E-1,-9.689177459678E-1,0.E0));
#11591=DIRECTION('',(-9.689177459678E-1,2.473831068378E-1,0.E0));
#11592=AXIS2_PLACEMENT_3D('',#11589,#11590,#11591);
#11593=PLANE('',#11592);
#11594=ORIENTED_EDGE('',*,*,#6932,.F.);
#11596=ORIENTED_EDGE('',*,*,#11595,.T.);
#11597=ORIENTED_EDGE('',*,*,#10685,.T.);
#11598=ORIENTED_EDGE('',*,*,#11575,.F.);
#11599=EDGE_LOOP('',(#11594,#11596,#11597,#11598));
#11600=FACE_OUTER_BOUND('',#11599,.F.);
#11601=ADVANCED_FACE('',(#11600),#11593,.T.);
#11602=FILL_AREA_STYLE_COLOUR('',#30);
#11603=FILL_AREA_STYLE('',(#11602));
#11604=SURFACE_STYLE_FILL_AREA(#11603);
#11605=SURFACE_SIDE_STYLE('',(#11604));
#11606=SURFACE_STYLE_USAGE(.POSITIVE.,#11605);
#11607=PRESENTATION_STYLE_ASSIGNMENT((#11606));
#11608=STYLED_ITEM('',(#11607),#11601);
#11609=CARTESIAN_POINT('',(-2.769333182335E-1,-4.121659600973E-1,-3.E0));
#11610=DIRECTION('',(-5.627910658976E-1,-8.265991871191E-1,0.E0));
#11611=DIRECTION('',(-8.265991871191E-1,5.627910658976E-1,0.E0));
#11612=AXIS2_PLACEMENT_3D('',#11609,#11610,#11611);
#11613=PLANE('',#11612);
#11614=ORIENTED_EDGE('',*,*,#6930,.F.);
#11616=ORIENTED_EDGE('',*,*,#11615,.T.);
#11617=ORIENTED_EDGE('',*,*,#10687,.T.);
#11618=ORIENTED_EDGE('',*,*,#11595,.F.);
#11619=EDGE_LOOP('',(#11614,#11616,#11617,#11618));
#11620=FACE_OUTER_BOUND('',#11619,.F.);
#11621=ADVANCED_FACE('',(#11620),#11613,.T.);
#11622=FILL_AREA_STYLE_COLOUR('',#30);
#11623=FILL_AREA_STYLE('',(#11622));
#11624=SURFACE_STYLE_FILL_AREA(#11623);
#11625=SURFACE_SIDE_STYLE('',(#11624));
#11626=SURFACE_STYLE_USAGE(.POSITIVE.,#11625);
#11627=PRESENTATION_STYLE_ASSIGNMENT((#11626));
#11628=STYLED_ITEM('',(#11627),#11621);
#11629=CARTESIAN_POINT('',(-2.690166817665E-1,-4.364212763548E-1,-3.E0));
#11630=DIRECTION('',(-9.506455412394E-1,-3.102789952956E-1,0.E0));
#11631=DIRECTION('',(-3.102789952956E-1,9.506455412394E-1,0.E0));
#11632=AXIS2_PLACEMENT_3D('',#11629,#11630,#11631);
#11633=PLANE('',#11632);
#11634=ORIENTED_EDGE('',*,*,#6928,.F.);
#11635=ORIENTED_EDGE('',*,*,#10857,.T.);
#11636=ORIENTED_EDGE('',*,*,#10689,.T.);
#11637=ORIENTED_EDGE('',*,*,#11615,.F.);
#11638=EDGE_LOOP('',(#11634,#11635,#11636,#11637));
#11639=FACE_OUTER_BOUND('',#11638,.F.);
#11640=ADVANCED_FACE('',(#11639),#11633,.T.);
#11641=FILL_AREA_STYLE_COLOUR('',#30);
#11642=FILL_AREA_STYLE('',(#11641));
#11643=SURFACE_STYLE_FILL_AREA(#11642);
#11644=SURFACE_SIDE_STYLE('',(#11643));
#11645=SURFACE_STYLE_USAGE(.POSITIVE.,#11644);
#11646=PRESENTATION_STYLE_ASSIGNMENT((#11645));
#11647=STYLED_ITEM('',(#11646),#11640);
#11648=CARTESIAN_POINT('',(1.268166364670E-1,-3.879106381774E-1,-3.E0));
#11649=DIRECTION('',(0.E0,-1.E0,0.E0));
#11650=DIRECTION('',(-1.E0,0.E0,0.E0));
#11651=AXIS2_PLACEMENT_3D('',#11648,#11649,#11650);
#11652=PLANE('',#11651);
#11653=ORIENTED_EDGE('',*,*,#7008,.F.);
#11655=ORIENTED_EDGE('',*,*,#11654,.T.);
#11656=ORIENTED_EDGE('',*,*,#10706,.T.);
#11658=ORIENTED_EDGE('',*,*,#11657,.F.);
#11659=EDGE_LOOP('',(#11653,#11655,#11656,#11658));
#11660=FACE_OUTER_BOUND('',#11659,.F.);
#11661=ADVANCED_FACE('',(#11660),#11652,.T.);
#11662=FILL_AREA_STYLE_COLOUR('',#30);
#11663=FILL_AREA_STYLE('',(#11662));
#11664=SURFACE_STYLE_FILL_AREA(#11663);
#11665=SURFACE_SIDE_STYLE('',(#11664));
#11666=SURFACE_STYLE_USAGE(.POSITIVE.,#11665);
#11667=PRESENTATION_STYLE_ASSIGNMENT((#11666));
#11668=STYLED_ITEM('',(#11667),#11661);
#11669=CARTESIAN_POINT('',(1.268166364670E-1,-3.394E-1,-3.E0));
#11670=DIRECTION('',(1.E0,0.E0,0.E0));
#11671=DIRECTION('',(0.E0,-1.E0,0.E0));
#11672=AXIS2_PLACEMENT_3D('',#11669,#11670,#11671);
#11673=PLANE('',#11672);
#11674=ORIENTED_EDGE('',*,*,#7030,.F.);
#11676=ORIENTED_EDGE('',*,*,#11675,.T.);
#11677=ORIENTED_EDGE('',*,*,#10708,.T.);
#11678=ORIENTED_EDGE('',*,*,#11654,.F.);
#11679=EDGE_LOOP('',(#11674,#11676,#11677,#11678));
#11680=FACE_OUTER_BOUND('',#11679,.F.);
#11681=ADVANCED_FACE('',(#11680),#11673,.T.);
#11682=FILL_AREA_STYLE_COLOUR('',#30);
#11683=FILL_AREA_STYLE('',(#11682));
#11684=SURFACE_STYLE_FILL_AREA(#11683);
#11685=SURFACE_SIDE_STYLE('',(#11684));
#11686=SURFACE_STYLE_USAGE(.POSITIVE.,#11685);
#11687=PRESENTATION_STYLE_ASSIGNMENT((#11686));
#11688=STYLED_ITEM('',(#11687),#11681);
#11689=CARTESIAN_POINT('',(-1.581833182335E-1,-3.394E-1,-3.E0));
#11690=DIRECTION('',(0.E0,1.E0,0.E0));
#11691=DIRECTION('',(1.E0,0.E0,0.E0));
#11692=AXIS2_PLACEMENT_3D('',#11689,#11690,#11691);
#11693=PLANE('',#11692);
#11694=ORIENTED_EDGE('',*,*,#7028,.F.);
#11696=ORIENTED_EDGE('',*,*,#11695,.T.);
#11697=ORIENTED_EDGE('',*,*,#10710,.T.);
#11698=ORIENTED_EDGE('',*,*,#11675,.F.);
#11699=EDGE_LOOP('',(#11694,#11696,#11697,#11698));
#11700=FACE_OUTER_BOUND('',#11699,.F.);
#11701=ADVANCED_FACE('',(#11700),#11693,.T.);
#11702=FILL_AREA_STYLE_COLOUR('',#30);
#11703=FILL_AREA_STYLE('',(#11702));
#11704=SURFACE_STYLE_FILL_AREA(#11703);
#11705=SURFACE_SIDE_STYLE('',(#11704));
#11706=SURFACE_STYLE_USAGE(.POSITIVE.,#11705);
#11707=PRESENTATION_STYLE_ASSIGNMENT((#11706));
#11708=STYLED_ITEM('',(#11707),#11701);
#11709=CARTESIAN_POINT('',(-1.581833182335E-1,-7.194E-1,-3.E0));
#11710=DIRECTION('',(-1.E0,0.E0,0.E0));
#11711=DIRECTION('',(0.E0,1.E0,0.E0));
#11712=AXIS2_PLACEMENT_3D('',#11709,#11710,#11711);
#11713=PLANE('',#11712);
#11714=ORIENTED_EDGE('',*,*,#7026,.F.);
#11716=ORIENTED_EDGE('',*,*,#11715,.T.);
#11717=ORIENTED_EDGE('',*,*,#10712,.T.);
#11718=ORIENTED_EDGE('',*,*,#11695,.F.);
#11719=EDGE_LOOP('',(#11714,#11716,#11717,#11718));
#11720=FACE_OUTER_BOUND('',#11719,.F.);
#11721=ADVANCED_FACE('',(#11720),#11713,.T.);
#11722=FILL_AREA_STYLE_COLOUR('',#30);
#11723=FILL_AREA_STYLE('',(#11722));
#11724=SURFACE_STYLE_FILL_AREA(#11723);
#11725=SURFACE_SIDE_STYLE('',(#11724));
#11726=SURFACE_STYLE_USAGE(.POSITIVE.,#11725);
#11727=PRESENTATION_STYLE_ASSIGNMENT((#11726));
#11728=STYLED_ITEM('',(#11727),#11721);
#11729=CARTESIAN_POINT('',(1.268166364670E-1,-7.194E-1,-3.E0));
#11730=DIRECTION('',(0.E0,-1.E0,0.E0));
#11731=DIRECTION('',(-1.E0,0.E0,0.E0));
#11732=AXIS2_PLACEMENT_3D('',#11729,#11730,#11731);
#11733=PLANE('',#11732);
#11734=ORIENTED_EDGE('',*,*,#7024,.F.);
#11736=ORIENTED_EDGE('',*,*,#11735,.T.);
#11737=ORIENTED_EDGE('',*,*,#10714,.T.);
#11738=ORIENTED_EDGE('',*,*,#11715,.F.);
#11739=EDGE_LOOP('',(#11734,#11736,#11737,#11738));
#11740=FACE_OUTER_BOUND('',#11739,.F.);
#11741=ADVANCED_FACE('',(#11740),#11733,.T.);
#11742=FILL_AREA_STYLE_COLOUR('',#30);
#11743=FILL_AREA_STYLE('',(#11742));
#11744=SURFACE_STYLE_FILL_AREA(#11743);
#11745=SURFACE_SIDE_STYLE('',(#11744));
#11746=SURFACE_STYLE_USAGE(.POSITIVE.,#11745);
#11747=PRESENTATION_STYLE_ASSIGNMENT((#11746));
#11748=STYLED_ITEM('',(#11747),#11741);
#11749=CARTESIAN_POINT('',(1.268166364670E-1,-6.708893674850E-1,-3.E0));
#11750=DIRECTION('',(1.E0,0.E0,0.E0));
#11751=DIRECTION('',(0.E0,-1.E0,0.E0));
#11752=AXIS2_PLACEMENT_3D('',#11749,#11750,#11751);
#11753=PLANE('',#11752);
#11754=ORIENTED_EDGE('',*,*,#7022,.F.);
#11756=ORIENTED_EDGE('',*,*,#11755,.T.);
#11757=ORIENTED_EDGE('',*,*,#10716,.T.);
#11758=ORIENTED_EDGE('',*,*,#11735,.F.);
#11759=EDGE_LOOP('',(#11754,#11756,#11757,#11758));
#11760=FACE_OUTER_BOUND('',#11759,.F.);
#11761=ADVANCED_FACE('',(#11760),#11753,.T.);
#11762=FILL_AREA_STYLE_COLOUR('',#30);
#11763=FILL_AREA_STYLE('',(#11762));
#11764=SURFACE_STYLE_FILL_AREA(#11763);
#11765=SURFACE_SIDE_STYLE('',(#11764));
#11766=SURFACE_STYLE_USAGE(.POSITIVE.,#11765);
#11767=PRESENTATION_STYLE_ASSIGNMENT((#11766));
#11768=STYLED_ITEM('',(#11767),#11761);
#11769=CARTESIAN_POINT('',(-1.106833635330E-1,-6.708893674850E-1,-3.E0));
#11770=DIRECTION('',(0.E0,1.E0,0.E0));
#11771=DIRECTION('',(1.E0,0.E0,0.E0));
#11772=AXIS2_PLACEMENT_3D('',#11769,#11770,#11771);
#11773=PLANE('',#11772);
#11774=ORIENTED_EDGE('',*,*,#7020,.F.);
#11776=ORIENTED_EDGE('',*,*,#11775,.T.);
#11777=ORIENTED_EDGE('',*,*,#10718,.T.);
#11778=ORIENTED_EDGE('',*,*,#11755,.F.);
#11779=EDGE_LOOP('',(#11774,#11776,#11777,#11778));
#11780=FACE_OUTER_BOUND('',#11779,.F.);
#11781=ADVANCED_FACE('',(#11780),#11773,.T.);
#11782=FILL_AREA_STYLE_COLOUR('',#30);
#11783=FILL_AREA_STYLE('',(#11782));
#11784=SURFACE_STYLE_FILL_AREA(#11783);
#11785=SURFACE_SIDE_STYLE('',(#11784));
#11786=SURFACE_STYLE_USAGE(.POSITIVE.,#11785);
#11787=PRESENTATION_STYLE_ASSIGNMENT((#11786));
#11788=STYLED_ITEM('',(#11787),#11781);
#11789=CARTESIAN_POINT('',(-1.106833635330E-1,-5.657829743862E-1,-3.E0));
#11790=DIRECTION('',(1.E0,0.E0,0.E0));
#11791=DIRECTION('',(0.E0,-1.E0,0.E0));
#11792=AXIS2_PLACEMENT_3D('',#11789,#11790,#11791);
#11793=PLANE('',#11792);
#11794=ORIENTED_EDGE('',*,*,#7018,.F.);
#11796=ORIENTED_EDGE('',*,*,#11795,.T.);
#11797=ORIENTED_EDGE('',*,*,#10720,.T.);
#11798=ORIENTED_EDGE('',*,*,#11775,.F.);
#11799=EDGE_LOOP('',(#11794,#11796,#11797,#11798));
#11800=FACE_OUTER_BOUND('',#11799,.F.);
#11801=ADVANCED_FACE('',(#11800),#11793,.T.);
#11802=FILL_AREA_STYLE_COLOUR('',#30);
#11803=FILL_AREA_STYLE('',(#11802));
#11804=SURFACE_STYLE_FILL_AREA(#11803);
#11805=SURFACE_SIDE_STYLE('',(#11804));
#11806=SURFACE_STYLE_USAGE(.POSITIVE.,#11805);
#11807=PRESENTATION_STYLE_ASSIGNMENT((#11806));
#11808=STYLED_ITEM('',(#11807),#11801);
#11809=CARTESIAN_POINT('',(9.515E-2,-5.657829743862E-1,-3.E0));
#11810=DIRECTION('',(0.E0,-1.E0,0.E0));
#11811=DIRECTION('',(-1.E0,0.E0,0.E0));
#11812=AXIS2_PLACEMENT_3D('',#11809,#11810,#11811);
#11813=PLANE('',#11812);
#11814=ORIENTED_EDGE('',*,*,#7016,.F.);
#11816=ORIENTED_EDGE('',*,*,#11815,.T.);
#11817=ORIENTED_EDGE('',*,*,#10722,.T.);
#11818=ORIENTED_EDGE('',*,*,#11795,.F.);
#11819=EDGE_LOOP('',(#11814,#11816,#11817,#11818));
#11820=FACE_OUTER_BOUND('',#11819,.F.);
#11821=ADVANCED_FACE('',(#11820),#11813,.T.);
#11822=FILL_AREA_STYLE_COLOUR('',#30);
#11823=FILL_AREA_STYLE('',(#11822));
#11824=SURFACE_STYLE_FILL_AREA(#11823);
#11825=SURFACE_SIDE_STYLE('',(#11824));
#11826=SURFACE_STYLE_USAGE(.POSITIVE.,#11825);
#11827=PRESENTATION_STYLE_ASSIGNMENT((#11826));
#11828=STYLED_ITEM('',(#11827),#11821);
#11829=CARTESIAN_POINT('',(9.515E-2,-5.172723418713E-1,-3.E0));
#11830=DIRECTION('',(1.E0,0.E0,0.E0));
#11831=DIRECTION('',(0.E0,-1.E0,0.E0));
#11832=AXIS2_PLACEMENT_3D('',#11829,#11830,#11831);
#11833=PLANE('',#11832);
#11834=ORIENTED_EDGE('',*,*,#7014,.F.);
#11836=ORIENTED_EDGE('',*,*,#11835,.T.);
#11837=ORIENTED_EDGE('',*,*,#10724,.T.);
#11838=ORIENTED_EDGE('',*,*,#11815,.F.);
#11839=EDGE_LOOP('',(#11834,#11836,#11837,#11838));
#11840=FACE_OUTER_BOUND('',#11839,.F.);
#11841=ADVANCED_FACE('',(#11840),#11833,.T.);
#11842=FILL_AREA_STYLE_COLOUR('',#30);
#11843=FILL_AREA_STYLE('',(#11842));
#11844=SURFACE_STYLE_FILL_AREA(#11843);
#11845=SURFACE_SIDE_STYLE('',(#11844));
#11846=SURFACE_STYLE_USAGE(.POSITIVE.,#11845);
#11847=PRESENTATION_STYLE_ASSIGNMENT((#11846));
#11848=STYLED_ITEM('',(#11847),#11841);
#11849=CARTESIAN_POINT('',(-1.106833635330E-1,-5.172723418713E-1,-3.E0));
#11850=DIRECTION('',(0.E0,1.E0,0.E0));
#11851=DIRECTION('',(1.E0,0.E0,0.E0));
#11852=AXIS2_PLACEMENT_3D('',#11849,#11850,#11851);
#11853=PLANE('',#11852);
#11854=ORIENTED_EDGE('',*,*,#7012,.F.);
#11856=ORIENTED_EDGE('',*,*,#11855,.T.);
#11857=ORIENTED_EDGE('',*,*,#10726,.T.);
#11858=ORIENTED_EDGE('',*,*,#11835,.F.);
#11859=EDGE_LOOP('',(#11854,#11856,#11857,#11858));
#11860=FACE_OUTER_BOUND('',#11859,.F.);
#11861=ADVANCED_FACE('',(#11860),#11853,.T.);
#11862=FILL_AREA_STYLE_COLOUR('',#30);
#11863=FILL_AREA_STYLE('',(#11862));
#11864=SURFACE_STYLE_FILL_AREA(#11863);
#11865=SURFACE_SIDE_STYLE('',(#11864));
#11866=SURFACE_STYLE_USAGE(.POSITIVE.,#11865);
#11867=PRESENTATION_STYLE_ASSIGNMENT((#11866));
#11868=STYLED_ITEM('',(#11867),#11861);
#11869=CARTESIAN_POINT('',(-1.106833635330E-1,-3.879106381774E-1,-3.E0));
#11870=DIRECTION('',(1.E0,0.E0,0.E0));
#11871=DIRECTION('',(0.E0,-1.E0,0.E0));
#11872=AXIS2_PLACEMENT_3D('',#11869,#11870,#11871);
#11873=PLANE('',#11872);
#11874=ORIENTED_EDGE('',*,*,#7010,.F.);
#11875=ORIENTED_EDGE('',*,*,#11657,.T.);
#11876=ORIENTED_EDGE('',*,*,#10728,.T.);
#11877=ORIENTED_EDGE('',*,*,#11855,.F.);
#11878=EDGE_LOOP('',(#11874,#11875,#11876,#11877));
#11879=FACE_OUTER_BOUND('',#11878,.F.);
#11880=ADVANCED_FACE('',(#11879),#11873,.T.);
#11881=FILL_AREA_STYLE_COLOUR('',#30);
#11882=FILL_AREA_STYLE('',(#11881));
#11883=SURFACE_STYLE_FILL_AREA(#11882);
#11884=SURFACE_SIDE_STYLE('',(#11883));
#11885=SURFACE_STYLE_USAGE(.POSITIVE.,#11884);
#11886=PRESENTATION_STYLE_ASSIGNMENT((#11885));
#11887=STYLED_ITEM('',(#11886),#11880);
#11888=CARTESIAN_POINT('',(3.8015E-1,-7.194E-1,-3.E0));
#11889=DIRECTION('',(0.E0,-1.E0,0.E0));
#11890=DIRECTION('',(-1.E0,0.E0,0.E0));
#11891=AXIS2_PLACEMENT_3D('',#11888,#11889,#11890);
#11892=PLANE('',#11891);
#11893=ORIENTED_EDGE('',*,*,#7034,.F.);
#11895=ORIENTED_EDGE('',*,*,#11894,.T.);
#11896=ORIENTED_EDGE('',*,*,#10745,.T.);
#11898=ORIENTED_EDGE('',*,*,#11897,.F.);
#11899=EDGE_LOOP('',(#11893,#11895,#11896,#11898));
#11900=FACE_OUTER_BOUND('',#11899,.F.);
#11901=ADVANCED_FACE('',(#11900),#11892,.T.);
#11902=FILL_AREA_STYLE_COLOUR('',#30);
#11903=FILL_AREA_STYLE('',(#11902));
#11904=SURFACE_STYLE_FILL_AREA(#11903);
#11905=SURFACE_SIDE_STYLE('',(#11904));
#11906=SURFACE_STYLE_USAGE(.POSITIVE.,#11905);
#11907=PRESENTATION_STYLE_ASSIGNMENT((#11906));
#11908=STYLED_ITEM('',(#11907),#11901);
#11909=CARTESIAN_POINT('',(4.197333635330E-1,-7.113148945808E-1,-3.E0));
#11910=DIRECTION('',(2.001232084928E-1,-9.797707392153E-1,0.E0));
#11911=DIRECTION('',(-9.797707392153E-1,-2.001232084928E-1,0.E0));
#11912=AXIS2_PLACEMENT_3D('',#11909,#11910,#11911);
#11913=PLANE('',#11912);
#11914=ORIENTED_EDGE('',*,*,#7060,.F.);
#11916=ORIENTED_EDGE('',*,*,#11915,.T.);
#11917=ORIENTED_EDGE('',*,*,#10747,.T.);
#11918=ORIENTED_EDGE('',*,*,#11894,.F.);
#11919=EDGE_LOOP('',(#11914,#11916,#11917,#11918));
#11920=FACE_OUTER_BOUND('',#11919,.F.);
#11921=ADVANCED_FACE('',(#11920),#11913,.T.);
#11922=FILL_AREA_STYLE_COLOUR('',#30);
#11923=FILL_AREA_STYLE('',(#11922));
#11924=SURFACE_STYLE_FILL_AREA(#11923);
#11925=SURFACE_SIDE_STYLE('',(#11924));
#11926=SURFACE_STYLE_USAGE(.POSITIVE.,#11925);
#11927=PRESENTATION_STYLE_ASSIGNMENT((#11926));
#11928=STYLED_ITEM('',(#11927),#11921);
#11929=CARTESIAN_POINT('',(4.514E-1,-6.951446837425E-1,-3.E0));
#11930=DIRECTION('',(4.547774575564E-1,-8.906051112017E-1,0.E0));
#11931=DIRECTION('',(-8.906051112017E-1,-4.547774575564E-1,0.E0));
#11932=AXIS2_PLACEMENT_3D('',#11929,#11930,#11931);
#11933=PLANE('',#11932);
#11934=ORIENTED_EDGE('',*,*,#7058,.F.);
#11936=ORIENTED_EDGE('',*,*,#11935,.T.);
#11937=ORIENTED_EDGE('',*,*,#10749,.T.);
#11938=ORIENTED_EDGE('',*,*,#11915,.F.);
#11939=EDGE_LOOP('',(#11934,#11936,#11937,#11938));
#11940=FACE_OUTER_BOUND('',#11939,.F.);
#11941=ADVANCED_FACE('',(#11940),#11933,.T.);
#11942=FILL_AREA_STYLE_COLOUR('',#30);
#11943=FILL_AREA_STYLE('',(#11942));
#11944=SURFACE_STYLE_FILL_AREA(#11943);
#11945=SURFACE_SIDE_STYLE('',(#11944));
#11946=SURFACE_STYLE_USAGE(.POSITIVE.,#11945);
#11947=PRESENTATION_STYLE_ASSIGNMENT((#11946));
#11948=STYLED_ITEM('',(#11947),#11941);
#11949=CARTESIAN_POINT('',(4.830666364670E-1,-6.628042620659E-1,-3.E0));
#11950=DIRECTION('',(7.145107183351E-1,-6.996244945571E-1,0.E0));
#11951=DIRECTION('',(-6.996244945571E-1,-7.145107183351E-1,0.E0));
#11952=AXIS2_PLACEMENT_3D('',#11949,#11950,#11951);
#11953=PLANE('',#11952);
#11954=ORIENTED_EDGE('',*,*,#7056,.F.);
#11956=ORIENTED_EDGE('',*,*,#11955,.T.);
#11957=ORIENTED_EDGE('',*,*,#10751,.T.);
#11958=ORIENTED_EDGE('',*,*,#11935,.F.);
#11959=EDGE_LOOP('',(#11954,#11956,#11957,#11958));
#11960=FACE_OUTER_BOUND('',#11959,.F.);
#11961=ADVANCED_FACE('',(#11960),#11953,.T.);
#11962=FILL_AREA_STYLE_COLOUR('',#30);
#11963=FILL_AREA_STYLE('',(#11962));
#11964=SURFACE_STYLE_FILL_AREA(#11963);
#11965=SURFACE_SIDE_STYLE('',(#11964));
#11966=SURFACE_STYLE_USAGE(.POSITIVE.,#11965);
#11967=PRESENTATION_STYLE_ASSIGNMENT((#11966));
#11968=STYLED_ITEM('',(#11967),#11961);
#11969=CARTESIAN_POINT('',(4.989E-1,-6.304638403893E-1,-3.E0));
#11970=DIRECTION('',(8.981377659536E-1,-4.397141723527E-1,0.E0));
#11971=DIRECTION('',(-4.397141723527E-1,-8.981377659536E-1,0.E0));
#11972=AXIS2_PLACEMENT_3D('',#11969,#11970,#11971);
#11973=PLANE('',#11972);
#11974=ORIENTED_EDGE('',*,*,#7054,.F.);
#11976=ORIENTED_EDGE('',*,*,#11975,.T.);
#11977=ORIENTED_EDGE('',*,*,#10753,.T.);
#11978=ORIENTED_EDGE('',*,*,#11955,.F.);
#11979=EDGE_LOOP('',(#11974,#11976,#11977,#11978));
#11980=FACE_OUTER_BOUND('',#11979,.F.);
#11981=ADVANCED_FACE('',(#11980),#11973,.T.);
#11982=FILL_AREA_STYLE_COLOUR('',#30);
#11983=FILL_AREA_STYLE('',(#11982));
#11984=SURFACE_STYLE_FILL_AREA(#11983);
#11985=SURFACE_SIDE_STYLE('',(#11984));
#11986=SURFACE_STYLE_USAGE(.POSITIVE.,#11985);
#11987=PRESENTATION_STYLE_ASSIGNMENT((#11986));
#11988=STYLED_ITEM('',(#11987),#11981);
#11989=CARTESIAN_POINT('',(5.068166364670E-1,-5.900382906437E-1,-3.E0));
#11990=DIRECTION('',(9.813592930674E-1,-1.921820436730E-1,0.E0));
#11991=DIRECTION('',(-1.921820436730E-1,-9.813592930674E-1,0.E0));
#11992=AXIS2_PLACEMENT_3D('',#11989,#11990,#11991);
#11993=PLANE('',#11992);
#11994=ORIENTED_EDGE('',*,*,#7052,.F.);
#11996=ORIENTED_EDGE('',*,*,#11995,.T.);
#11997=ORIENTED_EDGE('',*,*,#10755,.T.);
#11998=ORIENTED_EDGE('',*,*,#11975,.F.);
#11999=EDGE_LOOP('',(#11994,#11996,#11997,#11998));
#12000=FACE_OUTER_BOUND('',#11999,.F.);
#12001=ADVANCED_FACE('',(#12000),#11993,.T.);
#12002=FILL_AREA_STYLE_COLOUR('',#30);
#12003=FILL_AREA_STYLE('',(#12002));
#12004=SURFACE_STYLE_FILL_AREA(#12003);
#12005=SURFACE_SIDE_STYLE('',(#12004));
#12006=SURFACE_STYLE_USAGE(.POSITIVE.,#12005);
#12007=PRESENTATION_STYLE_ASSIGNMENT((#12006));
#12008=STYLED_ITEM('',(#12007),#12001);
#12009=CARTESIAN_POINT('',(5.068166364670E-1,-4.687616980314E-1,-3.E0));
#12010=DIRECTION('',(1.E0,0.E0,0.E0));
#12011=DIRECTION('',(0.E0,-1.E0,0.E0));
#12012=AXIS2_PLACEMENT_3D('',#12009,#12010,#12011);
#12013=PLANE('',#12012);
#12014=ORIENTED_EDGE('',*,*,#7050,.F.);
#12016=ORIENTED_EDGE('',*,*,#12015,.T.);
#12017=ORIENTED_EDGE('',*,*,#10757,.T.);
#12018=ORIENTED_EDGE('',*,*,#11995,.F.);
#12019=EDGE_LOOP('',(#12014,#12016,#12017,#12018));
#12020=FACE_OUTER_BOUND('',#12019,.F.);
#12021=ADVANCED_FACE('',(#12020),#12013,.T.);
#12022=FILL_AREA_STYLE_COLOUR('',#30);
#12023=FILL_AREA_STYLE('',(#12022));
#12024=SURFACE_STYLE_FILL_AREA(#12023);
#12025=SURFACE_SIDE_STYLE('',(#12024));
#12026=SURFACE_STYLE_USAGE(.POSITIVE.,#12025);
#12027=PRESENTATION_STYLE_ASSIGNMENT((#12026));
#12028=STYLED_ITEM('',(#12027),#12021);
#12029=CARTESIAN_POINT('',(4.989E-1,-4.283361709356E-1,-3.E0));
#12030=DIRECTION('',(9.813592727596E-1,1.921821473726E-1,0.E0));
#12031=DIRECTION('',(1.921821473726E-1,-9.813592727596E-1,0.E0));
#12032=AXIS2_PLACEMENT_3D('',#12029,#12030,#12031);
#12033=PLANE('',#12032);
#12034=ORIENTED_EDGE('',*,*,#7048,.F.);
#12036=ORIENTED_EDGE('',*,*,#12035,.T.);
#12037=ORIENTED_EDGE('',*,*,#10759,.T.);
#12038=ORIENTED_EDGE('',*,*,#12015,.F.);
#12039=EDGE_LOOP('',(#12034,#12036,#12037,#12038));
#12040=FACE_OUTER_BOUND('',#12039,.F.);
#12041=ADVANCED_FACE('',(#12040),#12033,.T.);
#12042=FILL_AREA_STYLE_COLOUR('',#30);
#12043=FILL_AREA_STYLE('',(#12042));
#12044=SURFACE_STYLE_FILL_AREA(#12043);
#12045=SURFACE_SIDE_STYLE('',(#12044));
#12046=SURFACE_STYLE_USAGE(.POSITIVE.,#12045);
#12047=PRESENTATION_STYLE_ASSIGNMENT((#12046));
#12048=STYLED_ITEM('',(#12047),#12041);
#12049=CARTESIAN_POINT('',(4.830666364670E-1,-3.959957435966E-1,-3.E0));
#12050=DIRECTION('',(8.981377963584E-1,4.397141102494E-1,0.E0));
#12051=DIRECTION('',(4.397141102494E-1,-8.981377963584E-1,0.E0));
#12052=AXIS2_PLACEMENT_3D('',#12049,#12050,#12051);
#12053=PLANE('',#12052);
#12054=ORIENTED_EDGE('',*,*,#7046,.F.);
#12056=ORIENTED_EDGE('',*,*,#12055,.T.);
#12057=ORIENTED_EDGE('',*,*,#10761,.T.);
#12058=ORIENTED_EDGE('',*,*,#12035,.F.);
#12059=EDGE_LOOP('',(#12054,#12056,#12057,#12058));
#12060=FACE_OUTER_BOUND('',#12059,.F.);
#12061=ADVANCED_FACE('',(#12060),#12053,.T.);
#12062=FILL_AREA_STYLE_COLOUR('',#30);
#12063=FILL_AREA_STYLE('',(#12062));
#12064=SURFACE_STYLE_FILL_AREA(#12063);
#12065=SURFACE_SIDE_STYLE('',(#12064));
#12066=SURFACE_STYLE_USAGE(.POSITIVE.,#12065);
#12067=PRESENTATION_STYLE_ASSIGNMENT((#12066));
#12068=STYLED_ITEM('',(#12067),#12061);
#12069=CARTESIAN_POINT('',(4.514E-1,-3.636553190887E-1,-3.E0));
#12070=DIRECTION('',(7.145107489524E-1,6.996244632883E-1,0.E0));
#12071=DIRECTION('',(6.996244632883E-1,-7.145107489524E-1,0.E0));
#12072=AXIS2_PLACEMENT_3D('',#12069,#12070,#12071);
#12073=PLANE('',#12072);
#12074=ORIENTED_EDGE('',*,*,#7044,.F.);
#12076=ORIENTED_EDGE('',*,*,#12075,.T.);
#12077=ORIENTED_EDGE('',*,*,#10763,.T.);
#12078=ORIENTED_EDGE('',*,*,#12055,.F.);
#12079=EDGE_LOOP('',(#12074,#12076,#12077,#12078));
#12080=FACE_OUTER_BOUND('',#12079,.F.);
#12081=ADVANCED_FACE('',(#12080),#12073,.T.);
#12082=FILL_AREA_STYLE_COLOUR('',#30);
#12083=FILL_AREA_STYLE('',(#12082));
#12084=SURFACE_STYLE_FILL_AREA(#12083);
#12085=SURFACE_SIDE_STYLE('',(#12084));
#12086=SURFACE_STYLE_USAGE(.POSITIVE.,#12085);
#12087=PRESENTATION_STYLE_ASSIGNMENT((#12086));
#12088=STYLED_ITEM('',(#12087),#12081);
#12089=CARTESIAN_POINT('',(4.197333635330E-1,-3.474851061270E-1,-3.E0));
#12090=DIRECTION('',(4.547775049247E-1,8.906050870136E-1,0.E0));
#12091=DIRECTION('',(8.906050870136E-1,-4.547775049247E-1,0.E0));
#12092=AXIS2_PLACEMENT_3D('',#12089,#12090,#12091);
#12093=PLANE('',#12092);
#12094=ORIENTED_EDGE('',*,*,#7042,.F.);
#12096=ORIENTED_EDGE('',*,*,#12095,.T.);
#12097=ORIENTED_EDGE('',*,*,#10765,.T.);
#12098=ORIENTED_EDGE('',*,*,#12075,.F.);
#12099=EDGE_LOOP('',(#12094,#12096,#12097,#12098));
#12100=FACE_OUTER_BOUND('',#12099,.F.);
#12101=ADVANCED_FACE('',(#12100),#12093,.T.);
#12102=FILL_AREA_STYLE_COLOUR('',#30);
#12103=FILL_AREA_STYLE('',(#12102));
#12104=SURFACE_STYLE_FILL_AREA(#12103);
#12105=SURFACE_SIDE_STYLE('',(#12104));
#12106=SURFACE_STYLE_USAGE(.POSITIVE.,#12105);
#12107=PRESENTATION_STYLE_ASSIGNMENT((#12106));
#12108=STYLED_ITEM('',(#12107),#12101);
#12109=CARTESIAN_POINT('',(3.8015E-1,-3.394E-1,-3.E0));
#12110=DIRECTION('',(2.001232253108E-1,9.797707357802E-1,0.E0));
#12111=DIRECTION('',(9.797707357802E-1,-2.001232253108E-1,0.E0));
#12112=AXIS2_PLACEMENT_3D('',#12109,#12110,#12111);
#12113=PLANE('',#12112);
#12114=ORIENTED_EDGE('',*,*,#7040,.F.);
#12116=ORIENTED_EDGE('',*,*,#12115,.T.);
#12117=ORIENTED_EDGE('',*,*,#10767,.T.);
#12118=ORIENTED_EDGE('',*,*,#12095,.F.);
#12119=EDGE_LOOP('',(#12114,#12116,#12117,#12118));
#12120=FACE_OUTER_BOUND('',#12119,.F.);
#12121=ADVANCED_FACE('',(#12120),#12113,.T.);
#12122=FILL_AREA_STYLE_COLOUR('',#30);
#12123=FILL_AREA_STYLE('',(#12122));
#12124=SURFACE_STYLE_FILL_AREA(#12123);
#12125=SURFACE_SIDE_STYLE('',(#12124));
#12126=SURFACE_STYLE_USAGE(.POSITIVE.,#12125);
#12127=PRESENTATION_STYLE_ASSIGNMENT((#12126));
#12128=STYLED_ITEM('',(#12127),#12121);
#12129=CARTESIAN_POINT('',(1.9015E-1,-3.394E-1,-3.E0));
#12130=DIRECTION('',(0.E0,1.E0,0.E0));
#12131=DIRECTION('',(1.E0,0.E0,0.E0));
#12132=AXIS2_PLACEMENT_3D('',#12129,#12130,#12131);
#12133=PLANE('',#12132);
#12134=ORIENTED_EDGE('',*,*,#7038,.F.);
#12136=ORIENTED_EDGE('',*,*,#12135,.T.);
#12137=ORIENTED_EDGE('',*,*,#10769,.T.);
#12138=ORIENTED_EDGE('',*,*,#12115,.F.);
#12139=EDGE_LOOP('',(#12134,#12136,#12137,#12138));
#12140=FACE_OUTER_BOUND('',#12139,.F.);
#12141=ADVANCED_FACE('',(#12140),#12133,.T.);
#12142=FILL_AREA_STYLE_COLOUR('',#30);
#12143=FILL_AREA_STYLE('',(#12142));
#12144=SURFACE_STYLE_FILL_AREA(#12143);
#12145=SURFACE_SIDE_STYLE('',(#12144));
#12146=SURFACE_STYLE_USAGE(.POSITIVE.,#12145);
#12147=PRESENTATION_STYLE_ASSIGNMENT((#12146));
#12148=STYLED_ITEM('',(#12147),#12141);
#12149=CARTESIAN_POINT('',(1.9015E-1,-7.194E-1,-3.E0));
#12150=DIRECTION('',(-1.E0,0.E0,0.E0));
#12151=DIRECTION('',(0.E0,1.E0,0.E0));
#12152=AXIS2_PLACEMENT_3D('',#12149,#12150,#12151);
#12153=PLANE('',#12152);
#12154=ORIENTED_EDGE('',*,*,#7036,.F.);
#12155=ORIENTED_EDGE('',*,*,#11897,.T.);
#12156=ORIENTED_EDGE('',*,*,#10771,.T.);
#12157=ORIENTED_EDGE('',*,*,#12135,.F.);
#12158=EDGE_LOOP('',(#12154,#12155,#12156,#12157));
#12159=FACE_OUTER_BOUND('',#12158,.F.);
#12160=ADVANCED_FACE('',(#12159),#12153,.T.);
#12161=FILL_AREA_STYLE_COLOUR('',#30);
#12162=FILL_AREA_STYLE('',(#12161));
#12163=SURFACE_STYLE_FILL_AREA(#12162);
#12164=SURFACE_SIDE_STYLE('',(#12163));
#12165=SURFACE_STYLE_USAGE(.POSITIVE.,#12164);
#12166=PRESENTATION_STYLE_ASSIGNMENT((#12165));
#12167=STYLED_ITEM('',(#12166),#12160);
#12168=CARTESIAN_POINT('',(2.3765E-1,-6.708893674850E-1,-3.E0));
#12169=DIRECTION('',(0.E0,1.E0,0.E0));
#12170=DIRECTION('',(1.E0,0.E0,0.E0));
#12171=AXIS2_PLACEMENT_3D('',#12168,#12169,#12170);
#12172=PLANE('',#12171);
#12173=ORIENTED_EDGE('',*,*,#7095,.F.);
#12175=ORIENTED_EDGE('',*,*,#12174,.T.);
#12176=ORIENTED_EDGE('',*,*,#10775,.T.);
#12178=ORIENTED_EDGE('',*,*,#12177,.F.);
#12179=EDGE_LOOP('',(#12173,#12175,#12176,#12178));
#12180=FACE_OUTER_BOUND('',#12179,.F.);
#12181=ADVANCED_FACE('',(#12180),#12172,.T.);
#12182=FILL_AREA_STYLE_COLOUR('',#30);
#12183=FILL_AREA_STYLE('',(#12182));
#12184=SURFACE_STYLE_FILL_AREA(#12183);
#12185=SURFACE_SIDE_STYLE('',(#12184));
#12186=SURFACE_STYLE_USAGE(.POSITIVE.,#12185);
#12187=PRESENTATION_STYLE_ASSIGNMENT((#12186));
#12188=STYLED_ITEM('',(#12187),#12181);
#12189=CARTESIAN_POINT('',(2.3765E-1,-3.879106381774E-1,-3.E0));
#12190=DIRECTION('',(1.E0,0.E0,0.E0));
#12191=DIRECTION('',(0.E0,-1.E0,0.E0));
#12192=AXIS2_PLACEMENT_3D('',#12189,#12190,#12191);
#12193=PLANE('',#12192);
#12194=ORIENTED_EDGE('',*,*,#7117,.F.);
#12196=ORIENTED_EDGE('',*,*,#12195,.T.);
#12197=ORIENTED_EDGE('',*,*,#10777,.T.);
#12198=ORIENTED_EDGE('',*,*,#12174,.F.);
#12199=EDGE_LOOP('',(#12194,#12196,#12197,#12198));
#12200=FACE_OUTER_BOUND('',#12199,.F.);
#12201=ADVANCED_FACE('',(#12200),#12193,.T.);
#12202=FILL_AREA_STYLE_COLOUR('',#30);
#12203=FILL_AREA_STYLE('',(#12202));
#12204=SURFACE_STYLE_FILL_AREA(#12203);
#12205=SURFACE_SIDE_STYLE('',(#12204));
#12206=SURFACE_STYLE_USAGE(.POSITIVE.,#12205);
#12207=PRESENTATION_STYLE_ASSIGNMENT((#12206));
#12208=STYLED_ITEM('',(#12207),#12201);
#12209=CARTESIAN_POINT('',(3.8015E-1,-3.879106381774E-1,-3.E0));
#12210=DIRECTION('',(0.E0,-1.E0,0.E0));
#12211=DIRECTION('',(-1.E0,0.E0,0.E0));
#12212=AXIS2_PLACEMENT_3D('',#12209,#12210,#12211);
#12213=PLANE('',#12212);
#12214=ORIENTED_EDGE('',*,*,#7115,.F.);
#12216=ORIENTED_EDGE('',*,*,#12215,.T.);
#12217=ORIENTED_EDGE('',*,*,#10779,.T.);
#12218=ORIENTED_EDGE('',*,*,#12195,.F.);
#12219=EDGE_LOOP('',(#12214,#12216,#12217,#12218));
#12220=FACE_OUTER_BOUND('',#12219,.F.);
#12221=ADVANCED_FACE('',(#12220),#12213,.T.);
#12222=FILL_AREA_STYLE_COLOUR('',#30);
#12223=FILL_AREA_STYLE('',(#12222));
#12224=SURFACE_STYLE_FILL_AREA(#12223);
#12225=SURFACE_SIDE_STYLE('',(#12224));
#12226=SURFACE_STYLE_USAGE(.POSITIVE.,#12225);
#12227=PRESENTATION_STYLE_ASSIGNMENT((#12226));
#12228=STYLED_ITEM('',(#12227),#12221);
#12229=CARTESIAN_POINT('',(4.118166364670E-1,-3.959957435966E-1,-3.E0));
#12230=DIRECTION('',(-2.473834390653E-1,-9.689176611437E-1,0.E0));
#12231=DIRECTION('',(-9.689176611437E-1,2.473834390653E-1,0.E0));
#12232=AXIS2_PLACEMENT_3D('',#12229,#12230,#12231);
#12233=PLANE('',#12232);
#12234=ORIENTED_EDGE('',*,*,#7113,.F.);
#12236=ORIENTED_EDGE('',*,*,#12235,.T.);
#12237=ORIENTED_EDGE('',*,*,#10781,.T.);
#12238=ORIENTED_EDGE('',*,*,#12215,.F.);
#12239=EDGE_LOOP('',(#12234,#12236,#12237,#12238));
#12240=FACE_OUTER_BOUND('',#12239,.F.);
#12241=ADVANCED_FACE('',(#12240),#12233,.T.);
#12242=FILL_AREA_STYLE_COLOUR('',#30);
#12243=FILL_AREA_STYLE('',(#12242));
#12244=SURFACE_STYLE_FILL_AREA(#12243);
#12245=SURFACE_SIDE_STYLE('',(#12244));
#12246=SURFACE_STYLE_USAGE(.POSITIVE.,#12245);
#12247=PRESENTATION_STYLE_ASSIGNMENT((#12246));
#12248=STYLED_ITEM('',(#12247),#12241);
#12249=CARTESIAN_POINT('',(4.355666364670E-1,-4.121659600973E-1,-3.E0));
#12250=DIRECTION('',(-5.627910658976E-1,-8.265991871191E-1,0.E0));
#12251=DIRECTION('',(-8.265991871191E-1,5.627910658976E-1,0.E0));
#12252=AXIS2_PLACEMENT_3D('',#12249,#12250,#12251);
#12253=PLANE('',#12252);
#12254=ORIENTED_EDGE('',*,*,#7111,.F.);
#12256=ORIENTED_EDGE('',*,*,#12255,.T.);
#12257=ORIENTED_EDGE('',*,*,#10783,.T.);
#12258=ORIENTED_EDGE('',*,*,#12235,.F.);
#12259=EDGE_LOOP('',(#12254,#12256,#12257,#12258));
#12260=FACE_OUTER_BOUND('',#12259,.F.);
#12261=ADVANCED_FACE('',(#12260),#12253,.T.);
#12262=FILL_AREA_STYLE_COLOUR('',#30);
#12263=FILL_AREA_STYLE('',(#12262));
#12264=SURFACE_STYLE_FILL_AREA(#12263);
#12265=SURFACE_SIDE_STYLE('',(#12264));
#12266=SURFACE_STYLE_USAGE(.POSITIVE.,#12265);
#12267=PRESENTATION_STYLE_ASSIGNMENT((#12266));
#12268=STYLED_ITEM('',(#12267),#12261);
#12269=CARTESIAN_POINT('',(4.514E-1,-4.364212763548E-1,-3.E0));
#12270=DIRECTION('',(-8.373786433120E-1,-5.466232777014E-1,0.E0));
#12271=DIRECTION('',(-5.466232777014E-1,8.373786433120E-1,0.E0));
#12272=AXIS2_PLACEMENT_3D('',#12269,#12270,#12271);
#12273=PLANE('',#12272);
#12274=ORIENTED_EDGE('',*,*,#7109,.F.);
#12276=ORIENTED_EDGE('',*,*,#12275,.T.);
#12277=ORIENTED_EDGE('',*,*,#10785,.T.);
#12278=ORIENTED_EDGE('',*,*,#12255,.F.);
#12279=EDGE_LOOP('',(#12274,#12276,#12277,#12278));
#12280=FACE_OUTER_BOUND('',#12279,.F.);
#12281=ADVANCED_FACE('',(#12280),#12273,.T.);
#12282=FILL_AREA_STYLE_COLOUR('',#30);
#12283=FILL_AREA_STYLE('',(#12282));
#12284=SURFACE_STYLE_FILL_AREA(#12283);
#12285=SURFACE_SIDE_STYLE('',(#12284));
#12286=SURFACE_STYLE_USAGE(.POSITIVE.,#12285);
#12287=PRESENTATION_STYLE_ASSIGNMENT((#12286));
#12288=STYLED_ITEM('',(#12287),#12281);
#12289=CARTESIAN_POINT('',(4.593166364670E-1,-4.687616980314E-1,-3.E0));
#12290=DIRECTION('',(-9.713213633444E-1,-2.377704967206E-1,0.E0));
#12291=DIRECTION('',(-2.377704967206E-1,9.713213633444E-1,0.E0));
#12292=AXIS2_PLACEMENT_3D('',#12289,#12290,#12291);
#12293=PLANE('',#12292);
#12294=ORIENTED_EDGE('',*,*,#7107,.F.);
#12296=ORIENTED_EDGE('',*,*,#12295,.T.);
#12297=ORIENTED_EDGE('',*,*,#10787,.T.);
#12298=ORIENTED_EDGE('',*,*,#12275,.F.);
#12299=EDGE_LOOP('',(#12294,#12296,#12297,#12298));
#12300=FACE_OUTER_BOUND('',#12299,.F.);
#12301=ADVANCED_FACE('',(#12300),#12293,.T.);
#12302=FILL_AREA_STYLE_COLOUR('',#30);
#12303=FILL_AREA_STYLE('',(#12302));
#12304=SURFACE_STYLE_FILL_AREA(#12303);
#12305=SURFACE_SIDE_STYLE('',(#12304));
#12306=SURFACE_STYLE_USAGE(.POSITIVE.,#12305);
#12307=PRESENTATION_STYLE_ASSIGNMENT((#12306));
#12308=STYLED_ITEM('',(#12307),#12301);
#12309=CARTESIAN_POINT('',(4.593166364670E-1,-5.900382906437E-1,-3.E0));
#12310=DIRECTION('',(-1.E0,0.E0,0.E0));
#12311=DIRECTION('',(0.E0,1.E0,0.E0));
#12312=AXIS2_PLACEMENT_3D('',#12309,#12310,#12311);
#12313=PLANE('',#12312);
#12314=ORIENTED_EDGE('',*,*,#7105,.F.);
#12316=ORIENTED_EDGE('',*,*,#12315,.T.);
#12317=ORIENTED_EDGE('',*,*,#10789,.T.);
#12318=ORIENTED_EDGE('',*,*,#12295,.F.);
#12319=EDGE_LOOP('',(#12314,#12316,#12317,#12318));
#12320=FACE_OUTER_BOUND('',#12319,.F.);
#12321=ADVANCED_FACE('',(#12320),#12313,.T.);
#12322=FILL_AREA_STYLE_COLOUR('',#30);
#12323=FILL_AREA_STYLE('',(#12322));
#12324=SURFACE_STYLE_FILL_AREA(#12323);
#12325=SURFACE_SIDE_STYLE('',(#12324));
#12326=SURFACE_STYLE_USAGE(.POSITIVE.,#12325);
#12327=PRESENTATION_STYLE_ASSIGNMENT((#12326));
#12328=STYLED_ITEM('',(#12327),#12321);
#12329=CARTESIAN_POINT('',(4.514E-1,-6.223787123203E-1,-3.E0));
#12330=DIRECTION('',(-9.713213633444E-1,2.377704967206E-1,0.E0));
#12331=DIRECTION('',(2.377704967206E-1,9.713213633444E-1,0.E0));
#12332=AXIS2_PLACEMENT_3D('',#12329,#12330,#12331);
#12333=PLANE('',#12332);
#12334=ORIENTED_EDGE('',*,*,#7103,.F.);
#12336=ORIENTED_EDGE('',*,*,#12335,.T.);
#12337=ORIENTED_EDGE('',*,*,#10791,.T.);
#12338=ORIENTED_EDGE('',*,*,#12315,.F.);
#12339=EDGE_LOOP('',(#12334,#12336,#12337,#12338));
#12340=FACE_OUTER_BOUND('',#12339,.F.);
#12341=ADVANCED_FACE('',(#12340),#12333,.T.);
#12342=FILL_AREA_STYLE_COLOUR('',#30);
#12343=FILL_AREA_STYLE('',(#12342));
#12344=SURFACE_STYLE_FILL_AREA(#12343);
#12345=SURFACE_SIDE_STYLE('',(#12344));
#12346=SURFACE_STYLE_USAGE(.POSITIVE.,#12345);
#12347=PRESENTATION_STYLE_ASSIGNMENT((#12346));
#12348=STYLED_ITEM('',(#12347),#12341);
#12349=CARTESIAN_POINT('',(4.355666364670E-1,-6.466340512276E-1,-3.E0));
#12350=DIRECTION('',(-8.373788769559E-1,5.466229197794E-1,0.E0));
#12351=DIRECTION('',(5.466229197794E-1,8.373788769559E-1,0.E0));
#12352=AXIS2_PLACEMENT_3D('',#12349,#12350,#12351);
#12353=PLANE('',#12352);
#12354=ORIENTED_EDGE('',*,*,#7101,.F.);
#12356=ORIENTED_EDGE('',*,*,#12355,.T.);
#12357=ORIENTED_EDGE('',*,*,#10793,.T.);
#12358=ORIENTED_EDGE('',*,*,#12335,.F.);
#12359=EDGE_LOOP('',(#12354,#12356,#12357,#12358));
#12360=FACE_OUTER_BOUND('',#12359,.F.);
#12361=ADVANCED_FACE('',(#12360),#12353,.T.);
#12362=FILL_AREA_STYLE_COLOUR('',#30);
#12363=FILL_AREA_STYLE('',(#12362));
#12364=SURFACE_STYLE_FILL_AREA(#12363);
#12365=SURFACE_SIDE_STYLE('',(#12364));
#12366=SURFACE_STYLE_USAGE(.POSITIVE.,#12365);
#12367=PRESENTATION_STYLE_ASSIGNMENT((#12366));
#12368=STYLED_ITEM('',(#12367),#12361);
#12369=CARTESIAN_POINT('',(4.118166364670E-1,-6.628042620659E-1,-3.E0));
#12370=DIRECTION('',(-5.627909312417E-1,8.265992787996E-1,0.E0));
#12371=DIRECTION('',(8.265992787996E-1,5.627909312417E-1,0.E0));
#12372=AXIS2_PLACEMENT_3D('',#12369,#12370,#12371);
#12373=PLANE('',#12372);
#12374=ORIENTED_EDGE('',*,*,#7099,.F.);
#12376=ORIENTED_EDGE('',*,*,#12375,.T.);
#12377=ORIENTED_EDGE('',*,*,#10795,.T.);
#12378=ORIENTED_EDGE('',*,*,#12355,.F.);
#12379=EDGE_LOOP('',(#12374,#12376,#12377,#12378));
#12380=FACE_OUTER_BOUND('',#12379,.F.);
#12381=ADVANCED_FACE('',(#12380),#12373,.T.);
#12382=FILL_AREA_STYLE_COLOUR('',#30);
#12383=FILL_AREA_STYLE('',(#12382));
#12384=SURFACE_STYLE_FILL_AREA(#12383);
#12385=SURFACE_SIDE_STYLE('',(#12384));
#12386=SURFACE_STYLE_USAGE(.POSITIVE.,#12385);
#12387=PRESENTATION_STYLE_ASSIGNMENT((#12386));
#12388=STYLED_ITEM('',(#12387),#12381);
#12389=CARTESIAN_POINT('',(3.8015E-1,-6.708893674850E-1,-3.E0));
#12390=DIRECTION('',(-2.473834390653E-1,9.689176611437E-1,0.E0));
#12391=DIRECTION('',(9.689176611437E-1,2.473834390653E-1,0.E0));
#12392=AXIS2_PLACEMENT_3D('',#12389,#12390,#12391);
#12393=PLANE('',#12392);
#12394=ORIENTED_EDGE('',*,*,#7097,.F.);
#12395=ORIENTED_EDGE('',*,*,#12177,.T.);
#12396=ORIENTED_EDGE('',*,*,#10797,.T.);
#12397=ORIENTED_EDGE('',*,*,#12375,.F.);
#12398=EDGE_LOOP('',(#12394,#12395,#12396,#12397));
#12399=FACE_OUTER_BOUND('',#12398,.F.);
#12400=ADVANCED_FACE('',(#12399),#12393,.T.);
#12401=FILL_AREA_STYLE_COLOUR('',#30);
#12402=FILL_AREA_STYLE('',(#12401));
#12403=SURFACE_STYLE_FILL_AREA(#12402);
#12404=SURFACE_SIDE_STYLE('',(#12403));
#12405=SURFACE_STYLE_USAGE(.POSITIVE.,#12404);
#12406=PRESENTATION_STYLE_ASSIGNMENT((#12405));
#12407=STYLED_ITEM('',(#12406),#12400);
#12408=CARTESIAN_POINT('',(7.6015E-1,-7.194E-1,-3.E0));
#12409=DIRECTION('',(0.E0,-1.E0,0.E0));
#12410=DIRECTION('',(-1.E0,0.E0,0.E0));
#12411=AXIS2_PLACEMENT_3D('',#12408,#12409,#12410);
#12412=PLANE('',#12411);
#12413=ORIENTED_EDGE('',*,*,#7064,.F.);
#12415=ORIENTED_EDGE('',*,*,#12414,.T.);
#12416=ORIENTED_EDGE('',*,*,#10814,.T.);
#12418=ORIENTED_EDGE('',*,*,#12417,.F.);
#12419=EDGE_LOOP('',(#12413,#12415,#12416,#12418));
#12420=FACE_OUTER_BOUND('',#12419,.F.);
#12421=ADVANCED_FACE('',(#12420),#12412,.T.);
#12422=FILL_AREA_STYLE_COLOUR('',#30);
#12423=FILL_AREA_STYLE('',(#12422));
#12424=SURFACE_STYLE_FILL_AREA(#12423);
#12425=SURFACE_SIDE_STYLE('',(#12424));
#12426=SURFACE_STYLE_USAGE(.POSITIVE.,#12425);
#12427=PRESENTATION_STYLE_ASSIGNMENT((#12426));
#12428=STYLED_ITEM('',(#12427),#12421);
#12429=CARTESIAN_POINT('',(8.868167270660E-1,-3.394E-1,-3.E0));
#12430=DIRECTION('',(9.486832528138E-1,-3.162279017271E-1,0.E0));
#12431=DIRECTION('',(-3.162279017271E-1,-9.486832528138E-1,0.E0));
#12432=AXIS2_PLACEMENT_3D('',#12429,#12430,#12431);
#12433=PLANE('',#12432);
#12434=ORIENTED_EDGE('',*,*,#7078,.F.);
#12436=ORIENTED_EDGE('',*,*,#12435,.T.);
#12437=ORIENTED_EDGE('',*,*,#10816,.T.);
#12438=ORIENTED_EDGE('',*,*,#12414,.F.);
#12439=EDGE_LOOP('',(#12434,#12436,#12437,#12438));
#12440=FACE_OUTER_BOUND('',#12439,.F.);
#12441=ADVANCED_FACE('',(#12440),#12433,.T.);
#12442=FILL_AREA_STYLE_COLOUR('',#30);
#12443=FILL_AREA_STYLE('',(#12442));
#12444=SURFACE_STYLE_FILL_AREA(#12443);
#12445=SURFACE_SIDE_STYLE('',(#12444));
#12446=SURFACE_STYLE_USAGE(.POSITIVE.,#12445);
#12447=PRESENTATION_STYLE_ASSIGNMENT((#12446));
#12448=STYLED_ITEM('',(#12447),#12441);
#12449=CARTESIAN_POINT('',(8.393167270660E-1,-3.394E-1,-3.E0));
#12450=DIRECTION('',(0.E0,1.E0,0.E0));
#12451=DIRECTION('',(1.E0,0.E0,0.E0));
#12452=AXIS2_PLACEMENT_3D('',#12449,#12450,#12451);
#12453=PLANE('',#12452);
#12454=ORIENTED_EDGE('',*,*,#7076,.F.);
#12456=ORIENTED_EDGE('',*,*,#12455,.T.);
#12457=ORIENTED_EDGE('',*,*,#10818,.T.);
#12458=ORIENTED_EDGE('',*,*,#12435,.F.);
#12459=EDGE_LOOP('',(#12454,#12456,#12457,#12458));
#12460=FACE_OUTER_BOUND('',#12459,.F.);
#12461=ADVANCED_FACE('',(#12460),#12453,.T.);
#12462=FILL_AREA_STYLE_COLOUR('',#30);
#12463=FILL_AREA_STYLE('',(#12462));
#12464=SURFACE_STYLE_FILL_AREA(#12463);
#12465=SURFACE_SIDE_STYLE('',(#12464));
#12466=SURFACE_STYLE_USAGE(.POSITIVE.,#12465);
#12467=PRESENTATION_STYLE_ASSIGNMENT((#12466));
#12468=STYLED_ITEM('',(#12467),#12461);
#12469=CARTESIAN_POINT('',(8.0765E-1,-4.364212763548E-1,-3.E0));
#12470=DIRECTION('',(-9.506450282288E-1,3.102805670740E-1,0.E0));
#12471=DIRECTION('',(3.102805670740E-1,9.506450282288E-1,0.E0));
#12472=AXIS2_PLACEMENT_3D('',#12469,#12470,#12471);
#12473=PLANE('',#12472);
#12474=ORIENTED_EDGE('',*,*,#7074,.F.);
#12476=ORIENTED_EDGE('',*,*,#12475,.T.);
#12477=ORIENTED_EDGE('',*,*,#10820,.T.);
#12478=ORIENTED_EDGE('',*,*,#12455,.F.);
#12479=EDGE_LOOP('',(#12474,#12476,#12477,#12478));
#12480=FACE_OUTER_BOUND('',#12479,.F.);
#12481=ADVANCED_FACE('',(#12480),#12473,.T.);
#12482=FILL_AREA_STYLE_COLOUR('',#30);
#12483=FILL_AREA_STYLE('',(#12482));
#12484=SURFACE_STYLE_FILL_AREA(#12483);
#12485=SURFACE_SIDE_STYLE('',(#12484));
#12486=SURFACE_STYLE_USAGE(.POSITIVE.,#12485);
#12487=PRESENTATION_STYLE_ASSIGNMENT((#12486));
#12488=STYLED_ITEM('',(#12487),#12481);
#12489=CARTESIAN_POINT('',(6.493167270660E-1,-4.364212763548E-1,-3.E0));
#12490=DIRECTION('',(0.E0,1.E0,0.E0));
#12491=DIRECTION('',(1.E0,0.E0,0.E0));
#12492=AXIS2_PLACEMENT_3D('',#12489,#12490,#12491);
#12493=PLANE('',#12492);
#12494=ORIENTED_EDGE('',*,*,#7072,.F.);
#12496=ORIENTED_EDGE('',*,*,#12495,.T.);
#12497=ORIENTED_EDGE('',*,*,#10822,.T.);
#12498=ORIENTED_EDGE('',*,*,#12475,.F.);
#12499=EDGE_LOOP('',(#12494,#12496,#12497,#12498));
#12500=FACE_OUTER_BOUND('',#12499,.F.);
#12501=ADVANCED_FACE('',(#12500),#12493,.T.);
#12502=FILL_AREA_STYLE_COLOUR('',#30);
#12503=FILL_AREA_STYLE('',(#12502));
#12504=SURFACE_STYLE_FILL_AREA(#12503);
#12505=SURFACE_SIDE_STYLE('',(#12504));
#12506=SURFACE_STYLE_USAGE(.POSITIVE.,#12505);
#12507=PRESENTATION_STYLE_ASSIGNMENT((#12506));
#12508=STYLED_ITEM('',(#12507),#12501);
#12509=CARTESIAN_POINT('',(6.1765E-1,-3.394E-1,-3.E0));
#12510=DIRECTION('',(9.506450282288E-1,3.102805670740E-1,0.E0));
#12511=DIRECTION('',(3.102805670740E-1,-9.506450282288E-1,0.E0));
#12512=AXIS2_PLACEMENT_3D('',#12509,#12510,#12511);
#12513=PLANE('',#12512);
#12514=ORIENTED_EDGE('',*,*,#7070,.F.);
#12516=ORIENTED_EDGE('',*,*,#12515,.T.);
#12517=ORIENTED_EDGE('',*,*,#10824,.T.);
#12518=ORIENTED_EDGE('',*,*,#12495,.F.);
#12519=EDGE_LOOP('',(#12514,#12516,#12517,#12518));
#12520=FACE_OUTER_BOUND('',#12519,.F.);
#12521=ADVANCED_FACE('',(#12520),#12513,.T.);
#12522=FILL_AREA_STYLE_COLOUR('',#30);
#12523=FILL_AREA_STYLE('',(#12522));
#12524=SURFACE_STYLE_FILL_AREA(#12523);
#12525=SURFACE_SIDE_STYLE('',(#12524));
#12526=SURFACE_STYLE_USAGE(.POSITIVE.,#12525);
#12527=PRESENTATION_STYLE_ASSIGNMENT((#12526));
#12528=STYLED_ITEM('',(#12527),#12521);
#12529=CARTESIAN_POINT('',(5.7015E-1,-3.394E-1,-3.E0));
#12530=DIRECTION('',(0.E0,1.E0,0.E0));
#12531=DIRECTION('',(1.E0,0.E0,0.E0));
#12532=AXIS2_PLACEMENT_3D('',#12529,#12530,#12531);
#12533=PLANE('',#12532);
#12534=ORIENTED_EDGE('',*,*,#7068,.F.);
#12536=ORIENTED_EDGE('',*,*,#12535,.T.);
#12537=ORIENTED_EDGE('',*,*,#10826,.T.);
#12538=ORIENTED_EDGE('',*,*,#12515,.F.);
#12539=EDGE_LOOP('',(#12534,#12536,#12537,#12538));
#12540=FACE_OUTER_BOUND('',#12539,.F.);
#12541=ADVANCED_FACE('',(#12540),#12533,.T.);
#12542=FILL_AREA_STYLE_COLOUR('',#30);
#12543=FILL_AREA_STYLE('',(#12542));
#12544=SURFACE_STYLE_FILL_AREA(#12543);
#12545=SURFACE_SIDE_STYLE('',(#12544));
#12546=SURFACE_STYLE_USAGE(.POSITIVE.,#12545);
#12547=PRESENTATION_STYLE_ASSIGNMENT((#12546));
#12548=STYLED_ITEM('',(#12547),#12541);
#12549=CARTESIAN_POINT('',(6.968167270660E-1,-7.194E-1,-3.E0));
#12550=DIRECTION('',(-9.486832528138E-1,-3.162279017271E-1,0.E0));
#12551=DIRECTION('',(-3.162279017271E-1,9.486832528138E-1,0.E0));
#12552=AXIS2_PLACEMENT_3D('',#12549,#12550,#12551);
#12553=PLANE('',#12552);
#12554=ORIENTED_EDGE('',*,*,#7066,.F.);
#12555=ORIENTED_EDGE('',*,*,#12417,.T.);
#12556=ORIENTED_EDGE('',*,*,#10828,.T.);
#12557=ORIENTED_EDGE('',*,*,#12535,.F.);
#12558=EDGE_LOOP('',(#12554,#12555,#12556,#12557));
#12559=FACE_OUTER_BOUND('',#12558,.F.);
#12560=ADVANCED_FACE('',(#12559),#12553,.T.);
#12561=FILL_AREA_STYLE_COLOUR('',#30);
#12562=FILL_AREA_STYLE('',(#12561));
#12563=SURFACE_STYLE_FILL_AREA(#12562);
#12564=SURFACE_SIDE_STYLE('',(#12563));
#12565=SURFACE_STYLE_USAGE(.POSITIVE.,#12564);
#12566=PRESENTATION_STYLE_ASSIGNMENT((#12565));
#12567=STYLED_ITEM('',(#12566),#12560);
#12568=CARTESIAN_POINT('',(7.284832729340E-1,-6.870595783234E-1,-3.E0));
#12569=DIRECTION('',(-9.506452063546E-1,3.102800213276E-1,0.E0));
#12570=DIRECTION('',(3.102800213276E-1,9.506452063546E-1,0.E0));
#12571=AXIS2_PLACEMENT_3D('',#12568,#12569,#12570);
#12572=PLANE('',#12571);
#12573=ORIENTED_EDGE('',*,*,#7134,.F.);
#12575=ORIENTED_EDGE('',*,*,#12574,.T.);
#12576=ORIENTED_EDGE('',*,*,#10832,.T.);
#12578=ORIENTED_EDGE('',*,*,#12577,.F.);
#12579=EDGE_LOOP('',(#12573,#12575,#12576,#12578));
#12580=FACE_OUTER_BOUND('',#12579,.F.);
#12581=ADVANCED_FACE('',(#12580),#12572,.T.);
#12582=FILL_AREA_STYLE_COLOUR('',#30);
#12583=FILL_AREA_STYLE('',(#12582));
#12584=SURFACE_STYLE_FILL_AREA(#12583);
#12585=SURFACE_SIDE_STYLE('',(#12584));
#12586=SURFACE_STYLE_USAGE(.POSITIVE.,#12585);
#12587=PRESENTATION_STYLE_ASSIGNMENT((#12586));
#12588=STYLED_ITEM('',(#12587),#12581);
#12589=CARTESIAN_POINT('',(6.572332729340E-1,-4.687616980314E-1,-3.E0));
#12590=DIRECTION('',(9.506452063546E-1,3.102800213276E-1,0.E0));
#12591=DIRECTION('',(3.102800213276E-1,-9.506452063546E-1,0.E0));
#12592=AXIS2_PLACEMENT_3D('',#12589,#12590,#12591);
#12593=PLANE('',#12592);
#12594=ORIENTED_EDGE('',*,*,#7138,.F.);
#12596=ORIENTED_EDGE('',*,*,#12595,.T.);
#12597=ORIENTED_EDGE('',*,*,#10834,.T.);
#12598=ORIENTED_EDGE('',*,*,#12574,.F.);
#12599=EDGE_LOOP('',(#12594,#12596,#12597,#12598));
#12600=FACE_OUTER_BOUND('',#12599,.F.);
#12601=ADVANCED_FACE('',(#12600),#12593,.T.);
#12602=FILL_AREA_STYLE_COLOUR('',#30);
#12603=FILL_AREA_STYLE('',(#12602));
#12604=SURFACE_STYLE_FILL_AREA(#12603);
#12605=SURFACE_SIDE_STYLE('',(#12604));
#12606=SURFACE_STYLE_USAGE(.POSITIVE.,#12605);
#12607=PRESENTATION_STYLE_ASSIGNMENT((#12606));
#12608=STYLED_ITEM('',(#12607),#12601);
#12609=CARTESIAN_POINT('',(7.997332729340E-1,-4.687616980314E-1,-3.E0));
#12610=DIRECTION('',(0.E0,-1.E0,0.E0));
#12611=DIRECTION('',(-1.E0,0.E0,0.E0));
#12612=AXIS2_PLACEMENT_3D('',#12609,#12610,#12611);
#12613=PLANE('',#12612);
#12614=ORIENTED_EDGE('',*,*,#7136,.F.);
#12615=ORIENTED_EDGE('',*,*,#12577,.T.);
#12616=ORIENTED_EDGE('',*,*,#10836,.T.);
#12617=ORIENTED_EDGE('',*,*,#12595,.F.);
#12618=EDGE_LOOP('',(#12614,#12615,#12616,#12617));
#12619=FACE_OUTER_BOUND('',#12618,.F.);
#12620=ADVANCED_FACE('',(#12619),#12613,.T.);
#12621=FILL_AREA_STYLE_COLOUR('',#30);
#12622=FILL_AREA_STYLE('',(#12621));
#12623=SURFACE_STYLE_FILL_AREA(#12622);
#12624=SURFACE_SIDE_STYLE('',(#12623));
#12625=SURFACE_STYLE_USAGE(.POSITIVE.,#12624);
#12626=PRESENTATION_STYLE_ASSIGNMENT((#12625));
#12627=STYLED_ITEM('',(#12626),#12620);
#12628=CARTESIAN_POINT('',(-6.E-1,1.4E0,-2.7E0));
#12629=DIRECTION('',(-1.E0,0.E0,0.E0));
#12630=DIRECTION('',(0.E0,0.E0,1.E0));
#12631=AXIS2_PLACEMENT_3D('',#12628,#12629,#12630);
#12632=PLANE('',#12631);
#12634=ORIENTED_EDGE('',*,*,#12633,.T.);
#12636=ORIENTED_EDGE('',*,*,#12635,.T.);
#12638=ORIENTED_EDGE('',*,*,#12637,.T.);
#12640=ORIENTED_EDGE('',*,*,#12639,.F.);
#12641=ORIENTED_EDGE('',*,*,#5789,.F.);
#12643=ORIENTED_EDGE('',*,*,#12642,.F.);
#12645=ORIENTED_EDGE('',*,*,#12644,.T.);
#12647=ORIENTED_EDGE('',*,*,#12646,.F.);
#12648=EDGE_LOOP('',(#12634,#12636,#12638,#12640,#12641,#12643,#12645,#12647));
#12649=FACE_OUTER_BOUND('',#12648,.F.);
#12650=ADVANCED_FACE('',(#12649),#12632,.F.);
#12651=FILL_AREA_STYLE_COLOUR('',#7);
#12652=FILL_AREA_STYLE('',(#12651));
#12653=SURFACE_STYLE_FILL_AREA(#12652);
#12654=SURFACE_SIDE_STYLE('',(#12653));
#12655=SURFACE_STYLE_USAGE(.POSITIVE.,#12654);
#12656=PRESENTATION_STYLE_ASSIGNMENT((#12655));
#12657=STYLED_ITEM('',(#12656),#12650);
#12658=CARTESIAN_POINT('',(0.E0,1.3E0,-3.E0));
#12659=DIRECTION('',(0.E0,1.E0,0.E0));
#12660=DIRECTION('',(1.E0,0.E0,0.E0));
#12661=AXIS2_PLACEMENT_3D('',#12658,#12659,#12660);
#12662=PLANE('',#12661);
#12664=ORIENTED_EDGE('',*,*,#12663,.T.);
#12666=ORIENTED_EDGE('',*,*,#12665,.F.);
#12668=ORIENTED_EDGE('',*,*,#12667,.F.);
#12669=ORIENTED_EDGE('',*,*,#12633,.F.);
#12670=EDGE_LOOP('',(#12664,#12666,#12668,#12669));
#12671=FACE_OUTER_BOUND('',#12670,.F.);
#12672=ADVANCED_FACE('',(#12671),#12662,.T.);
#12673=FILL_AREA_STYLE_COLOUR('',#7);
#12674=FILL_AREA_STYLE('',(#12673));
#12675=SURFACE_STYLE_FILL_AREA(#12674);
#12676=SURFACE_SIDE_STYLE('',(#12675));
#12677=SURFACE_STYLE_USAGE(.POSITIVE.,#12676);
#12678=PRESENTATION_STYLE_ASSIGNMENT((#12677));
#12679=STYLED_ITEM('',(#12678),#12672);
#12680=CARTESIAN_POINT('',(-6.E-1,1.3E0,-1.5E0));
#12681=DIRECTION('',(0.E0,0.E0,1.E0));
#12682=DIRECTION('',(1.E0,0.E0,0.E0));
#12683=AXIS2_PLACEMENT_3D('',#12680,#12681,#12682);
#12684=PLANE('',#12683);
#12685=ORIENTED_EDGE('',*,*,#12663,.F.);
#12686=ORIENTED_EDGE('',*,*,#12646,.T.);
#12688=ORIENTED_EDGE('',*,*,#12687,.T.);
#12690=ORIENTED_EDGE('',*,*,#12689,.F.);
#12691=EDGE_LOOP('',(#12685,#12686,#12688,#12690));
#12692=FACE_OUTER_BOUND('',#12691,.F.);
#12693=ADVANCED_FACE('',(#12692),#12684,.F.);
#12694=FILL_AREA_STYLE_COLOUR('',#7);
#12695=FILL_AREA_STYLE('',(#12694));
#12696=SURFACE_STYLE_FILL_AREA(#12695);
#12697=SURFACE_SIDE_STYLE('',(#12696));
#12698=SURFACE_STYLE_USAGE(.POSITIVE.,#12697);
#12699=PRESENTATION_STYLE_ASSIGNMENT((#12698));
#12700=STYLED_ITEM('',(#12699),#12693);
#12701=CARTESIAN_POINT('',(0.E0,1.15E0,-3.E0));
#12702=DIRECTION('',(0.E0,1.E0,0.E0));
#12703=DIRECTION('',(1.E0,0.E0,0.E0));
#12704=AXIS2_PLACEMENT_3D('',#12701,#12702,#12703);
#12705=PLANE('',#12704);
#12706=ORIENTED_EDGE('',*,*,#12644,.F.);
#12708=ORIENTED_EDGE('',*,*,#12707,.F.);
#12710=ORIENTED_EDGE('',*,*,#12709,.F.);
#12711=ORIENTED_EDGE('',*,*,#12687,.F.);
#12712=EDGE_LOOP('',(#12706,#12708,#12710,#12711));
#12713=FACE_OUTER_BOUND('',#12712,.F.);
#12714=ADVANCED_FACE('',(#12713),#12705,.T.);
#12715=FILL_AREA_STYLE_COLOUR('',#7);
#12716=FILL_AREA_STYLE('',(#12715));
#12717=SURFACE_STYLE_FILL_AREA(#12716);
#12718=SURFACE_SIDE_STYLE('',(#12717));
#12719=SURFACE_STYLE_USAGE(.POSITIVE.,#12718);
#12720=PRESENTATION_STYLE_ASSIGNMENT((#12719));
#12721=STYLED_ITEM('',(#12720),#12714);
#12722=CARTESIAN_POINT('',(0.E0,1.15E0,-3.E0));
#12723=DIRECTION('',(0.E0,1.E0,0.E0));
#12724=DIRECTION('',(1.E0,0.E0,0.E0));
#12725=AXIS2_PLACEMENT_3D('',#12722,#12723,#12724);
#12726=PLANE('',#12725);
#12728=ORIENTED_EDGE('',*,*,#12727,.F.);
#12729=ORIENTED_EDGE('',*,*,#12637,.F.);
#12731=ORIENTED_EDGE('',*,*,#12730,.F.);
#12733=ORIENTED_EDGE('',*,*,#12732,.F.);
#12734=EDGE_LOOP('',(#12728,#12729,#12731,#12733));
#12735=FACE_OUTER_BOUND('',#12734,.F.);
#12736=ADVANCED_FACE('',(#12735),#12726,.T.);
#12737=FILL_AREA_STYLE_COLOUR('',#7);
#12738=FILL_AREA_STYLE('',(#12737));
#12739=SURFACE_STYLE_FILL_AREA(#12738);
#12740=SURFACE_SIDE_STYLE('',(#12739));
#12741=SURFACE_STYLE_USAGE(.POSITIVE.,#12740);
#12742=PRESENTATION_STYLE_ASSIGNMENT((#12741));
#12743=STYLED_ITEM('',(#12742),#12736);
#12744=CARTESIAN_POINT('',(6.E-1,1.4E0,-2.7E0));
#12745=DIRECTION('',(0.E0,0.E0,-1.E0));
#12746=DIRECTION('',(-1.E0,0.E0,0.E0));
#12747=AXIS2_PLACEMENT_3D('',#12744,#12745,#12746);
#12748=PLANE('',#12747);
#12750=ORIENTED_EDGE('',*,*,#12749,.T.);
#12751=ORIENTED_EDGE('',*,*,#12707,.T.);
#12752=ORIENTED_EDGE('',*,*,#12642,.T.);
#12753=ORIENTED_EDGE('',*,*,#5795,.F.);
#12754=EDGE_LOOP('',(#12750,#12751,#12752,#12753));
#12755=FACE_OUTER_BOUND('',#12754,.F.);
#12756=ADVANCED_FACE('',(#12755),#12748,.F.);
#12757=FILL_AREA_STYLE_COLOUR('',#7);
#12758=FILL_AREA_STYLE('',(#12757));
#12759=SURFACE_STYLE_FILL_AREA(#12758);
#12760=SURFACE_SIDE_STYLE('',(#12759));
#12761=SURFACE_STYLE_USAGE(.POSITIVE.,#12760);
#12762=PRESENTATION_STYLE_ASSIGNMENT((#12761));
#12763=STYLED_ITEM('',(#12762),#12756);
#12764=CARTESIAN_POINT('',(6.E-1,1.4E0,2.7E0));
#12765=DIRECTION('',(1.E0,0.E0,0.E0));
#12766=DIRECTION('',(0.E0,0.E0,-1.E0));
#12767=AXIS2_PLACEMENT_3D('',#12764,#12765,#12766);
#12768=PLANE('',#12767);
#12770=ORIENTED_EDGE('',*,*,#12769,.F.);
#12771=ORIENTED_EDGE('',*,*,#12732,.T.);
#12773=ORIENTED_EDGE('',*,*,#12772,.F.);
#12774=ORIENTED_EDGE('',*,*,#12665,.T.);
#12775=ORIENTED_EDGE('',*,*,#12689,.T.);
#12776=ORIENTED_EDGE('',*,*,#12709,.T.);
#12777=ORIENTED_EDGE('',*,*,#12749,.F.);
#12778=ORIENTED_EDGE('',*,*,#5793,.F.);
#12779=EDGE_LOOP('',(#12770,#12771,#12773,#12774,#12775,#12776,#12777,#12778));
#12780=FACE_OUTER_BOUND('',#12779,.F.);
#12781=ADVANCED_FACE('',(#12780),#12768,.F.);
#12782=FILL_AREA_STYLE_COLOUR('',#7);
#12783=FILL_AREA_STYLE('',(#12782));
#12784=SURFACE_STYLE_FILL_AREA(#12783);
#12785=SURFACE_SIDE_STYLE('',(#12784));
#12786=SURFACE_STYLE_USAGE(.POSITIVE.,#12785);
#12787=PRESENTATION_STYLE_ASSIGNMENT((#12786));
#12788=STYLED_ITEM('',(#12787),#12781);
#12789=CARTESIAN_POINT('',(-6.E-1,1.4E0,2.7E0));
#12790=DIRECTION('',(0.E0,0.E0,1.E0));
#12791=DIRECTION('',(1.E0,0.E0,0.E0));
#12792=AXIS2_PLACEMENT_3D('',#12789,#12790,#12791);
#12793=PLANE('',#12792);
#12794=ORIENTED_EDGE('',*,*,#12639,.T.);
#12795=ORIENTED_EDGE('',*,*,#12727,.T.);
#12796=ORIENTED_EDGE('',*,*,#12769,.T.);
#12797=ORIENTED_EDGE('',*,*,#5791,.F.);
#12798=EDGE_LOOP('',(#12794,#12795,#12796,#12797));
#12799=FACE_OUTER_BOUND('',#12798,.F.);
#12800=ADVANCED_FACE('',(#12799),#12793,.F.);
#12801=FILL_AREA_STYLE_COLOUR('',#7);
#12802=FILL_AREA_STYLE('',(#12801));
#12803=SURFACE_STYLE_FILL_AREA(#12802);
#12804=SURFACE_SIDE_STYLE('',(#12803));
#12805=SURFACE_STYLE_USAGE(.POSITIVE.,#12804);
#12806=PRESENTATION_STYLE_ASSIGNMENT((#12805));
#12807=STYLED_ITEM('',(#12806),#12800);
#12808=CARTESIAN_POINT('',(6.E-1,1.3E0,1.5E0));
#12809=DIRECTION('',(0.E0,0.E0,-1.E0));
#12810=DIRECTION('',(-1.E0,0.E0,0.E0));
#12811=AXIS2_PLACEMENT_3D('',#12808,#12809,#12810);
#12812=PLANE('',#12811);
#12813=ORIENTED_EDGE('',*,*,#12667,.T.);
#12814=ORIENTED_EDGE('',*,*,#12772,.T.);
#12815=ORIENTED_EDGE('',*,*,#12730,.T.);
#12816=ORIENTED_EDGE('',*,*,#12635,.F.);
#12817=EDGE_LOOP('',(#12813,#12814,#12815,#12816));
#12818=FACE_OUTER_BOUND('',#12817,.F.);
#12819=ADVANCED_FACE('',(#12818),#12812,.F.);
#12820=FILL_AREA_STYLE_COLOUR('',#7);
#12821=FILL_AREA_STYLE('',(#12820));
#12822=SURFACE_STYLE_FILL_AREA(#12821);
#12823=SURFACE_SIDE_STYLE('',(#12822));
#12824=SURFACE_STYLE_USAGE(.POSITIVE.,#12823);
#12825=PRESENTATION_STYLE_ASSIGNMENT((#12824));
#12826=STYLED_ITEM('',(#12825),#12819);
#12827=CARTESIAN_POINT('',(-3.35E0,1.656673922173E0,-4.198854249492E-1));
#12828=DIRECTION('',(0.E0,-1.E0,0.E0));
#12829=DIRECTION('',(1.E0,0.E0,0.E0));
#12830=AXIS2_PLACEMENT_3D('',#12827,#12828,#12829);
#12831=CYLINDRICAL_SURFACE('',#12830,4.E-1);
#12832=ORIENTED_EDGE('',*,*,#5165,.T.);
#12834=ORIENTED_EDGE('',*,*,#12833,.F.);
#12836=ORIENTED_EDGE('',*,*,#12835,.F.);
#12838=ORIENTED_EDGE('',*,*,#12837,.T.);
#12839=ORIENTED_EDGE('',*,*,#5885,.T.);
#12840=EDGE_LOOP('',(#12832,#12834,#12836,#12838,#12839));
#12841=FACE_OUTER_BOUND('',#12840,.F.);
#12842=ADVANCED_FACE('',(#12841),#12831,.T.);
#12843=FILL_AREA_STYLE_COLOUR('',#31);
#12844=FILL_AREA_STYLE('',(#12843));
#12845=SURFACE_STYLE_FILL_AREA(#12844);
#12846=SURFACE_SIDE_STYLE('',(#12845));
#12847=SURFACE_STYLE_USAGE(.POSITIVE.,#12846);
#12848=PRESENTATION_STYLE_ASSIGNMENT((#12847));
#12849=STYLED_ITEM('',(#12848),#12842);
#12850=CARTESIAN_POINT('',(-3.15E0,1.659941378453E0,1.458E-1));
#12851=DIRECTION('',(0.E0,-1.E0,0.E0));
#12852=DIRECTION('',(-1.E0,0.E0,0.E0));
#12853=AXIS2_PLACEMENT_3D('',#12850,#12851,#12852);
#12854=CYLINDRICAL_SURFACE('',#12853,2.E-1);
#12855=ORIENTED_EDGE('',*,*,#12833,.T.);
#12856=ORIENTED_EDGE('',*,*,#5163,.T.);
#12857=ORIENTED_EDGE('',*,*,#5654,.F.);
#12859=ORIENTED_EDGE('',*,*,#12858,.T.);
#12860=EDGE_LOOP('',(#12855,#12856,#12857,#12859));
#12861=FACE_OUTER_BOUND('',#12860,.F.);
#12862=ADVANCED_FACE('',(#12861),#12854,.F.);
#12863=FILL_AREA_STYLE_COLOUR('',#31);
#12864=FILL_AREA_STYLE('',(#12863));
#12865=SURFACE_STYLE_FILL_AREA(#12864);
#12866=SURFACE_SIDE_STYLE('',(#12865));
#12867=SURFACE_STYLE_USAGE(.POSITIVE.,#12866);
#12868=PRESENTATION_STYLE_ASSIGNMENT((#12867));
#12869=STYLED_ITEM('',(#12868),#12862);
#12870=CARTESIAN_POINT('',(-3.15E0,1.6349E0,-7.102E-1));
#12871=DIRECTION('',(1.E0,0.E0,0.E0));
#12872=DIRECTION('',(0.E0,-3.816356299605E-2,-9.992715058779E-1));
#12873=AXIS2_PLACEMENT_3D('',#12870,#12871,#12872);
#12874=TOROIDAL_SURFACE('',#12873,8.56E-1,2.E-1);
#12876=ORIENTED_EDGE('',*,*,#12875,.T.);
#12877=ORIENTED_EDGE('',*,*,#12858,.F.);
#12878=ORIENTED_EDGE('',*,*,#5652,.F.);
#12879=ORIENTED_EDGE('',*,*,#5728,.T.);
#12880=EDGE_LOOP('',(#12876,#12877,#12878,#12879));
#12881=FACE_OUTER_BOUND('',#12880,.F.);
#12882=ADVANCED_FACE('',(#12881),#12874,.F.);
#12883=FILL_AREA_STYLE_COLOUR('',#31);
#12884=FILL_AREA_STYLE('',(#12883));
#12885=SURFACE_STYLE_FILL_AREA(#12884);
#12886=SURFACE_SIDE_STYLE('',(#12885));
#12887=SURFACE_STYLE_USAGE(.POSITIVE.,#12886);
#12888=PRESENTATION_STYLE_ASSIGNMENT((#12887));
#12889=STYLED_ITEM('',(#12888),#12882);
#12890=CARTESIAN_POINT('',(-3.235501917463E0,1.588967538779E0,
-1.382209199684E0));
#12891=CARTESIAN_POINT('',(-3.051729221222E0,1.592711360739E0,
-1.327435674995E0));
#12892=CARTESIAN_POINT('',(-2.940994464419E0,1.603390379153E0,
-1.171197615309E0));
#12893=CARTESIAN_POINT('',(-2.950490566607E0,1.616453411795E0,
-9.800805299537E-1));
#12894=CARTESIAN_POINT('',(-3.235501917463E0,2.004263184690E0,
-1.410595047913E0));
#12895=CARTESIAN_POINT('',(-3.051729221222E0,1.974157460653E0,
-1.353507874900E0));
#12896=CARTESIAN_POINT('',(-2.940994464419E0,1.888282762327E0,
-1.190670277809E0));
#12897=CARTESIAN_POINT('',(-2.950490566607E0,1.783237153831E0,
-9.914803556806E-1));
#12898=CARTESIAN_POINT('',(-3.235501917463E0,2.308477134107E0,
-1.126464615063E0));
#12899=CARTESIAN_POINT('',(-3.051729221222E0,2.253575811622E0,
-1.092536091196E0));
#12900=CARTESIAN_POINT('',(-2.940994464419E0,2.096973216700E0,
-9.957570950096E-1));
#12901=CARTESIAN_POINT('',(-2.950490566607E0,1.905410216234E0,
-8.773728824054E-1));
#12902=CARTESIAN_POINT('',(-3.235501917463E0,2.308477134004E0,
-7.101999998337E-1));
#12903=CARTESIAN_POINT('',(-3.051729221222E0,2.253575811528E0,
-7.101999998473E-1));
#12904=CARTESIAN_POINT('',(-2.940994464419E0,2.096973216630E0,
-7.101999998860E-1));
#12905=CARTESIAN_POINT('',(-2.950490566607E0,1.905410216192E0,
-7.101999999332E-1));
#12906=CARTESIAN_POINT('',(-3.235501917463E0,2.308477133901E0,
-2.939353846049E-1));
#12907=CARTESIAN_POINT('',(-3.051729221222E0,2.253575811433E0,
-3.278639084985E-1));
#12908=CARTESIAN_POINT('',(-2.940994464419E0,2.096973216559E0,
-4.246429047623E-1));
#12909=CARTESIAN_POINT('',(-2.950490566607E0,1.905410216151E0,
-5.430271174610E-1));
#12910=CARTESIAN_POINT('',(-3.235501917463E0,2.004263184344E0,
-9.804951904933E-3));
#12911=CARTESIAN_POINT('',(-3.051729221222E0,1.974157460336E0,
-6.689212493243E-2));
#12912=CARTESIAN_POINT('',(-2.940994464419E0,1.888282762090E0,
-2.297297220663E-1));
#12913=CARTESIAN_POINT('',(-2.950490566607E0,1.783237153692E0,
-4.289196442461E-1));
#12914=CARTESIAN_POINT('',(-3.235501917463E0,1.588967538448E0,
-3.819080033914E-2));
#12915=CARTESIAN_POINT('',(-3.051729221222E0,1.592711360434E0,
-9.296432502560E-2));
#12916=CARTESIAN_POINT('',(-2.940994464419E0,1.603390378925E0,
-2.492023847067E-1));
#12917=CARTESIAN_POINT('',(-2.950490566607E0,1.616453411662E0,
-4.403194700554E-1));
#12918=(BOUNDED_SURFACE()B_SPLINE_SURFACE(3,3,((#12890,#12891,#12892,#12893),(
#12894,#12895,#12896,#12897),(#12898,#12899,#12900,#12901),(#12902,#12903,
#12904,#12905),(#12906,#12907,#12908,#12909),(#12910,#12911,#12912,#12913),(
#12914,#12915,#12916,#12917)),.UNSPECIFIED.,.F.,.F.,.F.)B_SPLINE_SURFACE_WITH_KNOTS((4,3,4),(4,4),(0.E0,1.E0,2.E0),(0.E0,1.E0),.UNSPECIFIED.)GEOMETRIC_REPRESENTATION_ITEM()RATIONAL_B_SPLINE_SURFACE(((1.330404543301E0,1.141407350369E0,
1.141407350369E0,1.330404543301E0),(1.048865813319E0,8.998639961817E-1,
8.998639961817E-1,1.048865813319E0),(1.048865813319E0,8.998639961817E-1,
8.998639961817E-1,1.048865813319E0),(1.330404543301E0,1.141407350369E0,
1.141407350369E0,1.330404543301E0),(1.048865813319E0,8.998639961817E-1,
8.998639961817E-1,1.048865813319E0),(1.048865813319E0,8.998639961817E-1,
8.998639961817E-1,1.048865813319E0),(1.330404543301E0,1.141407350369E0,
1.141407350369E0,1.330404543301E0)))REPRESENTATION_ITEM('')SURFACE());
#12920=ORIENTED_EDGE('',*,*,#12919,.T.);
#12921=ORIENTED_EDGE('',*,*,#12835,.T.);
#12922=ORIENTED_EDGE('',*,*,#12875,.F.);
#12923=ORIENTED_EDGE('',*,*,#5753,.F.);
#12924=EDGE_LOOP('',(#12920,#12921,#12922,#12923));
#12925=FACE_OUTER_BOUND('',#12924,.F.);
#12926=ADVANCED_FACE('',(#12925),#12918,.T.);
#12927=FILL_AREA_STYLE_COLOUR('',#31);
#12928=FILL_AREA_STYLE('',(#12927));
#12929=SURFACE_STYLE_FILL_AREA(#12928);
#12930=SURFACE_SIDE_STYLE('',(#12929));
#12931=SURFACE_STYLE_USAGE(.POSITIVE.,#12930);
#12932=PRESENTATION_STYLE_ASSIGNMENT((#12931));
#12933=STYLED_ITEM('',(#12932),#12926);
#12934=CARTESIAN_POINT('',(-2.95E0,-1.42E0,-3.E0));
#12935=DIRECTION('',(1.E0,0.E0,0.E0));
#12936=DIRECTION('',(0.E0,0.E0,1.E0));
#12937=AXIS2_PLACEMENT_3D('',#12934,#12935,#12936);
#12938=PLANE('',#12937);
#12939=ORIENTED_EDGE('',*,*,#12837,.F.);
#12940=ORIENTED_EDGE('',*,*,#12919,.F.);
#12941=ORIENTED_EDGE('',*,*,#5751,.F.);
#12942=ORIENTED_EDGE('',*,*,#5887,.T.);
#12943=EDGE_LOOP('',(#12939,#12940,#12941,#12942));
#12944=FACE_OUTER_BOUND('',#12943,.F.);
#12945=ADVANCED_FACE('',(#12944),#12938,.T.);
#12946=FILL_AREA_STYLE_COLOUR('',#31);
#12947=FILL_AREA_STYLE('',(#12946));
#12948=SURFACE_STYLE_FILL_AREA(#12947);
#12949=SURFACE_SIDE_STYLE('',(#12948));
#12950=SURFACE_STYLE_USAGE(.POSITIVE.,#12949);
#12951=PRESENTATION_STYLE_ASSIGNMENT((#12950));
#12952=STYLED_ITEM('',(#12951),#12945);
#12953=CARTESIAN_POINT('',(-3.75E0,3.68E0,-8.E0));
#12954=DIRECTION('',(1.E0,0.E0,0.E0));
#12955=DIRECTION('',(0.E0,0.E0,1.E0));
#12956=AXIS2_PLACEMENT_3D('',#12953,#12954,#12955);
#12957=PLANE('',#12956);
#12958=ORIENTED_EDGE('',*,*,#5504,.F.);
#12959=ORIENTED_EDGE('',*,*,#5484,.T.);
#12961=ORIENTED_EDGE('',*,*,#12960,.T.);
#12962=ORIENTED_EDGE('',*,*,#5344,.F.);
#12963=EDGE_LOOP('',(#12958,#12959,#12961,#12962));
#12964=FACE_OUTER_BOUND('',#12963,.F.);
#12965=ADVANCED_FACE('',(#12964),#12957,.F.);
#12966=FILL_AREA_STYLE_COLOUR('',#31);
#12967=FILL_AREA_STYLE('',(#12966));
#12968=SURFACE_STYLE_FILL_AREA(#12967);
#12969=SURFACE_SIDE_STYLE('',(#12968));
#12970=SURFACE_STYLE_USAGE(.POSITIVE.,#12969);
#12971=PRESENTATION_STYLE_ASSIGNMENT((#12970));
#12972=STYLED_ITEM('',(#12971),#12965);
#12973=CARTESIAN_POINT('',(-4.734836796620E0,3.68E0,-6.822116084505E0));
#12974=DIRECTION('',(0.E0,1.E0,0.E0));
#12975=DIRECTION('',(-1.E0,0.E0,0.E0));
#12976=AXIS2_PLACEMENT_3D('',#12973,#12974,#12975);
#12977=CYLINDRICAL_SURFACE('',#12976,9.848367966202E-1);
#12978=ORIENTED_EDGE('',*,*,#5482,.T.);
#12980=ORIENTED_EDGE('',*,*,#12979,.T.);
#12981=ORIENTED_EDGE('',*,*,#5346,.F.);
#12982=ORIENTED_EDGE('',*,*,#12960,.F.);
#12983=EDGE_LOOP('',(#12978,#12980,#12981,#12982));
#12984=FACE_OUTER_BOUND('',#12983,.F.);
#12985=ADVANCED_FACE('',(#12984),#12977,.F.);
#12986=FILL_AREA_STYLE_COLOUR('',#31);
#12987=FILL_AREA_STYLE('',(#12986));
#12988=SURFACE_STYLE_FILL_AREA(#12987);
#12989=SURFACE_SIDE_STYLE('',(#12988));
#12990=SURFACE_STYLE_USAGE(.POSITIVE.,#12989);
#12991=PRESENTATION_STYLE_ASSIGNMENT((#12990));
#12992=STYLED_ITEM('',(#12991),#12985);
#12993=CARTESIAN_POINT('',(-3.962697876583E0,3.68E0,-6.210801922930E0));
#12994=DIRECTION('',(7.840272852179E-1,0.E0,6.207263616392E-1));
#12995=DIRECTION('',(-6.207263616392E-1,0.E0,7.840272852179E-1));
#12996=AXIS2_PLACEMENT_3D('',#12993,#12994,#12995);
#12997=PLANE('',#12996);
#12998=ORIENTED_EDGE('',*,*,#5480,.T.);
#13000=ORIENTED_EDGE('',*,*,#12999,.T.);
#13001=ORIENTED_EDGE('',*,*,#5348,.F.);
#13002=ORIENTED_EDGE('',*,*,#12979,.F.);
#13003=EDGE_LOOP('',(#12998,#13000,#13001,#13002));
#13004=FACE_OUTER_BOUND('',#13003,.F.);
#13005=ADVANCED_FACE('',(#13004),#12997,.F.);
#13006=FILL_AREA_STYLE_COLOUR('',#31);
#13007=FILL_AREA_STYLE('',(#13006));
#13008=SURFACE_STYLE_FILL_AREA(#13007);
#13009=SURFACE_SIDE_STYLE('',(#13008));
#13010=SURFACE_STYLE_USAGE(.POSITIVE.,#13009);
#13011=PRESENTATION_STYLE_ASSIGNMENT((#13010));
#13012=STYLED_ITEM('',(#13011),#13005);
#13013=CARTESIAN_POINT('',(-3.593363741933E0,3.68E0,-5.7E0));
#13014=DIRECTION('',(0.E0,1.E0,0.E0));
#13015=DIRECTION('',(-1.E0,0.E0,0.E0));
#13016=AXIS2_PLACEMENT_3D('',#13013,#13014,#13015);
#13017=CYLINDRICAL_SURFACE('',#13016,6.066362580669E-1);
#13018=ORIENTED_EDGE('',*,*,#5478,.T.);
#13020=ORIENTED_EDGE('',*,*,#13019,.T.);
#13021=ORIENTED_EDGE('',*,*,#5350,.F.);
#13022=ORIENTED_EDGE('',*,*,#12999,.F.);
#13023=EDGE_LOOP('',(#13018,#13020,#13021,#13022));
#13024=FACE_OUTER_BOUND('',#13023,.F.);
#13025=ADVANCED_FACE('',(#13024),#13017,.T.);
#13026=FILL_AREA_STYLE_COLOUR('',#31);
#13027=FILL_AREA_STYLE('',(#13026));
#13028=SURFACE_STYLE_FILL_AREA(#13027);
#13029=SURFACE_SIDE_STYLE('',(#13028));
#13030=SURFACE_STYLE_USAGE(.POSITIVE.,#13029);
#13031=PRESENTATION_STYLE_ASSIGNMENT((#13030));
#13032=STYLED_ITEM('',(#13031),#13025);
#13033=CARTESIAN_POINT('',(-4.119642233830E0,3.68E0,-5.398274133412E0));
#13034=DIRECTION('',(8.675355040162E-1,0.E0,-4.973752600114E-1));
#13035=DIRECTION('',(4.973752600114E-1,0.E0,8.675355040162E-1));
#13036=AXIS2_PLACEMENT_3D('',#13033,#13034,#13035);
#13037=PLANE('',#13036);
#13038=ORIENTED_EDGE('',*,*,#5476,.T.);
#13040=ORIENTED_EDGE('',*,*,#13039,.T.);
#13041=ORIENTED_EDGE('',*,*,#5352,.F.);
#13042=ORIENTED_EDGE('',*,*,#13019,.F.);
#13043=EDGE_LOOP('',(#13038,#13040,#13041,#13042));
#13044=FACE_OUTER_BOUND('',#13043,.F.);
#13045=ADVANCED_FACE('',(#13044),#13037,.F.);
#13046=FILL_AREA_STYLE_COLOUR('',#31);
#13047=FILL_AREA_STYLE('',(#13046));
#13048=SURFACE_STYLE_FILL_AREA(#13047);
#13049=SURFACE_SIDE_STYLE('',(#13048));
#13050=SURFACE_STYLE_USAGE(.POSITIVE.,#13049);
#13051=PRESENTATION_STYLE_ASSIGNMENT((#13050));
#13052=STYLED_ITEM('',(#13051),#13045);
#13053=CARTESIAN_POINT('',(-4.778350462956E0,3.68E0,-4.479656493703E0));
#13054=DIRECTION('',(0.E0,1.E0,0.E0));
#13055=DIRECTION('',(-1.E0,0.E0,0.E0));
#13056=AXIS2_PLACEMENT_3D('',#13053,#13054,#13055);
#13057=CYLINDRICAL_SURFACE('',#13056,1.028350462956E0);
#13058=ORIENTED_EDGE('',*,*,#5474,.T.);
#13059=ORIENTED_EDGE('',*,*,#5279,.T.);
#13060=ORIENTED_EDGE('',*,*,#5354,.F.);
#13061=ORIENTED_EDGE('',*,*,#13039,.F.);
#13062=EDGE_LOOP('',(#13058,#13059,#13060,#13061));
#13063=FACE_OUTER_BOUND('',#13062,.F.);
#13064=ADVANCED_FACE('',(#13063),#13057,.F.);
#13065=FILL_AREA_STYLE_COLOUR('',#31);
#13066=FILL_AREA_STYLE('',(#13065));
#13067=SURFACE_STYLE_FILL_AREA(#13066);
#13068=SURFACE_SIDE_STYLE('',(#13067));
#13069=SURFACE_STYLE_USAGE(.POSITIVE.,#13068);
#13070=PRESENTATION_STYLE_ASSIGNMENT((#13069));
#13071=STYLED_ITEM('',(#13070),#13064);
#13072=CLOSED_SHELL('',(#5072,#5094,#5116,#5138,#5179,#5200,#5221,#5264,#5312,
#5358,#5379,#5400,#5422,#5443,#5488,#5509,#5529,#5549,#5569,#5589,#5609,#5629,
#5672,#5692,#5713,#5735,#5758,#5799,#5870,#5940,#5996,#6018,#6064,#6086,#6106,
#6127,#6148,#6168,#6189,#6210,#6230,#6251,#6272,#6292,#6312,#6332,#6353,#6373,
#6394,#6415,#6436,#6457,#6477,#6498,#6519,#6539,#6559,#6579,#6600,#6620,#6641,
#6662,#6681,#6701,#6721,#6740,#6760,#6780,#6800,#6819,#6839,#6858,#7082,#7121,
#7142,#7163,#7186,#7206,#7238,#7258,#7281,#7325,#7347,#7368,#7414,#7435,#7484,
#7530,#7579,#7600,#7644,#7665,#7685,#7705,#7725,#7745,#7765,#7784,#7804,#7824,
#7844,#7864,#7883,#7903,#7924,#7944,#7964,#7998,#8018,#8037,#8058,#8093,#8115,
#8135,#8193,#8213,#8237,#8257,#8277,#8297,#8322,#8341,#8360,#8382,#8404,#8422,
#8441,#8461,#8480,#8502,#8522,#8543,#8562,#8584,#8606,#8624,#8643,#8663,#8682,
#8704,#8724,#8745,#8764,#8784,#8803,#8823,#8844,#8866,#8888,#8934,#8954,#8975,
#8995,#9014,#9034,#9054,#9073,#9092,#9114,#9136,#9154,#9174,#9193,#9214,#9234,
#9256,#9302,#9323,#9343,#9363,#9384,#9404,#9425,#9446,#9466,#9487,#9508,#9528,
#9548,#9568,#9589,#9609,#9630,#9651,#9672,#9693,#9713,#9734,#9755,#9775,#9795,
#9815,#9836,#9856,#9876,#9896,#9915,#9935,#9955,#9975,#9994,#10014,#10033,
#10053,#10073,#10094,#10114,#10134,#10153,#10172,#10193,#10212,#10233,#10253,
#10273,#10291,#10312,#10332,#10352,#10371,#10392,#10412,#10432,#10451,#10473,
#10494,#10515,#10536,#10557,#10577,#10598,#10693,#10732,#10801,#10840,#10861,
#10881,#10901,#10921,#10941,#10961,#10981,#11001,#11021,#11041,#11061,#11081,
#11101,#11121,#11141,#11161,#11181,#11201,#11221,#11241,#11261,#11281,#11301,
#11321,#11341,#11361,#11381,#11401,#11421,#11441,#11461,#11481,#11501,#11521,
#11541,#11561,#11581,#11601,#11621,#11640,#11661,#11681,#11701,#11721,#11741,
#11761,#11781,#11801,#11821,#11841,#11861,#11880,#11901,#11921,#11941,#11961,
#11981,#12001,#12021,#12041,#12061,#12081,#12101,#12121,#12141,#12160,#12181,
#12201,#12221,#12241,#12261,#12281,#12301,#12321,#12341,#12361,#12381,#12400,
#12421,#12441,#12461,#12481,#12501,#12521,#12541,#12560,#12581,#12601,#12620,
#12650,#12672,#12693,#12714,#12736,#12756,#12781,#12800,#12819,#12842,#12862,
#12882,#12926,#12945,#12965,#12985,#13005,#13025,#13045,#13064));
#13073=MANIFOLD_SOLID_BREP('',#13072);
#13074=DIRECTION('',(-2.873478855663E-1,0.E0,-9.578262852212E-1));
#13075=VECTOR('',#13074,5.220153254455E-1);
#13076=CARTESIAN_POINT('',(-1.9E0,8.3E-1,-6.8E0));
#13077=LINE('',#13076,#13075);
#13078=DIRECTION('',(0.E0,0.E0,1.E0));
#13079=VECTOR('',#13078,9.8E0);
#13080=CARTESIAN_POINT('',(-1.9E0,8.3E-1,-6.8E0));
#13081=LINE('',#13080,#13079);
#13082=DIRECTION('',(-1.E0,0.E0,0.E0));
#13083=VECTOR('',#13082,7.E-1);
#13084=CARTESIAN_POINT('',(-1.9E0,8.3E-1,3.E0));
#13085=LINE('',#13084,#13083);
#13086=DIRECTION('',(0.E0,0.E0,-1.E0));
#13087=VECTOR('',#13086,9.8E0);
#13088=CARTESIAN_POINT('',(-2.6E0,8.3E-1,3.E0));
#13089=LINE('',#13088,#13087);
#13090=DIRECTION('',(-2.873478855663E-1,0.E0,9.578262852212E-1));
#13091=VECTOR('',#13090,5.220153254455E-1);
#13092=CARTESIAN_POINT('',(-2.45E0,8.3E-1,-7.3E0));
#13093=LINE('',#13092,#13091);
#13094=DIRECTION('',(1.E0,0.E0,0.E0));
#13095=VECTOR('',#13094,4.E-1);
#13096=CARTESIAN_POINT('',(-2.45E0,8.3E-1,-7.3E0));
#13097=LINE('',#13096,#13095);
#13098=DIRECTION('',(0.E0,1.E0,0.E0));
#13099=VECTOR('',#13098,3.E-1);
#13100=CARTESIAN_POINT('',(-2.05E0,5.3E-1,-7.3E0));
#13101=LINE('',#13100,#13099);
#13102=DIRECTION('',(0.E0,1.E0,0.E0));
#13103=VECTOR('',#13102,3.E-1);
#13104=CARTESIAN_POINT('',(-2.45E0,5.3E-1,-7.3E0));
#13105=LINE('',#13104,#13103);
#13106=DIRECTION('',(0.E0,1.E0,0.E0));
#13107=VECTOR('',#13106,3.E-1);
#13108=CARTESIAN_POINT('',(-2.6E0,5.3E-1,-6.8E0));
#13109=LINE('',#13108,#13107);
#13110=DIRECTION('',(0.E0,-1.E0,0.E0));
#13111=VECTOR('',#13110,3.E-1);
#13112=CARTESIAN_POINT('',(-2.6E0,8.3E-1,3.E0));
#13113=LINE('',#13112,#13111);
#13114=DIRECTION('',(0.E0,-1.E0,0.E0));
#13115=VECTOR('',#13114,3.E-1);
#13116=CARTESIAN_POINT('',(-1.9E0,8.3E-1,3.E0));
#13117=LINE('',#13116,#13115);
#13118=DIRECTION('',(0.E0,1.E0,0.E0));
#13119=VECTOR('',#13118,3.E-1);
#13120=CARTESIAN_POINT('',(-1.9E0,5.3E-1,-6.8E0));
#13121=LINE('',#13120,#13119);
#13122=DIRECTION('',(2.873478855663E-1,0.E0,9.578262852212E-1));
#13123=VECTOR('',#13122,5.220153254455E-1);
#13124=CARTESIAN_POINT('',(-2.05E0,5.3E-1,-7.3E0));
#13125=LINE('',#13124,#13123);
#13126=DIRECTION('',(1.E0,0.E0,0.E0));
#13127=VECTOR('',#13126,4.E-1);
#13128=CARTESIAN_POINT('',(-2.45E0,5.3E-1,-7.3E0));
#13129=LINE('',#13128,#13127);
#13130=DIRECTION('',(2.873478855663E-1,0.E0,-9.578262852212E-1));
#13131=VECTOR('',#13130,5.220153254455E-1);
#13132=CARTESIAN_POINT('',(-2.6E0,5.3E-1,-6.8E0));
#13133=LINE('',#13132,#13131);
#13134=DIRECTION('',(0.E0,0.E0,-1.E0));
#13135=VECTOR('',#13134,9.8E0);
#13136=CARTESIAN_POINT('',(-2.6E0,5.3E-1,3.E0));
#13137=LINE('',#13136,#13135);
#13138=DIRECTION('',(-1.E0,0.E0,0.E0));
#13139=VECTOR('',#13138,7.E-1);
#13140=CARTESIAN_POINT('',(-1.9E0,5.3E-1,3.E0));
#13141=LINE('',#13140,#13139);
#13142=DIRECTION('',(0.E0,0.E0,1.E0));
#13143=VECTOR('',#13142,9.8E0);
#13144=CARTESIAN_POINT('',(-1.9E0,5.3E-1,-6.8E0));
#13145=LINE('',#13144,#13143);
#13146=CARTESIAN_POINT('',(-1.9E0,8.3E-1,3.E0));
#13147=CARTESIAN_POINT('',(-2.6E0,8.3E-1,3.E0));
#13148=VERTEX_POINT('',#13146);
#13149=VERTEX_POINT('',#13147);
#13150=CARTESIAN_POINT('',(-1.9E0,5.3E-1,3.E0));
#13151=CARTESIAN_POINT('',(-2.6E0,5.3E-1,3.E0));
#13152=VERTEX_POINT('',#13150);
#13153=VERTEX_POINT('',#13151);
#13154=CARTESIAN_POINT('',(-1.9E0,8.3E-1,-6.8E0));
#13155=CARTESIAN_POINT('',(-2.05E0,8.3E-1,-7.3E0));
#13156=VERTEX_POINT('',#13154);
#13157=VERTEX_POINT('',#13155);
#13158=CARTESIAN_POINT('',(-2.05E0,5.3E-1,-7.3E0));
#13159=VERTEX_POINT('',#13158);
#13160=CARTESIAN_POINT('',(-1.9E0,5.3E-1,-6.8E0));
#13161=VERTEX_POINT('',#13160);
#13162=CARTESIAN_POINT('',(-2.45E0,8.3E-1,-7.3E0));
#13163=CARTESIAN_POINT('',(-2.6E0,8.3E-1,-6.8E0));
#13164=VERTEX_POINT('',#13162);
#13165=VERTEX_POINT('',#13163);
#13166=CARTESIAN_POINT('',(-2.6E0,5.3E-1,-6.8E0));
#13167=VERTEX_POINT('',#13166);
#13168=CARTESIAN_POINT('',(-2.45E0,5.3E-1,-7.3E0));
#13169=VERTEX_POINT('',#13168);
#13170=CARTESIAN_POINT('',(0.E0,8.3E-1,-3.E0));
#13171=DIRECTION('',(0.E0,-1.E0,0.E0));
#13172=DIRECTION('',(1.E0,0.E0,0.E0));
#13173=AXIS2_PLACEMENT_3D('',#13170,#13171,#13172);
#13174=PLANE('',#13173);
#13176=ORIENTED_EDGE('',*,*,#13175,.F.);
#13178=ORIENTED_EDGE('',*,*,#13177,.T.);
#13180=ORIENTED_EDGE('',*,*,#13179,.T.);
#13182=ORIENTED_EDGE('',*,*,#13181,.T.);
#13184=ORIENTED_EDGE('',*,*,#13183,.F.);
#13186=ORIENTED_EDGE('',*,*,#13185,.T.);
#13187=EDGE_LOOP('',(#13176,#13178,#13180,#13182,#13184,#13186));
#13188=FACE_OUTER_BOUND('',#13187,.F.);
#13189=ADVANCED_FACE('',(#13188),#13174,.F.);
#13190=FILL_AREA_STYLE_COLOUR('',#30);
#13191=FILL_AREA_STYLE('',(#13190));
#13192=SURFACE_STYLE_FILL_AREA(#13191);
#13193=SURFACE_SIDE_STYLE('',(#13192));
#13194=SURFACE_STYLE_USAGE(.POSITIVE.,#13193);
#13195=PRESENTATION_STYLE_ASSIGNMENT((#13194));
#13196=STYLED_ITEM('',(#13195),#13189);
#13197=CARTESIAN_POINT('',(-1.975E0,6.8E-1,-7.05E0));
#13198=DIRECTION('',(9.578262852212E-1,0.E0,-2.873478855663E-1));
#13199=DIRECTION('',(-2.873478855663E-1,0.E0,-9.578262852212E-1));
#13200=AXIS2_PLACEMENT_3D('',#13197,#13198,#13199);
#13201=PLANE('',#13200);
#13202=ORIENTED_EDGE('',*,*,#13175,.T.);
#13204=ORIENTED_EDGE('',*,*,#13203,.F.);
#13206=ORIENTED_EDGE('',*,*,#13205,.T.);
#13208=ORIENTED_EDGE('',*,*,#13207,.T.);
#13209=EDGE_LOOP('',(#13202,#13204,#13206,#13208));
#13210=FACE_OUTER_BOUND('',#13209,.F.);
#13211=ADVANCED_FACE('',(#13210),#13201,.T.);
#13212=FILL_AREA_STYLE_COLOUR('',#31);
#13213=FILL_AREA_STYLE('',(#13212));
#13214=SURFACE_STYLE_FILL_AREA(#13213);
#13215=SURFACE_SIDE_STYLE('',(#13214));
#13216=SURFACE_STYLE_USAGE(.POSITIVE.,#13215);
#13217=PRESENTATION_STYLE_ASSIGNMENT((#13216));
#13218=STYLED_ITEM('',(#13217),#13211);
#13219=CARTESIAN_POINT('',(-2.6E0,8.3E-1,-7.3E0));
#13220=DIRECTION('',(0.E0,0.E0,-1.E0));
#13221=DIRECTION('',(1.E0,0.E0,0.E0));
#13222=AXIS2_PLACEMENT_3D('',#13219,#13220,#13221);
#13223=PLANE('',#13222);
#13224=ORIENTED_EDGE('',*,*,#13203,.T.);
#13225=ORIENTED_EDGE('',*,*,#13185,.F.);
#13227=ORIENTED_EDGE('',*,*,#13226,.F.);
#13229=ORIENTED_EDGE('',*,*,#13228,.T.);
#13230=EDGE_LOOP('',(#13224,#13225,#13227,#13229));
#13231=FACE_OUTER_BOUND('',#13230,.F.);
#13232=ADVANCED_FACE('',(#13231),#13223,.T.);
#13233=FILL_AREA_STYLE_COLOUR('',#31);
#13234=FILL_AREA_STYLE('',(#13233));
#13235=SURFACE_STYLE_FILL_AREA(#13234);
#13236=SURFACE_SIDE_STYLE('',(#13235));
#13237=SURFACE_STYLE_USAGE(.POSITIVE.,#13236);
#13238=PRESENTATION_STYLE_ASSIGNMENT((#13237));
#13239=STYLED_ITEM('',(#13238),#13232);
#13240=CARTESIAN_POINT('',(-2.525E0,6.8E-1,-7.05E0));
#13241=DIRECTION('',(-9.578262852212E-1,0.E0,-2.873478855663E-1));
#13242=DIRECTION('',(-2.873478855663E-1,0.E0,9.578262852212E-1));
#13243=AXIS2_PLACEMENT_3D('',#13240,#13241,#13242);
#13244=PLANE('',#13243);
#13245=ORIENTED_EDGE('',*,*,#13183,.T.);
#13247=ORIENTED_EDGE('',*,*,#13246,.F.);
#13249=ORIENTED_EDGE('',*,*,#13248,.T.);
#13250=ORIENTED_EDGE('',*,*,#13226,.T.);
#13251=EDGE_LOOP('',(#13245,#13247,#13249,#13250));
#13252=FACE_OUTER_BOUND('',#13251,.F.);
#13253=ADVANCED_FACE('',(#13252),#13244,.T.);
#13254=FILL_AREA_STYLE_COLOUR('',#31);
#13255=FILL_AREA_STYLE('',(#13254));
#13256=SURFACE_STYLE_FILL_AREA(#13255);
#13257=SURFACE_SIDE_STYLE('',(#13256));
#13258=SURFACE_STYLE_USAGE(.POSITIVE.,#13257);
#13259=PRESENTATION_STYLE_ASSIGNMENT((#13258));
#13260=STYLED_ITEM('',(#13259),#13253);
#13261=CARTESIAN_POINT('',(-2.6E0,8.3E-1,3.E0));
#13262=DIRECTION('',(-1.E0,0.E0,0.E0));
#13263=DIRECTION('',(0.E0,0.E0,-1.E0));
#13264=AXIS2_PLACEMENT_3D('',#13261,#13262,#13263);
#13265=PLANE('',#13264);
#13266=ORIENTED_EDGE('',*,*,#13246,.T.);
#13267=ORIENTED_EDGE('',*,*,#13181,.F.);
#13269=ORIENTED_EDGE('',*,*,#13268,.T.);
#13271=ORIENTED_EDGE('',*,*,#13270,.T.);
#13272=EDGE_LOOP('',(#13266,#13267,#13269,#13271));
#13273=FACE_OUTER_BOUND('',#13272,.F.);
#13274=ADVANCED_FACE('',(#13273),#13265,.T.);
#13275=FILL_AREA_STYLE_COLOUR('',#30);
#13276=FILL_AREA_STYLE('',(#13275));
#13277=SURFACE_STYLE_FILL_AREA(#13276);
#13278=SURFACE_SIDE_STYLE('',(#13277));
#13279=SURFACE_STYLE_USAGE(.POSITIVE.,#13278);
#13280=PRESENTATION_STYLE_ASSIGNMENT((#13279));
#13281=STYLED_ITEM('',(#13280),#13274);
#13282=CARTESIAN_POINT('',(-1.9E0,8.3E-1,3.E0));
#13283=DIRECTION('',(0.E0,0.E0,1.E0));
#13284=DIRECTION('',(-1.E0,0.E0,0.E0));
#13285=AXIS2_PLACEMENT_3D('',#13282,#13283,#13284);
#13286=PLANE('',#13285);
#13287=ORIENTED_EDGE('',*,*,#13179,.F.);
#13289=ORIENTED_EDGE('',*,*,#13288,.T.);
#13291=ORIENTED_EDGE('',*,*,#13290,.T.);
#13292=ORIENTED_EDGE('',*,*,#13268,.F.);
#13293=EDGE_LOOP('',(#13287,#13289,#13291,#13292));
#13294=FACE_OUTER_BOUND('',#13293,.F.);
#13295=ADVANCED_FACE('',(#13294),#13286,.T.);
#13296=FILL_AREA_STYLE_COLOUR('',#30);
#13297=FILL_AREA_STYLE('',(#13296));
#13298=SURFACE_STYLE_FILL_AREA(#13297);
#13299=SURFACE_SIDE_STYLE('',(#13298));
#13300=SURFACE_STYLE_USAGE(.POSITIVE.,#13299);
#13301=PRESENTATION_STYLE_ASSIGNMENT((#13300));
#13302=STYLED_ITEM('',(#13301),#13295);
#13303=CARTESIAN_POINT('',(-1.9E0,8.3E-1,-7.3E0));
#13304=DIRECTION('',(1.E0,0.E0,0.E0));
#13305=DIRECTION('',(0.E0,0.E0,1.E0));
#13306=AXIS2_PLACEMENT_3D('',#13303,#13304,#13305);
#13307=PLANE('',#13306);
#13308=ORIENTED_EDGE('',*,*,#13207,.F.);
#13310=ORIENTED_EDGE('',*,*,#13309,.T.);
#13311=ORIENTED_EDGE('',*,*,#13288,.F.);
#13312=ORIENTED_EDGE('',*,*,#13177,.F.);
#13313=EDGE_LOOP('',(#13308,#13310,#13311,#13312));
#13314=FACE_OUTER_BOUND('',#13313,.F.);
#13315=ADVANCED_FACE('',(#13314),#13307,.T.);
#13316=FILL_AREA_STYLE_COLOUR('',#30);
#13317=FILL_AREA_STYLE('',(#13316));
#13318=SURFACE_STYLE_FILL_AREA(#13317);
#13319=SURFACE_SIDE_STYLE('',(#13318));
#13320=SURFACE_STYLE_USAGE(.POSITIVE.,#13319);
#13321=PRESENTATION_STYLE_ASSIGNMENT((#13320));
#13322=STYLED_ITEM('',(#13321),#13315);
#13323=CARTESIAN_POINT('',(0.E0,5.3E-1,-3.E0));
#13324=DIRECTION('',(0.E0,-1.E0,0.E0));
#13325=DIRECTION('',(1.E0,0.E0,0.E0));
#13326=AXIS2_PLACEMENT_3D('',#13323,#13324,#13325);
#13327=PLANE('',#13326);
#13328=ORIENTED_EDGE('',*,*,#13205,.F.);
#13329=ORIENTED_EDGE('',*,*,#13228,.F.);
#13330=ORIENTED_EDGE('',*,*,#13248,.F.);
#13331=ORIENTED_EDGE('',*,*,#13270,.F.);
#13332=ORIENTED_EDGE('',*,*,#13290,.F.);
#13333=ORIENTED_EDGE('',*,*,#13309,.F.);
#13334=EDGE_LOOP('',(#13328,#13329,#13330,#13331,#13332,#13333));
#13335=FACE_OUTER_BOUND('',#13334,.F.);
#13336=ADVANCED_FACE('',(#13335),#13327,.T.);
#13337=FILL_AREA_STYLE_COLOUR('',#30);
#13338=FILL_AREA_STYLE('',(#13337));
#13339=SURFACE_STYLE_FILL_AREA(#13338);
#13340=SURFACE_SIDE_STYLE('',(#13339));
#13341=SURFACE_STYLE_USAGE(.POSITIVE.,#13340);
#13342=PRESENTATION_STYLE_ASSIGNMENT((#13341));
#13343=STYLED_ITEM('',(#13342),#13336);
#13344=CLOSED_SHELL('',(#13189,#13211,#13232,#13253,#13274,#13295,#13315,
#13336));
#13345=MANIFOLD_SOLID_BREP('',#13344);
#13346=DIRECTION('',(-2.873478855663E-1,0.E0,9.578262852212E-1));
#13347=VECTOR('',#13346,5.220153254455E-1);
#13348=CARTESIAN_POINT('',(2.05E0,8.3E-1,-7.3E0));
#13349=LINE('',#13348,#13347);
#13350=DIRECTION('',(1.E0,0.E0,0.E0));
#13351=VECTOR('',#13350,4.E-1);
#13352=CARTESIAN_POINT('',(2.05E0,8.3E-1,-7.3E0));
#13353=LINE('',#13352,#13351);
#13354=DIRECTION('',(-2.873478855663E-1,0.E0,-9.578262852212E-1));
#13355=VECTOR('',#13354,5.220153254455E-1);
#13356=CARTESIAN_POINT('',(2.6E0,8.3E-1,-6.8E0));
#13357=LINE('',#13356,#13355);
#13358=DIRECTION('',(0.E0,0.E0,1.E0));
#13359=VECTOR('',#13358,9.8E0);
#13360=CARTESIAN_POINT('',(2.6E0,8.3E-1,-6.8E0));
#13361=LINE('',#13360,#13359);
#13362=DIRECTION('',(-1.E0,0.E0,0.E0));
#13363=VECTOR('',#13362,7.E-1);
#13364=CARTESIAN_POINT('',(2.6E0,8.3E-1,3.E0));
#13365=LINE('',#13364,#13363);
#13366=DIRECTION('',(0.E0,0.E0,-1.E0));
#13367=VECTOR('',#13366,9.8E0);
#13368=CARTESIAN_POINT('',(1.9E0,8.3E-1,3.E0));
#13369=LINE('',#13368,#13367);
#13370=DIRECTION('',(0.E0,1.E0,0.E0));
#13371=VECTOR('',#13370,3.E-1);
#13372=CARTESIAN_POINT('',(1.9E0,5.3E-1,-6.8E0));
#13373=LINE('',#13372,#13371);
#13374=DIRECTION('',(0.E0,-1.E0,0.E0));
#13375=VECTOR('',#13374,3.E-1);
#13376=CARTESIAN_POINT('',(1.9E0,8.3E-1,3.E0));
#13377=LINE('',#13376,#13375);
#13378=DIRECTION('',(0.E0,-1.E0,0.E0));
#13379=VECTOR('',#13378,3.E-1);
#13380=CARTESIAN_POINT('',(2.6E0,8.3E-1,3.E0));
#13381=LINE('',#13380,#13379);
#13382=DIRECTION('',(0.E0,1.E0,0.E0));
#13383=VECTOR('',#13382,3.E-1);
#13384=CARTESIAN_POINT('',(2.6E0,5.3E-1,-6.8E0));
#13385=LINE('',#13384,#13383);
#13386=DIRECTION('',(0.E0,1.E0,0.E0));
#13387=VECTOR('',#13386,3.E-1);
#13388=CARTESIAN_POINT('',(2.05E0,5.3E-1,-7.3E0));
#13389=LINE('',#13388,#13387);
#13390=DIRECTION('',(0.E0,1.E0,0.E0));
#13391=VECTOR('',#13390,3.E-1);
#13392=CARTESIAN_POINT('',(2.45E0,5.3E-1,-7.3E0));
#13393=LINE('',#13392,#13391);
#13394=DIRECTION('',(2.873478855663E-1,0.E0,-9.578262852212E-1));
#13395=VECTOR('',#13394,5.220153254455E-1);
#13396=CARTESIAN_POINT('',(1.9E0,5.3E-1,-6.8E0));
#13397=LINE('',#13396,#13395);
#13398=DIRECTION('',(0.E0,0.E0,-1.E0));
#13399=VECTOR('',#13398,9.8E0);
#13400=CARTESIAN_POINT('',(1.9E0,5.3E-1,3.E0));
#13401=LINE('',#13400,#13399);
#13402=DIRECTION('',(-1.E0,0.E0,0.E0));
#13403=VECTOR('',#13402,7.E-1);
#13404=CARTESIAN_POINT('',(2.6E0,5.3E-1,3.E0));
#13405=LINE('',#13404,#13403);
#13406=DIRECTION('',(0.E0,0.E0,1.E0));
#13407=VECTOR('',#13406,9.8E0);
#13408=CARTESIAN_POINT('',(2.6E0,5.3E-1,-6.8E0));
#13409=LINE('',#13408,#13407);
#13410=DIRECTION('',(2.873478855663E-1,0.E0,9.578262852212E-1));
#13411=VECTOR('',#13410,5.220153254455E-1);
#13412=CARTESIAN_POINT('',(2.45E0,5.3E-1,-7.3E0));
#13413=LINE('',#13412,#13411);
#13414=DIRECTION('',(1.E0,0.E0,0.E0));
#13415=VECTOR('',#13414,4.E-1);
#13416=CARTESIAN_POINT('',(2.05E0,5.3E-1,-7.3E0));
#13417=LINE('',#13416,#13415);
#13418=CARTESIAN_POINT('',(2.6E0,8.3E-1,3.E0));
#13419=CARTESIAN_POINT('',(1.9E0,8.3E-1,3.E0));
#13420=VERTEX_POINT('',#13418);
#13421=VERTEX_POINT('',#13419);
#13422=CARTESIAN_POINT('',(2.6E0,5.3E-1,3.E0));
#13423=CARTESIAN_POINT('',(1.9E0,5.3E-1,3.E0));
#13424=VERTEX_POINT('',#13422);
#13425=VERTEX_POINT('',#13423);
#13426=CARTESIAN_POINT('',(2.05E0,8.3E-1,-7.3E0));
#13427=CARTESIAN_POINT('',(1.9E0,8.3E-1,-6.8E0));
#13428=VERTEX_POINT('',#13426);
#13429=VERTEX_POINT('',#13427);
#13430=CARTESIAN_POINT('',(1.9E0,5.3E-1,-6.8E0));
#13431=VERTEX_POINT('',#13430);
#13432=CARTESIAN_POINT('',(2.05E0,5.3E-1,-7.3E0));
#13433=VERTEX_POINT('',#13432);
#13434=CARTESIAN_POINT('',(2.6E0,8.3E-1,-6.8E0));
#13435=CARTESIAN_POINT('',(2.45E0,8.3E-1,-7.3E0));
#13436=VERTEX_POINT('',#13434);
#13437=VERTEX_POINT('',#13435);
#13438=CARTESIAN_POINT('',(2.45E0,5.3E-1,-7.3E0));
#13439=VERTEX_POINT('',#13438);
#13440=CARTESIAN_POINT('',(2.6E0,5.3E-1,-6.8E0));
#13441=VERTEX_POINT('',#13440);
#13442=CARTESIAN_POINT('',(0.E0,8.3E-1,-3.E0));
#13443=DIRECTION('',(0.E0,-1.E0,0.E0));
#13444=DIRECTION('',(1.E0,0.E0,0.E0));
#13445=AXIS2_PLACEMENT_3D('',#13442,#13443,#13444);
#13446=PLANE('',#13445);
#13448=ORIENTED_EDGE('',*,*,#13447,.F.);
#13450=ORIENTED_EDGE('',*,*,#13449,.T.);
#13452=ORIENTED_EDGE('',*,*,#13451,.F.);
#13454=ORIENTED_EDGE('',*,*,#13453,.T.);
#13456=ORIENTED_EDGE('',*,*,#13455,.T.);
#13458=ORIENTED_EDGE('',*,*,#13457,.T.);
#13459=EDGE_LOOP('',(#13448,#13450,#13452,#13454,#13456,#13458));
#13460=FACE_OUTER_BOUND('',#13459,.F.);
#13461=ADVANCED_FACE('',(#13460),#13446,.F.);
#13462=FILL_AREA_STYLE_COLOUR('',#30);
#13463=FILL_AREA_STYLE('',(#13462));
#13464=SURFACE_STYLE_FILL_AREA(#13463);
#13465=SURFACE_SIDE_STYLE('',(#13464));
#13466=SURFACE_STYLE_USAGE(.POSITIVE.,#13465);
#13467=PRESENTATION_STYLE_ASSIGNMENT((#13466));
#13468=STYLED_ITEM('',(#13467),#13461);
#13469=CARTESIAN_POINT('',(1.975E0,6.8E-1,-7.05E0));
#13470=DIRECTION('',(-9.578262852212E-1,0.E0,-2.873478855663E-1));
#13471=DIRECTION('',(-2.873478855663E-1,0.E0,9.578262852212E-1));
#13472=AXIS2_PLACEMENT_3D('',#13469,#13470,#13471);
#13473=PLANE('',#13472);
#13474=ORIENTED_EDGE('',*,*,#13447,.T.);
#13476=ORIENTED_EDGE('',*,*,#13475,.F.);
#13478=ORIENTED_EDGE('',*,*,#13477,.T.);
#13480=ORIENTED_EDGE('',*,*,#13479,.T.);
#13481=EDGE_LOOP('',(#13474,#13476,#13478,#13480));
#13482=FACE_OUTER_BOUND('',#13481,.F.);
#13483=ADVANCED_FACE('',(#13482),#13473,.T.);
#13484=FILL_AREA_STYLE_COLOUR('',#31);
#13485=FILL_AREA_STYLE('',(#13484));
#13486=SURFACE_STYLE_FILL_AREA(#13485);
#13487=SURFACE_SIDE_STYLE('',(#13486));
#13488=SURFACE_STYLE_USAGE(.POSITIVE.,#13487);
#13489=PRESENTATION_STYLE_ASSIGNMENT((#13488));
#13490=STYLED_ITEM('',(#13489),#13483);
#13491=CARTESIAN_POINT('',(1.9E0,8.3E-1,3.E0));
#13492=DIRECTION('',(-1.E0,0.E0,0.E0));
#13493=DIRECTION('',(0.E0,0.E0,-1.E0));
#13494=AXIS2_PLACEMENT_3D('',#13491,#13492,#13493);
#13495=PLANE('',#13494);
#13496=ORIENTED_EDGE('',*,*,#13475,.T.);
#13497=ORIENTED_EDGE('',*,*,#13457,.F.);
#13499=ORIENTED_EDGE('',*,*,#13498,.T.);
#13501=ORIENTED_EDGE('',*,*,#13500,.T.);
#13502=EDGE_LOOP('',(#13496,#13497,#13499,#13501));
#13503=FACE_OUTER_BOUND('',#13502,.F.);
#13504=ADVANCED_FACE('',(#13503),#13495,.T.);
#13505=FILL_AREA_STYLE_COLOUR('',#30);
#13506=FILL_AREA_STYLE('',(#13505));
#13507=SURFACE_STYLE_FILL_AREA(#13506);
#13508=SURFACE_SIDE_STYLE('',(#13507));
#13509=SURFACE_STYLE_USAGE(.POSITIVE.,#13508);
#13510=PRESENTATION_STYLE_ASSIGNMENT((#13509));
#13511=STYLED_ITEM('',(#13510),#13504);
#13512=CARTESIAN_POINT('',(2.6E0,8.3E-1,3.E0));
#13513=DIRECTION('',(0.E0,0.E0,1.E0));
#13514=DIRECTION('',(-1.E0,0.E0,0.E0));
#13515=AXIS2_PLACEMENT_3D('',#13512,#13513,#13514);
#13516=PLANE('',#13515);
#13517=ORIENTED_EDGE('',*,*,#13455,.F.);
#13519=ORIENTED_EDGE('',*,*,#13518,.T.);
#13521=ORIENTED_EDGE('',*,*,#13520,.T.);
#13522=ORIENTED_EDGE('',*,*,#13498,.F.);
#13523=EDGE_LOOP('',(#13517,#13519,#13521,#13522));
#13524=FACE_OUTER_BOUND('',#13523,.F.);
#13525=ADVANCED_FACE('',(#13524),#13516,.T.);
#13526=FILL_AREA_STYLE_COLOUR('',#30);
#13527=FILL_AREA_STYLE('',(#13526));
#13528=SURFACE_STYLE_FILL_AREA(#13527);
#13529=SURFACE_SIDE_STYLE('',(#13528));
#13530=SURFACE_STYLE_USAGE(.POSITIVE.,#13529);
#13531=PRESENTATION_STYLE_ASSIGNMENT((#13530));
#13532=STYLED_ITEM('',(#13531),#13525);
#13533=CARTESIAN_POINT('',(2.6E0,8.3E-1,-7.3E0));
#13534=DIRECTION('',(1.E0,0.E0,0.E0));
#13535=DIRECTION('',(0.E0,0.E0,1.E0));
#13536=AXIS2_PLACEMENT_3D('',#13533,#13534,#13535);
#13537=PLANE('',#13536);
#13539=ORIENTED_EDGE('',*,*,#13538,.F.);
#13541=ORIENTED_EDGE('',*,*,#13540,.T.);
#13542=ORIENTED_EDGE('',*,*,#13518,.F.);
#13543=ORIENTED_EDGE('',*,*,#13453,.F.);
#13544=EDGE_LOOP('',(#13539,#13541,#13542,#13543));
#13545=FACE_OUTER_BOUND('',#13544,.F.);
#13546=ADVANCED_FACE('',(#13545),#13537,.T.);
#13547=FILL_AREA_STYLE_COLOUR('',#30);
#13548=FILL_AREA_STYLE('',(#13547));
#13549=SURFACE_STYLE_FILL_AREA(#13548);
#13550=SURFACE_SIDE_STYLE('',(#13549));
#13551=SURFACE_STYLE_USAGE(.POSITIVE.,#13550);
#13552=PRESENTATION_STYLE_ASSIGNMENT((#13551));
#13553=STYLED_ITEM('',(#13552),#13546);
#13554=CARTESIAN_POINT('',(2.525E0,6.8E-1,-7.05E0));
#13555=DIRECTION('',(9.578262852212E-1,0.E0,-2.873478855663E-1));
#13556=DIRECTION('',(-2.873478855663E-1,0.E0,-9.578262852212E-1));
#13557=AXIS2_PLACEMENT_3D('',#13554,#13555,#13556);
#13558=PLANE('',#13557);
#13559=ORIENTED_EDGE('',*,*,#13451,.T.);
#13561=ORIENTED_EDGE('',*,*,#13560,.F.);
#13563=ORIENTED_EDGE('',*,*,#13562,.T.);
#13564=ORIENTED_EDGE('',*,*,#13538,.T.);
#13565=EDGE_LOOP('',(#13559,#13561,#13563,#13564));
#13566=FACE_OUTER_BOUND('',#13565,.F.);
#13567=ADVANCED_FACE('',(#13566),#13558,.T.);
#13568=FILL_AREA_STYLE_COLOUR('',#31);
#13569=FILL_AREA_STYLE('',(#13568));
#13570=SURFACE_STYLE_FILL_AREA(#13569);
#13571=SURFACE_SIDE_STYLE('',(#13570));
#13572=SURFACE_STYLE_USAGE(.POSITIVE.,#13571);
#13573=PRESENTATION_STYLE_ASSIGNMENT((#13572));
#13574=STYLED_ITEM('',(#13573),#13567);
#13575=CARTESIAN_POINT('',(1.9E0,8.3E-1,-7.3E0));
#13576=DIRECTION('',(0.E0,0.E0,-1.E0));
#13577=DIRECTION('',(1.E0,0.E0,0.E0));
#13578=AXIS2_PLACEMENT_3D('',#13575,#13576,#13577);
#13579=PLANE('',#13578);
#13580=ORIENTED_EDGE('',*,*,#13479,.F.);
#13582=ORIENTED_EDGE('',*,*,#13581,.T.);
#13583=ORIENTED_EDGE('',*,*,#13560,.T.);
#13584=ORIENTED_EDGE('',*,*,#13449,.F.);
#13585=EDGE_LOOP('',(#13580,#13582,#13583,#13584));
#13586=FACE_OUTER_BOUND('',#13585,.F.);
#13587=ADVANCED_FACE('',(#13586),#13579,.T.);
#13588=FILL_AREA_STYLE_COLOUR('',#31);
#13589=FILL_AREA_STYLE('',(#13588));
#13590=SURFACE_STYLE_FILL_AREA(#13589);
#13591=SURFACE_SIDE_STYLE('',(#13590));
#13592=SURFACE_STYLE_USAGE(.POSITIVE.,#13591);
#13593=PRESENTATION_STYLE_ASSIGNMENT((#13592));
#13594=STYLED_ITEM('',(#13593),#13587);
#13595=CARTESIAN_POINT('',(0.E0,5.3E-1,-3.E0));
#13596=DIRECTION('',(0.E0,-1.E0,0.E0));
#13597=DIRECTION('',(1.E0,0.E0,0.E0));
#13598=AXIS2_PLACEMENT_3D('',#13595,#13596,#13597);
#13599=PLANE('',#13598);
#13600=ORIENTED_EDGE('',*,*,#13477,.F.);
#13601=ORIENTED_EDGE('',*,*,#13500,.F.);
#13602=ORIENTED_EDGE('',*,*,#13520,.F.);
#13603=ORIENTED_EDGE('',*,*,#13540,.F.);
#13604=ORIENTED_EDGE('',*,*,#13562,.F.);
#13605=ORIENTED_EDGE('',*,*,#13581,.F.);
#13606=EDGE_LOOP('',(#13600,#13601,#13602,#13603,#13604,#13605));
#13607=FACE_OUTER_BOUND('',#13606,.F.);
#13608=ADVANCED_FACE('',(#13607),#13599,.T.);
#13609=FILL_AREA_STYLE_COLOUR('',#30);
#13610=FILL_AREA_STYLE('',(#13609));
#13611=SURFACE_STYLE_FILL_AREA(#13610);
#13612=SURFACE_SIDE_STYLE('',(#13611));
#13613=SURFACE_STYLE_USAGE(.POSITIVE.,#13612);
#13614=PRESENTATION_STYLE_ASSIGNMENT((#13613));
#13615=STYLED_ITEM('',(#13614),#13608);
#13616=CLOSED_SHELL('',(#13461,#13483,#13504,#13525,#13546,#13567,#13587,
#13608));
#13617=MANIFOLD_SOLID_BREP('',#13616);
#13619=DIMENSIONAL_EXPONENTS(0.E0,0.E0,0.E0,0.E0,0.E0,0.E0,0.E0);
#13621=PLANE_ANGLE_MEASURE_WITH_UNIT(PLANE_ANGLE_MEASURE(1.745329251994E-2),
#13620);
#13622=(CONVERSION_BASED_UNIT('DEGREE',#13621)NAMED_UNIT(*)PLANE_ANGLE_UNIT());
#13624=UNCERTAINTY_MEASURE_WITH_UNIT(LENGTH_MEASURE(1.650972205389E-3),#13618,
'closure',
'Maximum model space distance between geometric entities at asserted connectivities');
#13625=(GEOMETRIC_REPRESENTATION_CONTEXT(3)GLOBAL_UNCERTAINTY_ASSIGNED_CONTEXT((
#13624))GLOBAL_UNIT_ASSIGNED_CONTEXT((#13618,#13622,#13623))REPRESENTATION_CONTEXT('ID1','3'));
#13627=MECHANICAL_DESIGN_GEOMETRIC_PRESENTATION_REPRESENTATION('',(#5079,#5101,
#5123,#5145,#5186,#5207,#5228,#5271,#5319,#5365,#5386,#5407,#5429,#5450,#5495,
#5516,#5536,#5556,#5576,#5596,#5616,#5636,#5679,#5699,#5720,#5742,#5765,#5806,
#5877,#5947,#6003,#6025,#6071,#6093,#6113,#6134,#6155,#6175,#6196,#6217,#6237,
#6258,#6279,#6299,#6319,#6339,#6360,#6380,#6401,#6422,#6443,#6464,#6484,#6505,
#6526,#6546,#6566,#6586,#6607,#6627,#6648,#6669,#6688,#6708,#6728,#6747,#6767,
#6787,#6807,#6826,#6846,#6865,#7089,#7128,#7149,#7170,#7193,#7213,#7245,#7265,
#7288,#7332,#7354,#7375,#7421,#7442,#7491,#7537,#7586,#7607,#7651,#7672,#7692,
#7712,#7732,#7752,#7772,#7791,#7811,#7831,#7851,#7871,#7890,#7910,#7931,#7951,
#7971,#8005,#8025,#8044,#8065,#8100,#8122,#8142,#8200,#8220,#8244,#8264,#8284,
#8304,#8329,#8348,#8367,#8389,#8411,#8429,#8448,#8468,#8487,#8509,#8529,#8550,
#8569,#8591,#8613,#8631,#8650,#8670,#8689,#8711,#8731,#8752,#8771,#8791,#8810,
#8830,#8851,#8873,#8895,#8941,#8961,#8982,#9002,#9021,#9041,#9061,#9080,#9099,
#9121,#9143,#9161,#9181,#9200,#9221,#9241,#9263,#9309,#9330,#9350,#9370,#9391,
#9411,#9432,#9453,#9473,#9494,#9515,#9535,#9555,#9575,#9596,#9616,#9637,#9658,
#9679,#9700,#9720,#9741,#9762,#9782,#9802,#9822,#9843,#9863,#9883,#9903,#9922,
#9942,#9962,#9982,#10001,#10021,#10040,#10060,#10080,#10101,#10121,#10141,
#10160,#10179,#10200,#10219,#10240,#10260,#10280,#10298,#10319,#10339,#10359,
#10378,#10399,#10419,#10439,#10458,#10480,#10501,#10522,#10543,#10564,#10584,
#10605,#10700,#10739,#10808,#10847,#10868,#10888,#10908,#10928,#10948,#10968,
#10988,#11008,#11028,#11048,#11068,#11088,#11108,#11128,#11148,#11168,#11188,
#11208,#11228,#11248,#11268,#11288,#11308,#11328,#11348,#11368,#11388,#11408,
#11428,#11448,#11468,#11488,#11508,#11528,#11548,#11568,#11588,#11608,#11628,
#11647,#11668,#11688,#11708,#11728,#11748,#11768,#11788,#11808,#11828,#11848,
#11868,#11887,#11908,#11928,#11948,#11968,#11988,#12008,#12028,#12048,#12068,
#12088,#12108,#12128,#12148,#12167,#12188,#12208,#12228,#12248,#12268,#12288,
#12308,#12328,#12348,#12368,#12388,#12407,#12428,#12448,#12468,#12488,#12508,
#12528,#12548,#12567,#12588,#12608,#12627,#12657,#12679,#12700,#12721,#12743,
#12763,#12788,#12807,#12826,#12849,#12869,#12889,#12933,#12952,#12972,#12992,
#13012,#13032,#13052,#13071,#13196,#13218,#13239,#13260,#13281,#13302,#13322,
#13343,#13468,#13490,#13511,#13532,#13553,#13574,#13594,#13615),#13625);
#13628=APPLICATION_CONTEXT(
'CONFIGURATION CONTROLLED 3D DESIGNS OF MECHANICAL PARTS AND ASSEMBLIES');
#13629=APPLICATION_PROTOCOL_DEFINITION('international standard',
'ccd_cla_gvp_ast_asd',1995,#13628);
#13630=DESIGN_CONTEXT('',#13628,'design');
#13631=MECHANICAL_CONTEXT('',#13628,'mechanical');
#13632=PRODUCT('124','124','NOT SPECIFIED',(#13631));
#13633=PRODUCT_DEFINITION_FORMATION_WITH_SPECIFIED_SOURCE('1','LAST_VERSION',
#13632,.MADE.);
#13641=DERIVED_UNIT_ELEMENT(#13640,2.E0);
#13642=DERIVED_UNIT((#13641));
#13643=MEASURE_REPRESENTATION_ITEM('surface area measure',AREA_MEASURE(
4.910568546106E2),#13642);
#13648=DERIVED_UNIT_ELEMENT(#13647,3.E0);
#13649=DERIVED_UNIT((#13648));
#13650=MEASURE_REPRESENTATION_ITEM('volume measure',VOLUME_MEASURE(
1.720795674905E2),#13649);
#13654=CARTESIAN_POINT('centre point',(1.431748414194E-7,-1.883349791483E-1,
-2.091232820614E-1));
#13659=DERIVED_UNIT_ELEMENT(#13658,2.E0);
#13660=DERIVED_UNIT((#13659));
#13661=MEASURE_REPRESENTATION_ITEM('surface area measure',AREA_MEASURE(
4.910568546106E2),#13660);
#13666=DERIVED_UNIT_ELEMENT(#13665,3.E0);
#13667=DERIVED_UNIT((#13666));
#13668=MEASURE_REPRESENTATION_ITEM('volume measure',VOLUME_MEASURE(
1.720795674905E2),#13667);
#13672=CARTESIAN_POINT('centre point',(1.431748414194E-7,-1.883349791483E-1,
-2.091232820614E-1));
#13677=PRODUCT_CATEGORY('part','');
#13678=PRODUCT_RELATED_PRODUCT_CATEGORY('detail','',(#13632));
#13679=PRODUCT_CATEGORY_RELATIONSHIP('','',#13677,#13678);
#13680=SECURITY_CLASSIFICATION_LEVEL('unclassified');
#13681=SECURITY_CLASSIFICATION('','',#13680);
#13682=CC_DESIGN_SECURITY_CLASSIFICATION(#13681,(#13633));
#13683=APPROVAL_STATUS('approved');
#13684=APPROVAL(#13683,'');
#13685=CC_DESIGN_APPROVAL(#13684,(#13681,#13633,#13634));
#13686=CALENDAR_DATE(121,23,8);
#13687=COORDINATED_UNIVERSAL_TIME_OFFSET(8,0,.AHEAD.);
#13688=LOCAL_TIME(22,35,1.5E1,#13687);
#13689=DATE_AND_TIME(#13686,#13688);
#13690=APPROVAL_DATE_TIME(#13689,#13684);
#13691=DATE_TIME_ROLE('creation_date');
#13692=CC_DESIGN_DATE_AND_TIME_ASSIGNMENT(#13689,#13691,(#13634));
#13693=DATE_TIME_ROLE('classification_date');
#13694=CC_DESIGN_DATE_AND_TIME_ASSIGNMENT(#13689,#13693,(#13681));
#13695=PERSON('UNSPECIFIED','UNSPECIFIED',$,$,$,$);
#13696=ORGANIZATION('UNSPECIFIED','UNSPECIFIED','UNSPECIFIED');
#13697=PERSON_AND_ORGANIZATION(#13695,#13696);
#13698=APPROVAL_ROLE('approver');
#13699=APPROVAL_PERSON_ORGANIZATION(#13697,#13684,#13698);
#13700=PERSON_AND_ORGANIZATION_ROLE('creator');
#13701=CC_DESIGN_PERSON_AND_ORGANIZATION_ASSIGNMENT(#13697,#13700,(#13633,
#13634));
#13702=PERSON_AND_ORGANIZATION_ROLE('design_supplier');
#13703=CC_DESIGN_PERSON_AND_ORGANIZATION_ASSIGNMENT(#13697,#13702,(#13633));
#13704=PERSON_AND_ORGANIZATION_ROLE('classification_officer');
#13705=CC_DESIGN_PERSON_AND_ORGANIZATION_ASSIGNMENT(#13697,#13704,(#13681));
#13706=PERSON_AND_ORGANIZATION_ROLE('design_owner');
#13707=CC_DESIGN_PERSON_AND_ORGANIZATION_ASSIGNMENT(#13697,#13706,(#13632));
#1=DRAUGHTING_PRE_DEFINED_COLOUR('green');
#2=COLOUR_RGB('',1.1E-2,1.2E-2,1.E0);
#3=COLOUR_RGB('',2.15686E-1,5.18041E-1,1.E0);
#4=COLOUR_RGB('',2.36993E-1,1.E0,6.49617E-1);
#5=COLOUR_RGB('',2.57282E-1,2.57282E-1,2.57282E-1);
#6=COLOUR_RGB('',2.60765E-1,3.42788E-1,8.64078E-1);
#7=COLOUR_RGB('',3.20388E-1,3.20388E-1,3.20388E-1);
#8=COLOUR_RGB('',3.34677E-1,8.15534E-1,4.38691E-1);
#9=COLOUR_RGB('',3.43194E-1,8.15534E-1,5.48197E-1);
#10=COLOUR_RGB('',4.1E-1,2.61589E-1,1.12848E-1);
#11=COLOUR_RGB('',4.46095E-1,1.E0,3.94692E-1);
#12=COLOUR_RGB('',4.51243E-1,1.E0,6.21554E-1);
#13=COLOUR_RGB('',5.45098E-1,2.62745E-1,1.76471E-1);
#14=COLOUR_RGB('',6.31068E-1,5.73064E-1,5.17491E-1);
#15=COLOUR_RGB('',6.35294E-1,6.86275E-1,7.4902E-1);
#16=COLOUR_RGB('',6.40777E-1,6.40777E-1,6.40777E-1);
#17=COLOUR_RGB('',6.69062E-1,6.69903E-1,6.55217E-1);
#18=COLOUR_RGB('',6.8932E-1,1.934E-1,1.61111E-1);
#19=COLOUR_RGB('',6.94175E-1,1.01459E-1,1.27464E-1);
#20=COLOUR_RGB('',7.82797E-1,8.00971E-1,7.18987E-1);
#21=COLOUR_RGB('',7.96078E-1,8.1E-1,9.41176E-1);
#22=COLOUR_RGB('',8.03922E-1,4.98039E-1,1.96078E-1);
#23=COLOUR_RGB('',8.15534E-1,8.15534E-1,8.15534E-1);
#24=COLOUR_RGB('',8.5098E-1,8.07843E-1,7.37255E-1);
#25=COLOUR_RGB('',8.5098E-1,8.07843E-1,7.7E-1);
#26=COLOUR_RGB('',8.73786E-1,8.73278E-1,7.54776E-1);
#27=COLOUR_RGB('',8.83495E-1,8.E-1,7.4E-1);
#28=COLOUR_RGB('',8.82353E-1,8.82353E-1,8.82353E-1);
#29=COLOUR_RGB('',8.8835E-1,7.49609E-1,6.19346E-1);
#30=COLOUR_RGB('',9.7085E-1,9.7085E-1,9.70874E-1);
#31=COLOUR_RGB('',9.7085E-1,9.7085E-1,9.70874E-1);
#32=COLOUR_RGB('',1.E0,2.99729E-1,5.3274E-2);
#33=COLOUR_RGB('',1.E0,6.48135E-1,4.66429E-1);
#34=DRAUGHTING_PRE_DEFINED_COLOUR('yellow');
#35=COLOUR_RGB('',1.E0,1.E0,5.3E-1);
#36=DRAUGHTING_PRE_DEFINED_COLOUR('white');
#41=CIRCLE('',#40,2.E-1);
#50=CIRCLE('',#49,6.610205144336E-2);
#63=CIRCLE('',#62,2.E-1);
#68=CIRCLE('',#67,2.E-1);
#77=CIRCLE('',#76,3.E-1);
#82=CIRCLE('',#81,3.E-1);
#91=CIRCLE('',#90,4.E-1);
#96=CIRCLE('',#95,4.E-1);
#109=CIRCLE('',#108,3.E-1);
#114=CIRCLE('',#113,2.620612308660E-1);
#119=CIRCLE('',#118,3.E-1);
#124=CIRCLE('',#123,2.E-1);
#157=CIRCLE('',#156,5.56E-1);
#198=CIRCLE('',#197,1.428350462956E0);
#207=CIRCLE('',#206,2.066362580669E-1);
#216=CIRCLE('',#215,1.384836796620E0);
#233=CIRCLE('',#232,9.848367966202E-1);
#242=CIRCLE('',#241,6.066362580669E-1);
#251=CIRCLE('',#250,1.028350462956E0);
#284=CIRCLE('',#283,1.384836796620E0);
#293=CIRCLE('',#292,2.066362580669E-1);
#302=CIRCLE('',#301,1.428350462956E0);
#315=CIRCLE('',#314,1.028350462956E0);
#324=CIRCLE('',#323,6.066362580669E-1);
#333=CIRCLE('',#332,9.848367966202E-1);
#342=CIRCLE('',#341,5.E-1);
#395=CIRCLE('',#394,8.56E-1);
#440=B_SPLINE_CURVE_WITH_KNOTS('',3,(#436,#437,#438,#439),.UNSPECIFIED.,.F.,.F.,
(4,4),(0.E0,1.E0),.UNSPECIFIED.);
#445=CIRCLE('',#444,2.E-1);
#450=CIRCLE('',#449,4.E-1);
#499=CIRCLE('',#498,2.E-1);
#512=CIRCLE('',#511,1.E-1);
#529=CIRCLE('',#528,1.E-1);
#538=CIRCLE('',#537,1.E-1);
#555=CIRCLE('',#554,1.E-1);
#568=CIRCLE('',#567,2.E-1);
#585=CIRCLE('',#584,2.E-1);
#598=CIRCLE('',#597,1.E-1);
#615=CIRCLE('',#614,1.E-1);
#624=CIRCLE('',#623,1.E-1);
#641=CIRCLE('',#640,1.E-1);
#654=CIRCLE('',#653,2.E-1);
#727=CIRCLE('',#726,1.E-1);
#748=CIRCLE('',#747,2.E-1);
#765=CIRCLE('',#764,2.E-1);
#774=CIRCLE('',#773,2.E-1);
#791=CIRCLE('',#790,2.E-1);
#800=CIRCLE('',#799,1.E-1);
#805=CIRCLE('',#804,1.E-1);
#810=CIRCLE('',#809,1.E-1);
#815=CIRCLE('',#814,1.E-1);
#832=CIRCLE('',#831,1.E-1);
#837=CIRCLE('',#836,1.E-1);
#842=CIRCLE('',#841,1.E-1);
#847=CIRCLE('',#846,1.E-1);
#852=CIRCLE('',#851,1.E-1);
#857=CIRCLE('',#856,1.E-1);
#874=CIRCLE('',#873,1.E-1);
#879=CIRCLE('',#878,1.E-1);
#884=CIRCLE('',#883,1.E-1);
#889=CIRCLE('',#888,1.E-1);
#906=CIRCLE('',#905,1.E-1);
#911=CIRCLE('',#910,1.E-1);
#916=CIRCLE('',#915,1.E-1);
#921=CIRCLE('',#920,1.E-1);
#926=CIRCLE('',#925,1.E-1);
#931=CIRCLE('',#930,1.E-1);
#936=CIRCLE('',#935,1.E-1);
#941=CIRCLE('',#940,1.E-1);
#958=CIRCLE('',#957,1.E-1);
#963=CIRCLE('',#962,1.E-1);
#968=CIRCLE('',#967,1.E-1);
#973=CIRCLE('',#972,1.E-1);
#990=CIRCLE('',#989,1.E-1);
#995=CIRCLE('',#994,1.E-1);
#1000=CIRCLE('',#999,1.E-1);
#1005=CIRCLE('',#1004,1.E-1);
#1010=CIRCLE('',#1009,1.E-1);
#1015=CIRCLE('',#1014,1.E-1);
#1032=CIRCLE('',#1031,1.E-1);
#1049=CIRCLE('',#1048,1.E-1);
#1066=CIRCLE('',#1065,1.E-1);
#1083=CIRCLE('',#1082,1.E-1);
#1548=CIRCLE('',#1547,2.E-1);
#1553=CIRCLE('',#1552,2.E-1);
#1558=CIRCLE('',#1557,2.E-1);
#1563=CIRCLE('',#1562,2.E-1);
#1572=CIRCLE('',#1571,1.75E0);
#1577=CIRCLE('',#1576,1.75E0);
#1598=CIRCLE('',#1597,3.E-1);
#1603=CIRCLE('',#1602,3.E-1);
#1608=CIRCLE('',#1607,4.E-1);
#1613=CIRCLE('',#1612,4.E-1);
#1626=CIRCLE('',#1625,2.E-1);
#1631=CIRCLE('',#1630,2.E-1);
#1636=CIRCLE('',#1635,2.E-1);
#1641=CIRCLE('',#1640,2.620612308660E-1);
#1646=CIRCLE('',#1645,3.E-1);
#1679=CIRCLE('',#1678,5.56E-1);
#1720=CIRCLE('',#1719,1.028350462956E0);
#1729=CIRCLE('',#1728,6.066362580669E-1);
#1738=CIRCLE('',#1737,9.848367966202E-1);
#1755=CIRCLE('',#1754,1.384836796620E0);
#1764=CIRCLE('',#1763,2.066362580669E-1);
#1773=CIRCLE('',#1772,1.428350462956E0);
#1810=CIRCLE('',#1809,8.56E-1);
#1851=CIRCLE('',#1850,9.848367966202E-1);
#1860=CIRCLE('',#1859,6.066362580669E-1);
#1869=CIRCLE('',#1868,1.028350462956E0);
#1882=CIRCLE('',#1881,1.428350462956E0);
#1891=CIRCLE('',#1890,2.066362580669E-1);
#1900=CIRCLE('',#1899,1.384836796620E0);
#1909=CIRCLE('',#1908,5.E-1);
#1934=CIRCLE('',#1933,5.E-1);
#1995=CIRCLE('',#1994,6.E-1);
#2004=CIRCLE('',#2003,6.E-1);
#2021=CIRCLE('',#2020,3.E-1);
#2026=CIRCLE('',#2025,3.E-1);
#2031=CIRCLE('',#2030,1.9E0);
#2036=CIRCLE('',#2035,1.9E0);
#2077=CIRCLE('',#2076,1.9E0);
#2082=CIRCLE('',#2081,1.9E0);
#2107=CIRCLE('',#2106,6.E-1);
#2112=CIRCLE('',#2111,6.E-1);
#2117=CIRCLE('',#2116,6.E-1);
#2122=CIRCLE('',#2121,6.E-1);
#2127=CIRCLE('',#2126,6.E-1);
#2132=CIRCLE('',#2131,6.E-1);
#2137=CIRCLE('',#2136,6.E-1);
#2142=CIRCLE('',#2141,6.E-1);
#2151=CIRCLE('',#2150,6.E-1);
#2180=CIRCLE('',#2179,6.E-1);
#2189=CIRCLE('',#2188,3.E-1);
#2194=CIRCLE('',#2193,3.E-1);
#2199=CIRCLE('',#2198,6.E-1);
#2208=CIRCLE('',#2207,2.5E-1);
#2213=CIRCLE('',#2212,3.5E-1);
#2218=CIRCLE('',#2217,3.5E-1);
#2223=CIRCLE('',#2222,3.5E-1);
#2228=CIRCLE('',#2227,3.5E-1);
#2233=CIRCLE('',#2232,2.5E-1);
#2238=CIRCLE('',#2237,6.E-1);
#2247=CIRCLE('',#2246,2.5E-1);
#2252=CIRCLE('',#2251,2.5E-1);
#2257=CIRCLE('',#2256,6.E-1);
#2266=CIRCLE('',#2265,6.E-1);
#2275=CIRCLE('',#2274,6.E-1);
#2284=CIRCLE('',#2283,2.5E-1);
#2289=CIRCLE('',#2288,3.5E-1);
#2294=CIRCLE('',#2293,3.5E-1);
#2299=CIRCLE('',#2298,3.5E-1);
#2304=CIRCLE('',#2303,3.5E-1);
#2309=CIRCLE('',#2308,2.5E-1);
#2314=CIRCLE('',#2313,6.E-1);
#2323=CIRCLE('',#2322,2.5E-1);
#2328=CIRCLE('',#2327,2.5E-1);
#2333=CIRCLE('',#2332,6.E-1);
#2342=CIRCLE('',#2341,6.E-1);
#2371=CIRCLE('',#2370,2.E-1);
#2376=B_SPLINE_CURVE_WITH_KNOTS('',3,(#2372,#2373,#2374,#2375),.UNSPECIFIED.,
.F.,.F.,(4,4),(0.E0,1.E0),.UNSPECIFIED.);
#2381=CIRCLE('',#2380,2.E-1);
#2386=CIRCLE('',#2385,4.E-1);
#2391=CIRCLE('',#2390,4.E-1);
#2396=CIRCLE('',#2395,4.E-1);
#2405=CIRCLE('',#2404,2.903145750508E-1);
#2414=CIRCLE('',#2413,4.E-1);
#2423=CIRCLE('',#2422,2.E-1);
#2428=CIRCLE('',#2427,6.674381916836E-1);
#2433=CIRCLE('',#2432,2.E-1);
#2442=CIRCLE('',#2441,3.E-1);
#2447=CIRCLE('',#2446,2.E-1);
#2456=CIRCLE('',#2455,6.610205144336E-2);
#2469=CIRCLE('',#2468,1.604873447511E0);
#2478=CIRCLE('',#2477,1.E-1);
#2483=CIRCLE('',#2482,1.505005130090E0);
#2488=CIRCLE('',#2487,1.505005130090E0);
#2493=CIRCLE('',#2492,1.E-1);
#2498=CIRCLE('',#2497,1.604873447511E0);
#2507=CIRCLE('',#2506,1.E-1);
#2512=CIRCLE('',#2511,1.E-1);
#2517=CIRCLE('',#2516,1.E-1);
#2522=CIRCLE('',#2521,1.E-1);
#2543=CIRCLE('',#2542,2.E-1);
#2560=CIRCLE('',#2559,2.E-1);
#2569=CIRCLE('',#2568,2.E-1);
#2586=CIRCLE('',#2585,2.E-1);
#2595=CIRCLE('',#2594,1.E-1);
#2600=CIRCLE('',#2599,1.E-1);
#2605=CIRCLE('',#2604,1.E-1);
#2610=CIRCLE('',#2609,1.E-1);
#2627=CIRCLE('',#2626,1.E-1);
#2632=CIRCLE('',#2631,1.E-1);
#2637=CIRCLE('',#2636,1.E-1);
#2642=CIRCLE('',#2641,1.E-1);
#2647=CIRCLE('',#2646,1.E-1);
#2652=CIRCLE('',#2651,1.E-1);
#2669=CIRCLE('',#2668,1.E-1);
#2674=CIRCLE('',#2673,1.E-1);
#2679=CIRCLE('',#2678,1.E-1);
#2684=CIRCLE('',#2683,1.E-1);
#2701=CIRCLE('',#2700,1.E-1);
#2706=CIRCLE('',#2705,1.E-1);
#2711=CIRCLE('',#2710,1.E-1);
#2716=CIRCLE('',#2715,1.E-1);
#2721=CIRCLE('',#2720,1.E-1);
#2726=CIRCLE('',#2725,1.E-1);
#2731=CIRCLE('',#2730,1.E-1);
#2736=CIRCLE('',#2735,1.E-1);
#2753=CIRCLE('',#2752,1.E-1);
#2758=CIRCLE('',#2757,1.E-1);
#2763=CIRCLE('',#2762,1.E-1);
#2768=CIRCLE('',#2767,1.E-1);
#2785=CIRCLE('',#2784,1.E-1);
#2790=CIRCLE('',#2789,1.E-1);
#2795=CIRCLE('',#2794,1.E-1);
#2824=CIRCLE('',#2823,1.E-1);
#2841=CIRCLE('',#2840,1.E-1);
#2858=CIRCLE('',#2857,1.E-1);
#2863=CIRCLE('',#2862,1.E-1);
#2868=CIRCLE('',#2867,1.E-1);
#2873=CIRCLE('',#2872,1.E-1);
#2890=CIRCLE('',#2889,1.E-1);
#2895=CIRCLE('',#2894,1.E-1);
#2900=CIRCLE('',#2899,1.E-1);
#2905=CIRCLE('',#2904,1.E-1);
#2910=CIRCLE('',#2909,1.E-1);
#2915=CIRCLE('',#2914,1.E-1);
#2920=CIRCLE('',#2919,1.E-1);
#2925=CIRCLE('',#2924,1.E-1);
#2930=CIRCLE('',#2929,1.E-1);
#2947=CIRCLE('',#2946,1.E-1);
#2952=CIRCLE('',#2951,1.E-1);
#2957=CIRCLE('',#2956,1.E-1);
#3834=CIRCLE('',#3833,4.E-1);
#3839=CIRCLE('',#3838,4.E-1);
#3848=CIRCLE('',#3847,2.E-1);
#3853=CIRCLE('',#3852,2.E-1);
#3858=CIRCLE('',#3857,6.674381916836E-1);
#3863=CIRCLE('',#3862,2.E-1);
#3868=CIRCLE('',#3867,4.E-1);
#3877=CIRCLE('',#3876,2.903145750508E-1);
#3886=CIRCLE('',#3885,5.E-1);
#5062=EDGE_CURVE('',#5042,#5040,#54,.T.);
#5064=EDGE_CURVE('',#5038,#5040,#124,.T.);
#5066=EDGE_CURVE('',#5044,#5038,#104,.T.);
#5068=EDGE_CURVE('',#5044,#5042,#41,.T.);
#5085=EDGE_CURVE('',#5035,#5036,#45,.T.);
#5087=EDGE_CURVE('',#5040,#5035,#50,.T.);
#5090=EDGE_CURVE('',#5042,#5036,#58,.T.);
#5107=EDGE_CURVE('',#5031,#5032,#72,.T.);
#5109=EDGE_CURVE('',#5031,#5035,#63,.T.);
#5112=EDGE_CURVE('',#5036,#5032,#68,.T.);
#5130=EDGE_CURVE('',#5032,#5028,#77,.T.);
#5132=EDGE_CURVE('',#5028,#5026,#161,.T.);
#5134=EDGE_CURVE('',#5026,#5031,#119,.T.);
#5155=EDGE_CURVE('',#5024,#5044,#82,.T.);
#5157=EDGE_CURVE('',#4981,#5024,#148,.T.);
#5159=EDGE_CURVE('',#4981,#4999,#86,.T.);
#5161=EDGE_CURVE('',#4993,#4999,#403,.T.);
#5163=EDGE_CURVE('',#5004,#4993,#3848,.T.);
#5165=EDGE_CURVE('',#5003,#5004,#91,.T.);
#5167=EDGE_CURVE('',#5003,#5018,#1535,.T.);
#5169=EDGE_CURVE('',#5017,#5018,#96,.T.);
#5171=EDGE_CURVE('',#5000,#5017,#445,.T.);
#5173=EDGE_CURVE('',#5000,#4888,#100,.T.);
#5175=EDGE_CURVE('',#5028,#4888,#165,.T.);
#5193=EDGE_CURVE('',#5023,#5038,#109,.T.);
#5195=EDGE_CURVE('',#5023,#5024,#152,.T.);
#5213=EDGE_CURVE('',#5038,#5031,#114,.T.);
#5216=EDGE_CURVE('',#5026,#5023,#157,.T.);
#5277=EDGE_CURVE('',#4947,#4954,#189,.T.);
#5279=EDGE_CURVE('',#4923,#4947,#128,.T.);
#5281=EDGE_CURVE('',#4923,#4951,#310,.T.);
#5283=EDGE_CURVE('',#4951,#4898,#132,.T.);
#5285=EDGE_CURVE('',#4898,#4985,#136,.T.);
#5287=EDGE_CURVE('',#4984,#4985,#140,.T.);
#5289=EDGE_CURVE('',#4974,#4984,#2008,.T.);
#5291=EDGE_CURVE('',#4979,#4974,#144,.T.);
#5293=EDGE_CURVE('',#4981,#4979,#2146,.T.);
#5300=EDGE_CURVE('',#4888,#4889,#169,.T.);
#5302=EDGE_CURVE('',#4889,#4891,#173,.T.);
#5304=EDGE_CURVE('',#4891,#5054,#177,.T.);
#5306=EDGE_CURVE('',#4958,#5054,#181,.T.);
#5308=EDGE_CURVE('',#4954,#4958,#185,.T.);
#5326=EDGE_CURVE('',#4954,#4955,#255,.T.);
#5328=EDGE_CURVE('',#4955,#4926,#193,.T.);
#5330=EDGE_CURVE('',#4926,#4927,#198,.T.);
#5332=EDGE_CURVE('',#4927,#4929,#202,.T.);
#5334=EDGE_CURVE('',#4929,#4931,#207,.T.);
#5336=EDGE_CURVE('',#4931,#4933,#211,.T.);
#5338=EDGE_CURVE('',#4933,#4935,#216,.T.);
#5340=EDGE_CURVE('',#4935,#5047,#220,.T.);
#5342=EDGE_CURVE('',#5052,#5047,#224,.T.);
#5344=EDGE_CURVE('',#5052,#4938,#228,.T.);
#5346=EDGE_CURVE('',#4938,#4939,#233,.T.);
#5348=EDGE_CURVE('',#4939,#4941,#237,.T.);
#5350=EDGE_CURVE('',#4941,#4943,#242,.T.);
#5352=EDGE_CURVE('',#4943,#4945,#246,.T.);
#5354=EDGE_CURVE('',#4945,#4947,#251,.T.);
#5373=EDGE_CURVE('',#4958,#4959,#259,.T.);
#5375=EDGE_CURVE('',#4955,#4959,#370,.T.);
#5394=EDGE_CURVE('',#5056,#5054,#267,.T.);
#5396=EDGE_CURVE('',#4959,#5056,#374,.T.);
#5413=EDGE_CURVE('',#4949,#4951,#263,.T.);
#5415=EDGE_CURVE('',#4949,#4899,#427,.T.);
#5417=EDGE_CURVE('',#4898,#4899,#2016,.T.);
#5437=EDGE_CURVE('',#4891,#4895,#271,.T.);
#5439=EDGE_CURVE('',#4895,#5056,#378,.T.);
#5456=EDGE_CURVE('',#5050,#5048,#275,.T.);
#5458=EDGE_CURVE('',#4911,#5048,#279,.T.);
#5460=EDGE_CURVE('',#4909,#4911,#284,.T.);
#5462=EDGE_CURVE('',#4907,#4909,#288,.T.);
#5464=EDGE_CURVE('',#4905,#4907,#293,.T.);
#5466=EDGE_CURVE('',#4903,#4905,#297,.T.);
#5468=EDGE_CURVE('',#4902,#4903,#302,.T.);
#5470=EDGE_CURVE('',#4949,#4902,#306,.T.);
#5474=EDGE_CURVE('',#4921,#4923,#315,.T.);
#5476=EDGE_CURVE('',#4919,#4921,#319,.T.);
#5478=EDGE_CURVE('',#4917,#4919,#324,.T.);
#5480=EDGE_CURVE('',#4915,#4917,#328,.T.);
#5482=EDGE_CURVE('',#4914,#4915,#333,.T.);
#5484=EDGE_CURVE('',#5050,#4914,#337,.T.);
#5501=EDGE_CURVE('',#5047,#5048,#342,.T.);
#5504=EDGE_CURVE('',#5050,#5052,#3886,.T.);
#5524=EDGE_CURVE('',#4911,#4935,#346,.T.);
#5545=EDGE_CURVE('',#4909,#4933,#350,.T.);
#5565=EDGE_CURVE('',#4907,#4931,#354,.T.);
#5585=EDGE_CURVE('',#4905,#4929,#358,.T.);
#5605=EDGE_CURVE('',#4903,#4927,#362,.T.);
#5625=EDGE_CURVE('',#4902,#4926,#366,.T.);
#5646=EDGE_CURVE('',#4894,#4895,#382,.T.);
#5648=EDGE_CURVE('',#4997,#4894,#386,.T.);
#5650=EDGE_CURVE('',#4997,#4995,#390,.T.);
#5652=EDGE_CURVE('',#4995,#4992,#395,.T.);
#5654=EDGE_CURVE('',#4992,#4993,#399,.T.);
#5657=EDGE_CURVE('',#4971,#4999,#407,.T.);
#5659=EDGE_CURVE('',#4970,#4971,#411,.T.);
#5661=EDGE_CURVE('',#4989,#4970,#415,.T.);
#5663=EDGE_CURVE('',#4987,#4989,#419,.T.);
#5665=EDGE_CURVE('',#4899,#4987,#423,.T.);
#5686=EDGE_CURVE('',#4889,#4894,#431,.T.);
#5706=EDGE_CURVE('',#4997,#5000,#440,.T.);
#5726=EDGE_CURVE('',#5017,#5014,#435,.T.);
#5728=EDGE_CURVE('',#4995,#5014,#3863,.T.);
#5749=EDGE_CURVE('',#5018,#5020,#450,.T.);
#5751=EDGE_CURVE('',#5020,#5012,#3881,.T.);
#5753=EDGE_CURVE('',#5012,#5014,#3868,.T.);
#5771=EDGE_CURVE('',#3968,#4096,#454,.T.);
#5773=EDGE_CURVE('',#4086,#4096,#2952,.T.);
#5775=EDGE_CURVE('',#4085,#4086,#458,.T.);
#5777=EDGE_CURVE('',#4114,#4085,#2920,.T.);
#5779=EDGE_CURVE('',#4114,#3986,#462,.T.);
#5781=EDGE_CURVE('',#3957,#3986,#2905,.T.);
#5783=EDGE_CURVE('',#3957,#3958,#466,.T.);
#5785=EDGE_CURVE('',#3968,#3958,#2873,.T.);
#5789=EDGE_CURVE('',#4197,#4198,#470,.T.);
#5791=EDGE_CURVE('',#4198,#4200,#474,.T.);
#5793=EDGE_CURVE('',#4200,#4202,#478,.T.);
#5795=EDGE_CURVE('',#4202,#4197,#482,.T.);
#5812=EDGE_CURVE('',#3936,#4404,#486,.T.);
#5814=EDGE_CURVE('',#4411,#4404,#2391,.T.);
#5816=EDGE_CURVE('',#4411,#4421,#490,.T.);
#5818=EDGE_CURVE('',#4419,#4421,#2414,.T.);
#5820=EDGE_CURVE('',#4419,#3918,#494,.T.);
#5822=EDGE_CURVE('',#3917,#3918,#499,.T.);
#5824=EDGE_CURVE('',#3917,#3972,#503,.T.);
#5826=EDGE_CURVE('',#3971,#3972,#2610,.T.);
#5828=EDGE_CURVE('',#3971,#3954,#507,.T.);
#5830=EDGE_CURVE('',#3953,#3954,#512,.T.);
#5832=EDGE_CURVE('',#3953,#3974,#516,.T.);
#5834=EDGE_CURVE('',#3961,#3974,#2652,.T.);
#5836=EDGE_CURVE('',#3961,#3962,#520,.T.);
#5838=EDGE_CURVE('',#3976,#3962,#2684,.T.);
#5840=EDGE_CURVE('',#3976,#3950,#524,.T.);
#5842=EDGE_CURVE('',#3949,#3950,#529,.T.);
#5844=EDGE_CURVE('',#3949,#3946,#533,.T.);
#5846=EDGE_CURVE('',#3945,#3946,#538,.T.);
#5848=EDGE_CURVE('',#3945,#3978,#542,.T.);
#5850=EDGE_CURVE('',#3965,#3978,#2736,.T.);
#5852=EDGE_CURVE('',#3965,#3966,#546,.T.);
#5854=EDGE_CURVE('',#3980,#3966,#2768,.T.);
#5856=EDGE_CURVE('',#3980,#3942,#550,.T.);
#5858=EDGE_CURVE('',#3941,#3942,#555,.T.);
#5860=EDGE_CURVE('',#3984,#3941,#559,.T.);
#5862=EDGE_CURVE('',#3983,#3984,#2512,.T.);
#5864=EDGE_CURVE('',#3983,#3938,#563,.T.);
#5866=EDGE_CURVE('',#3936,#3938,#568,.T.);
#5883=EDGE_CURVE('',#3912,#5003,#572,.T.);
#5885=EDGE_CURVE('',#5010,#5003,#3839,.T.);
#5887=EDGE_CURVE('',#5020,#5010,#576,.T.);
#5890=EDGE_CURVE('',#5018,#3926,#580,.T.);
#5892=EDGE_CURVE('',#3925,#3926,#585,.T.);
#5894=EDGE_CURVE('',#3925,#4112,#589,.T.);
#5896=EDGE_CURVE('',#4111,#4112,#815,.T.);
#5898=EDGE_CURVE('',#4111,#4070,#593,.T.);
#5900=EDGE_CURVE('',#4069,#4070,#598,.T.);
#5902=EDGE_CURVE('',#4108,#4069,#602,.T.);
#5904=EDGE_CURVE('',#4094,#4108,#857,.T.);
#5906=EDGE_CURVE('',#4093,#4094,#606,.T.);
#5908=EDGE_CURVE('',#4106,#4093,#889,.T.);
#5910=EDGE_CURVE('',#4074,#4106,#610,.T.);
#5912=EDGE_CURVE('',#4073,#4074,#615,.T.);
#5914=EDGE_CURVE('',#4078,#4073,#619,.T.);
#5916=EDGE_CURVE('',#4077,#4078,#624,.T.);
#5918=EDGE_CURVE('',#4104,#4077,#628,.T.);
#5920=EDGE_CURVE('',#4090,#4104,#941,.T.);
#5922=EDGE_CURVE('',#4089,#4090,#632,.T.);
#5924=EDGE_CURVE('',#4102,#4089,#973,.T.);
#5926=EDGE_CURVE('',#4082,#4102,#636,.T.);
#5928=EDGE_CURVE('',#4081,#4082,#641,.T.);
#5930=EDGE_CURVE('',#4100,#4081,#645,.T.);
#5932=EDGE_CURVE('',#4099,#4100,#1015,.T.);
#5934=EDGE_CURVE('',#4099,#3914,#649,.T.);
#5936=EDGE_CURVE('',#3912,#3914,#654,.T.);
#5953=EDGE_CURVE('',#4188,#4192,#658,.T.);
#5955=EDGE_CURVE('',#4096,#4192,#662,.T.);
#5958=EDGE_CURVE('',#3990,#3968,#666,.T.);
#5960=EDGE_CURVE('',#3990,#3996,#670,.T.);
#5962=EDGE_CURVE('',#3996,#3972,#674,.T.);
#5965=EDGE_CURVE('',#3922,#3917,#678,.T.);
#5967=EDGE_CURVE('',#3909,#3922,#682,.T.);
#5969=EDGE_CURVE('',#3914,#3909,#686,.T.);
#5972=EDGE_CURVE('',#4099,#4188,#690,.T.);
#5976=EDGE_CURVE('',#4301,#4302,#694,.T.);
#5978=EDGE_CURVE('',#4302,#4304,#698,.T.);
#5980=EDGE_CURVE('',#4306,#4304,#702,.T.);
#5982=EDGE_CURVE('',#4306,#4301,#706,.T.);
#5986=EDGE_CURVE('',#4309,#4310,#710,.T.);
#5988=EDGE_CURVE('',#4310,#4312,#714,.T.);
#5990=EDGE_CURVE('',#4314,#4312,#718,.T.);
#5992=EDGE_CURVE('',#4314,#4309,#722,.T.);
#6009=EDGE_CURVE('',#4184,#4190,#739,.T.);
#6011=EDGE_CURVE('',#4190,#4192,#2957,.T.);
#6014=EDGE_CURVE('',#4184,#4188,#727,.T.);
#6031=EDGE_CURVE('',#4121,#4122,#731,.T.);
#6033=EDGE_CURVE('',#4190,#4121,#735,.T.);
#6036=EDGE_CURVE('',#4180,#4184,#743,.T.);
#6038=EDGE_CURVE('',#4176,#4180,#748,.T.);
#6040=EDGE_CURVE('',#4170,#4176,#752,.T.);
#6042=EDGE_CURVE('',#4164,#4170,#756,.T.);
#6044=EDGE_CURVE('',#4160,#4164,#760,.T.);
#6046=EDGE_CURVE('',#4156,#4160,#765,.T.);
#6048=EDGE_CURVE('',#4152,#4156,#769,.T.);
#6050=EDGE_CURVE('',#4148,#4152,#774,.T.);
#6052=EDGE_CURVE('',#4142,#4148,#778,.T.);
#6054=EDGE_CURVE('',#4136,#4142,#782,.T.);
#6056=EDGE_CURVE('',#4132,#4136,#786,.T.);
#6058=EDGE_CURVE('',#4128,#4132,#791,.T.);
#6060=EDGE_CURVE('',#4122,#4128,#795,.T.);
#6078=EDGE_CURVE('',#4122,#4124,#805,.T.);
#6080=EDGE_CURVE('',#4118,#4124,#1087,.T.);
#6082=EDGE_CURVE('',#4121,#4118,#800,.T.);
#6099=EDGE_CURVE('',#4124,#4126,#810,.T.);
#6102=EDGE_CURVE('',#4122,#4126,#832,.T.);
#6120=EDGE_CURVE('',#4111,#4126,#827,.T.);
#6123=EDGE_CURVE('',#4112,#4124,#1091,.T.);
#6140=EDGE_CURVE('',#4126,#4130,#819,.T.);
#6142=EDGE_CURVE('',#4130,#4070,#823,.T.);
#6162=EDGE_CURVE('',#4128,#4130,#837,.T.);
#6182=EDGE_CURVE('',#4132,#4134,#842,.T.);
#6184=EDGE_CURVE('',#4130,#4134,#1083,.T.);
#6203=EDGE_CURVE('',#4136,#4138,#847,.T.);
#6205=EDGE_CURVE('',#4134,#4138,#1070,.T.);
#6223=EDGE_CURVE('',#4138,#4140,#852,.T.);
#6226=EDGE_CURVE('',#4136,#4140,#874,.T.);
#6244=EDGE_CURVE('',#4094,#4140,#869,.T.);
#6247=EDGE_CURVE('',#4108,#4138,#1074,.T.);
#6264=EDGE_CURVE('',#4140,#4144,#861,.T.);
#6266=EDGE_CURVE('',#4093,#4144,#865,.T.);
#6286=EDGE_CURVE('',#4142,#4144,#879,.T.);
#6305=EDGE_CURVE('',#4144,#4146,#884,.T.);
#6308=EDGE_CURVE('',#4142,#4146,#906,.T.);
#6326=EDGE_CURVE('',#4106,#4146,#901,.T.);
#6345=EDGE_CURVE('',#4146,#4150,#893,.T.);
#6347=EDGE_CURVE('',#4150,#4074,#897,.T.);
#6367=EDGE_CURVE('',#4148,#4150,#911,.T.);
#6387=EDGE_CURVE('',#4152,#4154,#916,.T.);
#6389=EDGE_CURVE('',#4150,#4154,#1066,.T.);
#6408=EDGE_CURVE('',#4156,#4158,#921,.T.);
#6410=EDGE_CURVE('',#4154,#4158,#1053,.T.);
#6429=EDGE_CURVE('',#4160,#4162,#926,.T.);
#6431=EDGE_CURVE('',#4158,#4162,#1049,.T.);
#6450=EDGE_CURVE('',#4164,#4166,#931,.T.);
#6452=EDGE_CURVE('',#4162,#4166,#1036,.T.);
#6470=EDGE_CURVE('',#4166,#4168,#936,.T.);
#6473=EDGE_CURVE('',#4164,#4168,#958,.T.);
#6491=EDGE_CURVE('',#4090,#4168,#953,.T.);
#6494=EDGE_CURVE('',#4104,#4166,#1040,.T.);
#6511=EDGE_CURVE('',#4168,#4172,#945,.T.);
#6513=EDGE_CURVE('',#4089,#4172,#949,.T.);
#6533=EDGE_CURVE('',#4170,#4172,#963,.T.);
#6552=EDGE_CURVE('',#4172,#4174,#968,.T.);
#6555=EDGE_CURVE('',#4170,#4174,#990,.T.);
#6573=EDGE_CURVE('',#4102,#4174,#985,.T.);
#6592=EDGE_CURVE('',#4174,#4178,#977,.T.);
#6594=EDGE_CURVE('',#4178,#4082,#981,.T.);
#6614=EDGE_CURVE('',#4176,#4178,#995,.T.);
#6634=EDGE_CURVE('',#4180,#4182,#1000,.T.);
#6636=EDGE_CURVE('',#4178,#4182,#1032,.T.);
#6655=EDGE_CURVE('',#4184,#4186,#1005,.T.);
#6657=EDGE_CURVE('',#4182,#4186,#1019,.T.);
#6675=EDGE_CURVE('',#4186,#4188,#1010,.T.);
#6697=EDGE_CURVE('',#4100,#4186,#1023,.T.);
#6717=EDGE_CURVE('',#4182,#4081,#1027,.T.);
#6756=EDGE_CURVE('',#4162,#4077,#1044,.T.);
#6776=EDGE_CURVE('',#4158,#4078,#1057,.T.);
#6796=EDGE_CURVE('',#4154,#4073,#1061,.T.);
#6835=EDGE_CURVE('',#4134,#4069,#1078,.T.);
#6874=EDGE_CURVE('',#3930,#3925,#1095,.T.);
#6876=EDGE_CURVE('',#3930,#3933,#1099,.T.);
#6878=EDGE_CURVE('',#3938,#3933,#1103,.T.);
#6881=EDGE_CURVE('',#4060,#3983,#1107,.T.);
#6883=EDGE_CURVE('',#4060,#4064,#1111,.T.);
#6885=EDGE_CURVE('',#4064,#3986,#1115,.T.);
#6888=EDGE_CURVE('',#4114,#4118,#1119,.T.);
#6892=EDGE_CURVE('',#4285,#4286,#1123,.T.);
#6894=EDGE_CURVE('',#4290,#4285,#1127,.T.);
#6896=EDGE_CURVE('',#4290,#4288,#1131,.T.);
#6898=EDGE_CURVE('',#4286,#4288,#1135,.T.);
#6902=EDGE_CURVE('',#4293,#4294,#1139,.T.);
#6904=EDGE_CURVE('',#4298,#4293,#1143,.T.);
#6906=EDGE_CURVE('',#4298,#4296,#1147,.T.);
#6908=EDGE_CURVE('',#4294,#4296,#1151,.T.);
#6912=EDGE_CURVE('',#4686,#4687,#1155,.T.);
#6914=EDGE_CURVE('',#4687,#4689,#1159,.T.);
#6916=EDGE_CURVE('',#4689,#4691,#1163,.T.);
#6918=EDGE_CURVE('',#4691,#4693,#1167,.T.);
#6920=EDGE_CURVE('',#4693,#4695,#1171,.T.);
#6922=EDGE_CURVE('',#4695,#4686,#1175,.T.);
#6926=EDGE_CURVE('',#4698,#4699,#1179,.T.);
#6928=EDGE_CURVE('',#4699,#4701,#1183,.T.);
#6930=EDGE_CURVE('',#4701,#4703,#1187,.T.);
#6932=EDGE_CURVE('',#4703,#4705,#1191,.T.);
#6934=EDGE_CURVE('',#4705,#4707,#1195,.T.);
#6936=EDGE_CURVE('',#4707,#4709,#1199,.T.);
#6938=EDGE_CURVE('',#4709,#4711,#1203,.T.);
#6940=EDGE_CURVE('',#4711,#4713,#1207,.T.);
#6942=EDGE_CURVE('',#4713,#4715,#1211,.T.);
#6944=EDGE_CURVE('',#4715,#4717,#1215,.T.);
#6946=EDGE_CURVE('',#4717,#4719,#1219,.T.);
#6948=EDGE_CURVE('',#4719,#4721,#1223,.T.);
#6950=EDGE_CURVE('',#4721,#4723,#1227,.T.);
#6952=EDGE_CURVE('',#4723,#4725,#1231,.T.);
#6954=EDGE_CURVE('',#4725,#4727,#1235,.T.);
#6956=EDGE_CURVE('',#4727,#4729,#1239,.T.);
#6958=EDGE_CURVE('',#4729,#4731,#1243,.T.);
#6960=EDGE_CURVE('',#4731,#4733,#1247,.T.);
#6962=EDGE_CURVE('',#4733,#4735,#1251,.T.);
#6964=EDGE_CURVE('',#4735,#4737,#1255,.T.);
#6966=EDGE_CURVE('',#4737,#4739,#1259,.T.);
#6968=EDGE_CURVE('',#4739,#4741,#1263,.T.);
#6970=EDGE_CURVE('',#4741,#4743,#1267,.T.);
#6972=EDGE_CURVE('',#4743,#4745,#1271,.T.);
#6974=EDGE_CURVE('',#4745,#4747,#1275,.T.);
#6976=EDGE_CURVE('',#4747,#4749,#1279,.T.);
#6978=EDGE_CURVE('',#4749,#4751,#1283,.T.);
#6980=EDGE_CURVE('',#4751,#4753,#1287,.T.);
#6982=EDGE_CURVE('',#4753,#4755,#1291,.T.);
#6984=EDGE_CURVE('',#4755,#4757,#1295,.T.);
#6986=EDGE_CURVE('',#4757,#4759,#1299,.T.);
#6988=EDGE_CURVE('',#4759,#4761,#1303,.T.);
#6990=EDGE_CURVE('',#4761,#4763,#1307,.T.);
#6992=EDGE_CURVE('',#4763,#4765,#1311,.T.);
#6994=EDGE_CURVE('',#4765,#4767,#1315,.T.);
#6996=EDGE_CURVE('',#4767,#4769,#1319,.T.);
#6998=EDGE_CURVE('',#4769,#4771,#1323,.T.);
#7000=EDGE_CURVE('',#4771,#4773,#1327,.T.);
#7002=EDGE_CURVE('',#4773,#4775,#1331,.T.);
#7004=EDGE_CURVE('',#4775,#4698,#1335,.T.);
#7008=EDGE_CURVE('',#4778,#4779,#1339,.T.);
#7010=EDGE_CURVE('',#4779,#4781,#1343,.T.);
#7012=EDGE_CURVE('',#4781,#4783,#1347,.T.);
#7014=EDGE_CURVE('',#4783,#4785,#1351,.T.);
#7016=EDGE_CURVE('',#4785,#4787,#1355,.T.);
#7018=EDGE_CURVE('',#4787,#4789,#1359,.T.);
#7020=EDGE_CURVE('',#4789,#4791,#1363,.T.);
#7022=EDGE_CURVE('',#4791,#4793,#1367,.T.);
#7024=EDGE_CURVE('',#4793,#4795,#1371,.T.);
#7026=EDGE_CURVE('',#4795,#4797,#1375,.T.);
#7028=EDGE_CURVE('',#4797,#4799,#1379,.T.);
#7030=EDGE_CURVE('',#4799,#4778,#1383,.T.);
#7034=EDGE_CURVE('',#4802,#4803,#1387,.T.);
#7036=EDGE_CURVE('',#4803,#4805,#1391,.T.);
#7038=EDGE_CURVE('',#4805,#4807,#1395,.T.);
#7040=EDGE_CURVE('',#4807,#4809,#1399,.T.);
#7042=EDGE_CURVE('',#4809,#4811,#1403,.T.);
#7044=EDGE_CURVE('',#4811,#4813,#1407,.T.);
#7046=EDGE_CURVE('',#4813,#4815,#1411,.T.);
#7048=EDGE_CURVE('',#4815,#4817,#1415,.T.);
#7050=EDGE_CURVE('',#4817,#4819,#1419,.T.);
#7052=EDGE_CURVE('',#4819,#4821,#1423,.T.);
#7054=EDGE_CURVE('',#4821,#4823,#1427,.T.);
#7056=EDGE_CURVE('',#4823,#4825,#1431,.T.);
#7058=EDGE_CURVE('',#4825,#4827,#1435,.T.);
#7060=EDGE_CURVE('',#4827,#4802,#1439,.T.);
#7064=EDGE_CURVE('',#4854,#4855,#1491,.T.);
#7066=EDGE_CURVE('',#4855,#4857,#1495,.T.);
#7068=EDGE_CURVE('',#4857,#4859,#1499,.T.);
#7070=EDGE_CURVE('',#4859,#4861,#1503,.T.);
#7072=EDGE_CURVE('',#4861,#4863,#1507,.T.);
#7074=EDGE_CURVE('',#4863,#4865,#1511,.T.);
#7076=EDGE_CURVE('',#4865,#4867,#1515,.T.);
#7078=EDGE_CURVE('',#4867,#4854,#1519,.T.);
#7095=EDGE_CURVE('',#4830,#4831,#1443,.T.);
#7097=EDGE_CURVE('',#4831,#4833,#1447,.T.);
#7099=EDGE_CURVE('',#4833,#4835,#1451,.T.);
#7101=EDGE_CURVE('',#4835,#4837,#1455,.T.);
#7103=EDGE_CURVE('',#4837,#4839,#1459,.T.);
#7105=EDGE_CURVE('',#4839,#4841,#1463,.T.);
#7107=EDGE_CURVE('',#4841,#4843,#1467,.T.);
#7109=EDGE_CURVE('',#4843,#4845,#1471,.T.);
#7111=EDGE_CURVE('',#4845,#4847,#1475,.T.);
#7113=EDGE_CURVE('',#4847,#4849,#1479,.T.);
#7115=EDGE_CURVE('',#4849,#4851,#1483,.T.);
#7117=EDGE_CURVE('',#4851,#4830,#1487,.T.);
#7134=EDGE_CURVE('',#4870,#4871,#1523,.T.);
#7136=EDGE_CURVE('',#4871,#4873,#1527,.T.);
#7138=EDGE_CURVE('',#4873,#4870,#1531,.T.);
#7156=EDGE_CURVE('',#3928,#3926,#1543,.T.);
#7158=EDGE_CURVE('',#3928,#3930,#1563,.T.);
#7179=EDGE_CURVE('',#3912,#3910,#1539,.T.);
#7181=EDGE_CURVE('',#3928,#3910,#1567,.T.);
#7199=EDGE_CURVE('',#3909,#3910,#1548,.T.);
#7221=EDGE_CURVE('',#3920,#3922,#1553,.T.);
#7223=EDGE_CURVE('',#3934,#3920,#1589,.T.);
#7225=EDGE_CURVE('',#3933,#3934,#1558,.T.);
#7232=EDGE_CURVE('',#4876,#4877,#1572,.T.);
#7234=EDGE_CURVE('',#4877,#4876,#1577,.T.);
#7252=EDGE_CURVE('',#3920,#3918,#1593,.T.);
#7272=EDGE_CURVE('',#4419,#4404,#1581,.T.);
#7275=EDGE_CURVE('',#3936,#3934,#1585,.T.);
#7294=EDGE_CURVE('',#4389,#4385,#1598,.T.);
#7296=EDGE_CURVE('',#4393,#4389,#1631,.T.);
#7298=EDGE_CURVE('',#4393,#4399,#2464,.T.);
#7300=EDGE_CURVE('',#4401,#4399,#2447,.T.);
#7302=EDGE_CURVE('',#4381,#4401,#1603,.T.);
#7304=EDGE_CURVE('',#4381,#4329,#1670,.T.);
#7306=EDGE_CURVE('',#4377,#4329,#2362,.T.);
#7308=EDGE_CURVE('',#4405,#4377,#2371,.T.);
#7310=EDGE_CURVE('',#4404,#4405,#1608,.T.);
#7313=EDGE_CURVE('',#4418,#4419,#1613,.T.);
#7315=EDGE_CURVE('',#4374,#4418,#2423,.T.);
#7317=EDGE_CURVE('',#4374,#4376,#1801,.T.);
#7319=EDGE_CURVE('',#4358,#4376,#1617,.T.);
#7321=EDGE_CURVE('',#4358,#4385,#1687,.T.);
#7338=EDGE_CURVE('',#4388,#4389,#1621,.T.);
#7341=EDGE_CURVE('',#4385,#4383,#1683,.T.);
#7343=EDGE_CURVE('',#4383,#4388,#1646,.T.);
#7361=EDGE_CURVE('',#4388,#4392,#1626,.T.);
#7363=EDGE_CURVE('',#4392,#4393,#2451,.T.);
#7405=EDGE_CURVE('',#4395,#4388,#1641,.T.);
#7407=EDGE_CURVE('',#4395,#4397,#1636,.T.);
#7409=EDGE_CURVE('',#4397,#4392,#2456,.T.);
#7429=EDGE_CURVE('',#4383,#4380,#1679,.T.);
#7431=EDGE_CURVE('',#4380,#4395,#2442,.T.);
#7448=EDGE_CURVE('',#4484,#4469,#1715,.T.);
#7450=EDGE_CURVE('',#4484,#4485,#1650,.T.);
#7452=EDGE_CURVE('',#4485,#4487,#1654,.T.);
#7454=EDGE_CURVE('',#4332,#4487,#1658,.T.);
#7456=EDGE_CURVE('',#4330,#4332,#1662,.T.);
#7458=EDGE_CURVE('',#4329,#4330,#1666,.T.);
#7461=EDGE_CURVE('',#4380,#4381,#1674,.T.);
#7466=EDGE_CURVE('',#4351,#4358,#2184,.T.);
#7468=EDGE_CURVE('',#4356,#4351,#1691,.T.);
#7470=EDGE_CURVE('',#4366,#4356,#1990,.T.);
#7472=EDGE_CURVE('',#4364,#4366,#1695,.T.);
#7474=EDGE_CURVE('',#4339,#4364,#1699,.T.);
#7476=EDGE_CURVE('',#4473,#4339,#1703,.T.);
#7478=EDGE_CURVE('',#4445,#4473,#1873,.T.);
#7480=EDGE_CURVE('',#4445,#4469,#1707,.T.);
#7497=EDGE_CURVE('',#4448,#4490,#1711,.T.);
#7499=EDGE_CURVE('',#4484,#4490,#2354,.T.);
#7502=EDGE_CURVE('',#4467,#4469,#1720,.T.);
#7504=EDGE_CURVE('',#4465,#4467,#1724,.T.);
#7506=EDGE_CURVE('',#4463,#4465,#1729,.T.);
#7508=EDGE_CURVE('',#4461,#4463,#1733,.T.);
#7510=EDGE_CURVE('',#4460,#4461,#1738,.T.);
#7512=EDGE_CURVE('',#4476,#4460,#1742,.T.);
#7514=EDGE_CURVE('',#4481,#4476,#1746,.T.);
#7516=EDGE_CURVE('',#4457,#4481,#1750,.T.);
#7518=EDGE_CURVE('',#4455,#4457,#1755,.T.);
#7520=EDGE_CURVE('',#4453,#4455,#1759,.T.);
#7522=EDGE_CURVE('',#4451,#4453,#1764,.T.);
#7524=EDGE_CURVE('',#4449,#4451,#1768,.T.);
#7526=EDGE_CURVE('',#4448,#4449,#1773,.T.);
#7544=EDGE_CURVE('',#4424,#4448,#1838,.T.);
#7546=EDGE_CURVE('',#4472,#4424,#1877,.T.);
#7548=EDGE_CURVE('',#4472,#4340,#1777,.T.);
#7550=EDGE_CURVE('',#4340,#4362,#1781,.T.);
#7552=EDGE_CURVE('',#4361,#4362,#1785,.T.);
#7554=EDGE_CURVE('',#4361,#4348,#1789,.T.);
#7556=EDGE_CURVE('',#4347,#4348,#1793,.T.);
#7558=EDGE_CURVE('',#4347,#4376,#1797,.T.);
#7561=EDGE_CURVE('',#4374,#4372,#1805,.T.);
#7563=EDGE_CURVE('',#4372,#4369,#1810,.T.);
#7565=EDGE_CURVE('',#4369,#4370,#1814,.T.);
#7567=EDGE_CURVE('',#4370,#4335,#1818,.T.);
#7569=EDGE_CURVE('',#4335,#4336,#1822,.T.);
#7571=EDGE_CURVE('',#4336,#4493,#1826,.T.);
#7573=EDGE_CURVE('',#4491,#4493,#1830,.T.);
#7575=EDGE_CURVE('',#4490,#4491,#1834,.T.);
#7592=EDGE_CURVE('',#4424,#4425,#1882,.T.);
#7596=EDGE_CURVE('',#4425,#4449,#1954,.T.);
#7613=EDGE_CURVE('',#4479,#4477,#1842,.T.);
#7615=EDGE_CURVE('',#4477,#4436,#1846,.T.);
#7617=EDGE_CURVE('',#4436,#4437,#1851,.T.);
#7619=EDGE_CURVE('',#4437,#4439,#1855,.T.);
#7621=EDGE_CURVE('',#4439,#4441,#1860,.T.);
#7623=EDGE_CURVE('',#4441,#4443,#1864,.T.);
#7625=EDGE_CURVE('',#4443,#4445,#1869,.T.);
#7628=EDGE_CURVE('',#4472,#4473,#1958,.T.);
#7632=EDGE_CURVE('',#4425,#4427,#1886,.T.);
#7634=EDGE_CURVE('',#4427,#4429,#1891,.T.);
#7636=EDGE_CURVE('',#4429,#4431,#1895,.T.);
#7638=EDGE_CURVE('',#4431,#4433,#1900,.T.);
#7640=EDGE_CURVE('',#4433,#4479,#1904,.T.);
#7657=EDGE_CURVE('',#4476,#4477,#1909,.T.);
#7660=EDGE_CURVE('',#4479,#4481,#1934,.T.);
#7680=EDGE_CURVE('',#4436,#4460,#1913,.T.);
#7701=EDGE_CURVE('',#4437,#4461,#1917,.T.);
#7721=EDGE_CURVE('',#4439,#4463,#1921,.T.);
#7741=EDGE_CURVE('',#4441,#4465,#1925,.T.);
#7761=EDGE_CURVE('',#4443,#4467,#1929,.T.);
#7799=EDGE_CURVE('',#4433,#4457,#1938,.T.);
#7818=EDGE_CURVE('',#4431,#4455,#1942,.T.);
#7838=EDGE_CURVE('',#4429,#4453,#1946,.T.);
#7858=EDGE_CURVE('',#4427,#4451,#1950,.T.);
#7898=EDGE_CURVE('',#4339,#4340,#1974,.T.);
#7916=EDGE_CURVE('',#4493,#4487,#1962,.T.);
#7919=EDGE_CURVE('',#4332,#4336,#1966,.T.);
#7937=EDGE_CURVE('',#4364,#4362,#1970,.T.);
#7960=EDGE_CURVE('',#4366,#4361,#1986,.T.);
#7977=EDGE_CURVE('',#4989,#4984,#1978,.T.);
#7980=EDGE_CURVE('',#4966,#4970,#2021,.T.);
#7982=EDGE_CURVE('',#4966,#4344,#1982,.T.);
#7984=EDGE_CURVE('',#4348,#4344,#2194,.T.);
#7989=EDGE_CURVE('',#4354,#4356,#1995,.T.);
#7991=EDGE_CURVE('',#4354,#4975,#1999,.T.);
#7993=EDGE_CURVE('',#4974,#4975,#2004,.T.);
#8012=EDGE_CURVE('',#4987,#4985,#2012,.T.);
#8050=EDGE_CURVE('',#4966,#4967,#2040,.T.);
#8054=EDGE_CURVE('',#4971,#4967,#2026,.T.);
#8072=EDGE_CURVE('',#4962,#4967,#2044,.T.);
#8074=EDGE_CURVE('',#4962,#4317,#2048,.T.);
#8076=EDGE_CURVE('',#4317,#4318,#2052,.T.);
#8078=EDGE_CURVE('',#4318,#4325,#2056,.T.);
#8080=EDGE_CURVE('',#4325,#4343,#2060,.T.);
#8082=EDGE_CURVE('',#4343,#4344,#2064,.T.);
#8087=EDGE_CURVE('',#4229,#4230,#2031,.T.);
#8089=EDGE_CURVE('',#4230,#4229,#2036,.T.);
#8107=EDGE_CURVE('',#4229,#4233,#2068,.T.);
#8109=EDGE_CURVE('',#4233,#4234,#2077,.T.);
#8111=EDGE_CURVE('',#4230,#4234,#2072,.T.);
#8130=EDGE_CURVE('',#4234,#4233,#2082,.T.);
#8148=EDGE_CURVE('',#4977,#4975,#2086,.T.);
#8151=EDGE_CURVE('',#4354,#4352,#2090,.T.);
#8153=EDGE_CURVE('',#4326,#4352,#2175,.T.);
#8155=EDGE_CURVE('',#4322,#4326,#2094,.T.);
#8157=EDGE_CURVE('',#4321,#4322,#2098,.T.);
#8159=EDGE_CURVE('',#4963,#4321,#2102,.T.);
#8161=EDGE_CURVE('',#4963,#4977,#2155,.T.);
#8169=EDGE_CURVE('',#4237,#4238,#2107,.T.);
#8171=EDGE_CURVE('',#4238,#4237,#2112,.T.);
#8175=EDGE_CURVE('',#4241,#4242,#2117,.T.);
#8177=EDGE_CURVE('',#4242,#4241,#2122,.T.);
#8181=EDGE_CURVE('',#4261,#4262,#2127,.T.);
#8183=EDGE_CURVE('',#4262,#4261,#2132,.T.);
#8187=EDGE_CURVE('',#4265,#4266,#2137,.T.);
#8189=EDGE_CURVE('',#4266,#4265,#2142,.T.);
#8208=EDGE_CURVE('',#4977,#4979,#2151,.T.);
#8230=EDGE_CURVE('',#4962,#4963,#2159,.T.);
#8252=EDGE_CURVE('',#4317,#4321,#2163,.T.);
#8273=EDGE_CURVE('',#4318,#4322,#2171,.T.);
#8290=EDGE_CURVE('',#4325,#4326,#2167,.T.);
#8312=EDGE_CURVE('',#4343,#4347,#2189,.T.);
#8317=EDGE_CURVE('',#4351,#4352,#2180,.T.);
#8373=EDGE_CURVE('',#4250,#4249,#2199,.T.);
#8375=EDGE_CURVE('',#4238,#4249,#2242,.T.);
#8378=EDGE_CURVE('',#4237,#4250,#2203,.T.);
#8395=EDGE_CURVE('',#4246,#4245,#2218,.T.);
#8397=EDGE_CURVE('',#4245,#4249,#2233,.T.);
#8400=EDGE_CURVE('',#4246,#4250,#2208,.T.);
#8417=EDGE_CURVE('',#4245,#4246,#2213,.T.);
#8435=EDGE_CURVE('',#4253,#4254,#2223,.T.);
#8437=EDGE_CURVE('',#4254,#4253,#2228,.T.);
#8456=EDGE_CURVE('',#4249,#4250,#2238,.T.);
#8494=EDGE_CURVE('',#4254,#4258,#2252,.T.);
#8496=EDGE_CURVE('',#4257,#4258,#2266,.T.);
#8498=EDGE_CURVE('',#4253,#4257,#2247,.T.);
#8517=EDGE_CURVE('',#4258,#4257,#2257,.T.);
#8536=EDGE_CURVE('',#4241,#4257,#2270,.T.);
#8539=EDGE_CURVE('',#4242,#4258,#2261,.T.);
#8575=EDGE_CURVE('',#4274,#4273,#2275,.T.);
#8577=EDGE_CURVE('',#4261,#4273,#2279,.T.);
#8580=EDGE_CURVE('',#4262,#4274,#2318,.T.);
#8597=EDGE_CURVE('',#4270,#4269,#2294,.T.);
#8599=EDGE_CURVE('',#4269,#4273,#2309,.T.);
#8602=EDGE_CURVE('',#4270,#4274,#2284,.T.);
#8619=EDGE_CURVE('',#4269,#4270,#2289,.T.);
#8637=EDGE_CURVE('',#4277,#4278,#2299,.T.);
#8639=EDGE_CURVE('',#4278,#4277,#2304,.T.);
#8658=EDGE_CURVE('',#4273,#4274,#2314,.T.);
#8696=EDGE_CURVE('',#4278,#4282,#2328,.T.);
#8698=EDGE_CURVE('',#4281,#4282,#2342,.T.);
#8700=EDGE_CURVE('',#4277,#4281,#2323,.T.);
#8719=EDGE_CURVE('',#4282,#4281,#2333,.T.);
#8738=EDGE_CURVE('',#4266,#4281,#2337,.T.);
#8741=EDGE_CURVE('',#4265,#4282,#2346,.T.);
#8778=EDGE_CURVE('',#4485,#4491,#2350,.T.);
#8819=EDGE_CURVE('',#4330,#4335,#2358,.T.);
#8837=EDGE_CURVE('',#4377,#4370,#2376,.T.);
#8857=EDGE_CURVE('',#4407,#4405,#2366,.T.);
#8862=EDGE_CURVE('',#4369,#4407,#2381,.T.);
#8881=EDGE_CURVE('',#4410,#4407,#2386,.T.);
#8883=EDGE_CURVE('',#4410,#4411,#2400,.T.);
#8925=EDGE_CURVE('',#4413,#4410,#2405,.T.);
#8928=EDGE_CURVE('',#4415,#4407,#2428,.T.);
#8930=EDGE_CURVE('',#4413,#4415,#2396,.T.);
#8949=EDGE_CURVE('',#4421,#4413,#2409,.T.);
#8971=EDGE_CURVE('',#4418,#4415,#2418,.T.);
#8989=EDGE_CURVE('',#4372,#4415,#2433,.T.);
#9027=EDGE_CURVE('',#4401,#4395,#2437,.T.);
#9047=EDGE_CURVE('',#4399,#4397,#2460,.T.);
#9105=EDGE_CURVE('',#4884,#4885,#2469,.T.);
#9107=EDGE_CURVE('',#4885,#4877,#2502,.T.);
#9110=EDGE_CURVE('',#4884,#4876,#2473,.T.);
#9127=EDGE_CURVE('',#4880,#4881,#2483,.T.);
#9129=EDGE_CURVE('',#4881,#4885,#2493,.T.);
#9132=EDGE_CURVE('',#4880,#4884,#2478,.T.);
#9150=EDGE_CURVE('',#4881,#4880,#2488,.T.);
#9169=EDGE_CURVE('',#4885,#4884,#2498,.T.);
#9206=EDGE_CURVE('',#4058,#4060,#2507,.T.);
#9210=EDGE_CURVE('',#4058,#3984,#2803,.T.);
#9228=EDGE_CURVE('',#4056,#4058,#2517,.T.);
#9230=EDGE_CURVE('',#4056,#4060,#2910,.T.);
#9247=EDGE_CURVE('',#4052,#4056,#2538,.T.);
#9250=EDGE_CURVE('',#4054,#4058,#2799,.T.);
#9252=EDGE_CURVE('',#4052,#4054,#2522,.T.);
#9269=EDGE_CURVE('',#3993,#3994,#2526,.T.);
#9271=EDGE_CURVE('',#4062,#3993,#2530,.T.);
#9273=EDGE_CURVE('',#4056,#4062,#2534,.T.);
#9276=EDGE_CURVE('',#4048,#4052,#2543,.T.);
#9278=EDGE_CURVE('',#4042,#4048,#2547,.T.);
#9280=EDGE_CURVE('',#4036,#4042,#2551,.T.);
#9282=EDGE_CURVE('',#4032,#4036,#2555,.T.);
#9284=EDGE_CURVE('',#4028,#4032,#2560,.T.);
#9286=EDGE_CURVE('',#4024,#4028,#2564,.T.);
#9288=EDGE_CURVE('',#4020,#4024,#2569,.T.);
#9290=EDGE_CURVE('',#4014,#4020,#2573,.T.);
#9292=EDGE_CURVE('',#4008,#4014,#2577,.T.);
#9294=EDGE_CURVE('',#4004,#4008,#2581,.T.);
#9296=EDGE_CURVE('',#4000,#4004,#2586,.T.);
#9298=EDGE_CURVE('',#3994,#4000,#2590,.T.);
#9316=EDGE_CURVE('',#3994,#3996,#2600,.T.);
#9319=EDGE_CURVE('',#3993,#3990,#2595,.T.);
#9336=EDGE_CURVE('',#3996,#3998,#2605,.T.);
#9339=EDGE_CURVE('',#3994,#3998,#2627,.T.);
#9357=EDGE_CURVE('',#3998,#3971,#2622,.T.);
#9376=EDGE_CURVE('',#3998,#4002,#2614,.T.);
#9378=EDGE_CURVE('',#3954,#4002,#2618,.T.);
#9398=EDGE_CURVE('',#4000,#4002,#2632,.T.);
#9418=EDGE_CURVE('',#4004,#4006,#2637,.T.);
#9420=EDGE_CURVE('',#4002,#4006,#2858,.T.);
#9439=EDGE_CURVE('',#4008,#4010,#2642,.T.);
#9441=EDGE_CURVE('',#4006,#4010,#2845,.T.);
#9459=EDGE_CURVE('',#4010,#4012,#2647,.T.);
#9462=EDGE_CURVE('',#4008,#4012,#2669,.T.);
#9480=EDGE_CURVE('',#4012,#3961,#2664,.T.);
#9483=EDGE_CURVE('',#4010,#3974,#2849,.T.);
#9500=EDGE_CURVE('',#4012,#4016,#2656,.T.);
#9502=EDGE_CURVE('',#4016,#3962,#2660,.T.);
#9522=EDGE_CURVE('',#4014,#4016,#2674,.T.);
#9541=EDGE_CURVE('',#4016,#4018,#2679,.T.);
#9544=EDGE_CURVE('',#4014,#4018,#2701,.T.);
#9562=EDGE_CURVE('',#4018,#3976,#2696,.T.);
#9581=EDGE_CURVE('',#4018,#4022,#2688,.T.);
#9583=EDGE_CURVE('',#3950,#4022,#2692,.T.);
#9603=EDGE_CURVE('',#4020,#4022,#2706,.T.);
#9623=EDGE_CURVE('',#4024,#4026,#2711,.T.);
#9625=EDGE_CURVE('',#4022,#4026,#2841,.T.);
#9644=EDGE_CURVE('',#4028,#4030,#2716,.T.);
#9646=EDGE_CURVE('',#4026,#4030,#2828,.T.);
#9665=EDGE_CURVE('',#4032,#4034,#2721,.T.);
#9667=EDGE_CURVE('',#4030,#4034,#2824,.T.);
#9686=EDGE_CURVE('',#4036,#4038,#2726,.T.);
#9688=EDGE_CURVE('',#4034,#4038,#2811,.T.);
#9706=EDGE_CURVE('',#4038,#4040,#2731,.T.);
#9709=EDGE_CURVE('',#4036,#4040,#2753,.T.);
#9727=EDGE_CURVE('',#4040,#3965,#2748,.T.);
#9730=EDGE_CURVE('',#4038,#3978,#2815,.T.);
#9747=EDGE_CURVE('',#4040,#4044,#2740,.T.);
#9749=EDGE_CURVE('',#4044,#3966,#2744,.T.);
#9769=EDGE_CURVE('',#4042,#4044,#2758,.T.);
#9788=EDGE_CURVE('',#4044,#4046,#2763,.T.);
#9791=EDGE_CURVE('',#4042,#4046,#2785,.T.);
#9809=EDGE_CURVE('',#4046,#3980,#2780,.T.);
#9828=EDGE_CURVE('',#4046,#4050,#2772,.T.);
#9830=EDGE_CURVE('',#3942,#4050,#2776,.T.);
#9850=EDGE_CURVE('',#4048,#4050,#2790,.T.);
#9871=EDGE_CURVE('',#4050,#4054,#2795,.T.);
#9890=EDGE_CURVE('',#3941,#4054,#2807,.T.);
#9931=EDGE_CURVE('',#3945,#4034,#2819,.T.);
#9951=EDGE_CURVE('',#3946,#4030,#2832,.T.);
#9971=EDGE_CURVE('',#3949,#4026,#2836,.T.);
#10010=EDGE_CURVE('',#3953,#4006,#2853,.T.);
#10046=EDGE_CURVE('',#3989,#3990,#2868,.T.);
#10048=EDGE_CURVE('',#3993,#3989,#2863,.T.);
#10069=EDGE_CURVE('',#3989,#3958,#2881,.T.);
#10086=EDGE_CURVE('',#4066,#3989,#2877,.T.);
#10090=EDGE_CURVE('',#4066,#3957,#2885,.T.);
#10110=EDGE_CURVE('',#4062,#4066,#2890,.T.);
#10127=EDGE_CURVE('',#4064,#4066,#2900,.T.);
#10129=EDGE_CURVE('',#4062,#4064,#2895,.T.);
#10185=EDGE_CURVE('',#4117,#4118,#2915,.T.);
#10189=EDGE_CURVE('',#4085,#4117,#2938,.T.);
#10207=EDGE_CURVE('',#4121,#4117,#2925,.T.);
#10227=EDGE_CURVE('',#4194,#4117,#2934,.T.);
#10229=EDGE_CURVE('',#4190,#4194,#2930,.T.);
#10249=EDGE_CURVE('',#4086,#4194,#2942,.T.);
#10266=EDGE_CURVE('',#4192,#4194,#2947,.T.);
#10305=EDGE_CURVE('',#4302,#4286,#2965,.T.);
#10308=EDGE_CURVE('',#4301,#4285,#2961,.T.);
#10326=EDGE_CURVE('',#4304,#4288,#2969,.T.);
#10346=EDGE_CURVE('',#4306,#4290,#2973,.T.);
#10385=EDGE_CURVE('',#4310,#4294,#2981,.T.);
#10388=EDGE_CURVE('',#4309,#4293,#2977,.T.);
#10406=EDGE_CURVE('',#4312,#4296,#2985,.T.);
#10426=EDGE_CURVE('',#4314,#4298,#2989,.T.);
#10465=EDGE_CURVE('',#4686,#4496,#2993,.T.);
#10467=EDGE_CURVE('',#4496,#4497,#3017,.T.);
#10469=EDGE_CURVE('',#4687,#4497,#3013,.T.);
#10487=EDGE_CURVE('',#4695,#4505,#2997,.T.);
#10489=EDGE_CURVE('',#4505,#4496,#3021,.T.);
#10508=EDGE_CURVE('',#4693,#4503,#3001,.T.);
#10510=EDGE_CURVE('',#4503,#4505,#3025,.T.);
#10529=EDGE_CURVE('',#4691,#4501,#3005,.T.);
#10531=EDGE_CURVE('',#4501,#4503,#3029,.T.);
#10550=EDGE_CURVE('',#4689,#4499,#3009,.T.);
#10552=EDGE_CURVE('',#4499,#4501,#3033,.T.);
#10572=EDGE_CURVE('',#4497,#4499,#3037,.T.);
#10611=EDGE_CURVE('',#4508,#4509,#3041,.T.);
#10613=EDGE_CURVE('',#4585,#4508,#3045,.T.);
#10615=EDGE_CURVE('',#4583,#4585,#3049,.T.);
#10617=EDGE_CURVE('',#4581,#4583,#3053,.T.);
#10619=EDGE_CURVE('',#4579,#4581,#3057,.T.);
#10621=EDGE_CURVE('',#4577,#4579,#3061,.T.);
#10623=EDGE_CURVE('',#4575,#4577,#3065,.T.);
#10625=EDGE_CURVE('',#4573,#4575,#3069,.T.);
#10627=EDGE_CURVE('',#4571,#4573,#3073,.T.);
#10629=EDGE_CURVE('',#4569,#4571,#3077,.T.);
#10631=EDGE_CURVE('',#4567,#4569,#3081,.T.);
#10633=EDGE_CURVE('',#4565,#4567,#3085,.T.);
#10635=EDGE_CURVE('',#4563,#4565,#3089,.T.);
#10637=EDGE_CURVE('',#4561,#4563,#3093,.T.);
#10639=EDGE_CURVE('',#4559,#4561,#3097,.T.);
#10641=EDGE_CURVE('',#4557,#4559,#3101,.T.);
#10643=EDGE_CURVE('',#4555,#4557,#3105,.T.);
#10645=EDGE_CURVE('',#4553,#4555,#3109,.T.);
#10647=EDGE_CURVE('',#4551,#4553,#3113,.T.);
#10649=EDGE_CURVE('',#4549,#4551,#3117,.T.);
#10651=EDGE_CURVE('',#4547,#4549,#3121,.T.);
#10653=EDGE_CURVE('',#4545,#4547,#3125,.T.);
#10655=EDGE_CURVE('',#4543,#4545,#3129,.T.);
#10657=EDGE_CURVE('',#4541,#4543,#3133,.T.);
#10659=EDGE_CURVE('',#4539,#4541,#3137,.T.);
#10661=EDGE_CURVE('',#4537,#4539,#3141,.T.);
#10663=EDGE_CURVE('',#4535,#4537,#3145,.T.);
#10665=EDGE_CURVE('',#4533,#4535,#3149,.T.);
#10667=EDGE_CURVE('',#4531,#4533,#3153,.T.);
#10669=EDGE_CURVE('',#4529,#4531,#3157,.T.);
#10671=EDGE_CURVE('',#4527,#4529,#3161,.T.);
#10673=EDGE_CURVE('',#4525,#4527,#3165,.T.);
#10675=EDGE_CURVE('',#4523,#4525,#3169,.T.);
#10677=EDGE_CURVE('',#4521,#4523,#3173,.T.);
#10679=EDGE_CURVE('',#4519,#4521,#3177,.T.);
#10681=EDGE_CURVE('',#4517,#4519,#3181,.T.);
#10683=EDGE_CURVE('',#4515,#4517,#3185,.T.);
#10685=EDGE_CURVE('',#4513,#4515,#3189,.T.);
#10687=EDGE_CURVE('',#4511,#4513,#3193,.T.);
#10689=EDGE_CURVE('',#4509,#4511,#3197,.T.);
#10706=EDGE_CURVE('',#4588,#4589,#3201,.T.);
#10708=EDGE_CURVE('',#4609,#4588,#3205,.T.);
#10710=EDGE_CURVE('',#4607,#4609,#3209,.T.);
#10712=EDGE_CURVE('',#4605,#4607,#3213,.T.);
#10714=EDGE_CURVE('',#4603,#4605,#3217,.T.);
#10716=EDGE_CURVE('',#4601,#4603,#3221,.T.);
#10718=EDGE_CURVE('',#4599,#4601,#3225,.T.);
#10720=EDGE_CURVE('',#4597,#4599,#3229,.T.);
#10722=EDGE_CURVE('',#4595,#4597,#3233,.T.);
#10724=EDGE_CURVE('',#4593,#4595,#3237,.T.);
#10726=EDGE_CURVE('',#4591,#4593,#3241,.T.);
#10728=EDGE_CURVE('',#4589,#4591,#3245,.T.);
#10745=EDGE_CURVE('',#4612,#4613,#3249,.T.);
#10747=EDGE_CURVE('',#4637,#4612,#3253,.T.);
#10749=EDGE_CURVE('',#4635,#4637,#3257,.T.);
#10751=EDGE_CURVE('',#4633,#4635,#3261,.T.);
#10753=EDGE_CURVE('',#4631,#4633,#3265,.T.);
#10755=EDGE_CURVE('',#4629,#4631,#3269,.T.);
#10757=EDGE_CURVE('',#4627,#4629,#3273,.T.);
#10759=EDGE_CURVE('',#4625,#4627,#3277,.T.);
#10761=EDGE_CURVE('',#4623,#4625,#3281,.T.);
#10763=EDGE_CURVE('',#4621,#4623,#3285,.T.);
#10765=EDGE_CURVE('',#4619,#4621,#3289,.T.);
#10767=EDGE_CURVE('',#4617,#4619,#3293,.T.);
#10769=EDGE_CURVE('',#4615,#4617,#3297,.T.);
#10771=EDGE_CURVE('',#4613,#4615,#3301,.T.);
#10775=EDGE_CURVE('',#4640,#4641,#3305,.T.);
#10777=EDGE_CURVE('',#4661,#4640,#3309,.T.);
#10779=EDGE_CURVE('',#4659,#4661,#3313,.T.);
#10781=EDGE_CURVE('',#4657,#4659,#3317,.T.);
#10783=EDGE_CURVE('',#4655,#4657,#3321,.T.);
#10785=EDGE_CURVE('',#4653,#4655,#3325,.T.);
#10787=EDGE_CURVE('',#4651,#4653,#3329,.T.);
#10789=EDGE_CURVE('',#4649,#4651,#3333,.T.);
#10791=EDGE_CURVE('',#4647,#4649,#3337,.T.);
#10793=EDGE_CURVE('',#4645,#4647,#3341,.T.);
#10795=EDGE_CURVE('',#4643,#4645,#3345,.T.);
#10797=EDGE_CURVE('',#4641,#4643,#3349,.T.);
#10814=EDGE_CURVE('',#4664,#4665,#3353,.T.);
#10816=EDGE_CURVE('',#4677,#4664,#3357,.T.);
#10818=EDGE_CURVE('',#4675,#4677,#3361,.T.);
#10820=EDGE_CURVE('',#4673,#4675,#3365,.T.);
#10822=EDGE_CURVE('',#4671,#4673,#3369,.T.);
#10824=EDGE_CURVE('',#4669,#4671,#3373,.T.);
#10826=EDGE_CURVE('',#4667,#4669,#3377,.T.);
#10828=EDGE_CURVE('',#4665,#4667,#3381,.T.);
#10832=EDGE_CURVE('',#4680,#4681,#3385,.T.);
#10834=EDGE_CURVE('',#4683,#4680,#3389,.T.);
#10836=EDGE_CURVE('',#4681,#4683,#3393,.T.);
#10854=EDGE_CURVE('',#4698,#4508,#3397,.T.);
#10857=EDGE_CURVE('',#4699,#4509,#3553,.T.);
#10875=EDGE_CURVE('',#4775,#4585,#3401,.T.);
#10895=EDGE_CURVE('',#4773,#4583,#3405,.T.);
#10915=EDGE_CURVE('',#4771,#4581,#3409,.T.);
#10935=EDGE_CURVE('',#4769,#4579,#3413,.T.);
#10955=EDGE_CURVE('',#4767,#4577,#3417,.T.);
#10975=EDGE_CURVE('',#4765,#4575,#3421,.T.);
#10995=EDGE_CURVE('',#4763,#4573,#3425,.T.);
#11015=EDGE_CURVE('',#4761,#4571,#3429,.T.);
#11035=EDGE_CURVE('',#4759,#4569,#3433,.T.);
#11055=EDGE_CURVE('',#4757,#4567,#3437,.T.);
#11075=EDGE_CURVE('',#4755,#4565,#3441,.T.);
#11095=EDGE_CURVE('',#4753,#4563,#3445,.T.);
#11115=EDGE_CURVE('',#4751,#4561,#3449,.T.);
#11135=EDGE_CURVE('',#4749,#4559,#3453,.T.);
#11155=EDGE_CURVE('',#4747,#4557,#3457,.T.);
#11175=EDGE_CURVE('',#4745,#4555,#3461,.T.);
#11195=EDGE_CURVE('',#4743,#4553,#3465,.T.);
#11215=EDGE_CURVE('',#4741,#4551,#3469,.T.);
#11235=EDGE_CURVE('',#4739,#4549,#3473,.T.);
#11255=EDGE_CURVE('',#4737,#4547,#3477,.T.);
#11275=EDGE_CURVE('',#4735,#4545,#3481,.T.);
#11295=EDGE_CURVE('',#4733,#4543,#3485,.T.);
#11315=EDGE_CURVE('',#4731,#4541,#3489,.T.);
#11335=EDGE_CURVE('',#4729,#4539,#3493,.T.);
#11355=EDGE_CURVE('',#4727,#4537,#3497,.T.);
#11375=EDGE_CURVE('',#4725,#4535,#3501,.T.);
#11395=EDGE_CURVE('',#4723,#4533,#3505,.T.);
#11415=EDGE_CURVE('',#4721,#4531,#3509,.T.);
#11435=EDGE_CURVE('',#4719,#4529,#3513,.T.);
#11455=EDGE_CURVE('',#4717,#4527,#3517,.T.);
#11475=EDGE_CURVE('',#4715,#4525,#3521,.T.);
#11495=EDGE_CURVE('',#4713,#4523,#3525,.T.);
#11515=EDGE_CURVE('',#4711,#4521,#3529,.T.);
#11535=EDGE_CURVE('',#4709,#4519,#3533,.T.);
#11555=EDGE_CURVE('',#4707,#4517,#3537,.T.);
#11575=EDGE_CURVE('',#4705,#4515,#3541,.T.);
#11595=EDGE_CURVE('',#4703,#4513,#3545,.T.);
#11615=EDGE_CURVE('',#4701,#4511,#3549,.T.);
#11654=EDGE_CURVE('',#4778,#4588,#3557,.T.);
#11657=EDGE_CURVE('',#4779,#4589,#3601,.T.);
#11675=EDGE_CURVE('',#4799,#4609,#3561,.T.);
#11695=EDGE_CURVE('',#4797,#4607,#3565,.T.);
#11715=EDGE_CURVE('',#4795,#4605,#3569,.T.);
#11735=EDGE_CURVE('',#4793,#4603,#3573,.T.);
#11755=EDGE_CURVE('',#4791,#4601,#3577,.T.);
#11775=EDGE_CURVE('',#4789,#4599,#3581,.T.);
#11795=EDGE_CURVE('',#4787,#4597,#3585,.T.);
#11815=EDGE_CURVE('',#4785,#4595,#3589,.T.);
#11835=EDGE_CURVE('',#4783,#4593,#3593,.T.);
#11855=EDGE_CURVE('',#4781,#4591,#3597,.T.);
#11894=EDGE_CURVE('',#4802,#4612,#3605,.T.);
#11897=EDGE_CURVE('',#4803,#4613,#3657,.T.);
#11915=EDGE_CURVE('',#4827,#4637,#3609,.T.);
#11935=EDGE_CURVE('',#4825,#4635,#3613,.T.);
#11955=EDGE_CURVE('',#4823,#4633,#3617,.T.);
#11975=EDGE_CURVE('',#4821,#4631,#3621,.T.);
#11995=EDGE_CURVE('',#4819,#4629,#3625,.T.);
#12015=EDGE_CURVE('',#4817,#4627,#3629,.T.);
#12035=EDGE_CURVE('',#4815,#4625,#3633,.T.);
#12055=EDGE_CURVE('',#4813,#4623,#3637,.T.);
#12075=EDGE_CURVE('',#4811,#4621,#3641,.T.);
#12095=EDGE_CURVE('',#4809,#4619,#3645,.T.);
#12115=EDGE_CURVE('',#4807,#4617,#3649,.T.);
#12135=EDGE_CURVE('',#4805,#4615,#3653,.T.);
#12174=EDGE_CURVE('',#4830,#4640,#3661,.T.);
#12177=EDGE_CURVE('',#4831,#4641,#3705,.T.);
#12195=EDGE_CURVE('',#4851,#4661,#3665,.T.);
#12215=EDGE_CURVE('',#4849,#4659,#3669,.T.);
#12235=EDGE_CURVE('',#4847,#4657,#3673,.T.);
#12255=EDGE_CURVE('',#4845,#4655,#3677,.T.);
#12275=EDGE_CURVE('',#4843,#4653,#3681,.T.);
#12295=EDGE_CURVE('',#4841,#4651,#3685,.T.);
#12315=EDGE_CURVE('',#4839,#4649,#3689,.T.);
#12335=EDGE_CURVE('',#4837,#4647,#3693,.T.);
#12355=EDGE_CURVE('',#4835,#4645,#3697,.T.);
#12375=EDGE_CURVE('',#4833,#4643,#3701,.T.);
#12414=EDGE_CURVE('',#4854,#4664,#3709,.T.);
#12417=EDGE_CURVE('',#4855,#4665,#3737,.T.);
#12435=EDGE_CURVE('',#4867,#4677,#3713,.T.);
#12455=EDGE_CURVE('',#4865,#4675,#3717,.T.);
#12475=EDGE_CURVE('',#4863,#4673,#3721,.T.);
#12495=EDGE_CURVE('',#4861,#4671,#3725,.T.);
#12515=EDGE_CURVE('',#4859,#4669,#3729,.T.);
#12535=EDGE_CURVE('',#4857,#4667,#3733,.T.);
#12574=EDGE_CURVE('',#4870,#4680,#3741,.T.);
#12577=EDGE_CURVE('',#4871,#4681,#3749,.T.);
#12595=EDGE_CURVE('',#4873,#4683,#3745,.T.);
#12633=EDGE_CURVE('',#4221,#4225,#3769,.T.);
#12635=EDGE_CURVE('',#4225,#4218,#3753,.T.);
#12637=EDGE_CURVE('',#4218,#4213,#3797,.T.);
#12639=EDGE_CURVE('',#4198,#4213,#3821,.T.);
#12642=EDGE_CURVE('',#4205,#4197,#3813,.T.);
#12644=EDGE_CURVE('',#4205,#4206,#3777,.T.);
#12646=EDGE_CURVE('',#4221,#4206,#3773,.T.);
#12663=EDGE_CURVE('',#4221,#4222,#3757,.T.);
#12665=EDGE_CURVE('',#4226,#4222,#3761,.T.);
#12667=EDGE_CURVE('',#4225,#4226,#3765,.T.);
#12687=EDGE_CURVE('',#4206,#4208,#3789,.T.);
#12689=EDGE_CURVE('',#4222,#4208,#3817,.T.);
#12707=EDGE_CURVE('',#4210,#4205,#3781,.T.);
#12709=EDGE_CURVE('',#4208,#4210,#3785,.T.);
#12727=EDGE_CURVE('',#4213,#4214,#3793,.T.);
#12730=EDGE_CURVE('',#4216,#4218,#3801,.T.);
#12732=EDGE_CURVE('',#4214,#4216,#3805,.T.);
#12749=EDGE_CURVE('',#4202,#4210,#3809,.T.);
#12769=EDGE_CURVE('',#4214,#4200,#3825,.T.);
#12772=EDGE_CURVE('',#4226,#4216,#3829,.T.);
#12833=EDGE_CURVE('',#5006,#5004,#3843,.T.);
#12835=EDGE_CURVE('',#5009,#5006,#3834,.T.);
#12837=EDGE_CURVE('',#5009,#5010,#3872,.T.);
#12858=EDGE_CURVE('',#4992,#5006,#3853,.T.);
#12875=EDGE_CURVE('',#5014,#5006,#3858,.T.);
#12919=EDGE_CURVE('',#5012,#5009,#3877,.T.);
#12960=EDGE_CURVE('',#4914,#4938,#3890,.T.);
#12979=EDGE_CURVE('',#4915,#4939,#3894,.T.);
#12999=EDGE_CURVE('',#4917,#4941,#3898,.T.);
#13019=EDGE_CURVE('',#4919,#4943,#3902,.T.);
#13039=EDGE_CURVE('',#4921,#4945,#3906,.T.);
#13175=EDGE_CURVE('',#13156,#13157,#13077,.T.);
#13177=EDGE_CURVE('',#13156,#13148,#13081,.T.);
#13179=EDGE_CURVE('',#13148,#13149,#13085,.T.);
#13181=EDGE_CURVE('',#13149,#13165,#13089,.T.);
#13183=EDGE_CURVE('',#13164,#13165,#13093,.T.);
#13185=EDGE_CURVE('',#13164,#13157,#13097,.T.);
#13203=EDGE_CURVE('',#13159,#13157,#13101,.T.);
#13205=EDGE_CURVE('',#13159,#13161,#13125,.T.);
#13207=EDGE_CURVE('',#13161,#13156,#13121,.T.);
#13226=EDGE_CURVE('',#13169,#13164,#13105,.T.);
#13228=EDGE_CURVE('',#13169,#13159,#13129,.T.);
#13246=EDGE_CURVE('',#13167,#13165,#13109,.T.);
#13248=EDGE_CURVE('',#13167,#13169,#13133,.T.);
#13268=EDGE_CURVE('',#13149,#13153,#13113,.T.);
#13270=EDGE_CURVE('',#13153,#13167,#13137,.T.);
#13288=EDGE_CURVE('',#13148,#13152,#13117,.T.);
#13290=EDGE_CURVE('',#13152,#13153,#13141,.T.);
#13309=EDGE_CURVE('',#13161,#13152,#13145,.T.);
#13447=EDGE_CURVE('',#13428,#13429,#13349,.T.);
#13449=EDGE_CURVE('',#13428,#13437,#13353,.T.);
#13451=EDGE_CURVE('',#13436,#13437,#13357,.T.);
#13453=EDGE_CURVE('',#13436,#13420,#13361,.T.);
#13455=EDGE_CURVE('',#13420,#13421,#13365,.T.);
#13457=EDGE_CURVE('',#13421,#13429,#13369,.T.);
#13475=EDGE_CURVE('',#13431,#13429,#13373,.T.);
#13477=EDGE_CURVE('',#13431,#13433,#13397,.T.);
#13479=EDGE_CURVE('',#13433,#13428,#13389,.T.);
#13498=EDGE_CURVE('',#13421,#13425,#13377,.T.);
#13500=EDGE_CURVE('',#13425,#13431,#13401,.T.);
#13518=EDGE_CURVE('',#13420,#13424,#13381,.T.);
#13520=EDGE_CURVE('',#13424,#13425,#13405,.T.);
#13538=EDGE_CURVE('',#13441,#13436,#13385,.T.);
#13540=EDGE_CURVE('',#13441,#13424,#13409,.T.);
#13560=EDGE_CURVE('',#13439,#13437,#13393,.T.);
#13562=EDGE_CURVE('',#13439,#13441,#13413,.T.);
#13581=EDGE_CURVE('',#13433,#13439,#13417,.T.);
#13618=(LENGTH_UNIT()NAMED_UNIT(*)SI_UNIT(.MILLI.,.METRE.));
#13620=(NAMED_UNIT(*)PLANE_ANGLE_UNIT()SI_UNIT($,.RADIAN.));
#13623=(NAMED_UNIT(*)SI_UNIT($,.STERADIAN.)SOLID_ANGLE_UNIT());
#13626=ADVANCED_BREP_SHAPE_REPRESENTATION('',(#13073,#13345,#13617),#13625);
#13634=PRODUCT_DEFINITION('design','',#13633,#13630);
#13635=PRODUCT_DEFINITION_SHAPE('','SHAPE FOR 124.',#13634);
#13636=SHAPE_ASPECT('','solid data associated with 124',#13635,.F.);
#13637=PROPERTY_DEFINITION('',
'shape for solid data with which properties are associated',#13636);
#13638=SHAPE_REPRESENTATION('',(#13617),#13625);
#13639=SHAPE_DEFINITION_REPRESENTATION(#13637,#13638);
#13640=(LENGTH_UNIT()NAMED_UNIT(*)SI_UNIT(.MILLI.,.METRE.));
#13644=PROPERTY_DEFINITION('geometric validation property','area of 124',
#13636);
#13645=REPRESENTATION('surface area',(#13643),#13625);
#13646=PROPERTY_DEFINITION_REPRESENTATION(#13644,#13645);
#13647=(LENGTH_UNIT()NAMED_UNIT(*)SI_UNIT(.MILLI.,.METRE.));
#13651=PROPERTY_DEFINITION('geometric validation property','volume of 124',
#13636);
#13652=REPRESENTATION('volume',(#13650),#13625);
#13653=PROPERTY_DEFINITION_REPRESENTATION(#13651,#13652);
#13655=PROPERTY_DEFINITION('geometric validation property','centroid of 124',
#13636);
#13656=REPRESENTATION('centroid',(#13654),#13625);
#13657=PROPERTY_DEFINITION_REPRESENTATION(#13655,#13656);
#13658=(LENGTH_UNIT()NAMED_UNIT(*)SI_UNIT(.MILLI.,.METRE.));
#13662=PROPERTY_DEFINITION('geometric validation property','area of 124',
#13635);
#13663=REPRESENTATION('surface area',(#13661),#13625);
#13664=PROPERTY_DEFINITION_REPRESENTATION(#13662,#13663);
#13665=(LENGTH_UNIT()NAMED_UNIT(*)SI_UNIT(.MILLI.,.METRE.));
#13669=PROPERTY_DEFINITION('geometric validation property','volume of 124',
#13635);
#13670=REPRESENTATION('volume',(#13668),#13625);
#13671=PROPERTY_DEFINITION_REPRESENTATION(#13669,#13670);
#13673=PROPERTY_DEFINITION('geometric validation property','centroid of 124',
#13635);
#13674=REPRESENTATION('centroid',(#13672),#13625);
#13675=PROPERTY_DEFINITION_REPRESENTATION(#13673,#13674);
#13676=SHAPE_DEFINITION_REPRESENTATION(#13635,#13626);
ENDSEC;
END-ISO-10303-21;
