ISO-10303-21;
HEADER;
FILE_DESCRIPTION(('KiCad electronic assembly'),'2;1');
FILE_NAME('dock_board_160.step','2026-09-04T15:06:30',('Pcbnew'),(
    'Kicad'),'Open CASCADE STEP processor 7.9','KiCad to STEP converter'
  ,'Unknown');
FILE_SCHEMA(('AUTOMOTIVE_DESIGN { 1 0 10303 214 1 1 1 1 }'));
ENDSEC;
DATA;
#1 = APPLICATION_PROTOCOL_DEFINITION('international standard',
  'automotive_design',2000,#2);
#2 = APPLICATION_CONTEXT(
  'core data for automotive mechanical design processes');
#3 = SHAPE_DEFINITION_REPRESENTATION(#4,#10);
#4 = PRODUCT_DEFINITION_SHAPE('','',#5);
#5 = PRODUCT_DEFINITION('design','',#6,#9);
#6 = PRODUCT_DEFINITION_FORMATION('','',#7);
#7 = PRODUCT('dock_board_160 1','dock_board_160 1','',(#8));
#8 = PRODUCT_CONTEXT('',#2,'mechanical');
#9 = PRODUCT_DEFINITION_CONTEXT('part definition',#2,'design');
#10 = SHAPE_REPRESENTATION('',(#11,#15),#19);
#11 = AXIS2_PLACEMENT_3D('',#12,#13,#14);
#12 = CARTESIAN_POINT('',(0.,0.,0.));
#13 = DIRECTION('',(0.,0.,1.));
#14 = DIRECTION('',(1.,0.,-0.));
#15 = AXIS2_PLACEMENT_3D('',#16,#17,#18);
#16 = CARTESIAN_POINT('',(0.,0.,0.));
#17 = DIRECTION('',(0.,0.,1.));
#18 = DIRECTION('',(1.,0.,-0.));
#19 = ( GEOMETRIC_REPRESENTATION_CONTEXT(3) 
GLOBAL_UNCERTAINTY_ASSIGNED_CONTEXT((#23)) GLOBAL_UNIT_ASSIGNED_CONTEXT(
(#20,#21,#22)) REPRESENTATION_CONTEXT('Context #1',
  '3D Context with UNIT and UNCERTAINTY') );
#20 = ( LENGTH_UNIT() NAMED_UNIT(*) SI_UNIT(.MILLI.,.METRE.) );
#21 = ( NAMED_UNIT(*) PLANE_ANGLE_UNIT() SI_UNIT($,.RADIAN.) );
#22 = ( NAMED_UNIT(*) SI_UNIT($,.STERADIAN.) SOLID_ANGLE_UNIT() );
#23 = UNCERTAINTY_MEASURE_WITH_UNIT(LENGTH_MEASURE(1.E-07),#20,
  'distance_accuracy_value','confusion accuracy');
#24 = PRODUCT_RELATED_PRODUCT_CATEGORY('part',$,(#7));
#25 = SHAPE_DEFINITION_REPRESENTATION(#26,#32);
#26 = PRODUCT_DEFINITION_SHAPE('','',#27);
#27 = PRODUCT_DEFINITION('design','',#28,#31);
#28 = PRODUCT_DEFINITION_FORMATION('','',#29);
#29 = PRODUCT('dock_160_PCB','dock_160_PCB','',(#30));
#30 = PRODUCT_CONTEXT('',#2,'mechanical');
#31 = PRODUCT_DEFINITION_CONTEXT('part definition',#2,'design');
#32 = ADVANCED_BREP_SHAPE_REPRESENTATION('',(#11,#33),#7227);
#33 = MANIFOLD_SOLID_BREP('',#34);
#34 = CLOSED_SHELL('',(#35,#75,#106,#137,#1942,#3747,#3764,#3781,#3798,
    #3815,#3832,#3849,#3866,#3883,#3900,#3917,#3934,#3951,#3968,#3985,
    #4002,#4019,#4036,#4053,#4070,#4087,#4104,#4121,#4138,#4155,#4172,
    #4189,#4206,#4223,#4240,#4257,#4274,#4291,#4308,#4325,#4342,#4359,
    #4376,#4393,#4410,#4427,#4444,#4461,#4478,#4495,#4512,#4529,#4546,
    #4563,#4580,#4597,#4614,#4631,#4648,#4665,#4682,#4699,#4716,#4733,
    #4750,#4767,#4784,#4801,#4818,#4835,#4852,#4869,#4886,#4903,#4920,
    #4937,#4954,#4971,#4988,#5005,#5022,#5039,#5056,#5073,#5090,#5107,
    #5124,#5141,#5158,#5175,#5192,#5209,#5226,#5243,#5260,#5277,#5294,
    #5311,#5328,#5345,#5362,#5379,#5396,#5413,#5430,#5447,#5464,#5481,
    #5498,#5515,#5532,#5549,#5566,#5583,#5600,#5617,#5634,#5651,#5668,
    #5685,#5702,#5719,#5736,#5753,#5770,#5787,#5804,#5821,#5838,#5855,
    #5872,#5889,#5906,#5923,#5940,#5957,#5974,#5991,#6008,#6025,#6042,
    #6059,#6076,#6093,#6110,#6127,#6144,#6161,#6178,#6195,#6212,#6229,
    #6246,#6263,#6280,#6297,#6314,#6331,#6343,#6360,#6377,#6394,#6411,
    #6428,#6445,#6462,#6479,#6496,#6513,#6530,#6547,#6564,#6581,#6598,
    #6615,#6632,#6649,#6666,#6683,#6700,#6717,#6734,#6751,#6768,#6785,
    #6802,#6819,#6836,#6853,#6870,#6887,#6904,#6921,#6938,#6955,#6972,
    #6989,#7006,#7023,#7040,#7057,#7074,#7091,#7108,#7125,#7142,#7159,
    #7176,#7193,#7210));
#35 = ADVANCED_FACE('',(#36),#70,.T.);
#36 = FACE_BOUND('',#37,.T.);
#37 = EDGE_LOOP('',(#38,#48,#56,#64));
#38 = ORIENTED_EDGE('',*,*,#39,.T.);
#39 = EDGE_CURVE('',#40,#42,#44,.T.);
#40 = VERTEX_POINT('',#41);
#41 = CARTESIAN_POINT('',(108.159722,-72.006944,0.));
#42 = VERTEX_POINT('',#43);
#43 = CARTESIAN_POINT('',(108.159722,-72.006944,1.6));
#44 = LINE('',#45,#46);
#45 = CARTESIAN_POINT('',(108.159722,-72.006944,0.));
#46 = VECTOR('',#47,1.);
#47 = DIRECTION('',(0.,0.,1.));
#48 = ORIENTED_EDGE('',*,*,#49,.T.);
#49 = EDGE_CURVE('',#42,#50,#52,.T.);
#50 = VERTEX_POINT('',#51);
#51 = CARTESIAN_POINT('',(108.305556,-72.027778,1.6));
#52 = LINE('',#53,#54);
#53 = CARTESIAN_POINT('',(108.159722,-72.006944,1.6));
#54 = VECTOR('',#55,1.);
#55 = DIRECTION('',(0.989948950599,-0.141425157623,0.));
#56 = ORIENTED_EDGE('',*,*,#57,.F.);
#57 = EDGE_CURVE('',#58,#50,#60,.T.);
#58 = VERTEX_POINT('',#59);
#59 = CARTESIAN_POINT('',(108.305556,-72.027778,0.));
#60 = LINE('',#61,#62);
#61 = CARTESIAN_POINT('',(108.305556,-72.027778,0.));
#62 = VECTOR('',#63,1.);
#63 = DIRECTION('',(0.,0.,1.));
#64 = ORIENTED_EDGE('',*,*,#65,.F.);
#65 = EDGE_CURVE('',#40,#58,#66,.T.);
#66 = LINE('',#67,#68);
#67 = CARTESIAN_POINT('',(108.159722,-72.006944,0.));
#68 = VECTOR('',#69,1.);
#69 = DIRECTION('',(0.989948950599,-0.141425157623,0.));
#70 = PLANE('',#71);
#71 = AXIS2_PLACEMENT_3D('',#72,#73,#74);
#72 = CARTESIAN_POINT('',(108.159722,-72.006944,0.));
#73 = DIRECTION('',(0.141425157623,0.989948950599,-0.));
#74 = DIRECTION('',(0.989948950599,-0.141425157623,0.));
#75 = ADVANCED_FACE('',(#76),#101,.T.);
#76 = FACE_BOUND('',#77,.T.);
#77 = EDGE_LOOP('',(#78,#88,#94,#95));
#78 = ORIENTED_EDGE('',*,*,#79,.T.);
#79 = EDGE_CURVE('',#80,#82,#84,.T.);
#80 = VERTEX_POINT('',#81);
#81 = CARTESIAN_POINT('',(108.,-72.,0.));
#82 = VERTEX_POINT('',#83);
#83 = CARTESIAN_POINT('',(108.,-72.,1.6));
#84 = LINE('',#85,#86);
#85 = CARTESIAN_POINT('',(108.,-72.,0.));
#86 = VECTOR('',#87,1.);
#87 = DIRECTION('',(0.,0.,1.));
#88 = ORIENTED_EDGE('',*,*,#89,.T.);
#89 = EDGE_CURVE('',#82,#42,#90,.T.);
#90 = LINE('',#91,#92);
#91 = CARTESIAN_POINT('',(108.,-72.,1.6));
#92 = VECTOR('',#93,1.);
#93 = DIRECTION('',(0.99905627637,-4.343450985534E-02,0.));
#94 = ORIENTED_EDGE('',*,*,#39,.F.);
#95 = ORIENTED_EDGE('',*,*,#96,.F.);
#96 = EDGE_CURVE('',#80,#40,#97,.T.);
#97 = LINE('',#98,#99);
#98 = CARTESIAN_POINT('',(108.,-72.,0.));
#99 = VECTOR('',#100,1.);
#100 = DIRECTION('',(0.99905627637,-4.343450985534E-02,0.));
#101 = PLANE('',#102);
#102 = AXIS2_PLACEMENT_3D('',#103,#104,#105);
#103 = CARTESIAN_POINT('',(108.,-72.,0.));
#104 = DIRECTION('',(4.343450985534E-02,0.99905627637,-0.));
#105 = DIRECTION('',(0.99905627637,-4.343450985534E-02,0.));
#106 = ADVANCED_FACE('',(#107),#132,.T.);
#107 = FACE_BOUND('',#108,.T.);
#108 = EDGE_LOOP('',(#109,#110,#118,#126));
#109 = ORIENTED_EDGE('',*,*,#57,.T.);
#110 = ORIENTED_EDGE('',*,*,#111,.T.);
#111 = EDGE_CURVE('',#50,#112,#114,.T.);
#112 = VERTEX_POINT('',#113);
#113 = CARTESIAN_POINT('',(108.4375,-72.0625,1.6));
#114 = LINE('',#115,#116);
#115 = CARTESIAN_POINT('',(108.305556,-72.027778,1.6));
#116 = VECTOR('',#117,1.);
#117 = DIRECTION('',(0.967074727144,-0.254492577729,0.));
#118 = ORIENTED_EDGE('',*,*,#119,.F.);
#119 = EDGE_CURVE('',#120,#112,#122,.T.);
#120 = VERTEX_POINT('',#121);
#121 = CARTESIAN_POINT('',(108.4375,-72.0625,0.));
#122 = LINE('',#123,#124);
#123 = CARTESIAN_POINT('',(108.4375,-72.0625,0.));
#124 = VECTOR('',#125,1.);
#125 = DIRECTION('',(0.,0.,1.));
#126 = ORIENTED_EDGE('',*,*,#127,.F.);
#127 = EDGE_CURVE('',#58,#120,#128,.T.);
#128 = LINE('',#129,#130);
#129 = CARTESIAN_POINT('',(108.305556,-72.027778,0.));
#130 = VECTOR('',#131,1.);
#131 = DIRECTION('',(0.967074727144,-0.254492577729,0.));
#132 = PLANE('',#133);
#133 = AXIS2_PLACEMENT_3D('',#134,#135,#136);
#134 = CARTESIAN_POINT('',(108.305556,-72.027778,0.));
#135 = DIRECTION('',(0.254492577729,0.967074727144,-0.));
#136 = DIRECTION('',(0.967074727144,-0.254492577729,0.));
#137 = ADVANCED_FACE('',(#138,#1365,#1376,#1387,#1398,#1409,#1420,#1431,
    #1442,#1453,#1464,#1475,#1486,#1497,#1508,#1519,#1530,#1541,#1552,
    #1563,#1574,#1585,#1596,#1607,#1618,#1629,#1640,#1651,#1662,#1673,
    #1684,#1695,#1706,#1717,#1728,#1739,#1750,#1761,#1772,#1783,#1794,
    #1805,#1816,#1827,#1838,#1849,#1860,#1871,#1882,#1893,#1904,#1915,
    #1926),#1937,.F.);
#138 = FACE_BOUND('',#139,.F.);
#139 = EDGE_LOOP('',(#140,#141,#142,#150,#158,#166,#174,#182,#190,#198,
    #206,#214,#222,#230,#238,#246,#254,#262,#270,#278,#286,#294,#302,
    #310,#318,#326,#334,#342,#350,#358,#366,#374,#382,#390,#398,#406,
    #414,#422,#430,#438,#446,#454,#462,#470,#478,#486,#494,#502,#510,
    #518,#526,#534,#542,#550,#558,#566,#574,#582,#590,#598,#606,#614,
    #622,#630,#638,#646,#654,#662,#670,#678,#686,#694,#702,#710,#718,
    #726,#734,#742,#750,#758,#766,#774,#782,#790,#798,#806,#814,#822,
    #830,#838,#846,#854,#862,#870,#878,#886,#894,#902,#910,#918,#926,
    #934,#942,#950,#958,#966,#974,#982,#990,#998,#1006,#1014,#1022,#1030
    ,#1038,#1046,#1054,#1062,#1070,#1078,#1086,#1094,#1102,#1110,#1118,
    #1126,#1134,#1142,#1150,#1158,#1166,#1174,#1182,#1190,#1198,#1206,
    #1214,#1222,#1230,#1238,#1246,#1254,#1262,#1270,#1278,#1286,#1294,
    #1302,#1310,#1318,#1326,#1334,#1342,#1350,#1358,#1364));
#140 = ORIENTED_EDGE('',*,*,#65,.F.);
#141 = ORIENTED_EDGE('',*,*,#96,.F.);
#142 = ORIENTED_EDGE('',*,*,#143,.F.);
#143 = EDGE_CURVE('',#144,#80,#146,.T.);
#144 = VERTEX_POINT('',#145);
#145 = CARTESIAN_POINT('',(92.,-72.,0.));
#146 = LINE('',#147,#148);
#147 = CARTESIAN_POINT('',(92.,-72.,0.));
#148 = VECTOR('',#149,1.);
#149 = DIRECTION('',(1.,0.,0.));
#150 = ORIENTED_EDGE('',*,*,#151,.F.);
#151 = EDGE_CURVE('',#152,#144,#154,.T.);
#152 = VERTEX_POINT('',#153);
#153 = CARTESIAN_POINT('',(91.840278,-72.006944,0.));
#154 = LINE('',#155,#156);
#155 = CARTESIAN_POINT('',(91.840278,-72.006944,0.));
#156 = VECTOR('',#157,1.);
#157 = DIRECTION('',(0.99905627637,4.343450985534E-02,0.));
#158 = ORIENTED_EDGE('',*,*,#159,.F.);
#159 = EDGE_CURVE('',#160,#152,#162,.T.);
#160 = VERTEX_POINT('',#161);
#161 = CARTESIAN_POINT('',(91.694444,-72.027778,0.));
#162 = LINE('',#163,#164);
#163 = CARTESIAN_POINT('',(91.694444,-72.027778,0.));
#164 = VECTOR('',#165,1.);
#165 = DIRECTION('',(0.989948950599,0.141425157623,0.));
#166 = ORIENTED_EDGE('',*,*,#167,.F.);
#167 = EDGE_CURVE('',#168,#160,#170,.T.);
#168 = VERTEX_POINT('',#169);
#169 = CARTESIAN_POINT('',(91.5625,-72.0625,0.));
#170 = LINE('',#171,#172);
#171 = CARTESIAN_POINT('',(91.5625,-72.0625,0.));
#172 = VECTOR('',#173,1.);
#173 = DIRECTION('',(0.967074727144,0.254492577729,0.));
#174 = ORIENTED_EDGE('',*,*,#175,.F.);
#175 = EDGE_CURVE('',#176,#168,#178,.T.);
#176 = VERTEX_POINT('',#177);
#177 = CARTESIAN_POINT('',(91.444444,-72.111111,0.));
#178 = LINE('',#179,#180);
#179 = CARTESIAN_POINT('',(91.444444,-72.111111,0.));
#180 = VECTOR('',#181,1.);
#181 = DIRECTION('',(0.924678909535,0.380747835531,0.));
#182 = ORIENTED_EDGE('',*,*,#183,.F.);
#183 = EDGE_CURVE('',#184,#176,#186,.T.);
#184 = VERTEX_POINT('',#185);
#185 = CARTESIAN_POINT('',(91.340278,-72.173611,0.));
#186 = LINE('',#187,#188);
#187 = CARTESIAN_POINT('',(91.340278,-72.173611,0.));
#188 = VECTOR('',#189,1.);
#189 = DIRECTION('',(0.857491473008,0.514498176593,0.));
#190 = ORIENTED_EDGE('',*,*,#191,.F.);
#191 = EDGE_CURVE('',#192,#184,#194,.T.);
#192 = VERTEX_POINT('',#193);
#193 = CARTESIAN_POINT('',(91.25,-72.25,0.));
#194 = LINE('',#195,#196);
#195 = CARTESIAN_POINT('',(91.25,-72.25,0.));
#196 = VECTOR('',#197,1.);
#197 = DIRECTION('',(0.763386606112,0.645941862406,0.));
#198 = ORIENTED_EDGE('',*,*,#199,.F.);
#199 = EDGE_CURVE('',#200,#192,#202,.T.);
#200 = VERTEX_POINT('',#201);
#201 = CARTESIAN_POINT('',(91.173611,-72.340278,0.));
#202 = LINE('',#203,#204);
#203 = CARTESIAN_POINT('',(91.173611,-72.340278,0.));
#204 = VECTOR('',#205,1.);
#205 = DIRECTION('',(0.645941862406,0.763386606112,0.));
#206 = ORIENTED_EDGE('',*,*,#207,.F.);
#207 = EDGE_CURVE('',#208,#200,#210,.T.);
#208 = VERTEX_POINT('',#209);
#209 = CARTESIAN_POINT('',(91.111111,-72.444444,0.));
#210 = LINE('',#211,#212);
#211 = CARTESIAN_POINT('',(91.111111,-72.444444,0.));
#212 = VECTOR('',#213,1.);
#213 = DIRECTION('',(0.514498176593,0.857491473008,0.));
#214 = ORIENTED_EDGE('',*,*,#215,.F.);
#215 = EDGE_CURVE('',#216,#208,#218,.T.);
#216 = VERTEX_POINT('',#217);
#217 = CARTESIAN_POINT('',(91.0625,-72.5625,0.));
#218 = LINE('',#219,#220);
#219 = CARTESIAN_POINT('',(91.0625,-72.5625,0.));
#220 = VECTOR('',#221,1.);
#221 = DIRECTION('',(0.380747835531,0.924678909535,0.));
#222 = ORIENTED_EDGE('',*,*,#223,.F.);
#223 = EDGE_CURVE('',#224,#216,#226,.T.);
#224 = VERTEX_POINT('',#225);
#225 = CARTESIAN_POINT('',(91.027778,-72.694444,0.));
#226 = LINE('',#227,#228);
#227 = CARTESIAN_POINT('',(91.027778,-72.694444,0.));
#228 = VECTOR('',#229,1.);
#229 = DIRECTION('',(0.254492577729,0.967074727144,0.));
#230 = ORIENTED_EDGE('',*,*,#231,.F.);
#231 = EDGE_CURVE('',#232,#224,#234,.T.);
#232 = VERTEX_POINT('',#233);
#233 = CARTESIAN_POINT('',(91.006944,-72.840278,0.));
#234 = LINE('',#235,#236);
#235 = CARTESIAN_POINT('',(91.006944,-72.840278,0.));
#236 = VECTOR('',#237,1.);
#237 = DIRECTION('',(0.141425157623,0.989948950599,0.));
#238 = ORIENTED_EDGE('',*,*,#239,.F.);
#239 = EDGE_CURVE('',#240,#232,#242,.T.);
#240 = VERTEX_POINT('',#241);
#241 = CARTESIAN_POINT('',(91.,-73.,0.));
#242 = LINE('',#243,#244);
#243 = CARTESIAN_POINT('',(91.,-73.,0.));
#244 = VECTOR('',#245,1.);
#245 = DIRECTION('',(4.343450985534E-02,0.99905627637,0.));
#246 = ORIENTED_EDGE('',*,*,#247,.F.);
#247 = EDGE_CURVE('',#248,#240,#250,.T.);
#248 = VERTEX_POINT('',#249);
#249 = CARTESIAN_POINT('',(91.,-85.275,0.));
#250 = LINE('',#251,#252);
#251 = CARTESIAN_POINT('',(91.,-85.275,0.));
#252 = VECTOR('',#253,1.);
#253 = DIRECTION('',(0.,1.,0.));
#254 = ORIENTED_EDGE('',*,*,#255,.F.);
#255 = EDGE_CURVE('',#256,#248,#258,.T.);
#256 = VERTEX_POINT('',#257);
#257 = CARTESIAN_POINT('',(90.967188,-86.029688,0.));
#258 = LINE('',#259,#260);
#259 = CARTESIAN_POINT('',(90.967188,-86.029688,0.));
#260 = VECTOR('',#261,1.);
#261 = DIRECTION('',(4.343653490106E-02,0.999056188328,0.));
#262 = ORIENTED_EDGE('',*,*,#263,.F.);
#263 = EDGE_CURVE('',#264,#256,#266,.T.);
#264 = VERTEX_POINT('',#265);
#265 = CARTESIAN_POINT('',(90.86875,-86.71875,0.));
#266 = LINE('',#267,#268);
#267 = CARTESIAN_POINT('',(90.86875,-86.71875,0.));
#268 = VECTOR('',#269,1.);
#269 = DIRECTION('',(0.141422160768,0.989949378728,0.));
#270 = ORIENTED_EDGE('',*,*,#271,.F.);
#271 = EDGE_CURVE('',#272,#264,#274,.T.);
#272 = VERTEX_POINT('',#273);
#273 = CARTESIAN_POINT('',(90.704688,-87.342188,0.));
#274 = LINE('',#275,#276);
#275 = CARTESIAN_POINT('',(90.704688,-87.342188,0.));
#276 = VECTOR('',#277,1.);
#277 = DIRECTION('',(0.254492383029,0.967074778381,0.));
#278 = ORIENTED_EDGE('',*,*,#279,.F.);
#279 = EDGE_CURVE('',#280,#272,#282,.T.);
#280 = VERTEX_POINT('',#281);
#281 = CARTESIAN_POINT('',(90.475,-87.9,0.));
#282 = LINE('',#283,#284);
#283 = CARTESIAN_POINT('',(90.475,-87.9,0.));
#284 = VECTOR('',#285,1.);
#285 = DIRECTION('',(0.380750805752,0.924677686505,0.));
#286 = ORIENTED_EDGE('',*,*,#287,.F.);
#287 = EDGE_CURVE('',#288,#280,#290,.T.);
#288 = VERTEX_POINT('',#289);
#289 = CARTESIAN_POINT('',(90.179688,-88.392188,0.));
#290 = LINE('',#291,#292);
#291 = CARTESIAN_POINT('',(90.179688,-88.392188,0.));
#292 = VECTOR('',#293,1.);
#293 = DIRECTION('',(0.514494730599,0.857493540609,0.));
#294 = ORIENTED_EDGE('',*,*,#295,.F.);
#295 = EDGE_CURVE('',#296,#288,#298,.T.);
#296 = VERTEX_POINT('',#297);
#297 = CARTESIAN_POINT('',(89.81875,-88.81875,0.));
#298 = LINE('',#299,#300);
#299 = CARTESIAN_POINT('',(89.81875,-88.81875,0.));
#300 = VECTOR('',#301,1.);
#301 = DIRECTION('',(0.64594320416,0.763385470781,0.));
#302 = ORIENTED_EDGE('',*,*,#303,.F.);
#303 = EDGE_CURVE('',#304,#296,#306,.T.);
#304 = VERTEX_POINT('',#305);
#305 = CARTESIAN_POINT('',(89.392188,-89.179688,0.));
#306 = LINE('',#307,#308);
#307 = CARTESIAN_POINT('',(89.392188,-89.179688,0.));
#308 = VECTOR('',#309,1.);
#309 = DIRECTION('',(0.763385470781,0.64594320416,0.));
#310 = ORIENTED_EDGE('',*,*,#311,.F.);
#311 = EDGE_CURVE('',#312,#304,#314,.T.);
#312 = VERTEX_POINT('',#313);
#313 = CARTESIAN_POINT('',(88.9,-89.475,0.));
#314 = LINE('',#315,#316);
#315 = CARTESIAN_POINT('',(88.9,-89.475,0.));
#316 = VECTOR('',#317,1.);
#317 = DIRECTION('',(0.857493540609,0.514494730599,0.));
#318 = ORIENTED_EDGE('',*,*,#319,.F.);
#319 = EDGE_CURVE('',#320,#312,#322,.T.);
#320 = VERTEX_POINT('',#321);
#321 = CARTESIAN_POINT('',(88.342188,-89.704688,0.));
#322 = LINE('',#323,#324);
#323 = CARTESIAN_POINT('',(88.342188,-89.704688,0.));
#324 = VECTOR('',#325,1.);
#325 = DIRECTION('',(0.924677686505,0.380750805752,0.));
#326 = ORIENTED_EDGE('',*,*,#327,.F.);
#327 = EDGE_CURVE('',#328,#320,#330,.T.);
#328 = VERTEX_POINT('',#329);
#329 = CARTESIAN_POINT('',(87.71875,-89.86875,0.));
#330 = LINE('',#331,#332);
#331 = CARTESIAN_POINT('',(87.71875,-89.86875,0.));
#332 = VECTOR('',#333,1.);
#333 = DIRECTION('',(0.967074778381,0.254492383029,0.));
#334 = ORIENTED_EDGE('',*,*,#335,.F.);
#335 = EDGE_CURVE('',#336,#328,#338,.T.);
#336 = VERTEX_POINT('',#337);
#337 = CARTESIAN_POINT('',(87.029688,-89.967188,0.));
#338 = LINE('',#339,#340);
#339 = CARTESIAN_POINT('',(87.029688,-89.967188,0.));
#340 = VECTOR('',#341,1.);
#341 = DIRECTION('',(0.989949378728,0.141422160768,0.));
#342 = ORIENTED_EDGE('',*,*,#343,.F.);
#343 = EDGE_CURVE('',#344,#336,#346,.T.);
#344 = VERTEX_POINT('',#345);
#345 = CARTESIAN_POINT('',(86.275,-90.,0.));
#346 = LINE('',#347,#348);
#347 = CARTESIAN_POINT('',(86.275,-90.,0.));
#348 = VECTOR('',#349,1.);
#349 = DIRECTION('',(0.999056188328,4.343653490106E-02,0.));
#350 = ORIENTED_EDGE('',*,*,#351,.F.);
#351 = EDGE_CURVE('',#352,#344,#354,.T.);
#352 = VERTEX_POINT('',#353);
#353 = CARTESIAN_POINT('',(80.5,-90.,0.));
#354 = LINE('',#355,#356);
#355 = CARTESIAN_POINT('',(80.5,-90.,0.));
#356 = VECTOR('',#357,1.);
#357 = DIRECTION('',(1.,0.,0.));
#358 = ORIENTED_EDGE('',*,*,#359,.F.);
#359 = EDGE_CURVE('',#360,#352,#362,.T.);
#360 = VERTEX_POINT('',#361);
#361 = CARTESIAN_POINT('',(80.020833,-90.020833,0.));
#362 = LINE('',#363,#364);
#363 = CARTESIAN_POINT('',(80.020833,-90.020833,0.));
#364 = VECTOR('',#365,1.);
#365 = DIRECTION('',(0.999056189826,4.343650043231E-02,0.));
#366 = ORIENTED_EDGE('',*,*,#367,.F.);
#367 = EDGE_CURVE('',#368,#360,#370,.T.);
#368 = VERTEX_POINT('',#369);
#369 = CARTESIAN_POINT('',(79.583333,-90.083333,0.));
#370 = LINE('',#371,#372);
#371 = CARTESIAN_POINT('',(79.583333,-90.083333,0.));
#372 = VECTOR('',#373,1.);
#373 = DIRECTION('',(0.989949493661,0.141421356237,0.));
#374 = ORIENTED_EDGE('',*,*,#375,.F.);
#375 = EDGE_CURVE('',#376,#368,#378,.T.);
#376 = VERTEX_POINT('',#377);
#377 = CARTESIAN_POINT('',(79.1875,-90.1875,0.));
#378 = LINE('',#379,#380);
#379 = CARTESIAN_POINT('',(79.1875,-90.1875,0.));
#380 = VECTOR('',#381,1.);
#381 = DIRECTION('',(0.967074284087,0.254494261344,0.));
#382 = ORIENTED_EDGE('',*,*,#383,.F.);
#383 = EDGE_CURVE('',#384,#376,#386,.T.);
#384 = VERTEX_POINT('',#385);
#385 = CARTESIAN_POINT('',(78.833333,-90.333333,0.));
#386 = LINE('',#387,#388);
#387 = CARTESIAN_POINT('',(78.833333,-90.333333,0.));
#388 = VECTOR('',#389,1.);
#389 = DIRECTION('',(0.924678531042,0.380748754733,0.));
#390 = ORIENTED_EDGE('',*,*,#391,.F.);
#391 = EDGE_CURVE('',#392,#384,#394,.T.);
#392 = VERTEX_POINT('',#393);
#393 = CARTESIAN_POINT('',(78.520833,-90.520833,0.));
#394 = LINE('',#395,#396);
#395 = CARTESIAN_POINT('',(78.520833,-90.520833,0.));
#396 = VECTOR('',#397,1.);
#397 = DIRECTION('',(0.857492925713,0.514495755428,0.));
#398 = ORIENTED_EDGE('',*,*,#399,.F.);
#399 = EDGE_CURVE('',#400,#392,#402,.T.);
#400 = VERTEX_POINT('',#401);
#401 = CARTESIAN_POINT('',(78.25,-90.75,0.));
#402 = LINE('',#403,#404);
#403 = CARTESIAN_POINT('',(78.25,-90.75,0.));
#404 = VECTOR('',#405,1.);
#405 = DIRECTION('',(0.763385430052,0.645943252294,0.));
#406 = ORIENTED_EDGE('',*,*,#407,.F.);
#407 = EDGE_CURVE('',#408,#400,#410,.T.);
#408 = VERTEX_POINT('',#409);
#409 = CARTESIAN_POINT('',(78.020833,-91.020833,0.));
#410 = LINE('',#411,#412);
#411 = CARTESIAN_POINT('',(78.020833,-91.020833,0.));
#412 = VECTOR('',#413,1.);
#413 = DIRECTION('',(0.645943252294,0.763385430052,0.));
#414 = ORIENTED_EDGE('',*,*,#415,.F.);
#415 = EDGE_CURVE('',#416,#408,#418,.T.);
#416 = VERTEX_POINT('',#417);
#417 = CARTESIAN_POINT('',(77.833333,-91.333333,0.));
#418 = LINE('',#419,#420);
#419 = CARTESIAN_POINT('',(77.833333,-91.333333,0.));
#420 = VECTOR('',#421,1.);
#421 = DIRECTION('',(0.514495755428,0.857492925713,0.));
#422 = ORIENTED_EDGE('',*,*,#423,.F.);
#423 = EDGE_CURVE('',#424,#416,#426,.T.);
#424 = VERTEX_POINT('',#425);
#425 = CARTESIAN_POINT('',(77.6875,-91.6875,0.));
#426 = LINE('',#427,#428);
#427 = CARTESIAN_POINT('',(77.6875,-91.6875,0.));
#428 = VECTOR('',#429,1.);
#429 = DIRECTION('',(0.380748754733,0.924678531042,0.));
#430 = ORIENTED_EDGE('',*,*,#431,.F.);
#431 = EDGE_CURVE('',#432,#424,#434,.T.);
#432 = VERTEX_POINT('',#433);
#433 = CARTESIAN_POINT('',(77.583333,-92.083333,0.));
#434 = LINE('',#435,#436);
#435 = CARTESIAN_POINT('',(77.583333,-92.083333,0.));
#436 = VECTOR('',#437,1.);
#437 = DIRECTION('',(0.254494261344,0.967074284087,0.));
#438 = ORIENTED_EDGE('',*,*,#439,.F.);
#439 = EDGE_CURVE('',#440,#432,#442,.T.);
#440 = VERTEX_POINT('',#441);
#441 = CARTESIAN_POINT('',(77.520833,-92.520833,0.));
#442 = LINE('',#443,#444);
#443 = CARTESIAN_POINT('',(77.520833,-92.520833,0.));
#444 = VECTOR('',#445,1.);
#445 = DIRECTION('',(0.141421356237,0.989949493661,0.));
#446 = ORIENTED_EDGE('',*,*,#447,.F.);
#447 = EDGE_CURVE('',#448,#440,#450,.T.);
#448 = VERTEX_POINT('',#449);
#449 = CARTESIAN_POINT('',(77.5,-93.,0.));
#450 = LINE('',#451,#452);
#451 = CARTESIAN_POINT('',(77.5,-93.,0.));
#452 = VECTOR('',#453,1.);
#453 = DIRECTION('',(4.343650043231E-02,0.999056189826,0.));
#454 = ORIENTED_EDGE('',*,*,#455,.F.);
#455 = EDGE_CURVE('',#456,#448,#458,.T.);
#456 = VERTEX_POINT('',#457);
#457 = CARTESIAN_POINT('',(77.5,-147.,0.));
#458 = LINE('',#459,#460);
#459 = CARTESIAN_POINT('',(77.5,-147.,0.));
#460 = VECTOR('',#461,1.);
#461 = DIRECTION('',(0.,1.,0.));
#462 = ORIENTED_EDGE('',*,*,#463,.F.);
#463 = EDGE_CURVE('',#464,#456,#466,.T.);
#464 = VERTEX_POINT('',#465);
#465 = CARTESIAN_POINT('',(77.520833,-147.479167,0.));
#466 = LINE('',#467,#468);
#467 = CARTESIAN_POINT('',(77.520833,-147.479167,0.));
#468 = VECTOR('',#469,1.);
#469 = DIRECTION('',(-4.343650043231E-02,0.999056189826,0.));
#470 = ORIENTED_EDGE('',*,*,#471,.F.);
#471 = EDGE_CURVE('',#472,#464,#474,.T.);
#472 = VERTEX_POINT('',#473);
#473 = CARTESIAN_POINT('',(77.583333,-147.916667,0.));
#474 = LINE('',#475,#476);
#475 = CARTESIAN_POINT('',(77.583333,-147.916667,0.));
#476 = VECTOR('',#477,1.);
#477 = DIRECTION('',(-0.141421356237,0.989949493661,0.));
#478 = ORIENTED_EDGE('',*,*,#479,.F.);
#479 = EDGE_CURVE('',#480,#472,#482,.T.);
#480 = VERTEX_POINT('',#481);
#481 = CARTESIAN_POINT('',(77.6875,-148.3125,0.));
#482 = LINE('',#483,#484);
#483 = CARTESIAN_POINT('',(77.6875,-148.3125,0.));
#484 = VECTOR('',#485,1.);
#485 = DIRECTION('',(-0.254494261344,0.967074284087,0.));
#486 = ORIENTED_EDGE('',*,*,#487,.F.);
#487 = EDGE_CURVE('',#488,#480,#490,.T.);
#488 = VERTEX_POINT('',#489);
#489 = CARTESIAN_POINT('',(77.833333,-148.666667,0.));
#490 = LINE('',#491,#492);
#491 = CARTESIAN_POINT('',(77.833333,-148.666667,0.));
#492 = VECTOR('',#493,1.);
#493 = DIRECTION('',(-0.380748754733,0.924678531042,0.));
#494 = ORIENTED_EDGE('',*,*,#495,.F.);
#495 = EDGE_CURVE('',#496,#488,#498,.T.);
#496 = VERTEX_POINT('',#497);
#497 = CARTESIAN_POINT('',(78.020833,-148.979167,0.));
#498 = LINE('',#499,#500);
#499 = CARTESIAN_POINT('',(78.020833,-148.979167,0.));
#500 = VECTOR('',#501,1.);
#501 = DIRECTION('',(-0.514495755428,0.857492925713,0.));
#502 = ORIENTED_EDGE('',*,*,#503,.F.);
#503 = EDGE_CURVE('',#504,#496,#506,.T.);
#504 = VERTEX_POINT('',#505);
#505 = CARTESIAN_POINT('',(78.25,-149.25,0.));
#506 = LINE('',#507,#508);
#507 = CARTESIAN_POINT('',(78.25,-149.25,0.));
#508 = VECTOR('',#509,1.);
#509 = DIRECTION('',(-0.645943252294,0.763385430052,0.));
#510 = ORIENTED_EDGE('',*,*,#511,.F.);
#511 = EDGE_CURVE('',#512,#504,#514,.T.);
#512 = VERTEX_POINT('',#513);
#513 = CARTESIAN_POINT('',(78.520833,-149.479167,0.));
#514 = LINE('',#515,#516);
#515 = CARTESIAN_POINT('',(78.520833,-149.479167,0.));
#516 = VECTOR('',#517,1.);
#517 = DIRECTION('',(-0.763385430052,0.645943252294,0.));
#518 = ORIENTED_EDGE('',*,*,#519,.F.);
#519 = EDGE_CURVE('',#520,#512,#522,.T.);
#520 = VERTEX_POINT('',#521);
#521 = CARTESIAN_POINT('',(78.833333,-149.666667,0.));
#522 = LINE('',#523,#524);
#523 = CARTESIAN_POINT('',(78.833333,-149.666667,0.));
#524 = VECTOR('',#525,1.);
#525 = DIRECTION('',(-0.857492925713,0.514495755428,0.));
#526 = ORIENTED_EDGE('',*,*,#527,.F.);
#527 = EDGE_CURVE('',#528,#520,#530,.T.);
#528 = VERTEX_POINT('',#529);
#529 = CARTESIAN_POINT('',(79.1875,-149.8125,0.));
#530 = LINE('',#531,#532);
#531 = CARTESIAN_POINT('',(79.1875,-149.8125,0.));
#532 = VECTOR('',#533,1.);
#533 = DIRECTION('',(-0.924678531042,0.380748754733,0.));
#534 = ORIENTED_EDGE('',*,*,#535,.F.);
#535 = EDGE_CURVE('',#536,#528,#538,.T.);
#536 = VERTEX_POINT('',#537);
#537 = CARTESIAN_POINT('',(79.583333,-149.916667,0.));
#538 = LINE('',#539,#540);
#539 = CARTESIAN_POINT('',(79.583333,-149.916667,0.));
#540 = VECTOR('',#541,1.);
#541 = DIRECTION('',(-0.967074284087,0.254494261344,0.));
#542 = ORIENTED_EDGE('',*,*,#543,.F.);
#543 = EDGE_CURVE('',#544,#536,#546,.T.);
#544 = VERTEX_POINT('',#545);
#545 = CARTESIAN_POINT('',(80.020833,-149.979167,0.));
#546 = LINE('',#547,#548);
#547 = CARTESIAN_POINT('',(80.020833,-149.979167,0.));
#548 = VECTOR('',#549,1.);
#549 = DIRECTION('',(-0.989949493661,0.141421356237,0.));
#550 = ORIENTED_EDGE('',*,*,#551,.F.);
#551 = EDGE_CURVE('',#552,#544,#554,.T.);
#552 = VERTEX_POINT('',#553);
#553 = CARTESIAN_POINT('',(80.5,-150.,0.));
#554 = LINE('',#555,#556);
#555 = CARTESIAN_POINT('',(80.5,-150.,0.));
#556 = VECTOR('',#557,1.);
#557 = DIRECTION('',(-0.999056189826,4.343650043234E-02,0.));
#558 = ORIENTED_EDGE('',*,*,#559,.F.);
#559 = EDGE_CURVE('',#560,#552,#562,.T.);
#560 = VERTEX_POINT('',#561);
#561 = CARTESIAN_POINT('',(87.5,-150.,0.));
#562 = LINE('',#563,#564);
#563 = CARTESIAN_POINT('',(87.5,-150.,0.));
#564 = VECTOR('',#565,1.);
#565 = DIRECTION('',(-1.,0.,0.));
#566 = ORIENTED_EDGE('',*,*,#567,.F.);
#567 = EDGE_CURVE('',#568,#560,#570,.T.);
#568 = VERTEX_POINT('',#569);
#569 = CARTESIAN_POINT('',(88.298611,-150.034722,0.));
#570 = LINE('',#571,#572);
#571 = CARTESIAN_POINT('',(88.298611,-150.034722,0.));
#572 = VECTOR('',#573,1.);
#573 = DIRECTION('',(-0.999056170157,4.343695283458E-02,0.));
#574 = ORIENTED_EDGE('',*,*,#575,.F.);
#575 = EDGE_CURVE('',#576,#568,#578,.T.);
#576 = VERTEX_POINT('',#577);
#577 = CARTESIAN_POINT('',(89.027778,-150.138889,0.));
#578 = LINE('',#579,#580);
#579 = CARTESIAN_POINT('',(89.027778,-150.138889,0.));
#580 = VECTOR('',#581,1.);
#581 = DIRECTION('',(-0.989949439355,0.141421736378,0.));
#582 = ORIENTED_EDGE('',*,*,#583,.F.);
#583 = EDGE_CURVE('',#584,#576,#586,.T.);
#584 = VERTEX_POINT('',#585);
#585 = CARTESIAN_POINT('',(89.6875,-150.3125,0.));
#586 = LINE('',#587,#588);
#587 = CARTESIAN_POINT('',(89.6875,-150.3125,0.));
#588 = VECTOR('',#589,1.);
#589 = DIRECTION('',(-0.967074556251,0.254493227125,0.));
#590 = ORIENTED_EDGE('',*,*,#591,.F.);
#591 = EDGE_CURVE('',#592,#584,#594,.T.);
#592 = VERTEX_POINT('',#593);
#593 = CARTESIAN_POINT('',(90.277778,-150.555556,0.));
#594 = LINE('',#595,#596);
#595 = CARTESIAN_POINT('',(90.277778,-150.555556,0.));
#596 = VECTOR('',#597,1.);
#597 = DIRECTION('',(-0.924677903819,0.380750277989,0.));
#598 = ORIENTED_EDGE('',*,*,#599,.F.);
#599 = EDGE_CURVE('',#600,#592,#602,.T.);
#600 = VERTEX_POINT('',#601);
#601 = CARTESIAN_POINT('',(90.798611,-150.868056,0.));
#602 = LINE('',#603,#604);
#603 = CARTESIAN_POINT('',(90.798611,-150.868056,0.));
#604 = VECTOR('',#605,1.);
#605 = DIRECTION('',(-0.857492780443,0.514495997543,0.));
#606 = ORIENTED_EDGE('',*,*,#607,.F.);
#607 = EDGE_CURVE('',#608,#600,#610,.T.);
#608 = VERTEX_POINT('',#609);
#609 = CARTESIAN_POINT('',(91.25,-151.25,0.));
#610 = LINE('',#611,#612);
#611 = CARTESIAN_POINT('',(91.25,-151.25,0.));
#612 = VECTOR('',#613,1.);
#613 = DIRECTION('',(-0.76338673441,0.645941710781,0.));
#614 = ORIENTED_EDGE('',*,*,#615,.F.);
#615 = EDGE_CURVE('',#616,#608,#618,.T.);
#616 = VERTEX_POINT('',#617);
#617 = CARTESIAN_POINT('',(91.631944,-151.701389,0.));
#618 = LINE('',#619,#620);
#619 = CARTESIAN_POINT('',(91.631944,-151.701389,0.));
#620 = VECTOR('',#621,1.);
#621 = DIRECTION('',(-0.645941710781,0.76338673441,0.));
#622 = ORIENTED_EDGE('',*,*,#623,.F.);
#623 = EDGE_CURVE('',#624,#616,#626,.T.);
#624 = VERTEX_POINT('',#625);
#625 = CARTESIAN_POINT('',(91.944444,-152.222222,0.));
#626 = LINE('',#627,#628);
#627 = CARTESIAN_POINT('',(91.944444,-152.222222,0.));
#628 = VECTOR('',#629,1.);
#629 = DIRECTION('',(-0.514495997543,0.857492780443,0.));
#630 = ORIENTED_EDGE('',*,*,#631,.F.);
#631 = EDGE_CURVE('',#632,#624,#634,.T.);
#632 = VERTEX_POINT('',#633);
#633 = CARTESIAN_POINT('',(92.1875,-152.8125,0.));
#634 = LINE('',#635,#636);
#635 = CARTESIAN_POINT('',(92.1875,-152.8125,0.));
#636 = VECTOR('',#637,1.);
#637 = DIRECTION('',(-0.380750277989,0.924677903819,0.));
#638 = ORIENTED_EDGE('',*,*,#639,.F.);
#639 = EDGE_CURVE('',#640,#632,#642,.T.);
#640 = VERTEX_POINT('',#641);
#641 = CARTESIAN_POINT('',(92.361111,-153.472222,0.));
#642 = LINE('',#643,#644);
#643 = CARTESIAN_POINT('',(92.361111,-153.472222,0.));
#644 = VECTOR('',#645,1.);
#645 = DIRECTION('',(-0.254493227125,0.967074556251,0.));
#646 = ORIENTED_EDGE('',*,*,#647,.F.);
#647 = EDGE_CURVE('',#648,#640,#650,.T.);
#648 = VERTEX_POINT('',#649);
#649 = CARTESIAN_POINT('',(92.465278,-154.201389,0.));
#650 = LINE('',#651,#652);
#651 = CARTESIAN_POINT('',(92.465278,-154.201389,0.));
#652 = VECTOR('',#653,1.);
#653 = DIRECTION('',(-0.141421736378,0.989949439355,0.));
#654 = ORIENTED_EDGE('',*,*,#655,.F.);
#655 = EDGE_CURVE('',#656,#648,#658,.T.);
#656 = VERTEX_POINT('',#657);
#657 = CARTESIAN_POINT('',(92.5,-155.,0.));
#658 = LINE('',#659,#660);
#659 = CARTESIAN_POINT('',(92.5,-155.,0.));
#660 = VECTOR('',#661,1.);
#661 = DIRECTION('',(-4.343695283459E-02,0.999056170157,0.));
#662 = ORIENTED_EDGE('',*,*,#663,.F.);
#663 = EDGE_CURVE('',#664,#656,#666,.T.);
#664 = VERTEX_POINT('',#665);
#665 = CARTESIAN_POINT('',(92.5,-163.,0.));
#666 = LINE('',#667,#668);
#667 = CARTESIAN_POINT('',(92.5,-163.,0.));
#668 = VECTOR('',#669,1.);
#669 = DIRECTION('',(0.,1.,0.));
#670 = ORIENTED_EDGE('',*,*,#671,.F.);
#671 = EDGE_CURVE('',#672,#664,#674,.T.);
#672 = VERTEX_POINT('',#673);
#673 = CARTESIAN_POINT('',(92.520833,-163.479167,0.));
#674 = LINE('',#675,#676);
#675 = CARTESIAN_POINT('',(92.520833,-163.479167,0.));
#676 = VECTOR('',#677,1.);
#677 = DIRECTION('',(-4.343650043231E-02,0.999056189826,0.));
#678 = ORIENTED_EDGE('',*,*,#679,.F.);
#679 = EDGE_CURVE('',#680,#672,#682,.T.);
#680 = VERTEX_POINT('',#681);
#681 = CARTESIAN_POINT('',(92.583333,-163.916667,0.));
#682 = LINE('',#683,#684);
#683 = CARTESIAN_POINT('',(92.583333,-163.916667,0.));
#684 = VECTOR('',#685,1.);
#685 = DIRECTION('',(-0.141421356237,0.989949493661,0.));
#686 = ORIENTED_EDGE('',*,*,#687,.F.);
#687 = EDGE_CURVE('',#688,#680,#690,.T.);
#688 = VERTEX_POINT('',#689);
#689 = CARTESIAN_POINT('',(92.6875,-164.3125,0.));
#690 = LINE('',#691,#692);
#691 = CARTESIAN_POINT('',(92.6875,-164.3125,0.));
#692 = VECTOR('',#693,1.);
#693 = DIRECTION('',(-0.254494261344,0.967074284087,0.));
#694 = ORIENTED_EDGE('',*,*,#695,.F.);
#695 = EDGE_CURVE('',#696,#688,#698,.T.);
#696 = VERTEX_POINT('',#697);
#697 = CARTESIAN_POINT('',(92.833333,-164.666667,0.));
#698 = LINE('',#699,#700);
#699 = CARTESIAN_POINT('',(92.833333,-164.666667,0.));
#700 = VECTOR('',#701,1.);
#701 = DIRECTION('',(-0.380748754733,0.924678531042,0.));
#702 = ORIENTED_EDGE('',*,*,#703,.F.);
#703 = EDGE_CURVE('',#704,#696,#706,.T.);
#704 = VERTEX_POINT('',#705);
#705 = CARTESIAN_POINT('',(93.020833,-164.979167,0.));
#706 = LINE('',#707,#708);
#707 = CARTESIAN_POINT('',(93.020833,-164.979167,0.));
#708 = VECTOR('',#709,1.);
#709 = DIRECTION('',(-0.514495755428,0.857492925713,0.));
#710 = ORIENTED_EDGE('',*,*,#711,.F.);
#711 = EDGE_CURVE('',#712,#704,#714,.T.);
#712 = VERTEX_POINT('',#713);
#713 = CARTESIAN_POINT('',(93.25,-165.25,0.));
#714 = LINE('',#715,#716);
#715 = CARTESIAN_POINT('',(93.25,-165.25,0.));
#716 = VECTOR('',#717,1.);
#717 = DIRECTION('',(-0.645943252294,0.763385430052,0.));
#718 = ORIENTED_EDGE('',*,*,#719,.F.);
#719 = EDGE_CURVE('',#720,#712,#722,.T.);
#720 = VERTEX_POINT('',#721);
#721 = CARTESIAN_POINT('',(93.520833,-165.479167,0.));
#722 = LINE('',#723,#724);
#723 = CARTESIAN_POINT('',(93.520833,-165.479167,0.));
#724 = VECTOR('',#725,1.);
#725 = DIRECTION('',(-0.763385430052,0.645943252294,0.));
#726 = ORIENTED_EDGE('',*,*,#727,.F.);
#727 = EDGE_CURVE('',#728,#720,#730,.T.);
#728 = VERTEX_POINT('',#729);
#729 = CARTESIAN_POINT('',(93.833333,-165.666667,0.));
#730 = LINE('',#731,#732);
#731 = CARTESIAN_POINT('',(93.833333,-165.666667,0.));
#732 = VECTOR('',#733,1.);
#733 = DIRECTION('',(-0.857492925713,0.514495755428,0.));
#734 = ORIENTED_EDGE('',*,*,#735,.F.);
#735 = EDGE_CURVE('',#736,#728,#738,.T.);
#736 = VERTEX_POINT('',#737);
#737 = CARTESIAN_POINT('',(94.1875,-165.8125,0.));
#738 = LINE('',#739,#740);
#739 = CARTESIAN_POINT('',(94.1875,-165.8125,0.));
#740 = VECTOR('',#741,1.);
#741 = DIRECTION('',(-0.924678531042,0.380748754733,0.));
#742 = ORIENTED_EDGE('',*,*,#743,.F.);
#743 = EDGE_CURVE('',#744,#736,#746,.T.);
#744 = VERTEX_POINT('',#745);
#745 = CARTESIAN_POINT('',(94.583333,-165.916667,0.));
#746 = LINE('',#747,#748);
#747 = CARTESIAN_POINT('',(94.583333,-165.916667,0.));
#748 = VECTOR('',#749,1.);
#749 = DIRECTION('',(-0.967074284087,0.254494261344,0.));
#750 = ORIENTED_EDGE('',*,*,#751,.F.);
#751 = EDGE_CURVE('',#752,#744,#754,.T.);
#752 = VERTEX_POINT('',#753);
#753 = CARTESIAN_POINT('',(95.020833,-165.979167,0.));
#754 = LINE('',#755,#756);
#755 = CARTESIAN_POINT('',(95.020833,-165.979167,0.));
#756 = VECTOR('',#757,1.);
#757 = DIRECTION('',(-0.989949493661,0.141421356237,0.));
#758 = ORIENTED_EDGE('',*,*,#759,.F.);
#759 = EDGE_CURVE('',#760,#752,#762,.T.);
#760 = VERTEX_POINT('',#761);
#761 = CARTESIAN_POINT('',(95.5,-166.,0.));
#762 = LINE('',#763,#764);
#763 = CARTESIAN_POINT('',(95.5,-166.,0.));
#764 = VECTOR('',#765,1.);
#765 = DIRECTION('',(-0.999056189826,4.343650043234E-02,0.));
#766 = ORIENTED_EDGE('',*,*,#767,.F.);
#767 = EDGE_CURVE('',#768,#760,#770,.T.);
#768 = VERTEX_POINT('',#769);
#769 = CARTESIAN_POINT('',(104.5,-166.,0.));
#770 = LINE('',#771,#772);
#771 = CARTESIAN_POINT('',(104.5,-166.,0.));
#772 = VECTOR('',#773,1.);
#773 = DIRECTION('',(-1.,0.,0.));
#774 = ORIENTED_EDGE('',*,*,#775,.F.);
#775 = EDGE_CURVE('',#776,#768,#778,.T.);
#776 = VERTEX_POINT('',#777);
#777 = CARTESIAN_POINT('',(104.979167,-165.979167,0.));
#778 = LINE('',#779,#780);
#779 = CARTESIAN_POINT('',(104.979167,-165.979167,0.));
#780 = VECTOR('',#781,1.);
#781 = DIRECTION('',(-0.999056189826,-4.343650043234E-02,0.));
#782 = ORIENTED_EDGE('',*,*,#783,.F.);
#783 = EDGE_CURVE('',#784,#776,#786,.T.);
#784 = VERTEX_POINT('',#785);
#785 = CARTESIAN_POINT('',(105.416667,-165.916667,0.));
#786 = LINE('',#787,#788);
#787 = CARTESIAN_POINT('',(105.416667,-165.916667,0.));
#788 = VECTOR('',#789,1.);
#789 = DIRECTION('',(-0.989949493661,-0.141421356237,0.));
#790 = ORIENTED_EDGE('',*,*,#791,.F.);
#791 = EDGE_CURVE('',#792,#784,#794,.T.);
#792 = VERTEX_POINT('',#793);
#793 = CARTESIAN_POINT('',(105.8125,-165.8125,0.));
#794 = LINE('',#795,#796);
#795 = CARTESIAN_POINT('',(105.8125,-165.8125,0.));
#796 = VECTOR('',#797,1.);
#797 = DIRECTION('',(-0.967074284087,-0.254494261344,0.));
#798 = ORIENTED_EDGE('',*,*,#799,.F.);
#799 = EDGE_CURVE('',#800,#792,#802,.T.);
#800 = VERTEX_POINT('',#801);
#801 = CARTESIAN_POINT('',(106.166667,-165.666667,0.));
#802 = LINE('',#803,#804);
#803 = CARTESIAN_POINT('',(106.166667,-165.666667,0.));
#804 = VECTOR('',#805,1.);
#805 = DIRECTION('',(-0.924678531042,-0.380748754733,0.));
#806 = ORIENTED_EDGE('',*,*,#807,.F.);
#807 = EDGE_CURVE('',#808,#800,#810,.T.);
#808 = VERTEX_POINT('',#809);
#809 = CARTESIAN_POINT('',(106.479167,-165.479167,0.));
#810 = LINE('',#811,#812);
#811 = CARTESIAN_POINT('',(106.479167,-165.479167,0.));
#812 = VECTOR('',#813,1.);
#813 = DIRECTION('',(-0.857492925713,-0.514495755428,0.));
#814 = ORIENTED_EDGE('',*,*,#815,.F.);
#815 = EDGE_CURVE('',#816,#808,#818,.T.);
#816 = VERTEX_POINT('',#817);
#817 = CARTESIAN_POINT('',(106.75,-165.25,0.));
#818 = LINE('',#819,#820);
#819 = CARTESIAN_POINT('',(106.75,-165.25,0.));
#820 = VECTOR('',#821,1.);
#821 = DIRECTION('',(-0.763385430052,-0.645943252294,0.));
#822 = ORIENTED_EDGE('',*,*,#823,.F.);
#823 = EDGE_CURVE('',#824,#816,#826,.T.);
#824 = VERTEX_POINT('',#825);
#825 = CARTESIAN_POINT('',(106.979167,-164.979167,0.));
#826 = LINE('',#827,#828);
#827 = CARTESIAN_POINT('',(106.979167,-164.979167,0.));
#828 = VECTOR('',#829,1.);
#829 = DIRECTION('',(-0.645943252294,-0.763385430052,0.));
#830 = ORIENTED_EDGE('',*,*,#831,.F.);
#831 = EDGE_CURVE('',#832,#824,#834,.T.);
#832 = VERTEX_POINT('',#833);
#833 = CARTESIAN_POINT('',(107.166667,-164.666667,0.));
#834 = LINE('',#835,#836);
#835 = CARTESIAN_POINT('',(107.166667,-164.666667,0.));
#836 = VECTOR('',#837,1.);
#837 = DIRECTION('',(-0.514495755428,-0.857492925713,0.));
#838 = ORIENTED_EDGE('',*,*,#839,.F.);
#839 = EDGE_CURVE('',#840,#832,#842,.T.);
#840 = VERTEX_POINT('',#841);
#841 = CARTESIAN_POINT('',(107.3125,-164.3125,0.));
#842 = LINE('',#843,#844);
#843 = CARTESIAN_POINT('',(107.3125,-164.3125,0.));
#844 = VECTOR('',#845,1.);
#845 = DIRECTION('',(-0.380748754733,-0.924678531042,0.));
#846 = ORIENTED_EDGE('',*,*,#847,.F.);
#847 = EDGE_CURVE('',#848,#840,#850,.T.);
#848 = VERTEX_POINT('',#849);
#849 = CARTESIAN_POINT('',(107.416667,-163.916667,0.));
#850 = LINE('',#851,#852);
#851 = CARTESIAN_POINT('',(107.416667,-163.916667,0.));
#852 = VECTOR('',#853,1.);
#853 = DIRECTION('',(-0.254494261344,-0.967074284087,0.));
#854 = ORIENTED_EDGE('',*,*,#855,.F.);
#855 = EDGE_CURVE('',#856,#848,#858,.T.);
#856 = VERTEX_POINT('',#857);
#857 = CARTESIAN_POINT('',(107.479167,-163.479167,0.));
#858 = LINE('',#859,#860);
#859 = CARTESIAN_POINT('',(107.479167,-163.479167,0.));
#860 = VECTOR('',#861,1.);
#861 = DIRECTION('',(-0.141421356237,-0.989949493661,0.));
#862 = ORIENTED_EDGE('',*,*,#863,.F.);
#863 = EDGE_CURVE('',#864,#856,#866,.T.);
#864 = VERTEX_POINT('',#865);
#865 = CARTESIAN_POINT('',(107.5,-163.,0.));
#866 = LINE('',#867,#868);
#867 = CARTESIAN_POINT('',(107.5,-163.,0.));
#868 = VECTOR('',#869,1.);
#869 = DIRECTION('',(-4.343650043231E-02,-0.999056189826,0.));
#870 = ORIENTED_EDGE('',*,*,#871,.F.);
#871 = EDGE_CURVE('',#872,#864,#874,.T.);
#872 = VERTEX_POINT('',#873);
#873 = CARTESIAN_POINT('',(107.5,-155.,0.));
#874 = LINE('',#875,#876);
#875 = CARTESIAN_POINT('',(107.5,-155.,0.));
#876 = VECTOR('',#877,1.);
#877 = DIRECTION('',(0.,-1.,0.));
#878 = ORIENTED_EDGE('',*,*,#879,.F.);
#879 = EDGE_CURVE('',#880,#872,#882,.T.);
#880 = VERTEX_POINT('',#881);
#881 = CARTESIAN_POINT('',(107.534722,-154.201389,0.));
#882 = LINE('',#883,#884);
#883 = CARTESIAN_POINT('',(107.534722,-154.201389,0.));
#884 = VECTOR('',#885,1.);
#885 = DIRECTION('',(-4.343695283459E-02,-0.999056170157,0.));
#886 = ORIENTED_EDGE('',*,*,#887,.F.);
#887 = EDGE_CURVE('',#888,#880,#890,.T.);
#888 = VERTEX_POINT('',#889);
#889 = CARTESIAN_POINT('',(107.638889,-153.472222,0.));
#890 = LINE('',#891,#892);
#891 = CARTESIAN_POINT('',(107.638889,-153.472222,0.));
#892 = VECTOR('',#893,1.);
#893 = DIRECTION('',(-0.141421736378,-0.989949439355,0.));
#894 = ORIENTED_EDGE('',*,*,#895,.F.);
#895 = EDGE_CURVE('',#896,#888,#898,.T.);
#896 = VERTEX_POINT('',#897);
#897 = CARTESIAN_POINT('',(107.8125,-152.8125,0.));
#898 = LINE('',#899,#900);
#899 = CARTESIAN_POINT('',(107.8125,-152.8125,0.));
#900 = VECTOR('',#901,1.);
#901 = DIRECTION('',(-0.254493227125,-0.967074556251,0.));
#902 = ORIENTED_EDGE('',*,*,#903,.F.);
#903 = EDGE_CURVE('',#904,#896,#906,.T.);
#904 = VERTEX_POINT('',#905);
#905 = CARTESIAN_POINT('',(108.055556,-152.222222,0.));
#906 = LINE('',#907,#908);
#907 = CARTESIAN_POINT('',(108.055556,-152.222222,0.));
#908 = VECTOR('',#909,1.);
#909 = DIRECTION('',(-0.380750277989,-0.924677903819,0.));
#910 = ORIENTED_EDGE('',*,*,#911,.F.);
#911 = EDGE_CURVE('',#912,#904,#914,.T.);
#912 = VERTEX_POINT('',#913);
#913 = CARTESIAN_POINT('',(108.368056,-151.701389,0.));
#914 = LINE('',#915,#916);
#915 = CARTESIAN_POINT('',(108.368056,-151.701389,0.));
#916 = VECTOR('',#917,1.);
#917 = DIRECTION('',(-0.514495997543,-0.857492780443,0.));
#918 = ORIENTED_EDGE('',*,*,#919,.F.);
#919 = EDGE_CURVE('',#920,#912,#922,.T.);
#920 = VERTEX_POINT('',#921);
#921 = CARTESIAN_POINT('',(108.75,-151.25,0.));
#922 = LINE('',#923,#924);
#923 = CARTESIAN_POINT('',(108.75,-151.25,0.));
#924 = VECTOR('',#925,1.);
#925 = DIRECTION('',(-0.645941710781,-0.76338673441,0.));
#926 = ORIENTED_EDGE('',*,*,#927,.F.);
#927 = EDGE_CURVE('',#928,#920,#930,.T.);
#928 = VERTEX_POINT('',#929);
#929 = CARTESIAN_POINT('',(109.201389,-150.868056,0.));
#930 = LINE('',#931,#932);
#931 = CARTESIAN_POINT('',(109.201389,-150.868056,0.));
#932 = VECTOR('',#933,1.);
#933 = DIRECTION('',(-0.76338673441,-0.645941710781,0.));
#934 = ORIENTED_EDGE('',*,*,#935,.F.);
#935 = EDGE_CURVE('',#936,#928,#938,.T.);
#936 = VERTEX_POINT('',#937);
#937 = CARTESIAN_POINT('',(109.722222,-150.555556,0.));
#938 = LINE('',#939,#940);
#939 = CARTESIAN_POINT('',(109.722222,-150.555556,0.));
#940 = VECTOR('',#941,1.);
#941 = DIRECTION('',(-0.857492780443,-0.514495997543,0.));
#942 = ORIENTED_EDGE('',*,*,#943,.F.);
#943 = EDGE_CURVE('',#944,#936,#946,.T.);
#944 = VERTEX_POINT('',#945);
#945 = CARTESIAN_POINT('',(110.3125,-150.3125,0.));
#946 = LINE('',#947,#948);
#947 = CARTESIAN_POINT('',(110.3125,-150.3125,0.));
#948 = VECTOR('',#949,1.);
#949 = DIRECTION('',(-0.924677903819,-0.380750277989,0.));
#950 = ORIENTED_EDGE('',*,*,#951,.F.);
#951 = EDGE_CURVE('',#952,#944,#954,.T.);
#952 = VERTEX_POINT('',#953);
#953 = CARTESIAN_POINT('',(110.972222,-150.138889,0.));
#954 = LINE('',#955,#956);
#955 = CARTESIAN_POINT('',(110.972222,-150.138889,0.));
#956 = VECTOR('',#957,1.);
#957 = DIRECTION('',(-0.967074556251,-0.254493227125,0.));
#958 = ORIENTED_EDGE('',*,*,#959,.F.);
#959 = EDGE_CURVE('',#960,#952,#962,.T.);
#960 = VERTEX_POINT('',#961);
#961 = CARTESIAN_POINT('',(111.701389,-150.034722,0.));
#962 = LINE('',#963,#964);
#963 = CARTESIAN_POINT('',(111.701389,-150.034722,0.));
#964 = VECTOR('',#965,1.);
#965 = DIRECTION('',(-0.989949439355,-0.141421736378,0.));
#966 = ORIENTED_EDGE('',*,*,#967,.F.);
#967 = EDGE_CURVE('',#968,#960,#970,.T.);
#968 = VERTEX_POINT('',#969);
#969 = CARTESIAN_POINT('',(112.5,-150.,0.));
#970 = LINE('',#971,#972);
#971 = CARTESIAN_POINT('',(112.5,-150.,0.));
#972 = VECTOR('',#973,1.);
#973 = DIRECTION('',(-0.999056170157,-4.343695283458E-02,0.));
#974 = ORIENTED_EDGE('',*,*,#975,.F.);
#975 = EDGE_CURVE('',#976,#968,#978,.T.);
#976 = VERTEX_POINT('',#977);
#977 = CARTESIAN_POINT('',(119.5,-150.,0.));
#978 = LINE('',#979,#980);
#979 = CARTESIAN_POINT('',(119.5,-150.,0.));
#980 = VECTOR('',#981,1.);
#981 = DIRECTION('',(-1.,0.,0.));
#982 = ORIENTED_EDGE('',*,*,#983,.F.);
#983 = EDGE_CURVE('',#984,#976,#986,.T.);
#984 = VERTEX_POINT('',#985);
#985 = CARTESIAN_POINT('',(119.979167,-149.979167,0.));
#986 = LINE('',#987,#988);
#987 = CARTESIAN_POINT('',(119.979167,-149.979167,0.));
#988 = VECTOR('',#989,1.);
#989 = DIRECTION('',(-0.999056189826,-4.343650043234E-02,0.));
#990 = ORIENTED_EDGE('',*,*,#991,.F.);
#991 = EDGE_CURVE('',#992,#984,#994,.T.);
#992 = VERTEX_POINT('',#993);
#993 = CARTESIAN_POINT('',(120.416667,-149.916667,0.));
#994 = LINE('',#995,#996);
#995 = CARTESIAN_POINT('',(120.416667,-149.916667,0.));
#996 = VECTOR('',#997,1.);
#997 = DIRECTION('',(-0.989949493661,-0.141421356237,0.));
#998 = ORIENTED_EDGE('',*,*,#999,.F.);
#999 = EDGE_CURVE('',#1000,#992,#1002,.T.);
#1000 = VERTEX_POINT('',#1001);
#1001 = CARTESIAN_POINT('',(120.8125,-149.8125,0.));
#1002 = LINE('',#1003,#1004);
#1003 = CARTESIAN_POINT('',(120.8125,-149.8125,0.));
#1004 = VECTOR('',#1005,1.);
#1005 = DIRECTION('',(-0.967074284087,-0.254494261344,0.));
#1006 = ORIENTED_EDGE('',*,*,#1007,.F.);
#1007 = EDGE_CURVE('',#1008,#1000,#1010,.T.);
#1008 = VERTEX_POINT('',#1009);
#1009 = CARTESIAN_POINT('',(121.166667,-149.666667,0.));
#1010 = LINE('',#1011,#1012);
#1011 = CARTESIAN_POINT('',(121.166667,-149.666667,0.));
#1012 = VECTOR('',#1013,1.);
#1013 = DIRECTION('',(-0.924678531042,-0.380748754733,0.));
#1014 = ORIENTED_EDGE('',*,*,#1015,.F.);
#1015 = EDGE_CURVE('',#1016,#1008,#1018,.T.);
#1016 = VERTEX_POINT('',#1017);
#1017 = CARTESIAN_POINT('',(121.479167,-149.479167,0.));
#1018 = LINE('',#1019,#1020);
#1019 = CARTESIAN_POINT('',(121.479167,-149.479167,0.));
#1020 = VECTOR('',#1021,1.);
#1021 = DIRECTION('',(-0.857492925713,-0.514495755428,0.));
#1022 = ORIENTED_EDGE('',*,*,#1023,.F.);
#1023 = EDGE_CURVE('',#1024,#1016,#1026,.T.);
#1024 = VERTEX_POINT('',#1025);
#1025 = CARTESIAN_POINT('',(121.75,-149.25,0.));
#1026 = LINE('',#1027,#1028);
#1027 = CARTESIAN_POINT('',(121.75,-149.25,0.));
#1028 = VECTOR('',#1029,1.);
#1029 = DIRECTION('',(-0.763385430052,-0.645943252294,0.));
#1030 = ORIENTED_EDGE('',*,*,#1031,.F.);
#1031 = EDGE_CURVE('',#1032,#1024,#1034,.T.);
#1032 = VERTEX_POINT('',#1033);
#1033 = CARTESIAN_POINT('',(121.979167,-148.979167,0.));
#1034 = LINE('',#1035,#1036);
#1035 = CARTESIAN_POINT('',(121.979167,-148.979167,0.));
#1036 = VECTOR('',#1037,1.);
#1037 = DIRECTION('',(-0.645943252294,-0.763385430052,0.));
#1038 = ORIENTED_EDGE('',*,*,#1039,.F.);
#1039 = EDGE_CURVE('',#1040,#1032,#1042,.T.);
#1040 = VERTEX_POINT('',#1041);
#1041 = CARTESIAN_POINT('',(122.166667,-148.666667,0.));
#1042 = LINE('',#1043,#1044);
#1043 = CARTESIAN_POINT('',(122.166667,-148.666667,0.));
#1044 = VECTOR('',#1045,1.);
#1045 = DIRECTION('',(-0.514495755428,-0.857492925713,0.));
#1046 = ORIENTED_EDGE('',*,*,#1047,.F.);
#1047 = EDGE_CURVE('',#1048,#1040,#1050,.T.);
#1048 = VERTEX_POINT('',#1049);
#1049 = CARTESIAN_POINT('',(122.3125,-148.3125,0.));
#1050 = LINE('',#1051,#1052);
#1051 = CARTESIAN_POINT('',(122.3125,-148.3125,0.));
#1052 = VECTOR('',#1053,1.);
#1053 = DIRECTION('',(-0.380748754733,-0.924678531042,0.));
#1054 = ORIENTED_EDGE('',*,*,#1055,.F.);
#1055 = EDGE_CURVE('',#1056,#1048,#1058,.T.);
#1056 = VERTEX_POINT('',#1057);
#1057 = CARTESIAN_POINT('',(122.416667,-147.916667,0.));
#1058 = LINE('',#1059,#1060);
#1059 = CARTESIAN_POINT('',(122.416667,-147.916667,0.));
#1060 = VECTOR('',#1061,1.);
#1061 = DIRECTION('',(-0.254494261344,-0.967074284087,0.));
#1062 = ORIENTED_EDGE('',*,*,#1063,.F.);
#1063 = EDGE_CURVE('',#1064,#1056,#1066,.T.);
#1064 = VERTEX_POINT('',#1065);
#1065 = CARTESIAN_POINT('',(122.479167,-147.479167,0.));
#1066 = LINE('',#1067,#1068);
#1067 = CARTESIAN_POINT('',(122.479167,-147.479167,0.));
#1068 = VECTOR('',#1069,1.);
#1069 = DIRECTION('',(-0.141421356237,-0.989949493661,0.));
#1070 = ORIENTED_EDGE('',*,*,#1071,.F.);
#1071 = EDGE_CURVE('',#1072,#1064,#1074,.T.);
#1072 = VERTEX_POINT('',#1073);
#1073 = CARTESIAN_POINT('',(122.5,-147.,0.));
#1074 = LINE('',#1075,#1076);
#1075 = CARTESIAN_POINT('',(122.5,-147.,0.));
#1076 = VECTOR('',#1077,1.);
#1077 = DIRECTION('',(-4.343650043231E-02,-0.999056189826,0.));
#1078 = ORIENTED_EDGE('',*,*,#1079,.F.);
#1079 = EDGE_CURVE('',#1080,#1072,#1082,.T.);
#1080 = VERTEX_POINT('',#1081);
#1081 = CARTESIAN_POINT('',(122.5,-93.,0.));
#1082 = LINE('',#1083,#1084);
#1083 = CARTESIAN_POINT('',(122.5,-93.,0.));
#1084 = VECTOR('',#1085,1.);
#1085 = DIRECTION('',(0.,-1.,0.));
#1086 = ORIENTED_EDGE('',*,*,#1087,.F.);
#1087 = EDGE_CURVE('',#1088,#1080,#1090,.T.);
#1088 = VERTEX_POINT('',#1089);
#1089 = CARTESIAN_POINT('',(122.479167,-92.520833,0.));
#1090 = LINE('',#1091,#1092);
#1091 = CARTESIAN_POINT('',(122.479167,-92.520833,0.));
#1092 = VECTOR('',#1093,1.);
#1093 = DIRECTION('',(4.343650043231E-02,-0.999056189826,0.));
#1094 = ORIENTED_EDGE('',*,*,#1095,.F.);
#1095 = EDGE_CURVE('',#1096,#1088,#1098,.T.);
#1096 = VERTEX_POINT('',#1097);
#1097 = CARTESIAN_POINT('',(122.416667,-92.083333,0.));
#1098 = LINE('',#1099,#1100);
#1099 = CARTESIAN_POINT('',(122.416667,-92.083333,0.));
#1100 = VECTOR('',#1101,1.);
#1101 = DIRECTION('',(0.141421356237,-0.989949493661,0.));
#1102 = ORIENTED_EDGE('',*,*,#1103,.F.);
#1103 = EDGE_CURVE('',#1104,#1096,#1106,.T.);
#1104 = VERTEX_POINT('',#1105);
#1105 = CARTESIAN_POINT('',(122.3125,-91.6875,0.));
#1106 = LINE('',#1107,#1108);
#1107 = CARTESIAN_POINT('',(122.3125,-91.6875,0.));
#1108 = VECTOR('',#1109,1.);
#1109 = DIRECTION('',(0.254494261344,-0.967074284087,0.));
#1110 = ORIENTED_EDGE('',*,*,#1111,.F.);
#1111 = EDGE_CURVE('',#1112,#1104,#1114,.T.);
#1112 = VERTEX_POINT('',#1113);
#1113 = CARTESIAN_POINT('',(122.166667,-91.333333,0.));
#1114 = LINE('',#1115,#1116);
#1115 = CARTESIAN_POINT('',(122.166667,-91.333333,0.));
#1116 = VECTOR('',#1117,1.);
#1117 = DIRECTION('',(0.380748754733,-0.924678531042,0.));
#1118 = ORIENTED_EDGE('',*,*,#1119,.F.);
#1119 = EDGE_CURVE('',#1120,#1112,#1122,.T.);
#1120 = VERTEX_POINT('',#1121);
#1121 = CARTESIAN_POINT('',(121.979167,-91.020833,0.));
#1122 = LINE('',#1123,#1124);
#1123 = CARTESIAN_POINT('',(121.979167,-91.020833,0.));
#1124 = VECTOR('',#1125,1.);
#1125 = DIRECTION('',(0.514495755428,-0.857492925713,0.));
#1126 = ORIENTED_EDGE('',*,*,#1127,.F.);
#1127 = EDGE_CURVE('',#1128,#1120,#1130,.T.);
#1128 = VERTEX_POINT('',#1129);
#1129 = CARTESIAN_POINT('',(121.75,-90.75,0.));
#1130 = LINE('',#1131,#1132);
#1131 = CARTESIAN_POINT('',(121.75,-90.75,0.));
#1132 = VECTOR('',#1133,1.);
#1133 = DIRECTION('',(0.645943252294,-0.763385430052,0.));
#1134 = ORIENTED_EDGE('',*,*,#1135,.F.);
#1135 = EDGE_CURVE('',#1136,#1128,#1138,.T.);
#1136 = VERTEX_POINT('',#1137);
#1137 = CARTESIAN_POINT('',(121.479167,-90.520833,0.));
#1138 = LINE('',#1139,#1140);
#1139 = CARTESIAN_POINT('',(121.479167,-90.520833,0.));
#1140 = VECTOR('',#1141,1.);
#1141 = DIRECTION('',(0.763385430052,-0.645943252294,0.));
#1142 = ORIENTED_EDGE('',*,*,#1143,.F.);
#1143 = EDGE_CURVE('',#1144,#1136,#1146,.T.);
#1144 = VERTEX_POINT('',#1145);
#1145 = CARTESIAN_POINT('',(121.166667,-90.333333,0.));
#1146 = LINE('',#1147,#1148);
#1147 = CARTESIAN_POINT('',(121.166667,-90.333333,0.));
#1148 = VECTOR('',#1149,1.);
#1149 = DIRECTION('',(0.857492925713,-0.514495755428,0.));
#1150 = ORIENTED_EDGE('',*,*,#1151,.F.);
#1151 = EDGE_CURVE('',#1152,#1144,#1154,.T.);
#1152 = VERTEX_POINT('',#1153);
#1153 = CARTESIAN_POINT('',(120.8125,-90.1875,0.));
#1154 = LINE('',#1155,#1156);
#1155 = CARTESIAN_POINT('',(120.8125,-90.1875,0.));
#1156 = VECTOR('',#1157,1.);
#1157 = DIRECTION('',(0.924678531042,-0.380748754733,0.));
#1158 = ORIENTED_EDGE('',*,*,#1159,.F.);
#1159 = EDGE_CURVE('',#1160,#1152,#1162,.T.);
#1160 = VERTEX_POINT('',#1161);
#1161 = CARTESIAN_POINT('',(120.416667,-90.083333,0.));
#1162 = LINE('',#1163,#1164);
#1163 = CARTESIAN_POINT('',(120.416667,-90.083333,0.));
#1164 = VECTOR('',#1165,1.);
#1165 = DIRECTION('',(0.967074284087,-0.254494261344,0.));
#1166 = ORIENTED_EDGE('',*,*,#1167,.F.);
#1167 = EDGE_CURVE('',#1168,#1160,#1170,.T.);
#1168 = VERTEX_POINT('',#1169);
#1169 = CARTESIAN_POINT('',(119.979167,-90.020833,0.));
#1170 = LINE('',#1171,#1172);
#1171 = CARTESIAN_POINT('',(119.979167,-90.020833,0.));
#1172 = VECTOR('',#1173,1.);
#1173 = DIRECTION('',(0.989949493661,-0.141421356237,0.));
#1174 = ORIENTED_EDGE('',*,*,#1175,.F.);
#1175 = EDGE_CURVE('',#1176,#1168,#1178,.T.);
#1176 = VERTEX_POINT('',#1177);
#1177 = CARTESIAN_POINT('',(119.5,-90.,0.));
#1178 = LINE('',#1179,#1180);
#1179 = CARTESIAN_POINT('',(119.5,-90.,0.));
#1180 = VECTOR('',#1181,1.);
#1181 = DIRECTION('',(0.999056189826,-4.343650043231E-02,0.));
#1182 = ORIENTED_EDGE('',*,*,#1183,.F.);
#1183 = EDGE_CURVE('',#1184,#1176,#1186,.T.);
#1184 = VERTEX_POINT('',#1185);
#1185 = CARTESIAN_POINT('',(113.725,-90.,0.));
#1186 = LINE('',#1187,#1188);
#1187 = CARTESIAN_POINT('',(113.725,-90.,0.));
#1188 = VECTOR('',#1189,1.);
#1189 = DIRECTION('',(1.,0.,0.));
#1190 = ORIENTED_EDGE('',*,*,#1191,.F.);
#1191 = EDGE_CURVE('',#1192,#1184,#1194,.T.);
#1192 = VERTEX_POINT('',#1193);
#1193 = CARTESIAN_POINT('',(112.970312,-89.967188,0.));
#1194 = LINE('',#1195,#1196);
#1195 = CARTESIAN_POINT('',(112.970312,-89.967188,0.));
#1196 = VECTOR('',#1197,1.);
#1197 = DIRECTION('',(0.999056188328,-4.343653490106E-02,0.));
#1198 = ORIENTED_EDGE('',*,*,#1199,.F.);
#1199 = EDGE_CURVE('',#1200,#1192,#1202,.T.);
#1200 = VERTEX_POINT('',#1201);
#1201 = CARTESIAN_POINT('',(112.28125,-89.86875,0.));
#1202 = LINE('',#1203,#1204);
#1203 = CARTESIAN_POINT('',(112.28125,-89.86875,0.));
#1204 = VECTOR('',#1205,1.);
#1205 = DIRECTION('',(0.989949378728,-0.141422160768,0.));
#1206 = ORIENTED_EDGE('',*,*,#1207,.F.);
#1207 = EDGE_CURVE('',#1208,#1200,#1210,.T.);
#1208 = VERTEX_POINT('',#1209);
#1209 = CARTESIAN_POINT('',(111.657812,-89.704688,0.));
#1210 = LINE('',#1211,#1212);
#1211 = CARTESIAN_POINT('',(111.657812,-89.704688,0.));
#1212 = VECTOR('',#1213,1.);
#1213 = DIRECTION('',(0.967074778381,-0.254492383029,0.));
#1214 = ORIENTED_EDGE('',*,*,#1215,.F.);
#1215 = EDGE_CURVE('',#1216,#1208,#1218,.T.);
#1216 = VERTEX_POINT('',#1217);
#1217 = CARTESIAN_POINT('',(111.1,-89.475,0.));
#1218 = LINE('',#1219,#1220);
#1219 = CARTESIAN_POINT('',(111.1,-89.475,0.));
#1220 = VECTOR('',#1221,1.);
#1221 = DIRECTION('',(0.924677686505,-0.380750805752,0.));
#1222 = ORIENTED_EDGE('',*,*,#1223,.F.);
#1223 = EDGE_CURVE('',#1224,#1216,#1226,.T.);
#1224 = VERTEX_POINT('',#1225);
#1225 = CARTESIAN_POINT('',(110.607812,-89.179688,0.));
#1226 = LINE('',#1227,#1228);
#1227 = CARTESIAN_POINT('',(110.607812,-89.179688,0.));
#1228 = VECTOR('',#1229,1.);
#1229 = DIRECTION('',(0.857493540609,-0.514494730599,0.));
#1230 = ORIENTED_EDGE('',*,*,#1231,.F.);
#1231 = EDGE_CURVE('',#1232,#1224,#1234,.T.);
#1232 = VERTEX_POINT('',#1233);
#1233 = CARTESIAN_POINT('',(110.18125,-88.81875,0.));
#1234 = LINE('',#1235,#1236);
#1235 = CARTESIAN_POINT('',(110.18125,-88.81875,0.));
#1236 = VECTOR('',#1237,1.);
#1237 = DIRECTION('',(0.763385470781,-0.64594320416,0.));
#1238 = ORIENTED_EDGE('',*,*,#1239,.F.);
#1239 = EDGE_CURVE('',#1240,#1232,#1242,.T.);
#1240 = VERTEX_POINT('',#1241);
#1241 = CARTESIAN_POINT('',(109.820312,-88.392188,0.));
#1242 = LINE('',#1243,#1244);
#1243 = CARTESIAN_POINT('',(109.820312,-88.392188,0.));
#1244 = VECTOR('',#1245,1.);
#1245 = DIRECTION('',(0.64594320416,-0.763385470781,0.));
#1246 = ORIENTED_EDGE('',*,*,#1247,.F.);
#1247 = EDGE_CURVE('',#1248,#1240,#1250,.T.);
#1248 = VERTEX_POINT('',#1249);
#1249 = CARTESIAN_POINT('',(109.525,-87.9,0.));
#1250 = LINE('',#1251,#1252);
#1251 = CARTESIAN_POINT('',(109.525,-87.9,0.));
#1252 = VECTOR('',#1253,1.);
#1253 = DIRECTION('',(0.514494730599,-0.857493540609,0.));
#1254 = ORIENTED_EDGE('',*,*,#1255,.F.);
#1255 = EDGE_CURVE('',#1256,#1248,#1258,.T.);
#1256 = VERTEX_POINT('',#1257);
#1257 = CARTESIAN_POINT('',(109.295312,-87.342188,0.));
#1258 = LINE('',#1259,#1260);
#1259 = CARTESIAN_POINT('',(109.295312,-87.342188,0.));
#1260 = VECTOR('',#1261,1.);
#1261 = DIRECTION('',(0.380750805752,-0.924677686505,0.));
#1262 = ORIENTED_EDGE('',*,*,#1263,.F.);
#1263 = EDGE_CURVE('',#1264,#1256,#1266,.T.);
#1264 = VERTEX_POINT('',#1265);
#1265 = CARTESIAN_POINT('',(109.13125,-86.71875,0.));
#1266 = LINE('',#1267,#1268);
#1267 = CARTESIAN_POINT('',(109.13125,-86.71875,0.));
#1268 = VECTOR('',#1269,1.);
#1269 = DIRECTION('',(0.254492383029,-0.967074778381,0.));
#1270 = ORIENTED_EDGE('',*,*,#1271,.F.);
#1271 = EDGE_CURVE('',#1272,#1264,#1274,.T.);
#1272 = VERTEX_POINT('',#1273);
#1273 = CARTESIAN_POINT('',(109.032812,-86.029688,0.));
#1274 = LINE('',#1275,#1276);
#1275 = CARTESIAN_POINT('',(109.032812,-86.029688,0.));
#1276 = VECTOR('',#1277,1.);
#1277 = DIRECTION('',(0.141422160768,-0.989949378728,0.));
#1278 = ORIENTED_EDGE('',*,*,#1279,.F.);
#1279 = EDGE_CURVE('',#1280,#1272,#1282,.T.);
#1280 = VERTEX_POINT('',#1281);
#1281 = CARTESIAN_POINT('',(109.,-85.275,0.));
#1282 = LINE('',#1283,#1284);
#1283 = CARTESIAN_POINT('',(109.,-85.275,0.));
#1284 = VECTOR('',#1285,1.);
#1285 = DIRECTION('',(4.343653490106E-02,-0.999056188328,0.));
#1286 = ORIENTED_EDGE('',*,*,#1287,.F.);
#1287 = EDGE_CURVE('',#1288,#1280,#1290,.T.);
#1288 = VERTEX_POINT('',#1289);
#1289 = CARTESIAN_POINT('',(109.,-73.,0.));
#1290 = LINE('',#1291,#1292);
#1291 = CARTESIAN_POINT('',(109.,-73.,0.));
#1292 = VECTOR('',#1293,1.);
#1293 = DIRECTION('',(0.,-1.,0.));
#1294 = ORIENTED_EDGE('',*,*,#1295,.F.);
#1295 = EDGE_CURVE('',#1296,#1288,#1298,.T.);
#1296 = VERTEX_POINT('',#1297);
#1297 = CARTESIAN_POINT('',(108.993056,-72.840278,0.));
#1298 = LINE('',#1299,#1300);
#1299 = CARTESIAN_POINT('',(108.993056,-72.840278,0.));
#1300 = VECTOR('',#1301,1.);
#1301 = DIRECTION('',(4.343450985534E-02,-0.99905627637,0.));
#1302 = ORIENTED_EDGE('',*,*,#1303,.F.);
#1303 = EDGE_CURVE('',#1304,#1296,#1306,.T.);
#1304 = VERTEX_POINT('',#1305);
#1305 = CARTESIAN_POINT('',(108.972222,-72.694444,0.));
#1306 = LINE('',#1307,#1308);
#1307 = CARTESIAN_POINT('',(108.972222,-72.694444,0.));
#1308 = VECTOR('',#1309,1.);
#1309 = DIRECTION('',(0.141425157623,-0.989948950599,0.));
#1310 = ORIENTED_EDGE('',*,*,#1311,.F.);
#1311 = EDGE_CURVE('',#1312,#1304,#1314,.T.);
#1312 = VERTEX_POINT('',#1313);
#1313 = CARTESIAN_POINT('',(108.9375,-72.5625,0.));
#1314 = LINE('',#1315,#1316);
#1315 = CARTESIAN_POINT('',(108.9375,-72.5625,0.));
#1316 = VECTOR('',#1317,1.);
#1317 = DIRECTION('',(0.254492577729,-0.967074727144,0.));
#1318 = ORIENTED_EDGE('',*,*,#1319,.F.);
#1319 = EDGE_CURVE('',#1320,#1312,#1322,.T.);
#1320 = VERTEX_POINT('',#1321);
#1321 = CARTESIAN_POINT('',(108.888889,-72.444444,0.));
#1322 = LINE('',#1323,#1324);
#1323 = CARTESIAN_POINT('',(108.888889,-72.444444,0.));
#1324 = VECTOR('',#1325,1.);
#1325 = DIRECTION('',(0.380747835531,-0.924678909535,0.));
#1326 = ORIENTED_EDGE('',*,*,#1327,.F.);
#1327 = EDGE_CURVE('',#1328,#1320,#1330,.T.);
#1328 = VERTEX_POINT('',#1329);
#1329 = CARTESIAN_POINT('',(108.826389,-72.340278,0.));
#1330 = LINE('',#1331,#1332);
#1331 = CARTESIAN_POINT('',(108.826389,-72.340278,0.));
#1332 = VECTOR('',#1333,1.);
#1333 = DIRECTION('',(0.514498176593,-0.857491473008,0.));
#1334 = ORIENTED_EDGE('',*,*,#1335,.F.);
#1335 = EDGE_CURVE('',#1336,#1328,#1338,.T.);
#1336 = VERTEX_POINT('',#1337);
#1337 = CARTESIAN_POINT('',(108.75,-72.25,0.));
#1338 = LINE('',#1339,#1340);
#1339 = CARTESIAN_POINT('',(108.75,-72.25,0.));
#1340 = VECTOR('',#1341,1.);
#1341 = DIRECTION('',(0.645941862406,-0.763386606112,0.));
#1342 = ORIENTED_EDGE('',*,*,#1343,.F.);
#1343 = EDGE_CURVE('',#1344,#1336,#1346,.T.);
#1344 = VERTEX_POINT('',#1345);
#1345 = CARTESIAN_POINT('',(108.659722,-72.173611,0.));
#1346 = LINE('',#1347,#1348);
#1347 = CARTESIAN_POINT('',(108.659722,-72.173611,0.));
#1348 = VECTOR('',#1349,1.);
#1349 = DIRECTION('',(0.763386606112,-0.645941862406,0.));
#1350 = ORIENTED_EDGE('',*,*,#1351,.F.);
#1351 = EDGE_CURVE('',#1352,#1344,#1354,.T.);
#1352 = VERTEX_POINT('',#1353);
#1353 = CARTESIAN_POINT('',(108.555556,-72.111111,0.));
#1354 = LINE('',#1355,#1356);
#1355 = CARTESIAN_POINT('',(108.555556,-72.111111,0.));
#1356 = VECTOR('',#1357,1.);
#1357 = DIRECTION('',(0.857491473008,-0.514498176593,0.));
#1358 = ORIENTED_EDGE('',*,*,#1359,.F.);
#1359 = EDGE_CURVE('',#120,#1352,#1360,.T.);
#1360 = LINE('',#1361,#1362);
#1361 = CARTESIAN_POINT('',(108.4375,-72.0625,0.));
#1362 = VECTOR('',#1363,1.);
#1363 = DIRECTION('',(0.924678909535,-0.380747835531,0.));
#1364 = ORIENTED_EDGE('',*,*,#127,.F.);
#1365 = FACE_BOUND('',#1366,.F.);
#1366 = EDGE_LOOP('',(#1367));
#1367 = ORIENTED_EDGE('',*,*,#1368,.T.);
#1368 = EDGE_CURVE('',#1369,#1369,#1371,.T.);
#1369 = VERTEX_POINT('',#1370);
#1370 = CARTESIAN_POINT('',(81.5,-147.65,0.));
#1371 = CIRCLE('',#1372,1.65);
#1372 = AXIS2_PLACEMENT_3D('',#1373,#1374,#1375);
#1373 = CARTESIAN_POINT('',(81.5,-146.,0.));
#1374 = DIRECTION('',(-0.,0.,-1.));
#1375 = DIRECTION('',(-0.,-1.,0.));
#1376 = FACE_BOUND('',#1377,.F.);
#1377 = EDGE_LOOP('',(#1378));
#1378 = ORIENTED_EDGE('',*,*,#1379,.T.);
#1379 = EDGE_CURVE('',#1380,#1380,#1382,.T.);
#1380 = VERTEX_POINT('',#1381);
#1381 = CARTESIAN_POINT('',(81.,-138.215,0.));
#1382 = CIRCLE('',#1383,0.45);
#1383 = AXIS2_PLACEMENT_3D('',#1384,#1385,#1386);
#1384 = CARTESIAN_POINT('',(81.,-137.765,0.));
#1385 = DIRECTION('',(-0.,0.,-1.));
#1386 = DIRECTION('',(-0.,-1.,0.));
#1387 = FACE_BOUND('',#1388,.F.);
#1388 = EDGE_LOOP('',(#1389));
#1389 = ORIENTED_EDGE('',*,*,#1390,.T.);
#1390 = EDGE_CURVE('',#1391,#1391,#1393,.T.);
#1391 = VERTEX_POINT('',#1392);
#1392 = CARTESIAN_POINT('',(81.,-135.675,0.));
#1393 = CIRCLE('',#1394,0.45);
#1394 = AXIS2_PLACEMENT_3D('',#1395,#1396,#1397);
#1395 = CARTESIAN_POINT('',(81.,-135.225,0.));
#1396 = DIRECTION('',(-0.,0.,-1.));
#1397 = DIRECTION('',(-0.,-1.,0.));
#1398 = FACE_BOUND('',#1399,.F.);
#1399 = EDGE_LOOP('',(#1400));
#1400 = ORIENTED_EDGE('',*,*,#1401,.T.);
#1401 = EDGE_CURVE('',#1402,#1402,#1404,.T.);
#1402 = VERTEX_POINT('',#1403);
#1403 = CARTESIAN_POINT('',(81.5,-128.72,0.));
#1404 = CIRCLE('',#1405,0.6);
#1405 = AXIS2_PLACEMENT_3D('',#1406,#1407,#1408);
#1406 = CARTESIAN_POINT('',(81.5,-128.12,0.));
#1407 = DIRECTION('',(-0.,0.,-1.));
#1408 = DIRECTION('',(-0.,-1.,0.));
#1409 = FACE_BOUND('',#1410,.F.);
#1410 = EDGE_LOOP('',(#1411));
#1411 = ORIENTED_EDGE('',*,*,#1412,.T.);
#1412 = EDGE_CURVE('',#1413,#1413,#1415,.T.);
#1413 = VERTEX_POINT('',#1414);
#1414 = CARTESIAN_POINT('',(87.5,-128.72,0.));
#1415 = CIRCLE('',#1416,0.6);
#1416 = AXIS2_PLACEMENT_3D('',#1417,#1418,#1419);
#1417 = CARTESIAN_POINT('',(87.5,-128.12,0.));
#1418 = DIRECTION('',(-0.,0.,-1.));
#1419 = DIRECTION('',(-0.,-1.,0.));
#1420 = FACE_BOUND('',#1421,.F.);
#1421 = EDGE_LOOP('',(#1422));
#1422 = ORIENTED_EDGE('',*,*,#1423,.T.);
#1423 = EDGE_CURVE('',#1424,#1424,#1426,.T.);
#1424 = VERTEX_POINT('',#1425);
#1425 = CARTESIAN_POINT('',(81.5,-113.48,0.));
#1426 = CIRCLE('',#1427,0.6);
#1427 = AXIS2_PLACEMENT_3D('',#1428,#1429,#1430);
#1428 = CARTESIAN_POINT('',(81.5,-112.88,0.));
#1429 = DIRECTION('',(-0.,0.,-1.));
#1430 = DIRECTION('',(-0.,-1.,0.));
#1431 = FACE_BOUND('',#1432,.F.);
#1432 = EDGE_LOOP('',(#1433));
#1433 = ORIENTED_EDGE('',*,*,#1434,.T.);
#1434 = EDGE_CURVE('',#1435,#1435,#1437,.T.);
#1435 = VERTEX_POINT('',#1436);
#1436 = CARTESIAN_POINT('',(87.5,-113.48,0.));
#1437 = CIRCLE('',#1438,0.6);
#1438 = AXIS2_PLACEMENT_3D('',#1439,#1440,#1441);
#1439 = CARTESIAN_POINT('',(87.5,-112.88,0.));
#1440 = DIRECTION('',(-0.,0.,-1.));
#1441 = DIRECTION('',(-0.,-1.,0.));
#1442 = FACE_BOUND('',#1443,.F.);
#1443 = EDGE_LOOP('',(#1444));
#1444 = ORIENTED_EDGE('',*,*,#1445,.T.);
#1445 = EDGE_CURVE('',#1446,#1446,#1448,.T.);
#1446 = VERTEX_POINT('',#1447);
#1447 = CARTESIAN_POINT('',(118.5,-147.65,0.));
#1448 = CIRCLE('',#1449,1.65);
#1449 = AXIS2_PLACEMENT_3D('',#1450,#1451,#1452);
#1450 = CARTESIAN_POINT('',(118.5,-146.,0.));
#1451 = DIRECTION('',(-0.,0.,-1.));
#1452 = DIRECTION('',(-0.,-1.,0.));
#1453 = FACE_BOUND('',#1454,.F.);
#1454 = EDGE_LOOP('',(#1455));
#1455 = ORIENTED_EDGE('',*,*,#1456,.T.);
#1456 = EDGE_CURVE('',#1457,#1457,#1459,.T.);
#1457 = VERTEX_POINT('',#1458);
#1458 = CARTESIAN_POINT('',(119.,-138.225,0.));
#1459 = CIRCLE('',#1460,0.45);
#1460 = AXIS2_PLACEMENT_3D('',#1461,#1462,#1463);
#1461 = CARTESIAN_POINT('',(119.,-137.775,0.));
#1462 = DIRECTION('',(-0.,0.,-1.));
#1463 = DIRECTION('',(-0.,-1.,0.));
#1464 = FACE_BOUND('',#1465,.F.);
#1465 = EDGE_LOOP('',(#1466));
#1466 = ORIENTED_EDGE('',*,*,#1467,.T.);
#1467 = EDGE_CURVE('',#1468,#1468,#1470,.T.);
#1468 = VERTEX_POINT('',#1469);
#1469 = CARTESIAN_POINT('',(119.,-135.685,0.));
#1470 = CIRCLE('',#1471,0.45);
#1471 = AXIS2_PLACEMENT_3D('',#1472,#1473,#1474);
#1472 = CARTESIAN_POINT('',(119.,-135.235,0.));
#1473 = DIRECTION('',(-0.,0.,-1.));
#1474 = DIRECTION('',(-0.,-1.,0.));
#1475 = FACE_BOUND('',#1476,.F.);
#1476 = EDGE_LOOP('',(#1477));
#1477 = ORIENTED_EDGE('',*,*,#1478,.T.);
#1478 = EDGE_CURVE('',#1479,#1479,#1481,.T.);
#1479 = VERTEX_POINT('',#1480);
#1480 = CARTESIAN_POINT('',(112.5,-128.72,0.));
#1481 = CIRCLE('',#1482,0.6);
#1482 = AXIS2_PLACEMENT_3D('',#1483,#1484,#1485);
#1483 = CARTESIAN_POINT('',(112.5,-128.12,0.));
#1484 = DIRECTION('',(-0.,0.,-1.));
#1485 = DIRECTION('',(-0.,-1.,0.));
#1486 = FACE_BOUND('',#1487,.F.);
#1487 = EDGE_LOOP('',(#1488));
#1488 = ORIENTED_EDGE('',*,*,#1489,.T.);
#1489 = EDGE_CURVE('',#1490,#1490,#1492,.T.);
#1490 = VERTEX_POINT('',#1491);
#1491 = CARTESIAN_POINT('',(118.,-128.72,0.));
#1492 = CIRCLE('',#1493,0.6);
#1493 = AXIS2_PLACEMENT_3D('',#1494,#1495,#1496);
#1494 = CARTESIAN_POINT('',(118.,-128.12,0.));
#1495 = DIRECTION('',(-0.,0.,-1.));
#1496 = DIRECTION('',(-0.,-1.,0.));
#1497 = FACE_BOUND('',#1498,.F.);
#1498 = EDGE_LOOP('',(#1499));
#1499 = ORIENTED_EDGE('',*,*,#1500,.T.);
#1500 = EDGE_CURVE('',#1501,#1501,#1503,.T.);
#1501 = VERTEX_POINT('',#1502);
#1502 = CARTESIAN_POINT('',(112.5,-113.48,0.));
#1503 = CIRCLE('',#1504,0.6);
#1504 = AXIS2_PLACEMENT_3D('',#1505,#1506,#1507);
#1505 = CARTESIAN_POINT('',(112.5,-112.88,0.));
#1506 = DIRECTION('',(-0.,0.,-1.));
#1507 = DIRECTION('',(-0.,-1.,0.));
#1508 = FACE_BOUND('',#1509,.F.);
#1509 = EDGE_LOOP('',(#1510));
#1510 = ORIENTED_EDGE('',*,*,#1511,.T.);
#1511 = EDGE_CURVE('',#1512,#1512,#1514,.T.);
#1512 = VERTEX_POINT('',#1513);
#1513 = CARTESIAN_POINT('',(118.,-113.48,0.));
#1514 = CIRCLE('',#1515,0.6);
#1515 = AXIS2_PLACEMENT_3D('',#1516,#1517,#1518);
#1516 = CARTESIAN_POINT('',(118.,-112.88,0.));
#1517 = DIRECTION('',(-0.,0.,-1.));
#1518 = DIRECTION('',(-0.,-1.,0.));
#1519 = FACE_BOUND('',#1520,.F.);
#1520 = EDGE_LOOP('',(#1521));
#1521 = ORIENTED_EDGE('',*,*,#1522,.T.);
#1522 = EDGE_CURVE('',#1523,#1523,#1525,.T.);
#1523 = VERTEX_POINT('',#1524);
#1524 = CARTESIAN_POINT('',(81.,-105.215,0.));
#1525 = CIRCLE('',#1526,0.45);
#1526 = AXIS2_PLACEMENT_3D('',#1527,#1528,#1529);
#1527 = CARTESIAN_POINT('',(81.,-104.765,0.));
#1528 = DIRECTION('',(-0.,0.,-1.));
#1529 = DIRECTION('',(-0.,-1.,0.));
#1530 = FACE_BOUND('',#1531,.F.);
#1531 = EDGE_LOOP('',(#1532));
#1532 = ORIENTED_EDGE('',*,*,#1533,.T.);
#1533 = EDGE_CURVE('',#1534,#1534,#1536,.T.);
#1534 = VERTEX_POINT('',#1535);
#1535 = CARTESIAN_POINT('',(81.,-102.675,0.));
#1536 = CIRCLE('',#1537,0.45);
#1537 = AXIS2_PLACEMENT_3D('',#1538,#1539,#1540);
#1538 = CARTESIAN_POINT('',(81.,-102.225,0.));
#1539 = DIRECTION('',(-0.,0.,-1.));
#1540 = DIRECTION('',(-0.,-1.,0.));
#1541 = FACE_BOUND('',#1542,.F.);
#1542 = EDGE_LOOP('',(#1543));
#1543 = ORIENTED_EDGE('',*,*,#1544,.T.);
#1544 = EDGE_CURVE('',#1545,#1545,#1547,.T.);
#1545 = VERTEX_POINT('',#1546);
#1546 = CARTESIAN_POINT('',(88.5,-103.999999,0.));
#1547 = CIRCLE('',#1548,0.499999);
#1548 = AXIS2_PLACEMENT_3D('',#1549,#1550,#1551);
#1549 = CARTESIAN_POINT('',(88.5,-103.5,0.));
#1550 = DIRECTION('',(-0.,0.,-1.));
#1551 = DIRECTION('',(-0.,-1.,0.));
#1552 = FACE_BOUND('',#1553,.F.);
#1553 = EDGE_LOOP('',(#1554));
#1554 = ORIENTED_EDGE('',*,*,#1555,.T.);
#1555 = EDGE_CURVE('',#1556,#1556,#1558,.T.);
#1556 = VERTEX_POINT('',#1557);
#1557 = CARTESIAN_POINT('',(88.5,-101.499999,0.));
#1558 = CIRCLE('',#1559,0.499999);
#1559 = AXIS2_PLACEMENT_3D('',#1560,#1561,#1562);
#1560 = CARTESIAN_POINT('',(88.5,-101.,0.));
#1561 = DIRECTION('',(-0.,0.,-1.));
#1562 = DIRECTION('',(-0.,-1.,0.));
#1563 = FACE_BOUND('',#1564,.F.);
#1564 = EDGE_LOOP('',(#1565));
#1565 = ORIENTED_EDGE('',*,*,#1566,.T.);
#1566 = EDGE_CURVE('',#1567,#1567,#1569,.T.);
#1567 = VERTEX_POINT('',#1568);
#1568 = CARTESIAN_POINT('',(81.5,-95.65,0.));
#1569 = CIRCLE('',#1570,1.65);
#1570 = AXIS2_PLACEMENT_3D('',#1571,#1572,#1573);
#1571 = CARTESIAN_POINT('',(81.5,-94.,0.));
#1572 = DIRECTION('',(-0.,0.,-1.));
#1573 = DIRECTION('',(-0.,-1.,0.));
#1574 = FACE_BOUND('',#1575,.F.);
#1575 = EDGE_LOOP('',(#1576));
#1576 = ORIENTED_EDGE('',*,*,#1577,.T.);
#1577 = EDGE_CURVE('',#1578,#1578,#1580,.T.);
#1578 = VERTEX_POINT('',#1579);
#1579 = CARTESIAN_POINT('',(95.69,-101.92,0.));
#1580 = CIRCLE('',#1581,0.5);
#1581 = AXIS2_PLACEMENT_3D('',#1582,#1583,#1584);
#1582 = CARTESIAN_POINT('',(95.69,-101.42,0.));
#1583 = DIRECTION('',(-0.,0.,-1.));
#1584 = DIRECTION('',(-0.,-1.,0.));
#1585 = FACE_BOUND('',#1586,.F.);
#1586 = EDGE_LOOP('',(#1587));
#1587 = ORIENTED_EDGE('',*,*,#1588,.T.);
#1588 = EDGE_CURVE('',#1589,#1589,#1591,.T.);
#1589 = VERTEX_POINT('',#1590);
#1590 = CARTESIAN_POINT('',(98.23,-101.92,0.));
#1591 = CIRCLE('',#1592,0.5);
#1592 = AXIS2_PLACEMENT_3D('',#1593,#1594,#1595);
#1593 = CARTESIAN_POINT('',(98.23,-101.42,0.));
#1594 = DIRECTION('',(-0.,0.,-1.));
#1595 = DIRECTION('',(-0.,-1.,0.));
#1596 = FACE_BOUND('',#1597,.F.);
#1597 = EDGE_LOOP('',(#1598));
#1598 = ORIENTED_EDGE('',*,*,#1599,.T.);
#1599 = EDGE_CURVE('',#1600,#1600,#1602,.T.);
#1600 = VERTEX_POINT('',#1601);
#1601 = CARTESIAN_POINT('',(95.69,-99.38,0.));
#1602 = CIRCLE('',#1603,0.5);
#1603 = AXIS2_PLACEMENT_3D('',#1604,#1605,#1606);
#1604 = CARTESIAN_POINT('',(95.69,-98.88,0.));
#1605 = DIRECTION('',(-0.,0.,-1.));
#1606 = DIRECTION('',(-0.,-1.,0.));
#1607 = FACE_BOUND('',#1608,.F.);
#1608 = EDGE_LOOP('',(#1609));
#1609 = ORIENTED_EDGE('',*,*,#1610,.T.);
#1610 = EDGE_CURVE('',#1611,#1611,#1613,.T.);
#1611 = VERTEX_POINT('',#1612);
#1612 = CARTESIAN_POINT('',(98.23,-99.38,0.));
#1613 = CIRCLE('',#1614,0.5);
#1614 = AXIS2_PLACEMENT_3D('',#1615,#1616,#1617);
#1615 = CARTESIAN_POINT('',(98.23,-98.88,0.));
#1616 = DIRECTION('',(-0.,0.,-1.));
#1617 = DIRECTION('',(-0.,-1.,0.));
#1618 = FACE_BOUND('',#1619,.F.);
#1619 = EDGE_LOOP('',(#1620));
#1620 = ORIENTED_EDGE('',*,*,#1621,.T.);
#1621 = EDGE_CURVE('',#1622,#1622,#1624,.T.);
#1622 = VERTEX_POINT('',#1623);
#1623 = CARTESIAN_POINT('',(92.38,-91.78,0.));
#1624 = CIRCLE('',#1625,0.5);
#1625 = AXIS2_PLACEMENT_3D('',#1626,#1627,#1628);
#1626 = CARTESIAN_POINT('',(92.38,-91.28,0.));
#1627 = DIRECTION('',(-0.,0.,-1.));
#1628 = DIRECTION('',(-0.,-1.,0.));
#1629 = FACE_BOUND('',#1630,.F.);
#1630 = EDGE_LOOP('',(#1631));
#1631 = ORIENTED_EDGE('',*,*,#1632,.T.);
#1632 = EDGE_CURVE('',#1633,#1633,#1635,.T.);
#1633 = VERTEX_POINT('',#1634);
#1634 = CARTESIAN_POINT('',(92.38,-89.24,0.));
#1635 = CIRCLE('',#1636,0.5);
#1636 = AXIS2_PLACEMENT_3D('',#1637,#1638,#1639);
#1637 = CARTESIAN_POINT('',(92.38,-88.74,0.));
#1638 = DIRECTION('',(-0.,0.,-1.));
#1639 = DIRECTION('',(-0.,-1.,0.));
#1640 = FACE_BOUND('',#1641,.F.);
#1641 = EDGE_LOOP('',(#1642));
#1642 = ORIENTED_EDGE('',*,*,#1643,.T.);
#1643 = EDGE_CURVE('',#1644,#1644,#1646,.T.);
#1644 = VERTEX_POINT('',#1645);
#1645 = CARTESIAN_POINT('',(92.38,-86.7,0.));
#1646 = CIRCLE('',#1647,0.5);
#1647 = AXIS2_PLACEMENT_3D('',#1648,#1649,#1650);
#1648 = CARTESIAN_POINT('',(92.38,-86.2,0.));
#1649 = DIRECTION('',(-0.,0.,-1.));
#1650 = DIRECTION('',(-0.,-1.,0.));
#1651 = FACE_BOUND('',#1652,.F.);
#1652 = EDGE_LOOP('',(#1653));
#1653 = ORIENTED_EDGE('',*,*,#1654,.T.);
#1654 = EDGE_CURVE('',#1655,#1655,#1657,.T.);
#1655 = VERTEX_POINT('',#1656);
#1656 = CARTESIAN_POINT('',(92.38,-84.16,0.));
#1657 = CIRCLE('',#1658,0.5);
#1658 = AXIS2_PLACEMENT_3D('',#1659,#1660,#1661);
#1659 = CARTESIAN_POINT('',(92.38,-83.66,0.));
#1660 = DIRECTION('',(-0.,0.,-1.));
#1661 = DIRECTION('',(-0.,-1.,0.));
#1662 = FACE_BOUND('',#1663,.F.);
#1663 = EDGE_LOOP('',(#1664));
#1664 = ORIENTED_EDGE('',*,*,#1665,.T.);
#1665 = EDGE_CURVE('',#1666,#1666,#1668,.T.);
#1666 = VERTEX_POINT('',#1667);
#1667 = CARTESIAN_POINT('',(96.5,-90.900011,0.));
#1668 = CIRCLE('',#1669,0.650011);
#1669 = AXIS2_PLACEMENT_3D('',#1670,#1671,#1672);
#1670 = CARTESIAN_POINT('',(96.5,-90.25,0.));
#1671 = DIRECTION('',(-0.,0.,-1.));
#1672 = DIRECTION('',(-0.,-1.,0.));
#1673 = FACE_BOUND('',#1674,.F.);
#1674 = EDGE_LOOP('',(#1675));
#1675 = ORIENTED_EDGE('',*,*,#1676,.T.);
#1676 = EDGE_CURVE('',#1677,#1677,#1679,.T.);
#1677 = VERTEX_POINT('',#1678);
#1678 = CARTESIAN_POINT('',(97.75,-88.249999,0.));
#1679 = CIRCLE('',#1680,0.499999);
#1680 = AXIS2_PLACEMENT_3D('',#1681,#1682,#1683);
#1681 = CARTESIAN_POINT('',(97.75,-87.75,0.));
#1682 = DIRECTION('',(-0.,0.,-1.));
#1683 = DIRECTION('',(-0.,-1.,0.));
#1684 = FACE_BOUND('',#1685,.F.);
#1685 = EDGE_LOOP('',(#1686));
#1686 = ORIENTED_EDGE('',*,*,#1687,.T.);
#1687 = EDGE_CURVE('',#1688,#1688,#1690,.T.);
#1688 = VERTEX_POINT('',#1689);
#1689 = CARTESIAN_POINT('',(92.38,-81.62,0.));
#1690 = CIRCLE('',#1691,0.5);
#1691 = AXIS2_PLACEMENT_3D('',#1692,#1693,#1694);
#1692 = CARTESIAN_POINT('',(92.38,-81.12,0.));
#1693 = DIRECTION('',(-0.,0.,-1.));
#1694 = DIRECTION('',(-0.,-1.,0.));
#1695 = FACE_BOUND('',#1696,.F.);
#1696 = EDGE_LOOP('',(#1697));
#1697 = ORIENTED_EDGE('',*,*,#1698,.T.);
#1698 = EDGE_CURVE('',#1699,#1699,#1701,.T.);
#1699 = VERTEX_POINT('',#1700);
#1700 = CARTESIAN_POINT('',(92.38,-79.08,0.));
#1701 = CIRCLE('',#1702,0.5);
#1702 = AXIS2_PLACEMENT_3D('',#1703,#1704,#1705);
#1703 = CARTESIAN_POINT('',(92.38,-78.58,0.));
#1704 = DIRECTION('',(-0.,0.,-1.));
#1705 = DIRECTION('',(-0.,-1.,0.));
#1706 = FACE_BOUND('',#1707,.F.);
#1707 = EDGE_LOOP('',(#1708));
#1708 = ORIENTED_EDGE('',*,*,#1709,.T.);
#1709 = EDGE_CURVE('',#1710,#1710,#1712,.T.);
#1710 = VERTEX_POINT('',#1711);
#1711 = CARTESIAN_POINT('',(92.38,-76.54,0.));
#1712 = CIRCLE('',#1713,0.5);
#1713 = AXIS2_PLACEMENT_3D('',#1714,#1715,#1716);
#1714 = CARTESIAN_POINT('',(92.38,-76.04,0.));
#1715 = DIRECTION('',(-0.,0.,-1.));
#1716 = DIRECTION('',(-0.,-1.,0.));
#1717 = FACE_BOUND('',#1718,.F.);
#1718 = EDGE_LOOP('',(#1719));
#1719 = ORIENTED_EDGE('',*,*,#1720,.T.);
#1720 = EDGE_CURVE('',#1721,#1721,#1723,.T.);
#1721 = VERTEX_POINT('',#1722);
#1722 = CARTESIAN_POINT('',(92.38,-74.,0.));
#1723 = CIRCLE('',#1724,0.5);
#1724 = AXIS2_PLACEMENT_3D('',#1725,#1726,#1727);
#1725 = CARTESIAN_POINT('',(92.38,-73.5,0.));
#1726 = DIRECTION('',(-0.,0.,-1.));
#1727 = DIRECTION('',(-0.,-1.,0.));
#1728 = FACE_BOUND('',#1729,.F.);
#1729 = EDGE_LOOP('',(#1730));
#1730 = ORIENTED_EDGE('',*,*,#1731,.T.);
#1731 = EDGE_CURVE('',#1732,#1732,#1734,.T.);
#1732 = VERTEX_POINT('',#1733);
#1733 = CARTESIAN_POINT('',(100.77,-101.92,0.));
#1734 = CIRCLE('',#1735,0.5);
#1735 = AXIS2_PLACEMENT_3D('',#1736,#1737,#1738);
#1736 = CARTESIAN_POINT('',(100.77,-101.42,0.));
#1737 = DIRECTION('',(-0.,0.,-1.));
#1738 = DIRECTION('',(-0.,-1.,0.));
#1739 = FACE_BOUND('',#1740,.F.);
#1740 = EDGE_LOOP('',(#1741));
#1741 = ORIENTED_EDGE('',*,*,#1742,.T.);
#1742 = EDGE_CURVE('',#1743,#1743,#1745,.T.);
#1743 = VERTEX_POINT('',#1744);
#1744 = CARTESIAN_POINT('',(103.31,-101.92,0.));
#1745 = CIRCLE('',#1746,0.5);
#1746 = AXIS2_PLACEMENT_3D('',#1747,#1748,#1749);
#1747 = CARTESIAN_POINT('',(103.31,-101.42,0.));
#1748 = DIRECTION('',(-0.,0.,-1.));
#1749 = DIRECTION('',(-0.,-1.,0.));
#1750 = FACE_BOUND('',#1751,.F.);
#1751 = EDGE_LOOP('',(#1752));
#1752 = ORIENTED_EDGE('',*,*,#1753,.T.);
#1753 = EDGE_CURVE('',#1754,#1754,#1756,.T.);
#1754 = VERTEX_POINT('',#1755);
#1755 = CARTESIAN_POINT('',(100.77,-99.38,0.));
#1756 = CIRCLE('',#1757,0.5);
#1757 = AXIS2_PLACEMENT_3D('',#1758,#1759,#1760);
#1758 = CARTESIAN_POINT('',(100.77,-98.88,0.));
#1759 = DIRECTION('',(-0.,0.,-1.));
#1760 = DIRECTION('',(-0.,-1.,0.));
#1761 = FACE_BOUND('',#1762,.F.);
#1762 = EDGE_LOOP('',(#1763));
#1763 = ORIENTED_EDGE('',*,*,#1764,.T.);
#1764 = EDGE_CURVE('',#1765,#1765,#1767,.T.);
#1765 = VERTEX_POINT('',#1766);
#1766 = CARTESIAN_POINT('',(103.31,-99.38,0.));
#1767 = CIRCLE('',#1768,0.5);
#1768 = AXIS2_PLACEMENT_3D('',#1769,#1770,#1771);
#1769 = CARTESIAN_POINT('',(103.31,-98.88,0.));
#1770 = DIRECTION('',(-0.,0.,-1.));
#1771 = DIRECTION('',(-0.,-1.,0.));
#1772 = FACE_BOUND('',#1773,.F.);
#1773 = EDGE_LOOP('',(#1774));
#1774 = ORIENTED_EDGE('',*,*,#1775,.T.);
#1775 = EDGE_CURVE('',#1776,#1776,#1778,.T.);
#1776 = VERTEX_POINT('',#1777);
#1777 = CARTESIAN_POINT('',(119.,-105.225,0.));
#1778 = CIRCLE('',#1779,0.45);
#1779 = AXIS2_PLACEMENT_3D('',#1780,#1781,#1782);
#1780 = CARTESIAN_POINT('',(119.,-104.775,0.));
#1781 = DIRECTION('',(-0.,0.,-1.));
#1782 = DIRECTION('',(-0.,-1.,0.));
#1783 = FACE_BOUND('',#1784,.F.);
#1784 = EDGE_LOOP('',(#1785));
#1785 = ORIENTED_EDGE('',*,*,#1786,.T.);
#1786 = EDGE_CURVE('',#1787,#1787,#1789,.T.);
#1787 = VERTEX_POINT('',#1788);
#1788 = CARTESIAN_POINT('',(119.,-102.685,0.));
#1789 = CIRCLE('',#1790,0.45);
#1790 = AXIS2_PLACEMENT_3D('',#1791,#1792,#1793);
#1791 = CARTESIAN_POINT('',(119.,-102.235,0.));
#1792 = DIRECTION('',(-0.,0.,-1.));
#1793 = DIRECTION('',(-0.,-1.,0.));
#1794 = FACE_BOUND('',#1795,.F.);
#1795 = EDGE_LOOP('',(#1796));
#1796 = ORIENTED_EDGE('',*,*,#1797,.T.);
#1797 = EDGE_CURVE('',#1798,#1798,#1800,.T.);
#1798 = VERTEX_POINT('',#1799);
#1799 = CARTESIAN_POINT('',(110.294888,-99.4,0.));
#1800 = CIRCLE('',#1801,0.4);
#1801 = AXIS2_PLACEMENT_3D('',#1802,#1803,#1804);
#1802 = CARTESIAN_POINT('',(110.294888,-99.,0.));
#1803 = DIRECTION('',(-0.,0.,-1.));
#1804 = DIRECTION('',(-0.,-1.,0.));
#1805 = FACE_BOUND('',#1806,.F.);
#1806 = EDGE_LOOP('',(#1807));
#1807 = ORIENTED_EDGE('',*,*,#1808,.T.);
#1808 = EDGE_CURVE('',#1809,#1809,#1811,.T.);
#1809 = VERTEX_POINT('',#1810);
#1810 = CARTESIAN_POINT('',(112.794888,-99.4,0.));
#1811 = CIRCLE('',#1812,0.4);
#1812 = AXIS2_PLACEMENT_3D('',#1813,#1814,#1815);
#1813 = CARTESIAN_POINT('',(112.794888,-99.,0.));
#1814 = DIRECTION('',(-0.,0.,-1.));
#1815 = DIRECTION('',(-0.,-1.,0.));
#1816 = FACE_BOUND('',#1817,.F.);
#1817 = EDGE_LOOP('',(#1818));
#1818 = ORIENTED_EDGE('',*,*,#1819,.T.);
#1819 = EDGE_CURVE('',#1820,#1820,#1822,.T.);
#1820 = VERTEX_POINT('',#1821);
#1821 = CARTESIAN_POINT('',(118.5,-95.65,0.));
#1822 = CIRCLE('',#1823,1.65);
#1823 = AXIS2_PLACEMENT_3D('',#1824,#1825,#1826);
#1824 = CARTESIAN_POINT('',(118.5,-94.,0.));
#1825 = DIRECTION('',(-0.,0.,-1.));
#1826 = DIRECTION('',(-0.,-1.,0.));
#1827 = FACE_BOUND('',#1828,.F.);
#1828 = EDGE_LOOP('',(#1829));
#1829 = ORIENTED_EDGE('',*,*,#1830,.T.);
#1830 = EDGE_CURVE('',#1831,#1831,#1833,.T.);
#1831 = VERTEX_POINT('',#1832);
#1832 = CARTESIAN_POINT('',(102.25,-88.249999,0.));
#1833 = CIRCLE('',#1834,0.499999);
#1834 = AXIS2_PLACEMENT_3D('',#1835,#1836,#1837);
#1835 = CARTESIAN_POINT('',(102.25,-87.75,0.));
#1836 = DIRECTION('',(-0.,0.,-1.));
#1837 = DIRECTION('',(-0.,-1.,0.));
#1838 = FACE_BOUND('',#1839,.F.);
#1839 = EDGE_LOOP('',(#1840));
#1840 = ORIENTED_EDGE('',*,*,#1841,.T.);
#1841 = EDGE_CURVE('',#1842,#1842,#1844,.T.);
#1842 = VERTEX_POINT('',#1843);
#1843 = CARTESIAN_POINT('',(103.5,-90.900011,0.));
#1844 = CIRCLE('',#1845,0.650011);
#1845 = AXIS2_PLACEMENT_3D('',#1846,#1847,#1848);
#1846 = CARTESIAN_POINT('',(103.5,-90.25,0.));
#1847 = DIRECTION('',(-0.,0.,-1.));
#1848 = DIRECTION('',(-0.,-1.,0.));
#1849 = FACE_BOUND('',#1850,.F.);
#1850 = EDGE_LOOP('',(#1851));
#1851 = ORIENTED_EDGE('',*,*,#1852,.T.);
#1852 = EDGE_CURVE('',#1853,#1853,#1855,.T.);
#1853 = VERTEX_POINT('',#1854);
#1854 = CARTESIAN_POINT('',(107.62,-91.78,0.));
#1855 = CIRCLE('',#1856,0.5);
#1856 = AXIS2_PLACEMENT_3D('',#1857,#1858,#1859);
#1857 = CARTESIAN_POINT('',(107.62,-91.28,0.));
#1858 = DIRECTION('',(-0.,0.,-1.));
#1859 = DIRECTION('',(-0.,-1.,0.));
#1860 = FACE_BOUND('',#1861,.F.);
#1861 = EDGE_LOOP('',(#1862));
#1862 = ORIENTED_EDGE('',*,*,#1863,.T.);
#1863 = EDGE_CURVE('',#1864,#1864,#1866,.T.);
#1864 = VERTEX_POINT('',#1865);
#1865 = CARTESIAN_POINT('',(107.62,-89.24,0.));
#1866 = CIRCLE('',#1867,0.5);
#1867 = AXIS2_PLACEMENT_3D('',#1868,#1869,#1870);
#1868 = CARTESIAN_POINT('',(107.62,-88.74,0.));
#1869 = DIRECTION('',(-0.,0.,-1.));
#1870 = DIRECTION('',(-0.,-1.,0.));
#1871 = FACE_BOUND('',#1872,.F.);
#1872 = EDGE_LOOP('',(#1873));
#1873 = ORIENTED_EDGE('',*,*,#1874,.T.);
#1874 = EDGE_CURVE('',#1875,#1875,#1877,.T.);
#1875 = VERTEX_POINT('',#1876);
#1876 = CARTESIAN_POINT('',(107.62,-86.7,0.));
#1877 = CIRCLE('',#1878,0.5);
#1878 = AXIS2_PLACEMENT_3D('',#1879,#1880,#1881);
#1879 = CARTESIAN_POINT('',(107.62,-86.2,0.));
#1880 = DIRECTION('',(-0.,0.,-1.));
#1881 = DIRECTION('',(-0.,-1.,0.));
#1882 = FACE_BOUND('',#1883,.F.);
#1883 = EDGE_LOOP('',(#1884));
#1884 = ORIENTED_EDGE('',*,*,#1885,.T.);
#1885 = EDGE_CURVE('',#1886,#1886,#1888,.T.);
#1886 = VERTEX_POINT('',#1887);
#1887 = CARTESIAN_POINT('',(107.62,-84.16,0.));
#1888 = CIRCLE('',#1889,0.5);
#1889 = AXIS2_PLACEMENT_3D('',#1890,#1891,#1892);
#1890 = CARTESIAN_POINT('',(107.62,-83.66,0.));
#1891 = DIRECTION('',(-0.,0.,-1.));
#1892 = DIRECTION('',(-0.,-1.,0.));
#1893 = FACE_BOUND('',#1894,.F.);
#1894 = EDGE_LOOP('',(#1895));
#1895 = ORIENTED_EDGE('',*,*,#1896,.T.);
#1896 = EDGE_CURVE('',#1897,#1897,#1899,.T.);
#1897 = VERTEX_POINT('',#1898);
#1898 = CARTESIAN_POINT('',(107.62,-81.62,0.));
#1899 = CIRCLE('',#1900,0.5);
#1900 = AXIS2_PLACEMENT_3D('',#1901,#1902,#1903);
#1901 = CARTESIAN_POINT('',(107.62,-81.12,0.));
#1902 = DIRECTION('',(-0.,0.,-1.));
#1903 = DIRECTION('',(-0.,-1.,0.));
#1904 = FACE_BOUND('',#1905,.F.);
#1905 = EDGE_LOOP('',(#1906));
#1906 = ORIENTED_EDGE('',*,*,#1907,.T.);
#1907 = EDGE_CURVE('',#1908,#1908,#1910,.T.);
#1908 = VERTEX_POINT('',#1909);
#1909 = CARTESIAN_POINT('',(107.62,-79.08,0.));
#1910 = CIRCLE('',#1911,0.5);
#1911 = AXIS2_PLACEMENT_3D('',#1912,#1913,#1914);
#1912 = CARTESIAN_POINT('',(107.62,-78.58,0.));
#1913 = DIRECTION('',(-0.,0.,-1.));
#1914 = DIRECTION('',(-0.,-1.,0.));
#1915 = FACE_BOUND('',#1916,.F.);
#1916 = EDGE_LOOP('',(#1917));
#1917 = ORIENTED_EDGE('',*,*,#1918,.T.);
#1918 = EDGE_CURVE('',#1919,#1919,#1921,.T.);
#1919 = VERTEX_POINT('',#1920);
#1920 = CARTESIAN_POINT('',(107.62,-76.54,0.));
#1921 = CIRCLE('',#1922,0.5);
#1922 = AXIS2_PLACEMENT_3D('',#1923,#1924,#1925);
#1923 = CARTESIAN_POINT('',(107.62,-76.04,0.));
#1924 = DIRECTION('',(-0.,0.,-1.));
#1925 = DIRECTION('',(-0.,-1.,0.));
#1926 = FACE_BOUND('',#1927,.F.);
#1927 = EDGE_LOOP('',(#1928));
#1928 = ORIENTED_EDGE('',*,*,#1929,.T.);
#1929 = EDGE_CURVE('',#1930,#1930,#1932,.T.);
#1930 = VERTEX_POINT('',#1931);
#1931 = CARTESIAN_POINT('',(107.62,-74.,0.));
#1932 = CIRCLE('',#1933,0.5);
#1933 = AXIS2_PLACEMENT_3D('',#1934,#1935,#1936);
#1934 = CARTESIAN_POINT('',(107.62,-73.5,0.));
#1935 = DIRECTION('',(-0.,0.,-1.));
#1936 = DIRECTION('',(-0.,-1.,0.));
#1937 = PLANE('',#1938);
#1938 = AXIS2_PLACEMENT_3D('',#1939,#1940,#1941);
#1939 = CARTESIAN_POINT('',(0.,0.,0.));
#1940 = DIRECTION('',(0.,0.,1.));
#1941 = DIRECTION('',(1.,0.,-0.));
#1942 = ADVANCED_FACE('',(#1943,#3170,#3181,#3192,#3203,#3214,#3225,
    #3236,#3247,#3258,#3269,#3280,#3291,#3302,#3313,#3324,#3335,#3346,
    #3357,#3368,#3379,#3390,#3401,#3412,#3423,#3434,#3445,#3456,#3467,
    #3478,#3489,#3500,#3511,#3522,#3533,#3544,#3555,#3566,#3577,#3588,
    #3599,#3610,#3621,#3632,#3643,#3654,#3665,#3676,#3687,#3698,#3709,
    #3720,#3731),#3742,.T.);
#1943 = FACE_BOUND('',#1944,.T.);
#1944 = EDGE_LOOP('',(#1945,#1946,#1947,#1955,#1963,#1971,#1979,#1987,
    #1995,#2003,#2011,#2019,#2027,#2035,#2043,#2051,#2059,#2067,#2075,
    #2083,#2091,#2099,#2107,#2115,#2123,#2131,#2139,#2147,#2155,#2163,
    #2171,#2179,#2187,#2195,#2203,#2211,#2219,#2227,#2235,#2243,#2251,
    #2259,#2267,#2275,#2283,#2291,#2299,#2307,#2315,#2323,#2331,#2339,
    #2347,#2355,#2363,#2371,#2379,#2387,#2395,#2403,#2411,#2419,#2427,
    #2435,#2443,#2451,#2459,#2467,#2475,#2483,#2491,#2499,#2507,#2515,
    #2523,#2531,#2539,#2547,#2555,#2563,#2571,#2579,#2587,#2595,#2603,
    #2611,#2619,#2627,#2635,#2643,#2651,#2659,#2667,#2675,#2683,#2691,
    #2699,#2707,#2715,#2723,#2731,#2739,#2747,#2755,#2763,#2771,#2779,
    #2787,#2795,#2803,#2811,#2819,#2827,#2835,#2843,#2851,#2859,#2867,
    #2875,#2883,#2891,#2899,#2907,#2915,#2923,#2931,#2939,#2947,#2955,
    #2963,#2971,#2979,#2987,#2995,#3003,#3011,#3019,#3027,#3035,#3043,
    #3051,#3059,#3067,#3075,#3083,#3091,#3099,#3107,#3115,#3123,#3131,
    #3139,#3147,#3155,#3163,#3169));
#1945 = ORIENTED_EDGE('',*,*,#49,.F.);
#1946 = ORIENTED_EDGE('',*,*,#89,.F.);
#1947 = ORIENTED_EDGE('',*,*,#1948,.F.);
#1948 = EDGE_CURVE('',#1949,#82,#1951,.T.);
#1949 = VERTEX_POINT('',#1950);
#1950 = CARTESIAN_POINT('',(92.,-72.,1.6));
#1951 = LINE('',#1952,#1953);
#1952 = CARTESIAN_POINT('',(92.,-72.,1.6));
#1953 = VECTOR('',#1954,1.);
#1954 = DIRECTION('',(1.,0.,0.));
#1955 = ORIENTED_EDGE('',*,*,#1956,.F.);
#1956 = EDGE_CURVE('',#1957,#1949,#1959,.T.);
#1957 = VERTEX_POINT('',#1958);
#1958 = CARTESIAN_POINT('',(91.840278,-72.006944,1.6));
#1959 = LINE('',#1960,#1961);
#1960 = CARTESIAN_POINT('',(91.840278,-72.006944,1.6));
#1961 = VECTOR('',#1962,1.);
#1962 = DIRECTION('',(0.99905627637,4.343450985534E-02,0.));
#1963 = ORIENTED_EDGE('',*,*,#1964,.F.);
#1964 = EDGE_CURVE('',#1965,#1957,#1967,.T.);
#1965 = VERTEX_POINT('',#1966);
#1966 = CARTESIAN_POINT('',(91.694444,-72.027778,1.6));
#1967 = LINE('',#1968,#1969);
#1968 = CARTESIAN_POINT('',(91.694444,-72.027778,1.6));
#1969 = VECTOR('',#1970,1.);
#1970 = DIRECTION('',(0.989948950599,0.141425157623,0.));
#1971 = ORIENTED_EDGE('',*,*,#1972,.F.);
#1972 = EDGE_CURVE('',#1973,#1965,#1975,.T.);
#1973 = VERTEX_POINT('',#1974);
#1974 = CARTESIAN_POINT('',(91.5625,-72.0625,1.6));
#1975 = LINE('',#1976,#1977);
#1976 = CARTESIAN_POINT('',(91.5625,-72.0625,1.6));
#1977 = VECTOR('',#1978,1.);
#1978 = DIRECTION('',(0.967074727144,0.254492577729,0.));
#1979 = ORIENTED_EDGE('',*,*,#1980,.F.);
#1980 = EDGE_CURVE('',#1981,#1973,#1983,.T.);
#1981 = VERTEX_POINT('',#1982);
#1982 = CARTESIAN_POINT('',(91.444444,-72.111111,1.6));
#1983 = LINE('',#1984,#1985);
#1984 = CARTESIAN_POINT('',(91.444444,-72.111111,1.6));
#1985 = VECTOR('',#1986,1.);
#1986 = DIRECTION('',(0.924678909535,0.380747835531,0.));
#1987 = ORIENTED_EDGE('',*,*,#1988,.F.);
#1988 = EDGE_CURVE('',#1989,#1981,#1991,.T.);
#1989 = VERTEX_POINT('',#1990);
#1990 = CARTESIAN_POINT('',(91.340278,-72.173611,1.6));
#1991 = LINE('',#1992,#1993);
#1992 = CARTESIAN_POINT('',(91.340278,-72.173611,1.6));
#1993 = VECTOR('',#1994,1.);
#1994 = DIRECTION('',(0.857491473008,0.514498176593,0.));
#1995 = ORIENTED_EDGE('',*,*,#1996,.F.);
#1996 = EDGE_CURVE('',#1997,#1989,#1999,.T.);
#1997 = VERTEX_POINT('',#1998);
#1998 = CARTESIAN_POINT('',(91.25,-72.25,1.6));
#1999 = LINE('',#2000,#2001);
#2000 = CARTESIAN_POINT('',(91.25,-72.25,1.6));
#2001 = VECTOR('',#2002,1.);
#2002 = DIRECTION('',(0.763386606112,0.645941862406,0.));
#2003 = ORIENTED_EDGE('',*,*,#2004,.F.);
#2004 = EDGE_CURVE('',#2005,#1997,#2007,.T.);
#2005 = VERTEX_POINT('',#2006);
#2006 = CARTESIAN_POINT('',(91.173611,-72.340278,1.6));
#2007 = LINE('',#2008,#2009);
#2008 = CARTESIAN_POINT('',(91.173611,-72.340278,1.6));
#2009 = VECTOR('',#2010,1.);
#2010 = DIRECTION('',(0.645941862406,0.763386606112,0.));
#2011 = ORIENTED_EDGE('',*,*,#2012,.F.);
#2012 = EDGE_CURVE('',#2013,#2005,#2015,.T.);
#2013 = VERTEX_POINT('',#2014);
#2014 = CARTESIAN_POINT('',(91.111111,-72.444444,1.6));
#2015 = LINE('',#2016,#2017);
#2016 = CARTESIAN_POINT('',(91.111111,-72.444444,1.6));
#2017 = VECTOR('',#2018,1.);
#2018 = DIRECTION('',(0.514498176593,0.857491473008,0.));
#2019 = ORIENTED_EDGE('',*,*,#2020,.F.);
#2020 = EDGE_CURVE('',#2021,#2013,#2023,.T.);
#2021 = VERTEX_POINT('',#2022);
#2022 = CARTESIAN_POINT('',(91.0625,-72.5625,1.6));
#2023 = LINE('',#2024,#2025);
#2024 = CARTESIAN_POINT('',(91.0625,-72.5625,1.6));
#2025 = VECTOR('',#2026,1.);
#2026 = DIRECTION('',(0.380747835531,0.924678909535,0.));
#2027 = ORIENTED_EDGE('',*,*,#2028,.F.);
#2028 = EDGE_CURVE('',#2029,#2021,#2031,.T.);
#2029 = VERTEX_POINT('',#2030);
#2030 = CARTESIAN_POINT('',(91.027778,-72.694444,1.6));
#2031 = LINE('',#2032,#2033);
#2032 = CARTESIAN_POINT('',(91.027778,-72.694444,1.6));
#2033 = VECTOR('',#2034,1.);
#2034 = DIRECTION('',(0.254492577729,0.967074727144,0.));
#2035 = ORIENTED_EDGE('',*,*,#2036,.F.);
#2036 = EDGE_CURVE('',#2037,#2029,#2039,.T.);
#2037 = VERTEX_POINT('',#2038);
#2038 = CARTESIAN_POINT('',(91.006944,-72.840278,1.6));
#2039 = LINE('',#2040,#2041);
#2040 = CARTESIAN_POINT('',(91.006944,-72.840278,1.6));
#2041 = VECTOR('',#2042,1.);
#2042 = DIRECTION('',(0.141425157623,0.989948950599,0.));
#2043 = ORIENTED_EDGE('',*,*,#2044,.F.);
#2044 = EDGE_CURVE('',#2045,#2037,#2047,.T.);
#2045 = VERTEX_POINT('',#2046);
#2046 = CARTESIAN_POINT('',(91.,-73.,1.6));
#2047 = LINE('',#2048,#2049);
#2048 = CARTESIAN_POINT('',(91.,-73.,1.6));
#2049 = VECTOR('',#2050,1.);
#2050 = DIRECTION('',(4.343450985534E-02,0.99905627637,0.));
#2051 = ORIENTED_EDGE('',*,*,#2052,.F.);
#2052 = EDGE_CURVE('',#2053,#2045,#2055,.T.);
#2053 = VERTEX_POINT('',#2054);
#2054 = CARTESIAN_POINT('',(91.,-85.275,1.6));
#2055 = LINE('',#2056,#2057);
#2056 = CARTESIAN_POINT('',(91.,-85.275,1.6));
#2057 = VECTOR('',#2058,1.);
#2058 = DIRECTION('',(0.,1.,0.));
#2059 = ORIENTED_EDGE('',*,*,#2060,.F.);
#2060 = EDGE_CURVE('',#2061,#2053,#2063,.T.);
#2061 = VERTEX_POINT('',#2062);
#2062 = CARTESIAN_POINT('',(90.967188,-86.029688,1.6));
#2063 = LINE('',#2064,#2065);
#2064 = CARTESIAN_POINT('',(90.967188,-86.029688,1.6));
#2065 = VECTOR('',#2066,1.);
#2066 = DIRECTION('',(4.343653490106E-02,0.999056188328,0.));
#2067 = ORIENTED_EDGE('',*,*,#2068,.F.);
#2068 = EDGE_CURVE('',#2069,#2061,#2071,.T.);
#2069 = VERTEX_POINT('',#2070);
#2070 = CARTESIAN_POINT('',(90.86875,-86.71875,1.6));
#2071 = LINE('',#2072,#2073);
#2072 = CARTESIAN_POINT('',(90.86875,-86.71875,1.6));
#2073 = VECTOR('',#2074,1.);
#2074 = DIRECTION('',(0.141422160768,0.989949378728,0.));
#2075 = ORIENTED_EDGE('',*,*,#2076,.F.);
#2076 = EDGE_CURVE('',#2077,#2069,#2079,.T.);
#2077 = VERTEX_POINT('',#2078);
#2078 = CARTESIAN_POINT('',(90.704688,-87.342188,1.6));
#2079 = LINE('',#2080,#2081);
#2080 = CARTESIAN_POINT('',(90.704688,-87.342188,1.6));
#2081 = VECTOR('',#2082,1.);
#2082 = DIRECTION('',(0.254492383029,0.967074778381,0.));
#2083 = ORIENTED_EDGE('',*,*,#2084,.F.);
#2084 = EDGE_CURVE('',#2085,#2077,#2087,.T.);
#2085 = VERTEX_POINT('',#2086);
#2086 = CARTESIAN_POINT('',(90.475,-87.9,1.6));
#2087 = LINE('',#2088,#2089);
#2088 = CARTESIAN_POINT('',(90.475,-87.9,1.6));
#2089 = VECTOR('',#2090,1.);
#2090 = DIRECTION('',(0.380750805752,0.924677686505,0.));
#2091 = ORIENTED_EDGE('',*,*,#2092,.F.);
#2092 = EDGE_CURVE('',#2093,#2085,#2095,.T.);
#2093 = VERTEX_POINT('',#2094);
#2094 = CARTESIAN_POINT('',(90.179688,-88.392188,1.6));
#2095 = LINE('',#2096,#2097);
#2096 = CARTESIAN_POINT('',(90.179688,-88.392188,1.6));
#2097 = VECTOR('',#2098,1.);
#2098 = DIRECTION('',(0.514494730599,0.857493540609,0.));
#2099 = ORIENTED_EDGE('',*,*,#2100,.F.);
#2100 = EDGE_CURVE('',#2101,#2093,#2103,.T.);
#2101 = VERTEX_POINT('',#2102);
#2102 = CARTESIAN_POINT('',(89.81875,-88.81875,1.6));
#2103 = LINE('',#2104,#2105);
#2104 = CARTESIAN_POINT('',(89.81875,-88.81875,1.6));
#2105 = VECTOR('',#2106,1.);
#2106 = DIRECTION('',(0.64594320416,0.763385470781,0.));
#2107 = ORIENTED_EDGE('',*,*,#2108,.F.);
#2108 = EDGE_CURVE('',#2109,#2101,#2111,.T.);
#2109 = VERTEX_POINT('',#2110);
#2110 = CARTESIAN_POINT('',(89.392188,-89.179688,1.6));
#2111 = LINE('',#2112,#2113);
#2112 = CARTESIAN_POINT('',(89.392188,-89.179688,1.6));
#2113 = VECTOR('',#2114,1.);
#2114 = DIRECTION('',(0.763385470781,0.64594320416,0.));
#2115 = ORIENTED_EDGE('',*,*,#2116,.F.);
#2116 = EDGE_CURVE('',#2117,#2109,#2119,.T.);
#2117 = VERTEX_POINT('',#2118);
#2118 = CARTESIAN_POINT('',(88.9,-89.475,1.6));
#2119 = LINE('',#2120,#2121);
#2120 = CARTESIAN_POINT('',(88.9,-89.475,1.6));
#2121 = VECTOR('',#2122,1.);
#2122 = DIRECTION('',(0.857493540609,0.514494730599,0.));
#2123 = ORIENTED_EDGE('',*,*,#2124,.F.);
#2124 = EDGE_CURVE('',#2125,#2117,#2127,.T.);
#2125 = VERTEX_POINT('',#2126);
#2126 = CARTESIAN_POINT('',(88.342188,-89.704688,1.6));
#2127 = LINE('',#2128,#2129);
#2128 = CARTESIAN_POINT('',(88.342188,-89.704688,1.6));
#2129 = VECTOR('',#2130,1.);
#2130 = DIRECTION('',(0.924677686505,0.380750805752,0.));
#2131 = ORIENTED_EDGE('',*,*,#2132,.F.);
#2132 = EDGE_CURVE('',#2133,#2125,#2135,.T.);
#2133 = VERTEX_POINT('',#2134);
#2134 = CARTESIAN_POINT('',(87.71875,-89.86875,1.6));
#2135 = LINE('',#2136,#2137);
#2136 = CARTESIAN_POINT('',(87.71875,-89.86875,1.6));
#2137 = VECTOR('',#2138,1.);
#2138 = DIRECTION('',(0.967074778381,0.254492383029,0.));
#2139 = ORIENTED_EDGE('',*,*,#2140,.F.);
#2140 = EDGE_CURVE('',#2141,#2133,#2143,.T.);
#2141 = VERTEX_POINT('',#2142);
#2142 = CARTESIAN_POINT('',(87.029688,-89.967188,1.6));
#2143 = LINE('',#2144,#2145);
#2144 = CARTESIAN_POINT('',(87.029688,-89.967188,1.6));
#2145 = VECTOR('',#2146,1.);
#2146 = DIRECTION('',(0.989949378728,0.141422160768,0.));
#2147 = ORIENTED_EDGE('',*,*,#2148,.F.);
#2148 = EDGE_CURVE('',#2149,#2141,#2151,.T.);
#2149 = VERTEX_POINT('',#2150);
#2150 = CARTESIAN_POINT('',(86.275,-90.,1.6));
#2151 = LINE('',#2152,#2153);
#2152 = CARTESIAN_POINT('',(86.275,-90.,1.6));
#2153 = VECTOR('',#2154,1.);
#2154 = DIRECTION('',(0.999056188328,4.343653490106E-02,0.));
#2155 = ORIENTED_EDGE('',*,*,#2156,.F.);
#2156 = EDGE_CURVE('',#2157,#2149,#2159,.T.);
#2157 = VERTEX_POINT('',#2158);
#2158 = CARTESIAN_POINT('',(80.5,-90.,1.6));
#2159 = LINE('',#2160,#2161);
#2160 = CARTESIAN_POINT('',(80.5,-90.,1.6));
#2161 = VECTOR('',#2162,1.);
#2162 = DIRECTION('',(1.,0.,0.));
#2163 = ORIENTED_EDGE('',*,*,#2164,.F.);
#2164 = EDGE_CURVE('',#2165,#2157,#2167,.T.);
#2165 = VERTEX_POINT('',#2166);
#2166 = CARTESIAN_POINT('',(80.020833,-90.020833,1.6));
#2167 = LINE('',#2168,#2169);
#2168 = CARTESIAN_POINT('',(80.020833,-90.020833,1.6));
#2169 = VECTOR('',#2170,1.);
#2170 = DIRECTION('',(0.999056189826,4.343650043231E-02,0.));
#2171 = ORIENTED_EDGE('',*,*,#2172,.F.);
#2172 = EDGE_CURVE('',#2173,#2165,#2175,.T.);
#2173 = VERTEX_POINT('',#2174);
#2174 = CARTESIAN_POINT('',(79.583333,-90.083333,1.6));
#2175 = LINE('',#2176,#2177);
#2176 = CARTESIAN_POINT('',(79.583333,-90.083333,1.6));
#2177 = VECTOR('',#2178,1.);
#2178 = DIRECTION('',(0.989949493661,0.141421356237,0.));
#2179 = ORIENTED_EDGE('',*,*,#2180,.F.);
#2180 = EDGE_CURVE('',#2181,#2173,#2183,.T.);
#2181 = VERTEX_POINT('',#2182);
#2182 = CARTESIAN_POINT('',(79.1875,-90.1875,1.6));
#2183 = LINE('',#2184,#2185);
#2184 = CARTESIAN_POINT('',(79.1875,-90.1875,1.6));
#2185 = VECTOR('',#2186,1.);
#2186 = DIRECTION('',(0.967074284087,0.254494261344,0.));
#2187 = ORIENTED_EDGE('',*,*,#2188,.F.);
#2188 = EDGE_CURVE('',#2189,#2181,#2191,.T.);
#2189 = VERTEX_POINT('',#2190);
#2190 = CARTESIAN_POINT('',(78.833333,-90.333333,1.6));
#2191 = LINE('',#2192,#2193);
#2192 = CARTESIAN_POINT('',(78.833333,-90.333333,1.6));
#2193 = VECTOR('',#2194,1.);
#2194 = DIRECTION('',(0.924678531042,0.380748754733,0.));
#2195 = ORIENTED_EDGE('',*,*,#2196,.F.);
#2196 = EDGE_CURVE('',#2197,#2189,#2199,.T.);
#2197 = VERTEX_POINT('',#2198);
#2198 = CARTESIAN_POINT('',(78.520833,-90.520833,1.6));
#2199 = LINE('',#2200,#2201);
#2200 = CARTESIAN_POINT('',(78.520833,-90.520833,1.6));
#2201 = VECTOR('',#2202,1.);
#2202 = DIRECTION('',(0.857492925713,0.514495755428,0.));
#2203 = ORIENTED_EDGE('',*,*,#2204,.F.);
#2204 = EDGE_CURVE('',#2205,#2197,#2207,.T.);
#2205 = VERTEX_POINT('',#2206);
#2206 = CARTESIAN_POINT('',(78.25,-90.75,1.6));
#2207 = LINE('',#2208,#2209);
#2208 = CARTESIAN_POINT('',(78.25,-90.75,1.6));
#2209 = VECTOR('',#2210,1.);
#2210 = DIRECTION('',(0.763385430052,0.645943252294,0.));
#2211 = ORIENTED_EDGE('',*,*,#2212,.F.);
#2212 = EDGE_CURVE('',#2213,#2205,#2215,.T.);
#2213 = VERTEX_POINT('',#2214);
#2214 = CARTESIAN_POINT('',(78.020833,-91.020833,1.6));
#2215 = LINE('',#2216,#2217);
#2216 = CARTESIAN_POINT('',(78.020833,-91.020833,1.6));
#2217 = VECTOR('',#2218,1.);
#2218 = DIRECTION('',(0.645943252294,0.763385430052,0.));
#2219 = ORIENTED_EDGE('',*,*,#2220,.F.);
#2220 = EDGE_CURVE('',#2221,#2213,#2223,.T.);
#2221 = VERTEX_POINT('',#2222);
#2222 = CARTESIAN_POINT('',(77.833333,-91.333333,1.6));
#2223 = LINE('',#2224,#2225);
#2224 = CARTESIAN_POINT('',(77.833333,-91.333333,1.6));
#2225 = VECTOR('',#2226,1.);
#2226 = DIRECTION('',(0.514495755428,0.857492925713,0.));
#2227 = ORIENTED_EDGE('',*,*,#2228,.F.);
#2228 = EDGE_CURVE('',#2229,#2221,#2231,.T.);
#2229 = VERTEX_POINT('',#2230);
#2230 = CARTESIAN_POINT('',(77.6875,-91.6875,1.6));
#2231 = LINE('',#2232,#2233);
#2232 = CARTESIAN_POINT('',(77.6875,-91.6875,1.6));
#2233 = VECTOR('',#2234,1.);
#2234 = DIRECTION('',(0.380748754733,0.924678531042,0.));
#2235 = ORIENTED_EDGE('',*,*,#2236,.F.);
#2236 = EDGE_CURVE('',#2237,#2229,#2239,.T.);
#2237 = VERTEX_POINT('',#2238);
#2238 = CARTESIAN_POINT('',(77.583333,-92.083333,1.6));
#2239 = LINE('',#2240,#2241);
#2240 = CARTESIAN_POINT('',(77.583333,-92.083333,1.6));
#2241 = VECTOR('',#2242,1.);
#2242 = DIRECTION('',(0.254494261344,0.967074284087,0.));
#2243 = ORIENTED_EDGE('',*,*,#2244,.F.);
#2244 = EDGE_CURVE('',#2245,#2237,#2247,.T.);
#2245 = VERTEX_POINT('',#2246);
#2246 = CARTESIAN_POINT('',(77.520833,-92.520833,1.6));
#2247 = LINE('',#2248,#2249);
#2248 = CARTESIAN_POINT('',(77.520833,-92.520833,1.6));
#2249 = VECTOR('',#2250,1.);
#2250 = DIRECTION('',(0.141421356237,0.989949493661,0.));
#2251 = ORIENTED_EDGE('',*,*,#2252,.F.);
#2252 = EDGE_CURVE('',#2253,#2245,#2255,.T.);
#2253 = VERTEX_POINT('',#2254);
#2254 = CARTESIAN_POINT('',(77.5,-93.,1.6));
#2255 = LINE('',#2256,#2257);
#2256 = CARTESIAN_POINT('',(77.5,-93.,1.6));
#2257 = VECTOR('',#2258,1.);
#2258 = DIRECTION('',(4.343650043231E-02,0.999056189826,0.));
#2259 = ORIENTED_EDGE('',*,*,#2260,.F.);
#2260 = EDGE_CURVE('',#2261,#2253,#2263,.T.);
#2261 = VERTEX_POINT('',#2262);
#2262 = CARTESIAN_POINT('',(77.5,-147.,1.6));
#2263 = LINE('',#2264,#2265);
#2264 = CARTESIAN_POINT('',(77.5,-147.,1.6));
#2265 = VECTOR('',#2266,1.);
#2266 = DIRECTION('',(0.,1.,0.));
#2267 = ORIENTED_EDGE('',*,*,#2268,.F.);
#2268 = EDGE_CURVE('',#2269,#2261,#2271,.T.);
#2269 = VERTEX_POINT('',#2270);
#2270 = CARTESIAN_POINT('',(77.520833,-147.479167,1.6));
#2271 = LINE('',#2272,#2273);
#2272 = CARTESIAN_POINT('',(77.520833,-147.479167,1.6));
#2273 = VECTOR('',#2274,1.);
#2274 = DIRECTION('',(-4.343650043231E-02,0.999056189826,0.));
#2275 = ORIENTED_EDGE('',*,*,#2276,.F.);
#2276 = EDGE_CURVE('',#2277,#2269,#2279,.T.);
#2277 = VERTEX_POINT('',#2278);
#2278 = CARTESIAN_POINT('',(77.583333,-147.916667,1.6));
#2279 = LINE('',#2280,#2281);
#2280 = CARTESIAN_POINT('',(77.583333,-147.916667,1.6));
#2281 = VECTOR('',#2282,1.);
#2282 = DIRECTION('',(-0.141421356237,0.989949493661,0.));
#2283 = ORIENTED_EDGE('',*,*,#2284,.F.);
#2284 = EDGE_CURVE('',#2285,#2277,#2287,.T.);
#2285 = VERTEX_POINT('',#2286);
#2286 = CARTESIAN_POINT('',(77.6875,-148.3125,1.6));
#2287 = LINE('',#2288,#2289);
#2288 = CARTESIAN_POINT('',(77.6875,-148.3125,1.6));
#2289 = VECTOR('',#2290,1.);
#2290 = DIRECTION('',(-0.254494261344,0.967074284087,0.));
#2291 = ORIENTED_EDGE('',*,*,#2292,.F.);
#2292 = EDGE_CURVE('',#2293,#2285,#2295,.T.);
#2293 = VERTEX_POINT('',#2294);
#2294 = CARTESIAN_POINT('',(77.833333,-148.666667,1.6));
#2295 = LINE('',#2296,#2297);
#2296 = CARTESIAN_POINT('',(77.833333,-148.666667,1.6));
#2297 = VECTOR('',#2298,1.);
#2298 = DIRECTION('',(-0.380748754733,0.924678531042,0.));
#2299 = ORIENTED_EDGE('',*,*,#2300,.F.);
#2300 = EDGE_CURVE('',#2301,#2293,#2303,.T.);
#2301 = VERTEX_POINT('',#2302);
#2302 = CARTESIAN_POINT('',(78.020833,-148.979167,1.6));
#2303 = LINE('',#2304,#2305);
#2304 = CARTESIAN_POINT('',(78.020833,-148.979167,1.6));
#2305 = VECTOR('',#2306,1.);
#2306 = DIRECTION('',(-0.514495755428,0.857492925713,0.));
#2307 = ORIENTED_EDGE('',*,*,#2308,.F.);
#2308 = EDGE_CURVE('',#2309,#2301,#2311,.T.);
#2309 = VERTEX_POINT('',#2310);
#2310 = CARTESIAN_POINT('',(78.25,-149.25,1.6));
#2311 = LINE('',#2312,#2313);
#2312 = CARTESIAN_POINT('',(78.25,-149.25,1.6));
#2313 = VECTOR('',#2314,1.);
#2314 = DIRECTION('',(-0.645943252294,0.763385430052,0.));
#2315 = ORIENTED_EDGE('',*,*,#2316,.F.);
#2316 = EDGE_CURVE('',#2317,#2309,#2319,.T.);
#2317 = VERTEX_POINT('',#2318);
#2318 = CARTESIAN_POINT('',(78.520833,-149.479167,1.6));
#2319 = LINE('',#2320,#2321);
#2320 = CARTESIAN_POINT('',(78.520833,-149.479167,1.6));
#2321 = VECTOR('',#2322,1.);
#2322 = DIRECTION('',(-0.763385430052,0.645943252294,0.));
#2323 = ORIENTED_EDGE('',*,*,#2324,.F.);
#2324 = EDGE_CURVE('',#2325,#2317,#2327,.T.);
#2325 = VERTEX_POINT('',#2326);
#2326 = CARTESIAN_POINT('',(78.833333,-149.666667,1.6));
#2327 = LINE('',#2328,#2329);
#2328 = CARTESIAN_POINT('',(78.833333,-149.666667,1.6));
#2329 = VECTOR('',#2330,1.);
#2330 = DIRECTION('',(-0.857492925713,0.514495755428,0.));
#2331 = ORIENTED_EDGE('',*,*,#2332,.F.);
#2332 = EDGE_CURVE('',#2333,#2325,#2335,.T.);
#2333 = VERTEX_POINT('',#2334);
#2334 = CARTESIAN_POINT('',(79.1875,-149.8125,1.6));
#2335 = LINE('',#2336,#2337);
#2336 = CARTESIAN_POINT('',(79.1875,-149.8125,1.6));
#2337 = VECTOR('',#2338,1.);
#2338 = DIRECTION('',(-0.924678531042,0.380748754733,0.));
#2339 = ORIENTED_EDGE('',*,*,#2340,.F.);
#2340 = EDGE_CURVE('',#2341,#2333,#2343,.T.);
#2341 = VERTEX_POINT('',#2342);
#2342 = CARTESIAN_POINT('',(79.583333,-149.916667,1.6));
#2343 = LINE('',#2344,#2345);
#2344 = CARTESIAN_POINT('',(79.583333,-149.916667,1.6));
#2345 = VECTOR('',#2346,1.);
#2346 = DIRECTION('',(-0.967074284087,0.254494261344,0.));
#2347 = ORIENTED_EDGE('',*,*,#2348,.F.);
#2348 = EDGE_CURVE('',#2349,#2341,#2351,.T.);
#2349 = VERTEX_POINT('',#2350);
#2350 = CARTESIAN_POINT('',(80.020833,-149.979167,1.6));
#2351 = LINE('',#2352,#2353);
#2352 = CARTESIAN_POINT('',(80.020833,-149.979167,1.6));
#2353 = VECTOR('',#2354,1.);
#2354 = DIRECTION('',(-0.989949493661,0.141421356237,0.));
#2355 = ORIENTED_EDGE('',*,*,#2356,.F.);
#2356 = EDGE_CURVE('',#2357,#2349,#2359,.T.);
#2357 = VERTEX_POINT('',#2358);
#2358 = CARTESIAN_POINT('',(80.5,-150.,1.6));
#2359 = LINE('',#2360,#2361);
#2360 = CARTESIAN_POINT('',(80.5,-150.,1.6));
#2361 = VECTOR('',#2362,1.);
#2362 = DIRECTION('',(-0.999056189826,4.343650043234E-02,0.));
#2363 = ORIENTED_EDGE('',*,*,#2364,.F.);
#2364 = EDGE_CURVE('',#2365,#2357,#2367,.T.);
#2365 = VERTEX_POINT('',#2366);
#2366 = CARTESIAN_POINT('',(87.5,-150.,1.6));
#2367 = LINE('',#2368,#2369);
#2368 = CARTESIAN_POINT('',(87.5,-150.,1.6));
#2369 = VECTOR('',#2370,1.);
#2370 = DIRECTION('',(-1.,0.,0.));
#2371 = ORIENTED_EDGE('',*,*,#2372,.F.);
#2372 = EDGE_CURVE('',#2373,#2365,#2375,.T.);
#2373 = VERTEX_POINT('',#2374);
#2374 = CARTESIAN_POINT('',(88.298611,-150.034722,1.6));
#2375 = LINE('',#2376,#2377);
#2376 = CARTESIAN_POINT('',(88.298611,-150.034722,1.6));
#2377 = VECTOR('',#2378,1.);
#2378 = DIRECTION('',(-0.999056170157,4.343695283458E-02,0.));
#2379 = ORIENTED_EDGE('',*,*,#2380,.F.);
#2380 = EDGE_CURVE('',#2381,#2373,#2383,.T.);
#2381 = VERTEX_POINT('',#2382);
#2382 = CARTESIAN_POINT('',(89.027778,-150.138889,1.6));
#2383 = LINE('',#2384,#2385);
#2384 = CARTESIAN_POINT('',(89.027778,-150.138889,1.6));
#2385 = VECTOR('',#2386,1.);
#2386 = DIRECTION('',(-0.989949439355,0.141421736378,0.));
#2387 = ORIENTED_EDGE('',*,*,#2388,.F.);
#2388 = EDGE_CURVE('',#2389,#2381,#2391,.T.);
#2389 = VERTEX_POINT('',#2390);
#2390 = CARTESIAN_POINT('',(89.6875,-150.3125,1.6));
#2391 = LINE('',#2392,#2393);
#2392 = CARTESIAN_POINT('',(89.6875,-150.3125,1.6));
#2393 = VECTOR('',#2394,1.);
#2394 = DIRECTION('',(-0.967074556251,0.254493227125,0.));
#2395 = ORIENTED_EDGE('',*,*,#2396,.F.);
#2396 = EDGE_CURVE('',#2397,#2389,#2399,.T.);
#2397 = VERTEX_POINT('',#2398);
#2398 = CARTESIAN_POINT('',(90.277778,-150.555556,1.6));
#2399 = LINE('',#2400,#2401);
#2400 = CARTESIAN_POINT('',(90.277778,-150.555556,1.6));
#2401 = VECTOR('',#2402,1.);
#2402 = DIRECTION('',(-0.924677903819,0.380750277989,0.));
#2403 = ORIENTED_EDGE('',*,*,#2404,.F.);
#2404 = EDGE_CURVE('',#2405,#2397,#2407,.T.);
#2405 = VERTEX_POINT('',#2406);
#2406 = CARTESIAN_POINT('',(90.798611,-150.868056,1.6));
#2407 = LINE('',#2408,#2409);
#2408 = CARTESIAN_POINT('',(90.798611,-150.868056,1.6));
#2409 = VECTOR('',#2410,1.);
#2410 = DIRECTION('',(-0.857492780443,0.514495997543,0.));
#2411 = ORIENTED_EDGE('',*,*,#2412,.F.);
#2412 = EDGE_CURVE('',#2413,#2405,#2415,.T.);
#2413 = VERTEX_POINT('',#2414);
#2414 = CARTESIAN_POINT('',(91.25,-151.25,1.6));
#2415 = LINE('',#2416,#2417);
#2416 = CARTESIAN_POINT('',(91.25,-151.25,1.6));
#2417 = VECTOR('',#2418,1.);
#2418 = DIRECTION('',(-0.76338673441,0.645941710781,0.));
#2419 = ORIENTED_EDGE('',*,*,#2420,.F.);
#2420 = EDGE_CURVE('',#2421,#2413,#2423,.T.);
#2421 = VERTEX_POINT('',#2422);
#2422 = CARTESIAN_POINT('',(91.631944,-151.701389,1.6));
#2423 = LINE('',#2424,#2425);
#2424 = CARTESIAN_POINT('',(91.631944,-151.701389,1.6));
#2425 = VECTOR('',#2426,1.);
#2426 = DIRECTION('',(-0.645941710781,0.76338673441,0.));
#2427 = ORIENTED_EDGE('',*,*,#2428,.F.);
#2428 = EDGE_CURVE('',#2429,#2421,#2431,.T.);
#2429 = VERTEX_POINT('',#2430);
#2430 = CARTESIAN_POINT('',(91.944444,-152.222222,1.6));
#2431 = LINE('',#2432,#2433);
#2432 = CARTESIAN_POINT('',(91.944444,-152.222222,1.6));
#2433 = VECTOR('',#2434,1.);
#2434 = DIRECTION('',(-0.514495997543,0.857492780443,0.));
#2435 = ORIENTED_EDGE('',*,*,#2436,.F.);
#2436 = EDGE_CURVE('',#2437,#2429,#2439,.T.);
#2437 = VERTEX_POINT('',#2438);
#2438 = CARTESIAN_POINT('',(92.1875,-152.8125,1.6));
#2439 = LINE('',#2440,#2441);
#2440 = CARTESIAN_POINT('',(92.1875,-152.8125,1.6));
#2441 = VECTOR('',#2442,1.);
#2442 = DIRECTION('',(-0.380750277989,0.924677903819,0.));
#2443 = ORIENTED_EDGE('',*,*,#2444,.F.);
#2444 = EDGE_CURVE('',#2445,#2437,#2447,.T.);
#2445 = VERTEX_POINT('',#2446);
#2446 = CARTESIAN_POINT('',(92.361111,-153.472222,1.6));
#2447 = LINE('',#2448,#2449);
#2448 = CARTESIAN_POINT('',(92.361111,-153.472222,1.6));
#2449 = VECTOR('',#2450,1.);
#2450 = DIRECTION('',(-0.254493227125,0.967074556251,0.));
#2451 = ORIENTED_EDGE('',*,*,#2452,.F.);
#2452 = EDGE_CURVE('',#2453,#2445,#2455,.T.);
#2453 = VERTEX_POINT('',#2454);
#2454 = CARTESIAN_POINT('',(92.465278,-154.201389,1.6));
#2455 = LINE('',#2456,#2457);
#2456 = CARTESIAN_POINT('',(92.465278,-154.201389,1.6));
#2457 = VECTOR('',#2458,1.);
#2458 = DIRECTION('',(-0.141421736378,0.989949439355,0.));
#2459 = ORIENTED_EDGE('',*,*,#2460,.F.);
#2460 = EDGE_CURVE('',#2461,#2453,#2463,.T.);
#2461 = VERTEX_POINT('',#2462);
#2462 = CARTESIAN_POINT('',(92.5,-155.,1.6));
#2463 = LINE('',#2464,#2465);
#2464 = CARTESIAN_POINT('',(92.5,-155.,1.6));
#2465 = VECTOR('',#2466,1.);
#2466 = DIRECTION('',(-4.343695283459E-02,0.999056170157,0.));
#2467 = ORIENTED_EDGE('',*,*,#2468,.F.);
#2468 = EDGE_CURVE('',#2469,#2461,#2471,.T.);
#2469 = VERTEX_POINT('',#2470);
#2470 = CARTESIAN_POINT('',(92.5,-163.,1.6));
#2471 = LINE('',#2472,#2473);
#2472 = CARTESIAN_POINT('',(92.5,-163.,1.6));
#2473 = VECTOR('',#2474,1.);
#2474 = DIRECTION('',(0.,1.,0.));
#2475 = ORIENTED_EDGE('',*,*,#2476,.F.);
#2476 = EDGE_CURVE('',#2477,#2469,#2479,.T.);
#2477 = VERTEX_POINT('',#2478);
#2478 = CARTESIAN_POINT('',(92.520833,-163.479167,1.6));
#2479 = LINE('',#2480,#2481);
#2480 = CARTESIAN_POINT('',(92.520833,-163.479167,1.6));
#2481 = VECTOR('',#2482,1.);
#2482 = DIRECTION('',(-4.343650043231E-02,0.999056189826,0.));
#2483 = ORIENTED_EDGE('',*,*,#2484,.F.);
#2484 = EDGE_CURVE('',#2485,#2477,#2487,.T.);
#2485 = VERTEX_POINT('',#2486);
#2486 = CARTESIAN_POINT('',(92.583333,-163.916667,1.6));
#2487 = LINE('',#2488,#2489);
#2488 = CARTESIAN_POINT('',(92.583333,-163.916667,1.6));
#2489 = VECTOR('',#2490,1.);
#2490 = DIRECTION('',(-0.141421356237,0.989949493661,0.));
#2491 = ORIENTED_EDGE('',*,*,#2492,.F.);
#2492 = EDGE_CURVE('',#2493,#2485,#2495,.T.);
#2493 = VERTEX_POINT('',#2494);
#2494 = CARTESIAN_POINT('',(92.6875,-164.3125,1.6));
#2495 = LINE('',#2496,#2497);
#2496 = CARTESIAN_POINT('',(92.6875,-164.3125,1.6));
#2497 = VECTOR('',#2498,1.);
#2498 = DIRECTION('',(-0.254494261344,0.967074284087,0.));
#2499 = ORIENTED_EDGE('',*,*,#2500,.F.);
#2500 = EDGE_CURVE('',#2501,#2493,#2503,.T.);
#2501 = VERTEX_POINT('',#2502);
#2502 = CARTESIAN_POINT('',(92.833333,-164.666667,1.6));
#2503 = LINE('',#2504,#2505);
#2504 = CARTESIAN_POINT('',(92.833333,-164.666667,1.6));
#2505 = VECTOR('',#2506,1.);
#2506 = DIRECTION('',(-0.380748754733,0.924678531042,0.));
#2507 = ORIENTED_EDGE('',*,*,#2508,.F.);
#2508 = EDGE_CURVE('',#2509,#2501,#2511,.T.);
#2509 = VERTEX_POINT('',#2510);
#2510 = CARTESIAN_POINT('',(93.020833,-164.979167,1.6));
#2511 = LINE('',#2512,#2513);
#2512 = CARTESIAN_POINT('',(93.020833,-164.979167,1.6));
#2513 = VECTOR('',#2514,1.);
#2514 = DIRECTION('',(-0.514495755428,0.857492925713,0.));
#2515 = ORIENTED_EDGE('',*,*,#2516,.F.);
#2516 = EDGE_CURVE('',#2517,#2509,#2519,.T.);
#2517 = VERTEX_POINT('',#2518);
#2518 = CARTESIAN_POINT('',(93.25,-165.25,1.6));
#2519 = LINE('',#2520,#2521);
#2520 = CARTESIAN_POINT('',(93.25,-165.25,1.6));
#2521 = VECTOR('',#2522,1.);
#2522 = DIRECTION('',(-0.645943252294,0.763385430052,0.));
#2523 = ORIENTED_EDGE('',*,*,#2524,.F.);
#2524 = EDGE_CURVE('',#2525,#2517,#2527,.T.);
#2525 = VERTEX_POINT('',#2526);
#2526 = CARTESIAN_POINT('',(93.520833,-165.479167,1.6));
#2527 = LINE('',#2528,#2529);
#2528 = CARTESIAN_POINT('',(93.520833,-165.479167,1.6));
#2529 = VECTOR('',#2530,1.);
#2530 = DIRECTION('',(-0.763385430052,0.645943252294,0.));
#2531 = ORIENTED_EDGE('',*,*,#2532,.F.);
#2532 = EDGE_CURVE('',#2533,#2525,#2535,.T.);
#2533 = VERTEX_POINT('',#2534);
#2534 = CARTESIAN_POINT('',(93.833333,-165.666667,1.6));
#2535 = LINE('',#2536,#2537);
#2536 = CARTESIAN_POINT('',(93.833333,-165.666667,1.6));
#2537 = VECTOR('',#2538,1.);
#2538 = DIRECTION('',(-0.857492925713,0.514495755428,0.));
#2539 = ORIENTED_EDGE('',*,*,#2540,.F.);
#2540 = EDGE_CURVE('',#2541,#2533,#2543,.T.);
#2541 = VERTEX_POINT('',#2542);
#2542 = CARTESIAN_POINT('',(94.1875,-165.8125,1.6));
#2543 = LINE('',#2544,#2545);
#2544 = CARTESIAN_POINT('',(94.1875,-165.8125,1.6));
#2545 = VECTOR('',#2546,1.);
#2546 = DIRECTION('',(-0.924678531042,0.380748754733,0.));
#2547 = ORIENTED_EDGE('',*,*,#2548,.F.);
#2548 = EDGE_CURVE('',#2549,#2541,#2551,.T.);
#2549 = VERTEX_POINT('',#2550);
#2550 = CARTESIAN_POINT('',(94.583333,-165.916667,1.6));
#2551 = LINE('',#2552,#2553);
#2552 = CARTESIAN_POINT('',(94.583333,-165.916667,1.6));
#2553 = VECTOR('',#2554,1.);
#2554 = DIRECTION('',(-0.967074284087,0.254494261344,0.));
#2555 = ORIENTED_EDGE('',*,*,#2556,.F.);
#2556 = EDGE_CURVE('',#2557,#2549,#2559,.T.);
#2557 = VERTEX_POINT('',#2558);
#2558 = CARTESIAN_POINT('',(95.020833,-165.979167,1.6));
#2559 = LINE('',#2560,#2561);
#2560 = CARTESIAN_POINT('',(95.020833,-165.979167,1.6));
#2561 = VECTOR('',#2562,1.);
#2562 = DIRECTION('',(-0.989949493661,0.141421356237,0.));
#2563 = ORIENTED_EDGE('',*,*,#2564,.F.);
#2564 = EDGE_CURVE('',#2565,#2557,#2567,.T.);
#2565 = VERTEX_POINT('',#2566);
#2566 = CARTESIAN_POINT('',(95.5,-166.,1.6));
#2567 = LINE('',#2568,#2569);
#2568 = CARTESIAN_POINT('',(95.5,-166.,1.6));
#2569 = VECTOR('',#2570,1.);
#2570 = DIRECTION('',(-0.999056189826,4.343650043234E-02,0.));
#2571 = ORIENTED_EDGE('',*,*,#2572,.F.);
#2572 = EDGE_CURVE('',#2573,#2565,#2575,.T.);
#2573 = VERTEX_POINT('',#2574);
#2574 = CARTESIAN_POINT('',(104.5,-166.,1.6));
#2575 = LINE('',#2576,#2577);
#2576 = CARTESIAN_POINT('',(104.5,-166.,1.6));
#2577 = VECTOR('',#2578,1.);
#2578 = DIRECTION('',(-1.,0.,0.));
#2579 = ORIENTED_EDGE('',*,*,#2580,.F.);
#2580 = EDGE_CURVE('',#2581,#2573,#2583,.T.);
#2581 = VERTEX_POINT('',#2582);
#2582 = CARTESIAN_POINT('',(104.979167,-165.979167,1.6));
#2583 = LINE('',#2584,#2585);
#2584 = CARTESIAN_POINT('',(104.979167,-165.979167,1.6));
#2585 = VECTOR('',#2586,1.);
#2586 = DIRECTION('',(-0.999056189826,-4.343650043234E-02,0.));
#2587 = ORIENTED_EDGE('',*,*,#2588,.F.);
#2588 = EDGE_CURVE('',#2589,#2581,#2591,.T.);
#2589 = VERTEX_POINT('',#2590);
#2590 = CARTESIAN_POINT('',(105.416667,-165.916667,1.6));
#2591 = LINE('',#2592,#2593);
#2592 = CARTESIAN_POINT('',(105.416667,-165.916667,1.6));
#2593 = VECTOR('',#2594,1.);
#2594 = DIRECTION('',(-0.989949493661,-0.141421356237,0.));
#2595 = ORIENTED_EDGE('',*,*,#2596,.F.);
#2596 = EDGE_CURVE('',#2597,#2589,#2599,.T.);
#2597 = VERTEX_POINT('',#2598);
#2598 = CARTESIAN_POINT('',(105.8125,-165.8125,1.6));
#2599 = LINE('',#2600,#2601);
#2600 = CARTESIAN_POINT('',(105.8125,-165.8125,1.6));
#2601 = VECTOR('',#2602,1.);
#2602 = DIRECTION('',(-0.967074284087,-0.254494261344,0.));
#2603 = ORIENTED_EDGE('',*,*,#2604,.F.);
#2604 = EDGE_CURVE('',#2605,#2597,#2607,.T.);
#2605 = VERTEX_POINT('',#2606);
#2606 = CARTESIAN_POINT('',(106.166667,-165.666667,1.6));
#2607 = LINE('',#2608,#2609);
#2608 = CARTESIAN_POINT('',(106.166667,-165.666667,1.6));
#2609 = VECTOR('',#2610,1.);
#2610 = DIRECTION('',(-0.924678531042,-0.380748754733,0.));
#2611 = ORIENTED_EDGE('',*,*,#2612,.F.);
#2612 = EDGE_CURVE('',#2613,#2605,#2615,.T.);
#2613 = VERTEX_POINT('',#2614);
#2614 = CARTESIAN_POINT('',(106.479167,-165.479167,1.6));
#2615 = LINE('',#2616,#2617);
#2616 = CARTESIAN_POINT('',(106.479167,-165.479167,1.6));
#2617 = VECTOR('',#2618,1.);
#2618 = DIRECTION('',(-0.857492925713,-0.514495755428,0.));
#2619 = ORIENTED_EDGE('',*,*,#2620,.F.);
#2620 = EDGE_CURVE('',#2621,#2613,#2623,.T.);
#2621 = VERTEX_POINT('',#2622);
#2622 = CARTESIAN_POINT('',(106.75,-165.25,1.6));
#2623 = LINE('',#2624,#2625);
#2624 = CARTESIAN_POINT('',(106.75,-165.25,1.6));
#2625 = VECTOR('',#2626,1.);
#2626 = DIRECTION('',(-0.763385430052,-0.645943252294,0.));
#2627 = ORIENTED_EDGE('',*,*,#2628,.F.);
#2628 = EDGE_CURVE('',#2629,#2621,#2631,.T.);
#2629 = VERTEX_POINT('',#2630);
#2630 = CARTESIAN_POINT('',(106.979167,-164.979167,1.6));
#2631 = LINE('',#2632,#2633);
#2632 = CARTESIAN_POINT('',(106.979167,-164.979167,1.6));
#2633 = VECTOR('',#2634,1.);
#2634 = DIRECTION('',(-0.645943252294,-0.763385430052,0.));
#2635 = ORIENTED_EDGE('',*,*,#2636,.F.);
#2636 = EDGE_CURVE('',#2637,#2629,#2639,.T.);
#2637 = VERTEX_POINT('',#2638);
#2638 = CARTESIAN_POINT('',(107.166667,-164.666667,1.6));
#2639 = LINE('',#2640,#2641);
#2640 = CARTESIAN_POINT('',(107.166667,-164.666667,1.6));
#2641 = VECTOR('',#2642,1.);
#2642 = DIRECTION('',(-0.514495755428,-0.857492925713,0.));
#2643 = ORIENTED_EDGE('',*,*,#2644,.F.);
#2644 = EDGE_CURVE('',#2645,#2637,#2647,.T.);
#2645 = VERTEX_POINT('',#2646);
#2646 = CARTESIAN_POINT('',(107.3125,-164.3125,1.6));
#2647 = LINE('',#2648,#2649);
#2648 = CARTESIAN_POINT('',(107.3125,-164.3125,1.6));
#2649 = VECTOR('',#2650,1.);
#2650 = DIRECTION('',(-0.380748754733,-0.924678531042,0.));
#2651 = ORIENTED_EDGE('',*,*,#2652,.F.);
#2652 = EDGE_CURVE('',#2653,#2645,#2655,.T.);
#2653 = VERTEX_POINT('',#2654);
#2654 = CARTESIAN_POINT('',(107.416667,-163.916667,1.6));
#2655 = LINE('',#2656,#2657);
#2656 = CARTESIAN_POINT('',(107.416667,-163.916667,1.6));
#2657 = VECTOR('',#2658,1.);
#2658 = DIRECTION('',(-0.254494261344,-0.967074284087,0.));
#2659 = ORIENTED_EDGE('',*,*,#2660,.F.);
#2660 = EDGE_CURVE('',#2661,#2653,#2663,.T.);
#2661 = VERTEX_POINT('',#2662);
#2662 = CARTESIAN_POINT('',(107.479167,-163.479167,1.6));
#2663 = LINE('',#2664,#2665);
#2664 = CARTESIAN_POINT('',(107.479167,-163.479167,1.6));
#2665 = VECTOR('',#2666,1.);
#2666 = DIRECTION('',(-0.141421356237,-0.989949493661,0.));
#2667 = ORIENTED_EDGE('',*,*,#2668,.F.);
#2668 = EDGE_CURVE('',#2669,#2661,#2671,.T.);
#2669 = VERTEX_POINT('',#2670);
#2670 = CARTESIAN_POINT('',(107.5,-163.,1.6));
#2671 = LINE('',#2672,#2673);
#2672 = CARTESIAN_POINT('',(107.5,-163.,1.6));
#2673 = VECTOR('',#2674,1.);
#2674 = DIRECTION('',(-4.343650043231E-02,-0.999056189826,0.));
#2675 = ORIENTED_EDGE('',*,*,#2676,.F.);
#2676 = EDGE_CURVE('',#2677,#2669,#2679,.T.);
#2677 = VERTEX_POINT('',#2678);
#2678 = CARTESIAN_POINT('',(107.5,-155.,1.6));
#2679 = LINE('',#2680,#2681);
#2680 = CARTESIAN_POINT('',(107.5,-155.,1.6));
#2681 = VECTOR('',#2682,1.);
#2682 = DIRECTION('',(0.,-1.,0.));
#2683 = ORIENTED_EDGE('',*,*,#2684,.F.);
#2684 = EDGE_CURVE('',#2685,#2677,#2687,.T.);
#2685 = VERTEX_POINT('',#2686);
#2686 = CARTESIAN_POINT('',(107.534722,-154.201389,1.6));
#2687 = LINE('',#2688,#2689);
#2688 = CARTESIAN_POINT('',(107.534722,-154.201389,1.6));
#2689 = VECTOR('',#2690,1.);
#2690 = DIRECTION('',(-4.343695283459E-02,-0.999056170157,0.));
#2691 = ORIENTED_EDGE('',*,*,#2692,.F.);
#2692 = EDGE_CURVE('',#2693,#2685,#2695,.T.);
#2693 = VERTEX_POINT('',#2694);
#2694 = CARTESIAN_POINT('',(107.638889,-153.472222,1.6));
#2695 = LINE('',#2696,#2697);
#2696 = CARTESIAN_POINT('',(107.638889,-153.472222,1.6));
#2697 = VECTOR('',#2698,1.);
#2698 = DIRECTION('',(-0.141421736378,-0.989949439355,0.));
#2699 = ORIENTED_EDGE('',*,*,#2700,.F.);
#2700 = EDGE_CURVE('',#2701,#2693,#2703,.T.);
#2701 = VERTEX_POINT('',#2702);
#2702 = CARTESIAN_POINT('',(107.8125,-152.8125,1.6));
#2703 = LINE('',#2704,#2705);
#2704 = CARTESIAN_POINT('',(107.8125,-152.8125,1.6));
#2705 = VECTOR('',#2706,1.);
#2706 = DIRECTION('',(-0.254493227125,-0.967074556251,0.));
#2707 = ORIENTED_EDGE('',*,*,#2708,.F.);
#2708 = EDGE_CURVE('',#2709,#2701,#2711,.T.);
#2709 = VERTEX_POINT('',#2710);
#2710 = CARTESIAN_POINT('',(108.055556,-152.222222,1.6));
#2711 = LINE('',#2712,#2713);
#2712 = CARTESIAN_POINT('',(108.055556,-152.222222,1.6));
#2713 = VECTOR('',#2714,1.);
#2714 = DIRECTION('',(-0.380750277989,-0.924677903819,0.));
#2715 = ORIENTED_EDGE('',*,*,#2716,.F.);
#2716 = EDGE_CURVE('',#2717,#2709,#2719,.T.);
#2717 = VERTEX_POINT('',#2718);
#2718 = CARTESIAN_POINT('',(108.368056,-151.701389,1.6));
#2719 = LINE('',#2720,#2721);
#2720 = CARTESIAN_POINT('',(108.368056,-151.701389,1.6));
#2721 = VECTOR('',#2722,1.);
#2722 = DIRECTION('',(-0.514495997543,-0.857492780443,0.));
#2723 = ORIENTED_EDGE('',*,*,#2724,.F.);
#2724 = EDGE_CURVE('',#2725,#2717,#2727,.T.);
#2725 = VERTEX_POINT('',#2726);
#2726 = CARTESIAN_POINT('',(108.75,-151.25,1.6));
#2727 = LINE('',#2728,#2729);
#2728 = CARTESIAN_POINT('',(108.75,-151.25,1.6));
#2729 = VECTOR('',#2730,1.);
#2730 = DIRECTION('',(-0.645941710781,-0.76338673441,0.));
#2731 = ORIENTED_EDGE('',*,*,#2732,.F.);
#2732 = EDGE_CURVE('',#2733,#2725,#2735,.T.);
#2733 = VERTEX_POINT('',#2734);
#2734 = CARTESIAN_POINT('',(109.201389,-150.868056,1.6));
#2735 = LINE('',#2736,#2737);
#2736 = CARTESIAN_POINT('',(109.201389,-150.868056,1.6));
#2737 = VECTOR('',#2738,1.);
#2738 = DIRECTION('',(-0.76338673441,-0.645941710781,0.));
#2739 = ORIENTED_EDGE('',*,*,#2740,.F.);
#2740 = EDGE_CURVE('',#2741,#2733,#2743,.T.);
#2741 = VERTEX_POINT('',#2742);
#2742 = CARTESIAN_POINT('',(109.722222,-150.555556,1.6));
#2743 = LINE('',#2744,#2745);
#2744 = CARTESIAN_POINT('',(109.722222,-150.555556,1.6));
#2745 = VECTOR('',#2746,1.);
#2746 = DIRECTION('',(-0.857492780443,-0.514495997543,0.));
#2747 = ORIENTED_EDGE('',*,*,#2748,.F.);
#2748 = EDGE_CURVE('',#2749,#2741,#2751,.T.);
#2749 = VERTEX_POINT('',#2750);
#2750 = CARTESIAN_POINT('',(110.3125,-150.3125,1.6));
#2751 = LINE('',#2752,#2753);
#2752 = CARTESIAN_POINT('',(110.3125,-150.3125,1.6));
#2753 = VECTOR('',#2754,1.);
#2754 = DIRECTION('',(-0.924677903819,-0.380750277989,0.));
#2755 = ORIENTED_EDGE('',*,*,#2756,.F.);
#2756 = EDGE_CURVE('',#2757,#2749,#2759,.T.);
#2757 = VERTEX_POINT('',#2758);
#2758 = CARTESIAN_POINT('',(110.972222,-150.138889,1.6));
#2759 = LINE('',#2760,#2761);
#2760 = CARTESIAN_POINT('',(110.972222,-150.138889,1.6));
#2761 = VECTOR('',#2762,1.);
#2762 = DIRECTION('',(-0.967074556251,-0.254493227125,0.));
#2763 = ORIENTED_EDGE('',*,*,#2764,.F.);
#2764 = EDGE_CURVE('',#2765,#2757,#2767,.T.);
#2765 = VERTEX_POINT('',#2766);
#2766 = CARTESIAN_POINT('',(111.701389,-150.034722,1.6));
#2767 = LINE('',#2768,#2769);
#2768 = CARTESIAN_POINT('',(111.701389,-150.034722,1.6));
#2769 = VECTOR('',#2770,1.);
#2770 = DIRECTION('',(-0.989949439355,-0.141421736378,0.));
#2771 = ORIENTED_EDGE('',*,*,#2772,.F.);
#2772 = EDGE_CURVE('',#2773,#2765,#2775,.T.);
#2773 = VERTEX_POINT('',#2774);
#2774 = CARTESIAN_POINT('',(112.5,-150.,1.6));
#2775 = LINE('',#2776,#2777);
#2776 = CARTESIAN_POINT('',(112.5,-150.,1.6));
#2777 = VECTOR('',#2778,1.);
#2778 = DIRECTION('',(-0.999056170157,-4.343695283458E-02,0.));
#2779 = ORIENTED_EDGE('',*,*,#2780,.F.);
#2780 = EDGE_CURVE('',#2781,#2773,#2783,.T.);
#2781 = VERTEX_POINT('',#2782);
#2782 = CARTESIAN_POINT('',(119.5,-150.,1.6));
#2783 = LINE('',#2784,#2785);
#2784 = CARTESIAN_POINT('',(119.5,-150.,1.6));
#2785 = VECTOR('',#2786,1.);
#2786 = DIRECTION('',(-1.,0.,0.));
#2787 = ORIENTED_EDGE('',*,*,#2788,.F.);
#2788 = EDGE_CURVE('',#2789,#2781,#2791,.T.);
#2789 = VERTEX_POINT('',#2790);
#2790 = CARTESIAN_POINT('',(119.979167,-149.979167,1.6));
#2791 = LINE('',#2792,#2793);
#2792 = CARTESIAN_POINT('',(119.979167,-149.979167,1.6));
#2793 = VECTOR('',#2794,1.);
#2794 = DIRECTION('',(-0.999056189826,-4.343650043234E-02,0.));
#2795 = ORIENTED_EDGE('',*,*,#2796,.F.);
#2796 = EDGE_CURVE('',#2797,#2789,#2799,.T.);
#2797 = VERTEX_POINT('',#2798);
#2798 = CARTESIAN_POINT('',(120.416667,-149.916667,1.6));
#2799 = LINE('',#2800,#2801);
#2800 = CARTESIAN_POINT('',(120.416667,-149.916667,1.6));
#2801 = VECTOR('',#2802,1.);
#2802 = DIRECTION('',(-0.989949493661,-0.141421356237,0.));
#2803 = ORIENTED_EDGE('',*,*,#2804,.F.);
#2804 = EDGE_CURVE('',#2805,#2797,#2807,.T.);
#2805 = VERTEX_POINT('',#2806);
#2806 = CARTESIAN_POINT('',(120.8125,-149.8125,1.6));
#2807 = LINE('',#2808,#2809);
#2808 = CARTESIAN_POINT('',(120.8125,-149.8125,1.6));
#2809 = VECTOR('',#2810,1.);
#2810 = DIRECTION('',(-0.967074284087,-0.254494261344,0.));
#2811 = ORIENTED_EDGE('',*,*,#2812,.F.);
#2812 = EDGE_CURVE('',#2813,#2805,#2815,.T.);
#2813 = VERTEX_POINT('',#2814);
#2814 = CARTESIAN_POINT('',(121.166667,-149.666667,1.6));
#2815 = LINE('',#2816,#2817);
#2816 = CARTESIAN_POINT('',(121.166667,-149.666667,1.6));
#2817 = VECTOR('',#2818,1.);
#2818 = DIRECTION('',(-0.924678531042,-0.380748754733,0.));
#2819 = ORIENTED_EDGE('',*,*,#2820,.F.);
#2820 = EDGE_CURVE('',#2821,#2813,#2823,.T.);
#2821 = VERTEX_POINT('',#2822);
#2822 = CARTESIAN_POINT('',(121.479167,-149.479167,1.6));
#2823 = LINE('',#2824,#2825);
#2824 = CARTESIAN_POINT('',(121.479167,-149.479167,1.6));
#2825 = VECTOR('',#2826,1.);
#2826 = DIRECTION('',(-0.857492925713,-0.514495755428,0.));
#2827 = ORIENTED_EDGE('',*,*,#2828,.F.);
#2828 = EDGE_CURVE('',#2829,#2821,#2831,.T.);
#2829 = VERTEX_POINT('',#2830);
#2830 = CARTESIAN_POINT('',(121.75,-149.25,1.6));
#2831 = LINE('',#2832,#2833);
#2832 = CARTESIAN_POINT('',(121.75,-149.25,1.6));
#2833 = VECTOR('',#2834,1.);
#2834 = DIRECTION('',(-0.763385430052,-0.645943252294,0.));
#2835 = ORIENTED_EDGE('',*,*,#2836,.F.);
#2836 = EDGE_CURVE('',#2837,#2829,#2839,.T.);
#2837 = VERTEX_POINT('',#2838);
#2838 = CARTESIAN_POINT('',(121.979167,-148.979167,1.6));
#2839 = LINE('',#2840,#2841);
#2840 = CARTESIAN_POINT('',(121.979167,-148.979167,1.6));
#2841 = VECTOR('',#2842,1.);
#2842 = DIRECTION('',(-0.645943252294,-0.763385430052,0.));
#2843 = ORIENTED_EDGE('',*,*,#2844,.F.);
#2844 = EDGE_CURVE('',#2845,#2837,#2847,.T.);
#2845 = VERTEX_POINT('',#2846);
#2846 = CARTESIAN_POINT('',(122.166667,-148.666667,1.6));
#2847 = LINE('',#2848,#2849);
#2848 = CARTESIAN_POINT('',(122.166667,-148.666667,1.6));
#2849 = VECTOR('',#2850,1.);
#2850 = DIRECTION('',(-0.514495755428,-0.857492925713,0.));
#2851 = ORIENTED_EDGE('',*,*,#2852,.F.);
#2852 = EDGE_CURVE('',#2853,#2845,#2855,.T.);
#2853 = VERTEX_POINT('',#2854);
#2854 = CARTESIAN_POINT('',(122.3125,-148.3125,1.6));
#2855 = LINE('',#2856,#2857);
#2856 = CARTESIAN_POINT('',(122.3125,-148.3125,1.6));
#2857 = VECTOR('',#2858,1.);
#2858 = DIRECTION('',(-0.380748754733,-0.924678531042,0.));
#2859 = ORIENTED_EDGE('',*,*,#2860,.F.);
#2860 = EDGE_CURVE('',#2861,#2853,#2863,.T.);
#2861 = VERTEX_POINT('',#2862);
#2862 = CARTESIAN_POINT('',(122.416667,-147.916667,1.6));
#2863 = LINE('',#2864,#2865);
#2864 = CARTESIAN_POINT('',(122.416667,-147.916667,1.6));
#2865 = VECTOR('',#2866,1.);
#2866 = DIRECTION('',(-0.254494261344,-0.967074284087,0.));
#2867 = ORIENTED_EDGE('',*,*,#2868,.F.);
#2868 = EDGE_CURVE('',#2869,#2861,#2871,.T.);
#2869 = VERTEX_POINT('',#2870);
#2870 = CARTESIAN_POINT('',(122.479167,-147.479167,1.6));
#2871 = LINE('',#2872,#2873);
#2872 = CARTESIAN_POINT('',(122.479167,-147.479167,1.6));
#2873 = VECTOR('',#2874,1.);
#2874 = DIRECTION('',(-0.141421356237,-0.989949493661,0.));
#2875 = ORIENTED_EDGE('',*,*,#2876,.F.);
#2876 = EDGE_CURVE('',#2877,#2869,#2879,.T.);
#2877 = VERTEX_POINT('',#2878);
#2878 = CARTESIAN_POINT('',(122.5,-147.,1.6));
#2879 = LINE('',#2880,#2881);
#2880 = CARTESIAN_POINT('',(122.5,-147.,1.6));
#2881 = VECTOR('',#2882,1.);
#2882 = DIRECTION('',(-4.343650043231E-02,-0.999056189826,0.));
#2883 = ORIENTED_EDGE('',*,*,#2884,.F.);
#2884 = EDGE_CURVE('',#2885,#2877,#2887,.T.);
#2885 = VERTEX_POINT('',#2886);
#2886 = CARTESIAN_POINT('',(122.5,-93.,1.6));
#2887 = LINE('',#2888,#2889);
#2888 = CARTESIAN_POINT('',(122.5,-93.,1.6));
#2889 = VECTOR('',#2890,1.);
#2890 = DIRECTION('',(0.,-1.,0.));
#2891 = ORIENTED_EDGE('',*,*,#2892,.F.);
#2892 = EDGE_CURVE('',#2893,#2885,#2895,.T.);
#2893 = VERTEX_POINT('',#2894);
#2894 = CARTESIAN_POINT('',(122.479167,-92.520833,1.6));
#2895 = LINE('',#2896,#2897);
#2896 = CARTESIAN_POINT('',(122.479167,-92.520833,1.6));
#2897 = VECTOR('',#2898,1.);
#2898 = DIRECTION('',(4.343650043231E-02,-0.999056189826,0.));
#2899 = ORIENTED_EDGE('',*,*,#2900,.F.);
#2900 = EDGE_CURVE('',#2901,#2893,#2903,.T.);
#2901 = VERTEX_POINT('',#2902);
#2902 = CARTESIAN_POINT('',(122.416667,-92.083333,1.6));
#2903 = LINE('',#2904,#2905);
#2904 = CARTESIAN_POINT('',(122.416667,-92.083333,1.6));
#2905 = VECTOR('',#2906,1.);
#2906 = DIRECTION('',(0.141421356237,-0.989949493661,0.));
#2907 = ORIENTED_EDGE('',*,*,#2908,.F.);
#2908 = EDGE_CURVE('',#2909,#2901,#2911,.T.);
#2909 = VERTEX_POINT('',#2910);
#2910 = CARTESIAN_POINT('',(122.3125,-91.6875,1.6));
#2911 = LINE('',#2912,#2913);
#2912 = CARTESIAN_POINT('',(122.3125,-91.6875,1.6));
#2913 = VECTOR('',#2914,1.);
#2914 = DIRECTION('',(0.254494261344,-0.967074284087,0.));
#2915 = ORIENTED_EDGE('',*,*,#2916,.F.);
#2916 = EDGE_CURVE('',#2917,#2909,#2919,.T.);
#2917 = VERTEX_POINT('',#2918);
#2918 = CARTESIAN_POINT('',(122.166667,-91.333333,1.6));
#2919 = LINE('',#2920,#2921);
#2920 = CARTESIAN_POINT('',(122.166667,-91.333333,1.6));
#2921 = VECTOR('',#2922,1.);
#2922 = DIRECTION('',(0.380748754733,-0.924678531042,0.));
#2923 = ORIENTED_EDGE('',*,*,#2924,.F.);
#2924 = EDGE_CURVE('',#2925,#2917,#2927,.T.);
#2925 = VERTEX_POINT('',#2926);
#2926 = CARTESIAN_POINT('',(121.979167,-91.020833,1.6));
#2927 = LINE('',#2928,#2929);
#2928 = CARTESIAN_POINT('',(121.979167,-91.020833,1.6));
#2929 = VECTOR('',#2930,1.);
#2930 = DIRECTION('',(0.514495755428,-0.857492925713,0.));
#2931 = ORIENTED_EDGE('',*,*,#2932,.F.);
#2932 = EDGE_CURVE('',#2933,#2925,#2935,.T.);
#2933 = VERTEX_POINT('',#2934);
#2934 = CARTESIAN_POINT('',(121.75,-90.75,1.6));
#2935 = LINE('',#2936,#2937);
#2936 = CARTESIAN_POINT('',(121.75,-90.75,1.6));
#2937 = VECTOR('',#2938,1.);
#2938 = DIRECTION('',(0.645943252294,-0.763385430052,0.));
#2939 = ORIENTED_EDGE('',*,*,#2940,.F.);
#2940 = EDGE_CURVE('',#2941,#2933,#2943,.T.);
#2941 = VERTEX_POINT('',#2942);
#2942 = CARTESIAN_POINT('',(121.479167,-90.520833,1.6));
#2943 = LINE('',#2944,#2945);
#2944 = CARTESIAN_POINT('',(121.479167,-90.520833,1.6));
#2945 = VECTOR('',#2946,1.);
#2946 = DIRECTION('',(0.763385430052,-0.645943252294,0.));
#2947 = ORIENTED_EDGE('',*,*,#2948,.F.);
#2948 = EDGE_CURVE('',#2949,#2941,#2951,.T.);
#2949 = VERTEX_POINT('',#2950);
#2950 = CARTESIAN_POINT('',(121.166667,-90.333333,1.6));
#2951 = LINE('',#2952,#2953);
#2952 = CARTESIAN_POINT('',(121.166667,-90.333333,1.6));
#2953 = VECTOR('',#2954,1.);
#2954 = DIRECTION('',(0.857492925713,-0.514495755428,0.));
#2955 = ORIENTED_EDGE('',*,*,#2956,.F.);
#2956 = EDGE_CURVE('',#2957,#2949,#2959,.T.);
#2957 = VERTEX_POINT('',#2958);
#2958 = CARTESIAN_POINT('',(120.8125,-90.1875,1.6));
#2959 = LINE('',#2960,#2961);
#2960 = CARTESIAN_POINT('',(120.8125,-90.1875,1.6));
#2961 = VECTOR('',#2962,1.);
#2962 = DIRECTION('',(0.924678531042,-0.380748754733,0.));
#2963 = ORIENTED_EDGE('',*,*,#2964,.F.);
#2964 = EDGE_CURVE('',#2965,#2957,#2967,.T.);
#2965 = VERTEX_POINT('',#2966);
#2966 = CARTESIAN_POINT('',(120.416667,-90.083333,1.6));
#2967 = LINE('',#2968,#2969);
#2968 = CARTESIAN_POINT('',(120.416667,-90.083333,1.6));
#2969 = VECTOR('',#2970,1.);
#2970 = DIRECTION('',(0.967074284087,-0.254494261344,0.));
#2971 = ORIENTED_EDGE('',*,*,#2972,.F.);
#2972 = EDGE_CURVE('',#2973,#2965,#2975,.T.);
#2973 = VERTEX_POINT('',#2974);
#2974 = CARTESIAN_POINT('',(119.979167,-90.020833,1.6));
#2975 = LINE('',#2976,#2977);
#2976 = CARTESIAN_POINT('',(119.979167,-90.020833,1.6));
#2977 = VECTOR('',#2978,1.);
#2978 = DIRECTION('',(0.989949493661,-0.141421356237,0.));
#2979 = ORIENTED_EDGE('',*,*,#2980,.F.);
#2980 = EDGE_CURVE('',#2981,#2973,#2983,.T.);
#2981 = VERTEX_POINT('',#2982);
#2982 = CARTESIAN_POINT('',(119.5,-90.,1.6));
#2983 = LINE('',#2984,#2985);
#2984 = CARTESIAN_POINT('',(119.5,-90.,1.6));
#2985 = VECTOR('',#2986,1.);
#2986 = DIRECTION('',(0.999056189826,-4.343650043231E-02,0.));
#2987 = ORIENTED_EDGE('',*,*,#2988,.F.);
#2988 = EDGE_CURVE('',#2989,#2981,#2991,.T.);
#2989 = VERTEX_POINT('',#2990);
#2990 = CARTESIAN_POINT('',(113.725,-90.,1.6));
#2991 = LINE('',#2992,#2993);
#2992 = CARTESIAN_POINT('',(113.725,-90.,1.6));
#2993 = VECTOR('',#2994,1.);
#2994 = DIRECTION('',(1.,0.,0.));
#2995 = ORIENTED_EDGE('',*,*,#2996,.F.);
#2996 = EDGE_CURVE('',#2997,#2989,#2999,.T.);
#2997 = VERTEX_POINT('',#2998);
#2998 = CARTESIAN_POINT('',(112.970312,-89.967188,1.6));
#2999 = LINE('',#3000,#3001);
#3000 = CARTESIAN_POINT('',(112.970312,-89.967188,1.6));
#3001 = VECTOR('',#3002,1.);
#3002 = DIRECTION('',(0.999056188328,-4.343653490106E-02,0.));
#3003 = ORIENTED_EDGE('',*,*,#3004,.F.);
#3004 = EDGE_CURVE('',#3005,#2997,#3007,.T.);
#3005 = VERTEX_POINT('',#3006);
#3006 = CARTESIAN_POINT('',(112.28125,-89.86875,1.6));
#3007 = LINE('',#3008,#3009);
#3008 = CARTESIAN_POINT('',(112.28125,-89.86875,1.6));
#3009 = VECTOR('',#3010,1.);
#3010 = DIRECTION('',(0.989949378728,-0.141422160768,0.));
#3011 = ORIENTED_EDGE('',*,*,#3012,.F.);
#3012 = EDGE_CURVE('',#3013,#3005,#3015,.T.);
#3013 = VERTEX_POINT('',#3014);
#3014 = CARTESIAN_POINT('',(111.657812,-89.704688,1.6));
#3015 = LINE('',#3016,#3017);
#3016 = CARTESIAN_POINT('',(111.657812,-89.704688,1.6));
#3017 = VECTOR('',#3018,1.);
#3018 = DIRECTION('',(0.967074778381,-0.254492383029,0.));
#3019 = ORIENTED_EDGE('',*,*,#3020,.F.);
#3020 = EDGE_CURVE('',#3021,#3013,#3023,.T.);
#3021 = VERTEX_POINT('',#3022);
#3022 = CARTESIAN_POINT('',(111.1,-89.475,1.6));
#3023 = LINE('',#3024,#3025);
#3024 = CARTESIAN_POINT('',(111.1,-89.475,1.6));
#3025 = VECTOR('',#3026,1.);
#3026 = DIRECTION('',(0.924677686505,-0.380750805752,0.));
#3027 = ORIENTED_EDGE('',*,*,#3028,.F.);
#3028 = EDGE_CURVE('',#3029,#3021,#3031,.T.);
#3029 = VERTEX_POINT('',#3030);
#3030 = CARTESIAN_POINT('',(110.607812,-89.179688,1.6));
#3031 = LINE('',#3032,#3033);
#3032 = CARTESIAN_POINT('',(110.607812,-89.179688,1.6));
#3033 = VECTOR('',#3034,1.);
#3034 = DIRECTION('',(0.857493540609,-0.514494730599,0.));
#3035 = ORIENTED_EDGE('',*,*,#3036,.F.);
#3036 = EDGE_CURVE('',#3037,#3029,#3039,.T.);
#3037 = VERTEX_POINT('',#3038);
#3038 = CARTESIAN_POINT('',(110.18125,-88.81875,1.6));
#3039 = LINE('',#3040,#3041);
#3040 = CARTESIAN_POINT('',(110.18125,-88.81875,1.6));
#3041 = VECTOR('',#3042,1.);
#3042 = DIRECTION('',(0.763385470781,-0.64594320416,0.));
#3043 = ORIENTED_EDGE('',*,*,#3044,.F.);
#3044 = EDGE_CURVE('',#3045,#3037,#3047,.T.);
#3045 = VERTEX_POINT('',#3046);
#3046 = CARTESIAN_POINT('',(109.820312,-88.392188,1.6));
#3047 = LINE('',#3048,#3049);
#3048 = CARTESIAN_POINT('',(109.820312,-88.392188,1.6));
#3049 = VECTOR('',#3050,1.);
#3050 = DIRECTION('',(0.64594320416,-0.763385470781,0.));
#3051 = ORIENTED_EDGE('',*,*,#3052,.F.);
#3052 = EDGE_CURVE('',#3053,#3045,#3055,.T.);
#3053 = VERTEX_POINT('',#3054);
#3054 = CARTESIAN_POINT('',(109.525,-87.9,1.6));
#3055 = LINE('',#3056,#3057);
#3056 = CARTESIAN_POINT('',(109.525,-87.9,1.6));
#3057 = VECTOR('',#3058,1.);
#3058 = DIRECTION('',(0.514494730599,-0.857493540609,0.));
#3059 = ORIENTED_EDGE('',*,*,#3060,.F.);
#3060 = EDGE_CURVE('',#3061,#3053,#3063,.T.);
#3061 = VERTEX_POINT('',#3062);
#3062 = CARTESIAN_POINT('',(109.295312,-87.342188,1.6));
#3063 = LINE('',#3064,#3065);
#3064 = CARTESIAN_POINT('',(109.295312,-87.342188,1.6));
#3065 = VECTOR('',#3066,1.);
#3066 = DIRECTION('',(0.380750805752,-0.924677686505,0.));
#3067 = ORIENTED_EDGE('',*,*,#3068,.F.);
#3068 = EDGE_CURVE('',#3069,#3061,#3071,.T.);
#3069 = VERTEX_POINT('',#3070);
#3070 = CARTESIAN_POINT('',(109.13125,-86.71875,1.6));
#3071 = LINE('',#3072,#3073);
#3072 = CARTESIAN_POINT('',(109.13125,-86.71875,1.6));
#3073 = VECTOR('',#3074,1.);
#3074 = DIRECTION('',(0.254492383029,-0.967074778381,0.));
#3075 = ORIENTED_EDGE('',*,*,#3076,.F.);
#3076 = EDGE_CURVE('',#3077,#3069,#3079,.T.);
#3077 = VERTEX_POINT('',#3078);
#3078 = CARTESIAN_POINT('',(109.032812,-86.029688,1.6));
#3079 = LINE('',#3080,#3081);
#3080 = CARTESIAN_POINT('',(109.032812,-86.029688,1.6));
#3081 = VECTOR('',#3082,1.);
#3082 = DIRECTION('',(0.141422160768,-0.989949378728,0.));
#3083 = ORIENTED_EDGE('',*,*,#3084,.F.);
#3084 = EDGE_CURVE('',#3085,#3077,#3087,.T.);
#3085 = VERTEX_POINT('',#3086);
#3086 = CARTESIAN_POINT('',(109.,-85.275,1.6));
#3087 = LINE('',#3088,#3089);
#3088 = CARTESIAN_POINT('',(109.,-85.275,1.6));
#3089 = VECTOR('',#3090,1.);
#3090 = DIRECTION('',(4.343653490106E-02,-0.999056188328,0.));
#3091 = ORIENTED_EDGE('',*,*,#3092,.F.);
#3092 = EDGE_CURVE('',#3093,#3085,#3095,.T.);
#3093 = VERTEX_POINT('',#3094);
#3094 = CARTESIAN_POINT('',(109.,-73.,1.6));
#3095 = LINE('',#3096,#3097);
#3096 = CARTESIAN_POINT('',(109.,-73.,1.6));
#3097 = VECTOR('',#3098,1.);
#3098 = DIRECTION('',(0.,-1.,0.));
#3099 = ORIENTED_EDGE('',*,*,#3100,.F.);
#3100 = EDGE_CURVE('',#3101,#3093,#3103,.T.);
#3101 = VERTEX_POINT('',#3102);
#3102 = CARTESIAN_POINT('',(108.993056,-72.840278,1.6));
#3103 = LINE('',#3104,#3105);
#3104 = CARTESIAN_POINT('',(108.993056,-72.840278,1.6));
#3105 = VECTOR('',#3106,1.);
#3106 = DIRECTION('',(4.343450985534E-02,-0.99905627637,0.));
#3107 = ORIENTED_EDGE('',*,*,#3108,.F.);
#3108 = EDGE_CURVE('',#3109,#3101,#3111,.T.);
#3109 = VERTEX_POINT('',#3110);
#3110 = CARTESIAN_POINT('',(108.972222,-72.694444,1.6));
#3111 = LINE('',#3112,#3113);
#3112 = CARTESIAN_POINT('',(108.972222,-72.694444,1.6));
#3113 = VECTOR('',#3114,1.);
#3114 = DIRECTION('',(0.141425157623,-0.989948950599,0.));
#3115 = ORIENTED_EDGE('',*,*,#3116,.F.);
#3116 = EDGE_CURVE('',#3117,#3109,#3119,.T.);
#3117 = VERTEX_POINT('',#3118);
#3118 = CARTESIAN_POINT('',(108.9375,-72.5625,1.6));
#3119 = LINE('',#3120,#3121);
#3120 = CARTESIAN_POINT('',(108.9375,-72.5625,1.6));
#3121 = VECTOR('',#3122,1.);
#3122 = DIRECTION('',(0.254492577729,-0.967074727144,0.));
#3123 = ORIENTED_EDGE('',*,*,#3124,.F.);
#3124 = EDGE_CURVE('',#3125,#3117,#3127,.T.);
#3125 = VERTEX_POINT('',#3126);
#3126 = CARTESIAN_POINT('',(108.888889,-72.444444,1.6));
#3127 = LINE('',#3128,#3129);
#3128 = CARTESIAN_POINT('',(108.888889,-72.444444,1.6));
#3129 = VECTOR('',#3130,1.);
#3130 = DIRECTION('',(0.380747835531,-0.924678909535,0.));
#3131 = ORIENTED_EDGE('',*,*,#3132,.F.);
#3132 = EDGE_CURVE('',#3133,#3125,#3135,.T.);
#3133 = VERTEX_POINT('',#3134);
#3134 = CARTESIAN_POINT('',(108.826389,-72.340278,1.6));
#3135 = LINE('',#3136,#3137);
#3136 = CARTESIAN_POINT('',(108.826389,-72.340278,1.6));
#3137 = VECTOR('',#3138,1.);
#3138 = DIRECTION('',(0.514498176593,-0.857491473008,0.));
#3139 = ORIENTED_EDGE('',*,*,#3140,.F.);
#3140 = EDGE_CURVE('',#3141,#3133,#3143,.T.);
#3141 = VERTEX_POINT('',#3142);
#3142 = CARTESIAN_POINT('',(108.75,-72.25,1.6));
#3143 = LINE('',#3144,#3145);
#3144 = CARTESIAN_POINT('',(108.75,-72.25,1.6));
#3145 = VECTOR('',#3146,1.);
#3146 = DIRECTION('',(0.645941862406,-0.763386606112,0.));
#3147 = ORIENTED_EDGE('',*,*,#3148,.F.);
#3148 = EDGE_CURVE('',#3149,#3141,#3151,.T.);
#3149 = VERTEX_POINT('',#3150);
#3150 = CARTESIAN_POINT('',(108.659722,-72.173611,1.6));
#3151 = LINE('',#3152,#3153);
#3152 = CARTESIAN_POINT('',(108.659722,-72.173611,1.6));
#3153 = VECTOR('',#3154,1.);
#3154 = DIRECTION('',(0.763386606112,-0.645941862406,0.));
#3155 = ORIENTED_EDGE('',*,*,#3156,.F.);
#3156 = EDGE_CURVE('',#3157,#3149,#3159,.T.);
#3157 = VERTEX_POINT('',#3158);
#3158 = CARTESIAN_POINT('',(108.555556,-72.111111,1.6));
#3159 = LINE('',#3160,#3161);
#3160 = CARTESIAN_POINT('',(108.555556,-72.111111,1.6));
#3161 = VECTOR('',#3162,1.);
#3162 = DIRECTION('',(0.857491473008,-0.514498176593,0.));
#3163 = ORIENTED_EDGE('',*,*,#3164,.F.);
#3164 = EDGE_CURVE('',#112,#3157,#3165,.T.);
#3165 = LINE('',#3166,#3167);
#3166 = CARTESIAN_POINT('',(108.4375,-72.0625,1.6));
#3167 = VECTOR('',#3168,1.);
#3168 = DIRECTION('',(0.924678909535,-0.380747835531,0.));
#3169 = ORIENTED_EDGE('',*,*,#111,.F.);
#3170 = FACE_BOUND('',#3171,.T.);
#3171 = EDGE_LOOP('',(#3172));
#3172 = ORIENTED_EDGE('',*,*,#3173,.T.);
#3173 = EDGE_CURVE('',#3174,#3174,#3176,.T.);
#3174 = VERTEX_POINT('',#3175);
#3175 = CARTESIAN_POINT('',(81.5,-147.65,1.6));
#3176 = CIRCLE('',#3177,1.65);
#3177 = AXIS2_PLACEMENT_3D('',#3178,#3179,#3180);
#3178 = CARTESIAN_POINT('',(81.5,-146.,1.6));
#3179 = DIRECTION('',(-0.,0.,-1.));
#3180 = DIRECTION('',(-0.,-1.,0.));
#3181 = FACE_BOUND('',#3182,.T.);
#3182 = EDGE_LOOP('',(#3183));
#3183 = ORIENTED_EDGE('',*,*,#3184,.T.);
#3184 = EDGE_CURVE('',#3185,#3185,#3187,.T.);
#3185 = VERTEX_POINT('',#3186);
#3186 = CARTESIAN_POINT('',(81.,-138.215,1.6));
#3187 = CIRCLE('',#3188,0.45);
#3188 = AXIS2_PLACEMENT_3D('',#3189,#3190,#3191);
#3189 = CARTESIAN_POINT('',(81.,-137.765,1.6));
#3190 = DIRECTION('',(-0.,0.,-1.));
#3191 = DIRECTION('',(-0.,-1.,0.));
#3192 = FACE_BOUND('',#3193,.T.);
#3193 = EDGE_LOOP('',(#3194));
#3194 = ORIENTED_EDGE('',*,*,#3195,.T.);
#3195 = EDGE_CURVE('',#3196,#3196,#3198,.T.);
#3196 = VERTEX_POINT('',#3197);
#3197 = CARTESIAN_POINT('',(81.,-135.675,1.6));
#3198 = CIRCLE('',#3199,0.45);
#3199 = AXIS2_PLACEMENT_3D('',#3200,#3201,#3202);
#3200 = CARTESIAN_POINT('',(81.,-135.225,1.6));
#3201 = DIRECTION('',(-0.,0.,-1.));
#3202 = DIRECTION('',(-0.,-1.,0.));
#3203 = FACE_BOUND('',#3204,.T.);
#3204 = EDGE_LOOP('',(#3205));
#3205 = ORIENTED_EDGE('',*,*,#3206,.T.);
#3206 = EDGE_CURVE('',#3207,#3207,#3209,.T.);
#3207 = VERTEX_POINT('',#3208);
#3208 = CARTESIAN_POINT('',(81.5,-128.72,1.6));
#3209 = CIRCLE('',#3210,0.6);
#3210 = AXIS2_PLACEMENT_3D('',#3211,#3212,#3213);
#3211 = CARTESIAN_POINT('',(81.5,-128.12,1.6));
#3212 = DIRECTION('',(-0.,0.,-1.));
#3213 = DIRECTION('',(-0.,-1.,0.));
#3214 = FACE_BOUND('',#3215,.T.);
#3215 = EDGE_LOOP('',(#3216));
#3216 = ORIENTED_EDGE('',*,*,#3217,.T.);
#3217 = EDGE_CURVE('',#3218,#3218,#3220,.T.);
#3218 = VERTEX_POINT('',#3219);
#3219 = CARTESIAN_POINT('',(87.5,-128.72,1.6));
#3220 = CIRCLE('',#3221,0.6);
#3221 = AXIS2_PLACEMENT_3D('',#3222,#3223,#3224);
#3222 = CARTESIAN_POINT('',(87.5,-128.12,1.6));
#3223 = DIRECTION('',(-0.,0.,-1.));
#3224 = DIRECTION('',(-0.,-1.,0.));
#3225 = FACE_BOUND('',#3226,.T.);
#3226 = EDGE_LOOP('',(#3227));
#3227 = ORIENTED_EDGE('',*,*,#3228,.T.);
#3228 = EDGE_CURVE('',#3229,#3229,#3231,.T.);
#3229 = VERTEX_POINT('',#3230);
#3230 = CARTESIAN_POINT('',(81.5,-113.48,1.6));
#3231 = CIRCLE('',#3232,0.6);
#3232 = AXIS2_PLACEMENT_3D('',#3233,#3234,#3235);
#3233 = CARTESIAN_POINT('',(81.5,-112.88,1.6));
#3234 = DIRECTION('',(-0.,0.,-1.));
#3235 = DIRECTION('',(-0.,-1.,0.));
#3236 = FACE_BOUND('',#3237,.T.);
#3237 = EDGE_LOOP('',(#3238));
#3238 = ORIENTED_EDGE('',*,*,#3239,.T.);
#3239 = EDGE_CURVE('',#3240,#3240,#3242,.T.);
#3240 = VERTEX_POINT('',#3241);
#3241 = CARTESIAN_POINT('',(87.5,-113.48,1.6));
#3242 = CIRCLE('',#3243,0.6);
#3243 = AXIS2_PLACEMENT_3D('',#3244,#3245,#3246);
#3244 = CARTESIAN_POINT('',(87.5,-112.88,1.6));
#3245 = DIRECTION('',(-0.,0.,-1.));
#3246 = DIRECTION('',(-0.,-1.,0.));
#3247 = FACE_BOUND('',#3248,.T.);
#3248 = EDGE_LOOP('',(#3249));
#3249 = ORIENTED_EDGE('',*,*,#3250,.T.);
#3250 = EDGE_CURVE('',#3251,#3251,#3253,.T.);
#3251 = VERTEX_POINT('',#3252);
#3252 = CARTESIAN_POINT('',(118.5,-147.65,1.6));
#3253 = CIRCLE('',#3254,1.65);
#3254 = AXIS2_PLACEMENT_3D('',#3255,#3256,#3257);
#3255 = CARTESIAN_POINT('',(118.5,-146.,1.6));
#3256 = DIRECTION('',(-0.,0.,-1.));
#3257 = DIRECTION('',(-0.,-1.,0.));
#3258 = FACE_BOUND('',#3259,.T.);
#3259 = EDGE_LOOP('',(#3260));
#3260 = ORIENTED_EDGE('',*,*,#3261,.T.);
#3261 = EDGE_CURVE('',#3262,#3262,#3264,.T.);
#3262 = VERTEX_POINT('',#3263);
#3263 = CARTESIAN_POINT('',(119.,-138.225,1.6));
#3264 = CIRCLE('',#3265,0.45);
#3265 = AXIS2_PLACEMENT_3D('',#3266,#3267,#3268);
#3266 = CARTESIAN_POINT('',(119.,-137.775,1.6));
#3267 = DIRECTION('',(-0.,0.,-1.));
#3268 = DIRECTION('',(-0.,-1.,0.));
#3269 = FACE_BOUND('',#3270,.T.);
#3270 = EDGE_LOOP('',(#3271));
#3271 = ORIENTED_EDGE('',*,*,#3272,.T.);
#3272 = EDGE_CURVE('',#3273,#3273,#3275,.T.);
#3273 = VERTEX_POINT('',#3274);
#3274 = CARTESIAN_POINT('',(119.,-135.685,1.6));
#3275 = CIRCLE('',#3276,0.45);
#3276 = AXIS2_PLACEMENT_3D('',#3277,#3278,#3279);
#3277 = CARTESIAN_POINT('',(119.,-135.235,1.6));
#3278 = DIRECTION('',(-0.,0.,-1.));
#3279 = DIRECTION('',(-0.,-1.,0.));
#3280 = FACE_BOUND('',#3281,.T.);
#3281 = EDGE_LOOP('',(#3282));
#3282 = ORIENTED_EDGE('',*,*,#3283,.T.);
#3283 = EDGE_CURVE('',#3284,#3284,#3286,.T.);
#3284 = VERTEX_POINT('',#3285);
#3285 = CARTESIAN_POINT('',(112.5,-128.72,1.6));
#3286 = CIRCLE('',#3287,0.6);
#3287 = AXIS2_PLACEMENT_3D('',#3288,#3289,#3290);
#3288 = CARTESIAN_POINT('',(112.5,-128.12,1.6));
#3289 = DIRECTION('',(-0.,0.,-1.));
#3290 = DIRECTION('',(-0.,-1.,0.));
#3291 = FACE_BOUND('',#3292,.T.);
#3292 = EDGE_LOOP('',(#3293));
#3293 = ORIENTED_EDGE('',*,*,#3294,.T.);
#3294 = EDGE_CURVE('',#3295,#3295,#3297,.T.);
#3295 = VERTEX_POINT('',#3296);
#3296 = CARTESIAN_POINT('',(118.,-128.72,1.6));
#3297 = CIRCLE('',#3298,0.6);
#3298 = AXIS2_PLACEMENT_3D('',#3299,#3300,#3301);
#3299 = CARTESIAN_POINT('',(118.,-128.12,1.6));
#3300 = DIRECTION('',(-0.,0.,-1.));
#3301 = DIRECTION('',(-0.,-1.,0.));
#3302 = FACE_BOUND('',#3303,.T.);
#3303 = EDGE_LOOP('',(#3304));
#3304 = ORIENTED_EDGE('',*,*,#3305,.T.);
#3305 = EDGE_CURVE('',#3306,#3306,#3308,.T.);
#3306 = VERTEX_POINT('',#3307);
#3307 = CARTESIAN_POINT('',(112.5,-113.48,1.6));
#3308 = CIRCLE('',#3309,0.6);
#3309 = AXIS2_PLACEMENT_3D('',#3310,#3311,#3312);
#3310 = CARTESIAN_POINT('',(112.5,-112.88,1.6));
#3311 = DIRECTION('',(-0.,0.,-1.));
#3312 = DIRECTION('',(-0.,-1.,0.));
#3313 = FACE_BOUND('',#3314,.T.);
#3314 = EDGE_LOOP('',(#3315));
#3315 = ORIENTED_EDGE('',*,*,#3316,.T.);
#3316 = EDGE_CURVE('',#3317,#3317,#3319,.T.);
#3317 = VERTEX_POINT('',#3318);
#3318 = CARTESIAN_POINT('',(118.,-113.48,1.6));
#3319 = CIRCLE('',#3320,0.6);
#3320 = AXIS2_PLACEMENT_3D('',#3321,#3322,#3323);
#3321 = CARTESIAN_POINT('',(118.,-112.88,1.6));
#3322 = DIRECTION('',(-0.,0.,-1.));
#3323 = DIRECTION('',(-0.,-1.,0.));
#3324 = FACE_BOUND('',#3325,.T.);
#3325 = EDGE_LOOP('',(#3326));
#3326 = ORIENTED_EDGE('',*,*,#3327,.T.);
#3327 = EDGE_CURVE('',#3328,#3328,#3330,.T.);
#3328 = VERTEX_POINT('',#3329);
#3329 = CARTESIAN_POINT('',(81.,-105.215,1.6));
#3330 = CIRCLE('',#3331,0.45);
#3331 = AXIS2_PLACEMENT_3D('',#3332,#3333,#3334);
#3332 = CARTESIAN_POINT('',(81.,-104.765,1.6));
#3333 = DIRECTION('',(-0.,0.,-1.));
#3334 = DIRECTION('',(-0.,-1.,0.));
#3335 = FACE_BOUND('',#3336,.T.);
#3336 = EDGE_LOOP('',(#3337));
#3337 = ORIENTED_EDGE('',*,*,#3338,.T.);
#3338 = EDGE_CURVE('',#3339,#3339,#3341,.T.);
#3339 = VERTEX_POINT('',#3340);
#3340 = CARTESIAN_POINT('',(81.,-102.675,1.6));
#3341 = CIRCLE('',#3342,0.45);
#3342 = AXIS2_PLACEMENT_3D('',#3343,#3344,#3345);
#3343 = CARTESIAN_POINT('',(81.,-102.225,1.6));
#3344 = DIRECTION('',(-0.,0.,-1.));
#3345 = DIRECTION('',(-0.,-1.,0.));
#3346 = FACE_BOUND('',#3347,.T.);
#3347 = EDGE_LOOP('',(#3348));
#3348 = ORIENTED_EDGE('',*,*,#3349,.T.);
#3349 = EDGE_CURVE('',#3350,#3350,#3352,.T.);
#3350 = VERTEX_POINT('',#3351);
#3351 = CARTESIAN_POINT('',(88.5,-103.999999,1.6));
#3352 = CIRCLE('',#3353,0.499999);
#3353 = AXIS2_PLACEMENT_3D('',#3354,#3355,#3356);
#3354 = CARTESIAN_POINT('',(88.5,-103.5,1.6));
#3355 = DIRECTION('',(-0.,0.,-1.));
#3356 = DIRECTION('',(-0.,-1.,0.));
#3357 = FACE_BOUND('',#3358,.T.);
#3358 = EDGE_LOOP('',(#3359));
#3359 = ORIENTED_EDGE('',*,*,#3360,.T.);
#3360 = EDGE_CURVE('',#3361,#3361,#3363,.T.);
#3361 = VERTEX_POINT('',#3362);
#3362 = CARTESIAN_POINT('',(88.5,-101.499999,1.6));
#3363 = CIRCLE('',#3364,0.499999);
#3364 = AXIS2_PLACEMENT_3D('',#3365,#3366,#3367);
#3365 = CARTESIAN_POINT('',(88.5,-101.,1.6));
#3366 = DIRECTION('',(-0.,0.,-1.));
#3367 = DIRECTION('',(-0.,-1.,0.));
#3368 = FACE_BOUND('',#3369,.T.);
#3369 = EDGE_LOOP('',(#3370));
#3370 = ORIENTED_EDGE('',*,*,#3371,.T.);
#3371 = EDGE_CURVE('',#3372,#3372,#3374,.T.);
#3372 = VERTEX_POINT('',#3373);
#3373 = CARTESIAN_POINT('',(81.5,-95.65,1.6));
#3374 = CIRCLE('',#3375,1.65);
#3375 = AXIS2_PLACEMENT_3D('',#3376,#3377,#3378);
#3376 = CARTESIAN_POINT('',(81.5,-94.,1.6));
#3377 = DIRECTION('',(-0.,0.,-1.));
#3378 = DIRECTION('',(-0.,-1.,0.));
#3379 = FACE_BOUND('',#3380,.T.);
#3380 = EDGE_LOOP('',(#3381));
#3381 = ORIENTED_EDGE('',*,*,#3382,.T.);
#3382 = EDGE_CURVE('',#3383,#3383,#3385,.T.);
#3383 = VERTEX_POINT('',#3384);
#3384 = CARTESIAN_POINT('',(95.69,-101.92,1.6));
#3385 = CIRCLE('',#3386,0.5);
#3386 = AXIS2_PLACEMENT_3D('',#3387,#3388,#3389);
#3387 = CARTESIAN_POINT('',(95.69,-101.42,1.6));
#3388 = DIRECTION('',(-0.,0.,-1.));
#3389 = DIRECTION('',(-0.,-1.,0.));
#3390 = FACE_BOUND('',#3391,.T.);
#3391 = EDGE_LOOP('',(#3392));
#3392 = ORIENTED_EDGE('',*,*,#3393,.T.);
#3393 = EDGE_CURVE('',#3394,#3394,#3396,.T.);
#3394 = VERTEX_POINT('',#3395);
#3395 = CARTESIAN_POINT('',(98.23,-101.92,1.6));
#3396 = CIRCLE('',#3397,0.5);
#3397 = AXIS2_PLACEMENT_3D('',#3398,#3399,#3400);
#3398 = CARTESIAN_POINT('',(98.23,-101.42,1.6));
#3399 = DIRECTION('',(-0.,0.,-1.));
#3400 = DIRECTION('',(-0.,-1.,0.));
#3401 = FACE_BOUND('',#3402,.T.);
#3402 = EDGE_LOOP('',(#3403));
#3403 = ORIENTED_EDGE('',*,*,#3404,.T.);
#3404 = EDGE_CURVE('',#3405,#3405,#3407,.T.);
#3405 = VERTEX_POINT('',#3406);
#3406 = CARTESIAN_POINT('',(95.69,-99.38,1.6));
#3407 = CIRCLE('',#3408,0.5);
#3408 = AXIS2_PLACEMENT_3D('',#3409,#3410,#3411);
#3409 = CARTESIAN_POINT('',(95.69,-98.88,1.6));
#3410 = DIRECTION('',(-0.,0.,-1.));
#3411 = DIRECTION('',(-0.,-1.,0.));
#3412 = FACE_BOUND('',#3413,.T.);
#3413 = EDGE_LOOP('',(#3414));
#3414 = ORIENTED_EDGE('',*,*,#3415,.T.);
#3415 = EDGE_CURVE('',#3416,#3416,#3418,.T.);
#3416 = VERTEX_POINT('',#3417);
#3417 = CARTESIAN_POINT('',(98.23,-99.38,1.6));
#3418 = CIRCLE('',#3419,0.5);
#3419 = AXIS2_PLACEMENT_3D('',#3420,#3421,#3422);
#3420 = CARTESIAN_POINT('',(98.23,-98.88,1.6));
#3421 = DIRECTION('',(-0.,0.,-1.));
#3422 = DIRECTION('',(-0.,-1.,0.));
#3423 = FACE_BOUND('',#3424,.T.);
#3424 = EDGE_LOOP('',(#3425));
#3425 = ORIENTED_EDGE('',*,*,#3426,.T.);
#3426 = EDGE_CURVE('',#3427,#3427,#3429,.T.);
#3427 = VERTEX_POINT('',#3428);
#3428 = CARTESIAN_POINT('',(92.38,-91.78,1.6));
#3429 = CIRCLE('',#3430,0.5);
#3430 = AXIS2_PLACEMENT_3D('',#3431,#3432,#3433);
#3431 = CARTESIAN_POINT('',(92.38,-91.28,1.6));
#3432 = DIRECTION('',(-0.,0.,-1.));
#3433 = DIRECTION('',(-0.,-1.,0.));
#3434 = FACE_BOUND('',#3435,.T.);
#3435 = EDGE_LOOP('',(#3436));
#3436 = ORIENTED_EDGE('',*,*,#3437,.T.);
#3437 = EDGE_CURVE('',#3438,#3438,#3440,.T.);
#3438 = VERTEX_POINT('',#3439);
#3439 = CARTESIAN_POINT('',(92.38,-89.24,1.6));
#3440 = CIRCLE('',#3441,0.5);
#3441 = AXIS2_PLACEMENT_3D('',#3442,#3443,#3444);
#3442 = CARTESIAN_POINT('',(92.38,-88.74,1.6));
#3443 = DIRECTION('',(-0.,0.,-1.));
#3444 = DIRECTION('',(-0.,-1.,0.));
#3445 = FACE_BOUND('',#3446,.T.);
#3446 = EDGE_LOOP('',(#3447));
#3447 = ORIENTED_EDGE('',*,*,#3448,.T.);
#3448 = EDGE_CURVE('',#3449,#3449,#3451,.T.);
#3449 = VERTEX_POINT('',#3450);
#3450 = CARTESIAN_POINT('',(92.38,-86.7,1.6));
#3451 = CIRCLE('',#3452,0.5);
#3452 = AXIS2_PLACEMENT_3D('',#3453,#3454,#3455);
#3453 = CARTESIAN_POINT('',(92.38,-86.2,1.6));
#3454 = DIRECTION('',(-0.,0.,-1.));
#3455 = DIRECTION('',(-0.,-1.,0.));
#3456 = FACE_BOUND('',#3457,.T.);
#3457 = EDGE_LOOP('',(#3458));
#3458 = ORIENTED_EDGE('',*,*,#3459,.T.);
#3459 = EDGE_CURVE('',#3460,#3460,#3462,.T.);
#3460 = VERTEX_POINT('',#3461);
#3461 = CARTESIAN_POINT('',(92.38,-84.16,1.6));
#3462 = CIRCLE('',#3463,0.5);
#3463 = AXIS2_PLACEMENT_3D('',#3464,#3465,#3466);
#3464 = CARTESIAN_POINT('',(92.38,-83.66,1.6));
#3465 = DIRECTION('',(-0.,0.,-1.));
#3466 = DIRECTION('',(-0.,-1.,0.));
#3467 = FACE_BOUND('',#3468,.T.);
#3468 = EDGE_LOOP('',(#3469));
#3469 = ORIENTED_EDGE('',*,*,#3470,.T.);
#3470 = EDGE_CURVE('',#3471,#3471,#3473,.T.);
#3471 = VERTEX_POINT('',#3472);
#3472 = CARTESIAN_POINT('',(96.5,-90.900011,1.6));
#3473 = CIRCLE('',#3474,0.650011);
#3474 = AXIS2_PLACEMENT_3D('',#3475,#3476,#3477);
#3475 = CARTESIAN_POINT('',(96.5,-90.25,1.6));
#3476 = DIRECTION('',(-0.,0.,-1.));
#3477 = DIRECTION('',(-0.,-1.,0.));
#3478 = FACE_BOUND('',#3479,.T.);
#3479 = EDGE_LOOP('',(#3480));
#3480 = ORIENTED_EDGE('',*,*,#3481,.T.);
#3481 = EDGE_CURVE('',#3482,#3482,#3484,.T.);
#3482 = VERTEX_POINT('',#3483);
#3483 = CARTESIAN_POINT('',(97.75,-88.249999,1.6));
#3484 = CIRCLE('',#3485,0.499999);
#3485 = AXIS2_PLACEMENT_3D('',#3486,#3487,#3488);
#3486 = CARTESIAN_POINT('',(97.75,-87.75,1.6));
#3487 = DIRECTION('',(-0.,0.,-1.));
#3488 = DIRECTION('',(-0.,-1.,0.));
#3489 = FACE_BOUND('',#3490,.T.);
#3490 = EDGE_LOOP('',(#3491));
#3491 = ORIENTED_EDGE('',*,*,#3492,.T.);
#3492 = EDGE_CURVE('',#3493,#3493,#3495,.T.);
#3493 = VERTEX_POINT('',#3494);
#3494 = CARTESIAN_POINT('',(92.38,-81.62,1.6));
#3495 = CIRCLE('',#3496,0.5);
#3496 = AXIS2_PLACEMENT_3D('',#3497,#3498,#3499);
#3497 = CARTESIAN_POINT('',(92.38,-81.12,1.6));
#3498 = DIRECTION('',(-0.,0.,-1.));
#3499 = DIRECTION('',(-0.,-1.,0.));
#3500 = FACE_BOUND('',#3501,.T.);
#3501 = EDGE_LOOP('',(#3502));
#3502 = ORIENTED_EDGE('',*,*,#3503,.T.);
#3503 = EDGE_CURVE('',#3504,#3504,#3506,.T.);
#3504 = VERTEX_POINT('',#3505);
#3505 = CARTESIAN_POINT('',(92.38,-79.08,1.6));
#3506 = CIRCLE('',#3507,0.5);
#3507 = AXIS2_PLACEMENT_3D('',#3508,#3509,#3510);
#3508 = CARTESIAN_POINT('',(92.38,-78.58,1.6));
#3509 = DIRECTION('',(-0.,0.,-1.));
#3510 = DIRECTION('',(-0.,-1.,0.));
#3511 = FACE_BOUND('',#3512,.T.);
#3512 = EDGE_LOOP('',(#3513));
#3513 = ORIENTED_EDGE('',*,*,#3514,.T.);
#3514 = EDGE_CURVE('',#3515,#3515,#3517,.T.);
#3515 = VERTEX_POINT('',#3516);
#3516 = CARTESIAN_POINT('',(92.38,-76.54,1.6));
#3517 = CIRCLE('',#3518,0.5);
#3518 = AXIS2_PLACEMENT_3D('',#3519,#3520,#3521);
#3519 = CARTESIAN_POINT('',(92.38,-76.04,1.6));
#3520 = DIRECTION('',(-0.,0.,-1.));
#3521 = DIRECTION('',(-0.,-1.,0.));
#3522 = FACE_BOUND('',#3523,.T.);
#3523 = EDGE_LOOP('',(#3524));
#3524 = ORIENTED_EDGE('',*,*,#3525,.T.);
#3525 = EDGE_CURVE('',#3526,#3526,#3528,.T.);
#3526 = VERTEX_POINT('',#3527);
#3527 = CARTESIAN_POINT('',(92.38,-74.,1.6));
#3528 = CIRCLE('',#3529,0.5);
#3529 = AXIS2_PLACEMENT_3D('',#3530,#3531,#3532);
#3530 = CARTESIAN_POINT('',(92.38,-73.5,1.6));
#3531 = DIRECTION('',(-0.,0.,-1.));
#3532 = DIRECTION('',(-0.,-1.,0.));
#3533 = FACE_BOUND('',#3534,.T.);
#3534 = EDGE_LOOP('',(#3535));
#3535 = ORIENTED_EDGE('',*,*,#3536,.T.);
#3536 = EDGE_CURVE('',#3537,#3537,#3539,.T.);
#3537 = VERTEX_POINT('',#3538);
#3538 = CARTESIAN_POINT('',(100.77,-101.92,1.6));
#3539 = CIRCLE('',#3540,0.5);
#3540 = AXIS2_PLACEMENT_3D('',#3541,#3542,#3543);
#3541 = CARTESIAN_POINT('',(100.77,-101.42,1.6));
#3542 = DIRECTION('',(-0.,0.,-1.));
#3543 = DIRECTION('',(-0.,-1.,0.));
#3544 = FACE_BOUND('',#3545,.T.);
#3545 = EDGE_LOOP('',(#3546));
#3546 = ORIENTED_EDGE('',*,*,#3547,.T.);
#3547 = EDGE_CURVE('',#3548,#3548,#3550,.T.);
#3548 = VERTEX_POINT('',#3549);
#3549 = CARTESIAN_POINT('',(103.31,-101.92,1.6));
#3550 = CIRCLE('',#3551,0.5);
#3551 = AXIS2_PLACEMENT_3D('',#3552,#3553,#3554);
#3552 = CARTESIAN_POINT('',(103.31,-101.42,1.6));
#3553 = DIRECTION('',(-0.,0.,-1.));
#3554 = DIRECTION('',(-0.,-1.,0.));
#3555 = FACE_BOUND('',#3556,.T.);
#3556 = EDGE_LOOP('',(#3557));
#3557 = ORIENTED_EDGE('',*,*,#3558,.T.);
#3558 = EDGE_CURVE('',#3559,#3559,#3561,.T.);
#3559 = VERTEX_POINT('',#3560);
#3560 = CARTESIAN_POINT('',(100.77,-99.38,1.6));
#3561 = CIRCLE('',#3562,0.5);
#3562 = AXIS2_PLACEMENT_3D('',#3563,#3564,#3565);
#3563 = CARTESIAN_POINT('',(100.77,-98.88,1.6));
#3564 = DIRECTION('',(-0.,0.,-1.));
#3565 = DIRECTION('',(-0.,-1.,0.));
#3566 = FACE_BOUND('',#3567,.T.);
#3567 = EDGE_LOOP('',(#3568));
#3568 = ORIENTED_EDGE('',*,*,#3569,.T.);
#3569 = EDGE_CURVE('',#3570,#3570,#3572,.T.);
#3570 = VERTEX_POINT('',#3571);
#3571 = CARTESIAN_POINT('',(103.31,-99.38,1.6));
#3572 = CIRCLE('',#3573,0.5);
#3573 = AXIS2_PLACEMENT_3D('',#3574,#3575,#3576);
#3574 = CARTESIAN_POINT('',(103.31,-98.88,1.6));
#3575 = DIRECTION('',(-0.,0.,-1.));
#3576 = DIRECTION('',(-0.,-1.,0.));
#3577 = FACE_BOUND('',#3578,.T.);
#3578 = EDGE_LOOP('',(#3579));
#3579 = ORIENTED_EDGE('',*,*,#3580,.T.);
#3580 = EDGE_CURVE('',#3581,#3581,#3583,.T.);
#3581 = VERTEX_POINT('',#3582);
#3582 = CARTESIAN_POINT('',(119.,-105.225,1.6));
#3583 = CIRCLE('',#3584,0.45);
#3584 = AXIS2_PLACEMENT_3D('',#3585,#3586,#3587);
#3585 = CARTESIAN_POINT('',(119.,-104.775,1.6));
#3586 = DIRECTION('',(-0.,0.,-1.));
#3587 = DIRECTION('',(-0.,-1.,0.));
#3588 = FACE_BOUND('',#3589,.T.);
#3589 = EDGE_LOOP('',(#3590));
#3590 = ORIENTED_EDGE('',*,*,#3591,.T.);
#3591 = EDGE_CURVE('',#3592,#3592,#3594,.T.);
#3592 = VERTEX_POINT('',#3593);
#3593 = CARTESIAN_POINT('',(119.,-102.685,1.6));
#3594 = CIRCLE('',#3595,0.45);
#3595 = AXIS2_PLACEMENT_3D('',#3596,#3597,#3598);
#3596 = CARTESIAN_POINT('',(119.,-102.235,1.6));
#3597 = DIRECTION('',(-0.,0.,-1.));
#3598 = DIRECTION('',(-0.,-1.,0.));
#3599 = FACE_BOUND('',#3600,.T.);
#3600 = EDGE_LOOP('',(#3601));
#3601 = ORIENTED_EDGE('',*,*,#3602,.T.);
#3602 = EDGE_CURVE('',#3603,#3603,#3605,.T.);
#3603 = VERTEX_POINT('',#3604);
#3604 = CARTESIAN_POINT('',(110.294888,-99.4,1.6));
#3605 = CIRCLE('',#3606,0.4);
#3606 = AXIS2_PLACEMENT_3D('',#3607,#3608,#3609);
#3607 = CARTESIAN_POINT('',(110.294888,-99.,1.6));
#3608 = DIRECTION('',(-0.,0.,-1.));
#3609 = DIRECTION('',(-0.,-1.,0.));
#3610 = FACE_BOUND('',#3611,.T.);
#3611 = EDGE_LOOP('',(#3612));
#3612 = ORIENTED_EDGE('',*,*,#3613,.T.);
#3613 = EDGE_CURVE('',#3614,#3614,#3616,.T.);
#3614 = VERTEX_POINT('',#3615);
#3615 = CARTESIAN_POINT('',(112.794888,-99.4,1.6));
#3616 = CIRCLE('',#3617,0.4);
#3617 = AXIS2_PLACEMENT_3D('',#3618,#3619,#3620);
#3618 = CARTESIAN_POINT('',(112.794888,-99.,1.6));
#3619 = DIRECTION('',(-0.,0.,-1.));
#3620 = DIRECTION('',(-0.,-1.,0.));
#3621 = FACE_BOUND('',#3622,.T.);
#3622 = EDGE_LOOP('',(#3623));
#3623 = ORIENTED_EDGE('',*,*,#3624,.T.);
#3624 = EDGE_CURVE('',#3625,#3625,#3627,.T.);
#3625 = VERTEX_POINT('',#3626);
#3626 = CARTESIAN_POINT('',(118.5,-95.65,1.6));
#3627 = CIRCLE('',#3628,1.65);
#3628 = AXIS2_PLACEMENT_3D('',#3629,#3630,#3631);
#3629 = CARTESIAN_POINT('',(118.5,-94.,1.6));
#3630 = DIRECTION('',(-0.,0.,-1.));
#3631 = DIRECTION('',(-0.,-1.,0.));
#3632 = FACE_BOUND('',#3633,.T.);
#3633 = EDGE_LOOP('',(#3634));
#3634 = ORIENTED_EDGE('',*,*,#3635,.T.);
#3635 = EDGE_CURVE('',#3636,#3636,#3638,.T.);
#3636 = VERTEX_POINT('',#3637);
#3637 = CARTESIAN_POINT('',(102.25,-88.249999,1.6));
#3638 = CIRCLE('',#3639,0.499999);
#3639 = AXIS2_PLACEMENT_3D('',#3640,#3641,#3642);
#3640 = CARTESIAN_POINT('',(102.25,-87.75,1.6));
#3641 = DIRECTION('',(-0.,0.,-1.));
#3642 = DIRECTION('',(-0.,-1.,0.));
#3643 = FACE_BOUND('',#3644,.T.);
#3644 = EDGE_LOOP('',(#3645));
#3645 = ORIENTED_EDGE('',*,*,#3646,.T.);
#3646 = EDGE_CURVE('',#3647,#3647,#3649,.T.);
#3647 = VERTEX_POINT('',#3648);
#3648 = CARTESIAN_POINT('',(103.5,-90.900011,1.6));
#3649 = CIRCLE('',#3650,0.650011);
#3650 = AXIS2_PLACEMENT_3D('',#3651,#3652,#3653);
#3651 = CARTESIAN_POINT('',(103.5,-90.25,1.6));
#3652 = DIRECTION('',(-0.,0.,-1.));
#3653 = DIRECTION('',(-0.,-1.,0.));
#3654 = FACE_BOUND('',#3655,.T.);
#3655 = EDGE_LOOP('',(#3656));
#3656 = ORIENTED_EDGE('',*,*,#3657,.T.);
#3657 = EDGE_CURVE('',#3658,#3658,#3660,.T.);
#3658 = VERTEX_POINT('',#3659);
#3659 = CARTESIAN_POINT('',(107.62,-91.78,1.6));
#3660 = CIRCLE('',#3661,0.5);
#3661 = AXIS2_PLACEMENT_3D('',#3662,#3663,#3664);
#3662 = CARTESIAN_POINT('',(107.62,-91.28,1.6));
#3663 = DIRECTION('',(-0.,0.,-1.));
#3664 = DIRECTION('',(-0.,-1.,0.));
#3665 = FACE_BOUND('',#3666,.T.);
#3666 = EDGE_LOOP('',(#3667));
#3667 = ORIENTED_EDGE('',*,*,#3668,.T.);
#3668 = EDGE_CURVE('',#3669,#3669,#3671,.T.);
#3669 = VERTEX_POINT('',#3670);
#3670 = CARTESIAN_POINT('',(107.62,-89.24,1.6));
#3671 = CIRCLE('',#3672,0.5);
#3672 = AXIS2_PLACEMENT_3D('',#3673,#3674,#3675);
#3673 = CARTESIAN_POINT('',(107.62,-88.74,1.6));
#3674 = DIRECTION('',(-0.,0.,-1.));
#3675 = DIRECTION('',(-0.,-1.,0.));
#3676 = FACE_BOUND('',#3677,.T.);
#3677 = EDGE_LOOP('',(#3678));
#3678 = ORIENTED_EDGE('',*,*,#3679,.T.);
#3679 = EDGE_CURVE('',#3680,#3680,#3682,.T.);
#3680 = VERTEX_POINT('',#3681);
#3681 = CARTESIAN_POINT('',(107.62,-86.7,1.6));
#3682 = CIRCLE('',#3683,0.5);
#3683 = AXIS2_PLACEMENT_3D('',#3684,#3685,#3686);
#3684 = CARTESIAN_POINT('',(107.62,-86.2,1.6));
#3685 = DIRECTION('',(-0.,0.,-1.));
#3686 = DIRECTION('',(-0.,-1.,0.));
#3687 = FACE_BOUND('',#3688,.T.);
#3688 = EDGE_LOOP('',(#3689));
#3689 = ORIENTED_EDGE('',*,*,#3690,.T.);
#3690 = EDGE_CURVE('',#3691,#3691,#3693,.T.);
#3691 = VERTEX_POINT('',#3692);
#3692 = CARTESIAN_POINT('',(107.62,-84.16,1.6));
#3693 = CIRCLE('',#3694,0.5);
#3694 = AXIS2_PLACEMENT_3D('',#3695,#3696,#3697);
#3695 = CARTESIAN_POINT('',(107.62,-83.66,1.6));
#3696 = DIRECTION('',(-0.,0.,-1.));
#3697 = DIRECTION('',(-0.,-1.,0.));
#3698 = FACE_BOUND('',#3699,.T.);
#3699 = EDGE_LOOP('',(#3700));
#3700 = ORIENTED_EDGE('',*,*,#3701,.T.);
#3701 = EDGE_CURVE('',#3702,#3702,#3704,.T.);
#3702 = VERTEX_POINT('',#3703);
#3703 = CARTESIAN_POINT('',(107.62,-81.62,1.6));
#3704 = CIRCLE('',#3705,0.5);
#3705 = AXIS2_PLACEMENT_3D('',#3706,#3707,#3708);
#3706 = CARTESIAN_POINT('',(107.62,-81.12,1.6));
#3707 = DIRECTION('',(-0.,0.,-1.));
#3708 = DIRECTION('',(-0.,-1.,0.));
#3709 = FACE_BOUND('',#3710,.T.);
#3710 = EDGE_LOOP('',(#3711));
#3711 = ORIENTED_EDGE('',*,*,#3712,.T.);
#3712 = EDGE_CURVE('',#3713,#3713,#3715,.T.);
#3713 = VERTEX_POINT('',#3714);
#3714 = CARTESIAN_POINT('',(107.62,-79.08,1.6));
#3715 = CIRCLE('',#3716,0.5);
#3716 = AXIS2_PLACEMENT_3D('',#3717,#3718,#3719);
#3717 = CARTESIAN_POINT('',(107.62,-78.58,1.6));
#3718 = DIRECTION('',(-0.,0.,-1.));
#3719 = DIRECTION('',(-0.,-1.,0.));
#3720 = FACE_BOUND('',#3721,.T.);
#3721 = EDGE_LOOP('',(#3722));
#3722 = ORIENTED_EDGE('',*,*,#3723,.T.);
#3723 = EDGE_CURVE('',#3724,#3724,#3726,.T.);
#3724 = VERTEX_POINT('',#3725);
#3725 = CARTESIAN_POINT('',(107.62,-76.54,1.6));
#3726 = CIRCLE('',#3727,0.5);
#3727 = AXIS2_PLACEMENT_3D('',#3728,#3729,#3730);
#3728 = CARTESIAN_POINT('',(107.62,-76.04,1.6));
#3729 = DIRECTION('',(-0.,0.,-1.));
#3730 = DIRECTION('',(-0.,-1.,0.));
#3731 = FACE_BOUND('',#3732,.T.);
#3732 = EDGE_LOOP('',(#3733));
#3733 = ORIENTED_EDGE('',*,*,#3734,.T.);
#3734 = EDGE_CURVE('',#3735,#3735,#3737,.T.);
#3735 = VERTEX_POINT('',#3736);
#3736 = CARTESIAN_POINT('',(107.62,-74.,1.6));
#3737 = CIRCLE('',#3738,0.5);
#3738 = AXIS2_PLACEMENT_3D('',#3739,#3740,#3741);
#3739 = CARTESIAN_POINT('',(107.62,-73.5,1.6));
#3740 = DIRECTION('',(-0.,0.,-1.));
#3741 = DIRECTION('',(-0.,-1.,0.));
#3742 = PLANE('',#3743);
#3743 = AXIS2_PLACEMENT_3D('',#3744,#3745,#3746);
#3744 = CARTESIAN_POINT('',(0.,0.,1.6));
#3745 = DIRECTION('',(0.,0.,1.));
#3746 = DIRECTION('',(1.,0.,-0.));
#3747 = ADVANCED_FACE('',(#3748),#3759,.T.);
#3748 = FACE_BOUND('',#3749,.T.);
#3749 = EDGE_LOOP('',(#3750,#3756,#3757,#3758));
#3750 = ORIENTED_EDGE('',*,*,#3751,.T.);
#3751 = EDGE_CURVE('',#144,#1949,#3752,.T.);
#3752 = LINE('',#3753,#3754);
#3753 = CARTESIAN_POINT('',(92.,-72.,0.));
#3754 = VECTOR('',#3755,1.);
#3755 = DIRECTION('',(0.,0.,1.));
#3756 = ORIENTED_EDGE('',*,*,#1948,.T.);
#3757 = ORIENTED_EDGE('',*,*,#79,.F.);
#3758 = ORIENTED_EDGE('',*,*,#143,.F.);
#3759 = PLANE('',#3760);
#3760 = AXIS2_PLACEMENT_3D('',#3761,#3762,#3763);
#3761 = CARTESIAN_POINT('',(92.,-72.,0.));
#3762 = DIRECTION('',(0.,1.,0.));
#3763 = DIRECTION('',(1.,0.,0.));
#3764 = ADVANCED_FACE('',(#3765),#3776,.T.);
#3765 = FACE_BOUND('',#3766,.T.);
#3766 = EDGE_LOOP('',(#3767,#3768,#3769,#3775));
#3767 = ORIENTED_EDGE('',*,*,#119,.T.);
#3768 = ORIENTED_EDGE('',*,*,#3164,.T.);
#3769 = ORIENTED_EDGE('',*,*,#3770,.F.);
#3770 = EDGE_CURVE('',#1352,#3157,#3771,.T.);
#3771 = LINE('',#3772,#3773);
#3772 = CARTESIAN_POINT('',(108.555556,-72.111111,0.));
#3773 = VECTOR('',#3774,1.);
#3774 = DIRECTION('',(0.,0.,1.));
#3775 = ORIENTED_EDGE('',*,*,#1359,.F.);
#3776 = PLANE('',#3777);
#3777 = AXIS2_PLACEMENT_3D('',#3778,#3779,#3780);
#3778 = CARTESIAN_POINT('',(108.4375,-72.0625,0.));
#3779 = DIRECTION('',(0.380747835531,0.924678909535,-0.));
#3780 = DIRECTION('',(0.924678909535,-0.380747835531,0.));
#3781 = ADVANCED_FACE('',(#3782),#3793,.T.);
#3782 = FACE_BOUND('',#3783,.T.);
#3783 = EDGE_LOOP('',(#3784,#3790,#3791,#3792));
#3784 = ORIENTED_EDGE('',*,*,#3785,.T.);
#3785 = EDGE_CURVE('',#152,#1957,#3786,.T.);
#3786 = LINE('',#3787,#3788);
#3787 = CARTESIAN_POINT('',(91.840278,-72.006944,0.));
#3788 = VECTOR('',#3789,1.);
#3789 = DIRECTION('',(0.,0.,1.));
#3790 = ORIENTED_EDGE('',*,*,#1956,.T.);
#3791 = ORIENTED_EDGE('',*,*,#3751,.F.);
#3792 = ORIENTED_EDGE('',*,*,#151,.F.);
#3793 = PLANE('',#3794);
#3794 = AXIS2_PLACEMENT_3D('',#3795,#3796,#3797);
#3795 = CARTESIAN_POINT('',(91.840278,-72.006944,0.));
#3796 = DIRECTION('',(-4.343450985534E-02,0.99905627637,0.));
#3797 = DIRECTION('',(0.99905627637,4.343450985534E-02,0.));
#3798 = ADVANCED_FACE('',(#3799),#3810,.T.);
#3799 = FACE_BOUND('',#3800,.T.);
#3800 = EDGE_LOOP('',(#3801,#3802,#3803,#3809));
#3801 = ORIENTED_EDGE('',*,*,#3770,.T.);
#3802 = ORIENTED_EDGE('',*,*,#3156,.T.);
#3803 = ORIENTED_EDGE('',*,*,#3804,.F.);
#3804 = EDGE_CURVE('',#1344,#3149,#3805,.T.);
#3805 = LINE('',#3806,#3807);
#3806 = CARTESIAN_POINT('',(108.659722,-72.173611,0.));
#3807 = VECTOR('',#3808,1.);
#3808 = DIRECTION('',(0.,0.,1.));
#3809 = ORIENTED_EDGE('',*,*,#1351,.F.);
#3810 = PLANE('',#3811);
#3811 = AXIS2_PLACEMENT_3D('',#3812,#3813,#3814);
#3812 = CARTESIAN_POINT('',(108.555556,-72.111111,0.));
#3813 = DIRECTION('',(0.514498176593,0.857491473008,-0.));
#3814 = DIRECTION('',(0.857491473008,-0.514498176593,0.));
#3815 = ADVANCED_FACE('',(#3816),#3827,.T.);
#3816 = FACE_BOUND('',#3817,.T.);
#3817 = EDGE_LOOP('',(#3818,#3824,#3825,#3826));
#3818 = ORIENTED_EDGE('',*,*,#3819,.T.);
#3819 = EDGE_CURVE('',#160,#1965,#3820,.T.);
#3820 = LINE('',#3821,#3822);
#3821 = CARTESIAN_POINT('',(91.694444,-72.027778,0.));
#3822 = VECTOR('',#3823,1.);
#3823 = DIRECTION('',(0.,0.,1.));
#3824 = ORIENTED_EDGE('',*,*,#1964,.T.);
#3825 = ORIENTED_EDGE('',*,*,#3785,.F.);
#3826 = ORIENTED_EDGE('',*,*,#159,.F.);
#3827 = PLANE('',#3828);
#3828 = AXIS2_PLACEMENT_3D('',#3829,#3830,#3831);
#3829 = CARTESIAN_POINT('',(91.694444,-72.027778,0.));
#3830 = DIRECTION('',(-0.141425157623,0.989948950599,0.));
#3831 = DIRECTION('',(0.989948950599,0.141425157623,0.));
#3832 = ADVANCED_FACE('',(#3833),#3844,.T.);
#3833 = FACE_BOUND('',#3834,.T.);
#3834 = EDGE_LOOP('',(#3835,#3836,#3837,#3843));
#3835 = ORIENTED_EDGE('',*,*,#3804,.T.);
#3836 = ORIENTED_EDGE('',*,*,#3148,.T.);
#3837 = ORIENTED_EDGE('',*,*,#3838,.F.);
#3838 = EDGE_CURVE('',#1336,#3141,#3839,.T.);
#3839 = LINE('',#3840,#3841);
#3840 = CARTESIAN_POINT('',(108.75,-72.25,0.));
#3841 = VECTOR('',#3842,1.);
#3842 = DIRECTION('',(0.,0.,1.));
#3843 = ORIENTED_EDGE('',*,*,#1343,.F.);
#3844 = PLANE('',#3845);
#3845 = AXIS2_PLACEMENT_3D('',#3846,#3847,#3848);
#3846 = CARTESIAN_POINT('',(108.659722,-72.173611,0.));
#3847 = DIRECTION('',(0.645941862406,0.763386606112,-0.));
#3848 = DIRECTION('',(0.763386606112,-0.645941862406,0.));
#3849 = ADVANCED_FACE('',(#3850),#3861,.T.);
#3850 = FACE_BOUND('',#3851,.T.);
#3851 = EDGE_LOOP('',(#3852,#3858,#3859,#3860));
#3852 = ORIENTED_EDGE('',*,*,#3853,.T.);
#3853 = EDGE_CURVE('',#168,#1973,#3854,.T.);
#3854 = LINE('',#3855,#3856);
#3855 = CARTESIAN_POINT('',(91.5625,-72.0625,0.));
#3856 = VECTOR('',#3857,1.);
#3857 = DIRECTION('',(0.,0.,1.));
#3858 = ORIENTED_EDGE('',*,*,#1972,.T.);
#3859 = ORIENTED_EDGE('',*,*,#3819,.F.);
#3860 = ORIENTED_EDGE('',*,*,#167,.F.);
#3861 = PLANE('',#3862);
#3862 = AXIS2_PLACEMENT_3D('',#3863,#3864,#3865);
#3863 = CARTESIAN_POINT('',(91.5625,-72.0625,0.));
#3864 = DIRECTION('',(-0.254492577729,0.967074727144,0.));
#3865 = DIRECTION('',(0.967074727144,0.254492577729,0.));
#3866 = ADVANCED_FACE('',(#3867),#3878,.T.);
#3867 = FACE_BOUND('',#3868,.T.);
#3868 = EDGE_LOOP('',(#3869,#3870,#3871,#3877));
#3869 = ORIENTED_EDGE('',*,*,#3838,.T.);
#3870 = ORIENTED_EDGE('',*,*,#3140,.T.);
#3871 = ORIENTED_EDGE('',*,*,#3872,.F.);
#3872 = EDGE_CURVE('',#1328,#3133,#3873,.T.);
#3873 = LINE('',#3874,#3875);
#3874 = CARTESIAN_POINT('',(108.826389,-72.340278,0.));
#3875 = VECTOR('',#3876,1.);
#3876 = DIRECTION('',(0.,0.,1.));
#3877 = ORIENTED_EDGE('',*,*,#1335,.F.);
#3878 = PLANE('',#3879);
#3879 = AXIS2_PLACEMENT_3D('',#3880,#3881,#3882);
#3880 = CARTESIAN_POINT('',(108.75,-72.25,0.));
#3881 = DIRECTION('',(0.763386606112,0.645941862406,-0.));
#3882 = DIRECTION('',(0.645941862406,-0.763386606112,0.));
#3883 = ADVANCED_FACE('',(#3884),#3895,.T.);
#3884 = FACE_BOUND('',#3885,.T.);
#3885 = EDGE_LOOP('',(#3886,#3892,#3893,#3894));
#3886 = ORIENTED_EDGE('',*,*,#3887,.T.);
#3887 = EDGE_CURVE('',#176,#1981,#3888,.T.);
#3888 = LINE('',#3889,#3890);
#3889 = CARTESIAN_POINT('',(91.444444,-72.111111,0.));
#3890 = VECTOR('',#3891,1.);
#3891 = DIRECTION('',(0.,0.,1.));
#3892 = ORIENTED_EDGE('',*,*,#1980,.T.);
#3893 = ORIENTED_EDGE('',*,*,#3853,.F.);
#3894 = ORIENTED_EDGE('',*,*,#175,.F.);
#3895 = PLANE('',#3896);
#3896 = AXIS2_PLACEMENT_3D('',#3897,#3898,#3899);
#3897 = CARTESIAN_POINT('',(91.444444,-72.111111,0.));
#3898 = DIRECTION('',(-0.380747835531,0.924678909535,0.));
#3899 = DIRECTION('',(0.924678909535,0.380747835531,0.));
#3900 = ADVANCED_FACE('',(#3901),#3912,.T.);
#3901 = FACE_BOUND('',#3902,.T.);
#3902 = EDGE_LOOP('',(#3903,#3904,#3905,#3911));
#3903 = ORIENTED_EDGE('',*,*,#3872,.T.);
#3904 = ORIENTED_EDGE('',*,*,#3132,.T.);
#3905 = ORIENTED_EDGE('',*,*,#3906,.F.);
#3906 = EDGE_CURVE('',#1320,#3125,#3907,.T.);
#3907 = LINE('',#3908,#3909);
#3908 = CARTESIAN_POINT('',(108.888889,-72.444444,0.));
#3909 = VECTOR('',#3910,1.);
#3910 = DIRECTION('',(0.,0.,1.));
#3911 = ORIENTED_EDGE('',*,*,#1327,.F.);
#3912 = PLANE('',#3913);
#3913 = AXIS2_PLACEMENT_3D('',#3914,#3915,#3916);
#3914 = CARTESIAN_POINT('',(108.826389,-72.340278,0.));
#3915 = DIRECTION('',(0.857491473008,0.514498176593,-0.));
#3916 = DIRECTION('',(0.514498176593,-0.857491473008,0.));
#3917 = ADVANCED_FACE('',(#3918),#3929,.T.);
#3918 = FACE_BOUND('',#3919,.T.);
#3919 = EDGE_LOOP('',(#3920,#3926,#3927,#3928));
#3920 = ORIENTED_EDGE('',*,*,#3921,.T.);
#3921 = EDGE_CURVE('',#184,#1989,#3922,.T.);
#3922 = LINE('',#3923,#3924);
#3923 = CARTESIAN_POINT('',(91.340278,-72.173611,0.));
#3924 = VECTOR('',#3925,1.);
#3925 = DIRECTION('',(0.,0.,1.));
#3926 = ORIENTED_EDGE('',*,*,#1988,.T.);
#3927 = ORIENTED_EDGE('',*,*,#3887,.F.);
#3928 = ORIENTED_EDGE('',*,*,#183,.F.);
#3929 = PLANE('',#3930);
#3930 = AXIS2_PLACEMENT_3D('',#3931,#3932,#3933);
#3931 = CARTESIAN_POINT('',(91.340278,-72.173611,0.));
#3932 = DIRECTION('',(-0.514498176593,0.857491473008,0.));
#3933 = DIRECTION('',(0.857491473008,0.514498176593,0.));
#3934 = ADVANCED_FACE('',(#3935),#3946,.T.);
#3935 = FACE_BOUND('',#3936,.T.);
#3936 = EDGE_LOOP('',(#3937,#3938,#3939,#3945));
#3937 = ORIENTED_EDGE('',*,*,#3906,.T.);
#3938 = ORIENTED_EDGE('',*,*,#3124,.T.);
#3939 = ORIENTED_EDGE('',*,*,#3940,.F.);
#3940 = EDGE_CURVE('',#1312,#3117,#3941,.T.);
#3941 = LINE('',#3942,#3943);
#3942 = CARTESIAN_POINT('',(108.9375,-72.5625,0.));
#3943 = VECTOR('',#3944,1.);
#3944 = DIRECTION('',(0.,0.,1.));
#3945 = ORIENTED_EDGE('',*,*,#1319,.F.);
#3946 = PLANE('',#3947);
#3947 = AXIS2_PLACEMENT_3D('',#3948,#3949,#3950);
#3948 = CARTESIAN_POINT('',(108.888889,-72.444444,0.));
#3949 = DIRECTION('',(0.924678909535,0.380747835531,-0.));
#3950 = DIRECTION('',(0.380747835531,-0.924678909535,0.));
#3951 = ADVANCED_FACE('',(#3952),#3963,.T.);
#3952 = FACE_BOUND('',#3953,.T.);
#3953 = EDGE_LOOP('',(#3954,#3960,#3961,#3962));
#3954 = ORIENTED_EDGE('',*,*,#3955,.T.);
#3955 = EDGE_CURVE('',#192,#1997,#3956,.T.);
#3956 = LINE('',#3957,#3958);
#3957 = CARTESIAN_POINT('',(91.25,-72.25,0.));
#3958 = VECTOR('',#3959,1.);
#3959 = DIRECTION('',(0.,0.,1.));
#3960 = ORIENTED_EDGE('',*,*,#1996,.T.);
#3961 = ORIENTED_EDGE('',*,*,#3921,.F.);
#3962 = ORIENTED_EDGE('',*,*,#191,.F.);
#3963 = PLANE('',#3964);
#3964 = AXIS2_PLACEMENT_3D('',#3965,#3966,#3967);
#3965 = CARTESIAN_POINT('',(91.25,-72.25,0.));
#3966 = DIRECTION('',(-0.645941862406,0.763386606112,0.));
#3967 = DIRECTION('',(0.763386606112,0.645941862406,0.));
#3968 = ADVANCED_FACE('',(#3969),#3980,.T.);
#3969 = FACE_BOUND('',#3970,.T.);
#3970 = EDGE_LOOP('',(#3971,#3972,#3973,#3979));
#3971 = ORIENTED_EDGE('',*,*,#3940,.T.);
#3972 = ORIENTED_EDGE('',*,*,#3116,.T.);
#3973 = ORIENTED_EDGE('',*,*,#3974,.F.);
#3974 = EDGE_CURVE('',#1304,#3109,#3975,.T.);
#3975 = LINE('',#3976,#3977);
#3976 = CARTESIAN_POINT('',(108.972222,-72.694444,0.));
#3977 = VECTOR('',#3978,1.);
#3978 = DIRECTION('',(0.,0.,1.));
#3979 = ORIENTED_EDGE('',*,*,#1311,.F.);
#3980 = PLANE('',#3981);
#3981 = AXIS2_PLACEMENT_3D('',#3982,#3983,#3984);
#3982 = CARTESIAN_POINT('',(108.9375,-72.5625,0.));
#3983 = DIRECTION('',(0.967074727144,0.254492577729,-0.));
#3984 = DIRECTION('',(0.254492577729,-0.967074727144,0.));
#3985 = ADVANCED_FACE('',(#3986),#3997,.T.);
#3986 = FACE_BOUND('',#3987,.T.);
#3987 = EDGE_LOOP('',(#3988,#3994,#3995,#3996));
#3988 = ORIENTED_EDGE('',*,*,#3989,.T.);
#3989 = EDGE_CURVE('',#200,#2005,#3990,.T.);
#3990 = LINE('',#3991,#3992);
#3991 = CARTESIAN_POINT('',(91.173611,-72.340278,0.));
#3992 = VECTOR('',#3993,1.);
#3993 = DIRECTION('',(0.,0.,1.));
#3994 = ORIENTED_EDGE('',*,*,#2004,.T.);
#3995 = ORIENTED_EDGE('',*,*,#3955,.F.);
#3996 = ORIENTED_EDGE('',*,*,#199,.F.);
#3997 = PLANE('',#3998);
#3998 = AXIS2_PLACEMENT_3D('',#3999,#4000,#4001);
#3999 = CARTESIAN_POINT('',(91.173611,-72.340278,0.));
#4000 = DIRECTION('',(-0.763386606112,0.645941862406,0.));
#4001 = DIRECTION('',(0.645941862406,0.763386606112,0.));
#4002 = ADVANCED_FACE('',(#4003),#4014,.T.);
#4003 = FACE_BOUND('',#4004,.T.);
#4004 = EDGE_LOOP('',(#4005,#4006,#4007,#4013));
#4005 = ORIENTED_EDGE('',*,*,#3974,.T.);
#4006 = ORIENTED_EDGE('',*,*,#3108,.T.);
#4007 = ORIENTED_EDGE('',*,*,#4008,.F.);
#4008 = EDGE_CURVE('',#1296,#3101,#4009,.T.);
#4009 = LINE('',#4010,#4011);
#4010 = CARTESIAN_POINT('',(108.993056,-72.840278,0.));
#4011 = VECTOR('',#4012,1.);
#4012 = DIRECTION('',(0.,0.,1.));
#4013 = ORIENTED_EDGE('',*,*,#1303,.F.);
#4014 = PLANE('',#4015);
#4015 = AXIS2_PLACEMENT_3D('',#4016,#4017,#4018);
#4016 = CARTESIAN_POINT('',(108.972222,-72.694444,0.));
#4017 = DIRECTION('',(0.989948950599,0.141425157623,-0.));
#4018 = DIRECTION('',(0.141425157623,-0.989948950599,0.));
#4019 = ADVANCED_FACE('',(#4020),#4031,.T.);
#4020 = FACE_BOUND('',#4021,.T.);
#4021 = EDGE_LOOP('',(#4022,#4028,#4029,#4030));
#4022 = ORIENTED_EDGE('',*,*,#4023,.T.);
#4023 = EDGE_CURVE('',#208,#2013,#4024,.T.);
#4024 = LINE('',#4025,#4026);
#4025 = CARTESIAN_POINT('',(91.111111,-72.444444,0.));
#4026 = VECTOR('',#4027,1.);
#4027 = DIRECTION('',(0.,0.,1.));
#4028 = ORIENTED_EDGE('',*,*,#2012,.T.);
#4029 = ORIENTED_EDGE('',*,*,#3989,.F.);
#4030 = ORIENTED_EDGE('',*,*,#207,.F.);
#4031 = PLANE('',#4032);
#4032 = AXIS2_PLACEMENT_3D('',#4033,#4034,#4035);
#4033 = CARTESIAN_POINT('',(91.111111,-72.444444,0.));
#4034 = DIRECTION('',(-0.857491473008,0.514498176593,0.));
#4035 = DIRECTION('',(0.514498176593,0.857491473008,0.));
#4036 = ADVANCED_FACE('',(#4037),#4048,.T.);
#4037 = FACE_BOUND('',#4038,.T.);
#4038 = EDGE_LOOP('',(#4039,#4040,#4041,#4047));
#4039 = ORIENTED_EDGE('',*,*,#4008,.T.);
#4040 = ORIENTED_EDGE('',*,*,#3100,.T.);
#4041 = ORIENTED_EDGE('',*,*,#4042,.F.);
#4042 = EDGE_CURVE('',#1288,#3093,#4043,.T.);
#4043 = LINE('',#4044,#4045);
#4044 = CARTESIAN_POINT('',(109.,-73.,0.));
#4045 = VECTOR('',#4046,1.);
#4046 = DIRECTION('',(0.,0.,1.));
#4047 = ORIENTED_EDGE('',*,*,#1295,.F.);
#4048 = PLANE('',#4049);
#4049 = AXIS2_PLACEMENT_3D('',#4050,#4051,#4052);
#4050 = CARTESIAN_POINT('',(108.993056,-72.840278,0.));
#4051 = DIRECTION('',(0.99905627637,4.343450985534E-02,-0.));
#4052 = DIRECTION('',(4.343450985534E-02,-0.99905627637,0.));
#4053 = ADVANCED_FACE('',(#4054),#4065,.T.);
#4054 = FACE_BOUND('',#4055,.T.);
#4055 = EDGE_LOOP('',(#4056,#4062,#4063,#4064));
#4056 = ORIENTED_EDGE('',*,*,#4057,.T.);
#4057 = EDGE_CURVE('',#216,#2021,#4058,.T.);
#4058 = LINE('',#4059,#4060);
#4059 = CARTESIAN_POINT('',(91.0625,-72.5625,0.));
#4060 = VECTOR('',#4061,1.);
#4061 = DIRECTION('',(0.,0.,1.));
#4062 = ORIENTED_EDGE('',*,*,#2020,.T.);
#4063 = ORIENTED_EDGE('',*,*,#4023,.F.);
#4064 = ORIENTED_EDGE('',*,*,#215,.F.);
#4065 = PLANE('',#4066);
#4066 = AXIS2_PLACEMENT_3D('',#4067,#4068,#4069);
#4067 = CARTESIAN_POINT('',(91.0625,-72.5625,0.));
#4068 = DIRECTION('',(-0.924678909535,0.380747835531,0.));
#4069 = DIRECTION('',(0.380747835531,0.924678909535,0.));
#4070 = ADVANCED_FACE('',(#4071),#4082,.T.);
#4071 = FACE_BOUND('',#4072,.T.);
#4072 = EDGE_LOOP('',(#4073,#4074,#4075,#4081));
#4073 = ORIENTED_EDGE('',*,*,#4042,.T.);
#4074 = ORIENTED_EDGE('',*,*,#3092,.T.);
#4075 = ORIENTED_EDGE('',*,*,#4076,.F.);
#4076 = EDGE_CURVE('',#1280,#3085,#4077,.T.);
#4077 = LINE('',#4078,#4079);
#4078 = CARTESIAN_POINT('',(109.,-85.275,0.));
#4079 = VECTOR('',#4080,1.);
#4080 = DIRECTION('',(0.,0.,1.));
#4081 = ORIENTED_EDGE('',*,*,#1287,.F.);
#4082 = PLANE('',#4083);
#4083 = AXIS2_PLACEMENT_3D('',#4084,#4085,#4086);
#4084 = CARTESIAN_POINT('',(109.,-73.,0.));
#4085 = DIRECTION('',(1.,0.,-0.));
#4086 = DIRECTION('',(0.,-1.,0.));
#4087 = ADVANCED_FACE('',(#4088),#4099,.T.);
#4088 = FACE_BOUND('',#4089,.T.);
#4089 = EDGE_LOOP('',(#4090,#4096,#4097,#4098));
#4090 = ORIENTED_EDGE('',*,*,#4091,.T.);
#4091 = EDGE_CURVE('',#224,#2029,#4092,.T.);
#4092 = LINE('',#4093,#4094);
#4093 = CARTESIAN_POINT('',(91.027778,-72.694444,0.));
#4094 = VECTOR('',#4095,1.);
#4095 = DIRECTION('',(0.,0.,1.));
#4096 = ORIENTED_EDGE('',*,*,#2028,.T.);
#4097 = ORIENTED_EDGE('',*,*,#4057,.F.);
#4098 = ORIENTED_EDGE('',*,*,#223,.F.);
#4099 = PLANE('',#4100);
#4100 = AXIS2_PLACEMENT_3D('',#4101,#4102,#4103);
#4101 = CARTESIAN_POINT('',(91.027778,-72.694444,0.));
#4102 = DIRECTION('',(-0.967074727144,0.254492577729,0.));
#4103 = DIRECTION('',(0.254492577729,0.967074727144,0.));
#4104 = ADVANCED_FACE('',(#4105),#4116,.T.);
#4105 = FACE_BOUND('',#4106,.T.);
#4106 = EDGE_LOOP('',(#4107,#4108,#4109,#4115));
#4107 = ORIENTED_EDGE('',*,*,#4076,.T.);
#4108 = ORIENTED_EDGE('',*,*,#3084,.T.);
#4109 = ORIENTED_EDGE('',*,*,#4110,.F.);
#4110 = EDGE_CURVE('',#1272,#3077,#4111,.T.);
#4111 = LINE('',#4112,#4113);
#4112 = CARTESIAN_POINT('',(109.032812,-86.029688,0.));
#4113 = VECTOR('',#4114,1.);
#4114 = DIRECTION('',(0.,0.,1.));
#4115 = ORIENTED_EDGE('',*,*,#1279,.F.);
#4116 = PLANE('',#4117);
#4117 = AXIS2_PLACEMENT_3D('',#4118,#4119,#4120);
#4118 = CARTESIAN_POINT('',(109.,-85.275,0.));
#4119 = DIRECTION('',(0.999056188328,4.343653490106E-02,-0.));
#4120 = DIRECTION('',(4.343653490106E-02,-0.999056188328,0.));
#4121 = ADVANCED_FACE('',(#4122),#4133,.T.);
#4122 = FACE_BOUND('',#4123,.T.);
#4123 = EDGE_LOOP('',(#4124,#4130,#4131,#4132));
#4124 = ORIENTED_EDGE('',*,*,#4125,.T.);
#4125 = EDGE_CURVE('',#232,#2037,#4126,.T.);
#4126 = LINE('',#4127,#4128);
#4127 = CARTESIAN_POINT('',(91.006944,-72.840278,0.));
#4128 = VECTOR('',#4129,1.);
#4129 = DIRECTION('',(0.,0.,1.));
#4130 = ORIENTED_EDGE('',*,*,#2036,.T.);
#4131 = ORIENTED_EDGE('',*,*,#4091,.F.);
#4132 = ORIENTED_EDGE('',*,*,#231,.F.);
#4133 = PLANE('',#4134);
#4134 = AXIS2_PLACEMENT_3D('',#4135,#4136,#4137);
#4135 = CARTESIAN_POINT('',(91.006944,-72.840278,0.));
#4136 = DIRECTION('',(-0.989948950599,0.141425157623,0.));
#4137 = DIRECTION('',(0.141425157623,0.989948950599,0.));
#4138 = ADVANCED_FACE('',(#4139),#4150,.T.);
#4139 = FACE_BOUND('',#4140,.T.);
#4140 = EDGE_LOOP('',(#4141,#4142,#4143,#4149));
#4141 = ORIENTED_EDGE('',*,*,#4110,.T.);
#4142 = ORIENTED_EDGE('',*,*,#3076,.T.);
#4143 = ORIENTED_EDGE('',*,*,#4144,.F.);
#4144 = EDGE_CURVE('',#1264,#3069,#4145,.T.);
#4145 = LINE('',#4146,#4147);
#4146 = CARTESIAN_POINT('',(109.13125,-86.71875,0.));
#4147 = VECTOR('',#4148,1.);
#4148 = DIRECTION('',(0.,0.,1.));
#4149 = ORIENTED_EDGE('',*,*,#1271,.F.);
#4150 = PLANE('',#4151);
#4151 = AXIS2_PLACEMENT_3D('',#4152,#4153,#4154);
#4152 = CARTESIAN_POINT('',(109.032812,-86.029688,0.));
#4153 = DIRECTION('',(0.989949378728,0.141422160768,-0.));
#4154 = DIRECTION('',(0.141422160768,-0.989949378728,0.));
#4155 = ADVANCED_FACE('',(#4156),#4167,.T.);
#4156 = FACE_BOUND('',#4157,.T.);
#4157 = EDGE_LOOP('',(#4158,#4164,#4165,#4166));
#4158 = ORIENTED_EDGE('',*,*,#4159,.T.);
#4159 = EDGE_CURVE('',#240,#2045,#4160,.T.);
#4160 = LINE('',#4161,#4162);
#4161 = CARTESIAN_POINT('',(91.,-73.,0.));
#4162 = VECTOR('',#4163,1.);
#4163 = DIRECTION('',(0.,0.,1.));
#4164 = ORIENTED_EDGE('',*,*,#2044,.T.);
#4165 = ORIENTED_EDGE('',*,*,#4125,.F.);
#4166 = ORIENTED_EDGE('',*,*,#239,.F.);
#4167 = PLANE('',#4168);
#4168 = AXIS2_PLACEMENT_3D('',#4169,#4170,#4171);
#4169 = CARTESIAN_POINT('',(91.,-73.,0.));
#4170 = DIRECTION('',(-0.99905627637,4.343450985534E-02,0.));
#4171 = DIRECTION('',(4.343450985534E-02,0.99905627637,0.));
#4172 = ADVANCED_FACE('',(#4173),#4184,.T.);
#4173 = FACE_BOUND('',#4174,.T.);
#4174 = EDGE_LOOP('',(#4175,#4176,#4177,#4183));
#4175 = ORIENTED_EDGE('',*,*,#4144,.T.);
#4176 = ORIENTED_EDGE('',*,*,#3068,.T.);
#4177 = ORIENTED_EDGE('',*,*,#4178,.F.);
#4178 = EDGE_CURVE('',#1256,#3061,#4179,.T.);
#4179 = LINE('',#4180,#4181);
#4180 = CARTESIAN_POINT('',(109.295312,-87.342188,0.));
#4181 = VECTOR('',#4182,1.);
#4182 = DIRECTION('',(0.,0.,1.));
#4183 = ORIENTED_EDGE('',*,*,#1263,.F.);
#4184 = PLANE('',#4185);
#4185 = AXIS2_PLACEMENT_3D('',#4186,#4187,#4188);
#4186 = CARTESIAN_POINT('',(109.13125,-86.71875,0.));
#4187 = DIRECTION('',(0.967074778381,0.254492383029,-0.));
#4188 = DIRECTION('',(0.254492383029,-0.967074778381,0.));
#4189 = ADVANCED_FACE('',(#4190),#4201,.T.);
#4190 = FACE_BOUND('',#4191,.T.);
#4191 = EDGE_LOOP('',(#4192,#4198,#4199,#4200));
#4192 = ORIENTED_EDGE('',*,*,#4193,.T.);
#4193 = EDGE_CURVE('',#248,#2053,#4194,.T.);
#4194 = LINE('',#4195,#4196);
#4195 = CARTESIAN_POINT('',(91.,-85.275,0.));
#4196 = VECTOR('',#4197,1.);
#4197 = DIRECTION('',(0.,0.,1.));
#4198 = ORIENTED_EDGE('',*,*,#2052,.T.);
#4199 = ORIENTED_EDGE('',*,*,#4159,.F.);
#4200 = ORIENTED_EDGE('',*,*,#247,.F.);
#4201 = PLANE('',#4202);
#4202 = AXIS2_PLACEMENT_3D('',#4203,#4204,#4205);
#4203 = CARTESIAN_POINT('',(91.,-85.275,0.));
#4204 = DIRECTION('',(-1.,0.,0.));
#4205 = DIRECTION('',(0.,1.,0.));
#4206 = ADVANCED_FACE('',(#4207),#4218,.T.);
#4207 = FACE_BOUND('',#4208,.T.);
#4208 = EDGE_LOOP('',(#4209,#4210,#4211,#4217));
#4209 = ORIENTED_EDGE('',*,*,#4178,.T.);
#4210 = ORIENTED_EDGE('',*,*,#3060,.T.);
#4211 = ORIENTED_EDGE('',*,*,#4212,.F.);
#4212 = EDGE_CURVE('',#1248,#3053,#4213,.T.);
#4213 = LINE('',#4214,#4215);
#4214 = CARTESIAN_POINT('',(109.525,-87.9,0.));
#4215 = VECTOR('',#4216,1.);
#4216 = DIRECTION('',(0.,0.,1.));
#4217 = ORIENTED_EDGE('',*,*,#1255,.F.);
#4218 = PLANE('',#4219);
#4219 = AXIS2_PLACEMENT_3D('',#4220,#4221,#4222);
#4220 = CARTESIAN_POINT('',(109.295312,-87.342188,0.));
#4221 = DIRECTION('',(0.924677686505,0.380750805752,-0.));
#4222 = DIRECTION('',(0.380750805752,-0.924677686505,0.));
#4223 = ADVANCED_FACE('',(#4224),#4235,.T.);
#4224 = FACE_BOUND('',#4225,.T.);
#4225 = EDGE_LOOP('',(#4226,#4232,#4233,#4234));
#4226 = ORIENTED_EDGE('',*,*,#4227,.T.);
#4227 = EDGE_CURVE('',#256,#2061,#4228,.T.);
#4228 = LINE('',#4229,#4230);
#4229 = CARTESIAN_POINT('',(90.967188,-86.029688,0.));
#4230 = VECTOR('',#4231,1.);
#4231 = DIRECTION('',(0.,0.,1.));
#4232 = ORIENTED_EDGE('',*,*,#2060,.T.);
#4233 = ORIENTED_EDGE('',*,*,#4193,.F.);
#4234 = ORIENTED_EDGE('',*,*,#255,.F.);
#4235 = PLANE('',#4236);
#4236 = AXIS2_PLACEMENT_3D('',#4237,#4238,#4239);
#4237 = CARTESIAN_POINT('',(90.967188,-86.029688,0.));
#4238 = DIRECTION('',(-0.999056188328,4.343653490106E-02,0.));
#4239 = DIRECTION('',(4.343653490106E-02,0.999056188328,0.));
#4240 = ADVANCED_FACE('',(#4241),#4252,.T.);
#4241 = FACE_BOUND('',#4242,.T.);
#4242 = EDGE_LOOP('',(#4243,#4244,#4245,#4251));
#4243 = ORIENTED_EDGE('',*,*,#4212,.T.);
#4244 = ORIENTED_EDGE('',*,*,#3052,.T.);
#4245 = ORIENTED_EDGE('',*,*,#4246,.F.);
#4246 = EDGE_CURVE('',#1240,#3045,#4247,.T.);
#4247 = LINE('',#4248,#4249);
#4248 = CARTESIAN_POINT('',(109.820312,-88.392188,0.));
#4249 = VECTOR('',#4250,1.);
#4250 = DIRECTION('',(0.,0.,1.));
#4251 = ORIENTED_EDGE('',*,*,#1247,.F.);
#4252 = PLANE('',#4253);
#4253 = AXIS2_PLACEMENT_3D('',#4254,#4255,#4256);
#4254 = CARTESIAN_POINT('',(109.525,-87.9,0.));
#4255 = DIRECTION('',(0.857493540609,0.514494730599,-0.));
#4256 = DIRECTION('',(0.514494730599,-0.857493540609,0.));
#4257 = ADVANCED_FACE('',(#4258),#4269,.T.);
#4258 = FACE_BOUND('',#4259,.T.);
#4259 = EDGE_LOOP('',(#4260,#4266,#4267,#4268));
#4260 = ORIENTED_EDGE('',*,*,#4261,.T.);
#4261 = EDGE_CURVE('',#264,#2069,#4262,.T.);
#4262 = LINE('',#4263,#4264);
#4263 = CARTESIAN_POINT('',(90.86875,-86.71875,0.));
#4264 = VECTOR('',#4265,1.);
#4265 = DIRECTION('',(0.,0.,1.));
#4266 = ORIENTED_EDGE('',*,*,#2068,.T.);
#4267 = ORIENTED_EDGE('',*,*,#4227,.F.);
#4268 = ORIENTED_EDGE('',*,*,#263,.F.);
#4269 = PLANE('',#4270);
#4270 = AXIS2_PLACEMENT_3D('',#4271,#4272,#4273);
#4271 = CARTESIAN_POINT('',(90.86875,-86.71875,0.));
#4272 = DIRECTION('',(-0.989949378728,0.141422160768,0.));
#4273 = DIRECTION('',(0.141422160768,0.989949378728,0.));
#4274 = ADVANCED_FACE('',(#4275),#4286,.T.);
#4275 = FACE_BOUND('',#4276,.T.);
#4276 = EDGE_LOOP('',(#4277,#4278,#4279,#4285));
#4277 = ORIENTED_EDGE('',*,*,#4246,.T.);
#4278 = ORIENTED_EDGE('',*,*,#3044,.T.);
#4279 = ORIENTED_EDGE('',*,*,#4280,.F.);
#4280 = EDGE_CURVE('',#1232,#3037,#4281,.T.);
#4281 = LINE('',#4282,#4283);
#4282 = CARTESIAN_POINT('',(110.18125,-88.81875,0.));
#4283 = VECTOR('',#4284,1.);
#4284 = DIRECTION('',(0.,0.,1.));
#4285 = ORIENTED_EDGE('',*,*,#1239,.F.);
#4286 = PLANE('',#4287);
#4287 = AXIS2_PLACEMENT_3D('',#4288,#4289,#4290);
#4288 = CARTESIAN_POINT('',(109.820312,-88.392188,0.));
#4289 = DIRECTION('',(0.763385470781,0.64594320416,-0.));
#4290 = DIRECTION('',(0.64594320416,-0.763385470781,0.));
#4291 = ADVANCED_FACE('',(#4292),#4303,.T.);
#4292 = FACE_BOUND('',#4293,.T.);
#4293 = EDGE_LOOP('',(#4294,#4300,#4301,#4302));
#4294 = ORIENTED_EDGE('',*,*,#4295,.T.);
#4295 = EDGE_CURVE('',#272,#2077,#4296,.T.);
#4296 = LINE('',#4297,#4298);
#4297 = CARTESIAN_POINT('',(90.704688,-87.342188,0.));
#4298 = VECTOR('',#4299,1.);
#4299 = DIRECTION('',(0.,0.,1.));
#4300 = ORIENTED_EDGE('',*,*,#2076,.T.);
#4301 = ORIENTED_EDGE('',*,*,#4261,.F.);
#4302 = ORIENTED_EDGE('',*,*,#271,.F.);
#4303 = PLANE('',#4304);
#4304 = AXIS2_PLACEMENT_3D('',#4305,#4306,#4307);
#4305 = CARTESIAN_POINT('',(90.704688,-87.342188,0.));
#4306 = DIRECTION('',(-0.967074778381,0.254492383029,0.));
#4307 = DIRECTION('',(0.254492383029,0.967074778381,0.));
#4308 = ADVANCED_FACE('',(#4309),#4320,.T.);
#4309 = FACE_BOUND('',#4310,.T.);
#4310 = EDGE_LOOP('',(#4311,#4312,#4313,#4319));
#4311 = ORIENTED_EDGE('',*,*,#4280,.T.);
#4312 = ORIENTED_EDGE('',*,*,#3036,.T.);
#4313 = ORIENTED_EDGE('',*,*,#4314,.F.);
#4314 = EDGE_CURVE('',#1224,#3029,#4315,.T.);
#4315 = LINE('',#4316,#4317);
#4316 = CARTESIAN_POINT('',(110.607812,-89.179688,0.));
#4317 = VECTOR('',#4318,1.);
#4318 = DIRECTION('',(0.,0.,1.));
#4319 = ORIENTED_EDGE('',*,*,#1231,.F.);
#4320 = PLANE('',#4321);
#4321 = AXIS2_PLACEMENT_3D('',#4322,#4323,#4324);
#4322 = CARTESIAN_POINT('',(110.18125,-88.81875,0.));
#4323 = DIRECTION('',(0.64594320416,0.763385470781,-0.));
#4324 = DIRECTION('',(0.763385470781,-0.64594320416,0.));
#4325 = ADVANCED_FACE('',(#4326),#4337,.T.);
#4326 = FACE_BOUND('',#4327,.T.);
#4327 = EDGE_LOOP('',(#4328,#4334,#4335,#4336));
#4328 = ORIENTED_EDGE('',*,*,#4329,.T.);
#4329 = EDGE_CURVE('',#280,#2085,#4330,.T.);
#4330 = LINE('',#4331,#4332);
#4331 = CARTESIAN_POINT('',(90.475,-87.9,0.));
#4332 = VECTOR('',#4333,1.);
#4333 = DIRECTION('',(0.,0.,1.));
#4334 = ORIENTED_EDGE('',*,*,#2084,.T.);
#4335 = ORIENTED_EDGE('',*,*,#4295,.F.);
#4336 = ORIENTED_EDGE('',*,*,#279,.F.);
#4337 = PLANE('',#4338);
#4338 = AXIS2_PLACEMENT_3D('',#4339,#4340,#4341);
#4339 = CARTESIAN_POINT('',(90.475,-87.9,0.));
#4340 = DIRECTION('',(-0.924677686505,0.380750805752,0.));
#4341 = DIRECTION('',(0.380750805752,0.924677686505,0.));
#4342 = ADVANCED_FACE('',(#4343),#4354,.T.);
#4343 = FACE_BOUND('',#4344,.T.);
#4344 = EDGE_LOOP('',(#4345,#4346,#4347,#4353));
#4345 = ORIENTED_EDGE('',*,*,#4314,.T.);
#4346 = ORIENTED_EDGE('',*,*,#3028,.T.);
#4347 = ORIENTED_EDGE('',*,*,#4348,.F.);
#4348 = EDGE_CURVE('',#1216,#3021,#4349,.T.);
#4349 = LINE('',#4350,#4351);
#4350 = CARTESIAN_POINT('',(111.1,-89.475,0.));
#4351 = VECTOR('',#4352,1.);
#4352 = DIRECTION('',(0.,0.,1.));
#4353 = ORIENTED_EDGE('',*,*,#1223,.F.);
#4354 = PLANE('',#4355);
#4355 = AXIS2_PLACEMENT_3D('',#4356,#4357,#4358);
#4356 = CARTESIAN_POINT('',(110.607812,-89.179688,0.));
#4357 = DIRECTION('',(0.514494730599,0.857493540609,-0.));
#4358 = DIRECTION('',(0.857493540609,-0.514494730599,0.));
#4359 = ADVANCED_FACE('',(#4360),#4371,.T.);
#4360 = FACE_BOUND('',#4361,.T.);
#4361 = EDGE_LOOP('',(#4362,#4368,#4369,#4370));
#4362 = ORIENTED_EDGE('',*,*,#4363,.T.);
#4363 = EDGE_CURVE('',#288,#2093,#4364,.T.);
#4364 = LINE('',#4365,#4366);
#4365 = CARTESIAN_POINT('',(90.179688,-88.392188,0.));
#4366 = VECTOR('',#4367,1.);
#4367 = DIRECTION('',(0.,0.,1.));
#4368 = ORIENTED_EDGE('',*,*,#2092,.T.);
#4369 = ORIENTED_EDGE('',*,*,#4329,.F.);
#4370 = ORIENTED_EDGE('',*,*,#287,.F.);
#4371 = PLANE('',#4372);
#4372 = AXIS2_PLACEMENT_3D('',#4373,#4374,#4375);
#4373 = CARTESIAN_POINT('',(90.179688,-88.392188,0.));
#4374 = DIRECTION('',(-0.857493540609,0.514494730599,0.));
#4375 = DIRECTION('',(0.514494730599,0.857493540609,0.));
#4376 = ADVANCED_FACE('',(#4377),#4388,.T.);
#4377 = FACE_BOUND('',#4378,.T.);
#4378 = EDGE_LOOP('',(#4379,#4380,#4381,#4387));
#4379 = ORIENTED_EDGE('',*,*,#4348,.T.);
#4380 = ORIENTED_EDGE('',*,*,#3020,.T.);
#4381 = ORIENTED_EDGE('',*,*,#4382,.F.);
#4382 = EDGE_CURVE('',#1208,#3013,#4383,.T.);
#4383 = LINE('',#4384,#4385);
#4384 = CARTESIAN_POINT('',(111.657812,-89.704688,0.));
#4385 = VECTOR('',#4386,1.);
#4386 = DIRECTION('',(0.,0.,1.));
#4387 = ORIENTED_EDGE('',*,*,#1215,.F.);
#4388 = PLANE('',#4389);
#4389 = AXIS2_PLACEMENT_3D('',#4390,#4391,#4392);
#4390 = CARTESIAN_POINT('',(111.1,-89.475,0.));
#4391 = DIRECTION('',(0.380750805752,0.924677686505,-0.));
#4392 = DIRECTION('',(0.924677686505,-0.380750805752,0.));
#4393 = ADVANCED_FACE('',(#4394),#4405,.T.);
#4394 = FACE_BOUND('',#4395,.T.);
#4395 = EDGE_LOOP('',(#4396,#4402,#4403,#4404));
#4396 = ORIENTED_EDGE('',*,*,#4397,.T.);
#4397 = EDGE_CURVE('',#296,#2101,#4398,.T.);
#4398 = LINE('',#4399,#4400);
#4399 = CARTESIAN_POINT('',(89.81875,-88.81875,0.));
#4400 = VECTOR('',#4401,1.);
#4401 = DIRECTION('',(0.,0.,1.));
#4402 = ORIENTED_EDGE('',*,*,#2100,.T.);
#4403 = ORIENTED_EDGE('',*,*,#4363,.F.);
#4404 = ORIENTED_EDGE('',*,*,#295,.F.);
#4405 = PLANE('',#4406);
#4406 = AXIS2_PLACEMENT_3D('',#4407,#4408,#4409);
#4407 = CARTESIAN_POINT('',(89.81875,-88.81875,0.));
#4408 = DIRECTION('',(-0.763385470781,0.64594320416,0.));
#4409 = DIRECTION('',(0.64594320416,0.763385470781,0.));
#4410 = ADVANCED_FACE('',(#4411),#4422,.T.);
#4411 = FACE_BOUND('',#4412,.T.);
#4412 = EDGE_LOOP('',(#4413,#4414,#4415,#4421));
#4413 = ORIENTED_EDGE('',*,*,#4382,.T.);
#4414 = ORIENTED_EDGE('',*,*,#3012,.T.);
#4415 = ORIENTED_EDGE('',*,*,#4416,.F.);
#4416 = EDGE_CURVE('',#1200,#3005,#4417,.T.);
#4417 = LINE('',#4418,#4419);
#4418 = CARTESIAN_POINT('',(112.28125,-89.86875,0.));
#4419 = VECTOR('',#4420,1.);
#4420 = DIRECTION('',(0.,0.,1.));
#4421 = ORIENTED_EDGE('',*,*,#1207,.F.);
#4422 = PLANE('',#4423);
#4423 = AXIS2_PLACEMENT_3D('',#4424,#4425,#4426);
#4424 = CARTESIAN_POINT('',(111.657812,-89.704688,0.));
#4425 = DIRECTION('',(0.254492383029,0.967074778381,-0.));
#4426 = DIRECTION('',(0.967074778381,-0.254492383029,0.));
#4427 = ADVANCED_FACE('',(#4428),#4439,.T.);
#4428 = FACE_BOUND('',#4429,.T.);
#4429 = EDGE_LOOP('',(#4430,#4436,#4437,#4438));
#4430 = ORIENTED_EDGE('',*,*,#4431,.T.);
#4431 = EDGE_CURVE('',#304,#2109,#4432,.T.);
#4432 = LINE('',#4433,#4434);
#4433 = CARTESIAN_POINT('',(89.392188,-89.179688,0.));
#4434 = VECTOR('',#4435,1.);
#4435 = DIRECTION('',(0.,0.,1.));
#4436 = ORIENTED_EDGE('',*,*,#2108,.T.);
#4437 = ORIENTED_EDGE('',*,*,#4397,.F.);
#4438 = ORIENTED_EDGE('',*,*,#303,.F.);
#4439 = PLANE('',#4440);
#4440 = AXIS2_PLACEMENT_3D('',#4441,#4442,#4443);
#4441 = CARTESIAN_POINT('',(89.392188,-89.179688,0.));
#4442 = DIRECTION('',(-0.64594320416,0.763385470781,0.));
#4443 = DIRECTION('',(0.763385470781,0.64594320416,0.));
#4444 = ADVANCED_FACE('',(#4445),#4456,.T.);
#4445 = FACE_BOUND('',#4446,.T.);
#4446 = EDGE_LOOP('',(#4447,#4448,#4449,#4455));
#4447 = ORIENTED_EDGE('',*,*,#4416,.T.);
#4448 = ORIENTED_EDGE('',*,*,#3004,.T.);
#4449 = ORIENTED_EDGE('',*,*,#4450,.F.);
#4450 = EDGE_CURVE('',#1192,#2997,#4451,.T.);
#4451 = LINE('',#4452,#4453);
#4452 = CARTESIAN_POINT('',(112.970312,-89.967188,0.));
#4453 = VECTOR('',#4454,1.);
#4454 = DIRECTION('',(0.,0.,1.));
#4455 = ORIENTED_EDGE('',*,*,#1199,.F.);
#4456 = PLANE('',#4457);
#4457 = AXIS2_PLACEMENT_3D('',#4458,#4459,#4460);
#4458 = CARTESIAN_POINT('',(112.28125,-89.86875,0.));
#4459 = DIRECTION('',(0.141422160768,0.989949378728,-0.));
#4460 = DIRECTION('',(0.989949378728,-0.141422160768,0.));
#4461 = ADVANCED_FACE('',(#4462),#4473,.T.);
#4462 = FACE_BOUND('',#4463,.T.);
#4463 = EDGE_LOOP('',(#4464,#4470,#4471,#4472));
#4464 = ORIENTED_EDGE('',*,*,#4465,.T.);
#4465 = EDGE_CURVE('',#312,#2117,#4466,.T.);
#4466 = LINE('',#4467,#4468);
#4467 = CARTESIAN_POINT('',(88.9,-89.475,0.));
#4468 = VECTOR('',#4469,1.);
#4469 = DIRECTION('',(0.,0.,1.));
#4470 = ORIENTED_EDGE('',*,*,#2116,.T.);
#4471 = ORIENTED_EDGE('',*,*,#4431,.F.);
#4472 = ORIENTED_EDGE('',*,*,#311,.F.);
#4473 = PLANE('',#4474);
#4474 = AXIS2_PLACEMENT_3D('',#4475,#4476,#4477);
#4475 = CARTESIAN_POINT('',(88.9,-89.475,0.));
#4476 = DIRECTION('',(-0.514494730599,0.857493540609,0.));
#4477 = DIRECTION('',(0.857493540609,0.514494730599,0.));
#4478 = ADVANCED_FACE('',(#4479),#4490,.T.);
#4479 = FACE_BOUND('',#4480,.T.);
#4480 = EDGE_LOOP('',(#4481,#4482,#4483,#4489));
#4481 = ORIENTED_EDGE('',*,*,#4450,.T.);
#4482 = ORIENTED_EDGE('',*,*,#2996,.T.);
#4483 = ORIENTED_EDGE('',*,*,#4484,.F.);
#4484 = EDGE_CURVE('',#1184,#2989,#4485,.T.);
#4485 = LINE('',#4486,#4487);
#4486 = CARTESIAN_POINT('',(113.725,-90.,0.));
#4487 = VECTOR('',#4488,1.);
#4488 = DIRECTION('',(0.,0.,1.));
#4489 = ORIENTED_EDGE('',*,*,#1191,.F.);
#4490 = PLANE('',#4491);
#4491 = AXIS2_PLACEMENT_3D('',#4492,#4493,#4494);
#4492 = CARTESIAN_POINT('',(112.970312,-89.967188,0.));
#4493 = DIRECTION('',(4.343653490106E-02,0.999056188328,-0.));
#4494 = DIRECTION('',(0.999056188328,-4.343653490106E-02,0.));
#4495 = ADVANCED_FACE('',(#4496),#4507,.T.);
#4496 = FACE_BOUND('',#4497,.T.);
#4497 = EDGE_LOOP('',(#4498,#4504,#4505,#4506));
#4498 = ORIENTED_EDGE('',*,*,#4499,.T.);
#4499 = EDGE_CURVE('',#320,#2125,#4500,.T.);
#4500 = LINE('',#4501,#4502);
#4501 = CARTESIAN_POINT('',(88.342188,-89.704688,0.));
#4502 = VECTOR('',#4503,1.);
#4503 = DIRECTION('',(0.,0.,1.));
#4504 = ORIENTED_EDGE('',*,*,#2124,.T.);
#4505 = ORIENTED_EDGE('',*,*,#4465,.F.);
#4506 = ORIENTED_EDGE('',*,*,#319,.F.);
#4507 = PLANE('',#4508);
#4508 = AXIS2_PLACEMENT_3D('',#4509,#4510,#4511);
#4509 = CARTESIAN_POINT('',(88.342188,-89.704688,0.));
#4510 = DIRECTION('',(-0.380750805752,0.924677686505,0.));
#4511 = DIRECTION('',(0.924677686505,0.380750805752,0.));
#4512 = ADVANCED_FACE('',(#4513),#4524,.T.);
#4513 = FACE_BOUND('',#4514,.T.);
#4514 = EDGE_LOOP('',(#4515,#4516,#4517,#4523));
#4515 = ORIENTED_EDGE('',*,*,#4484,.T.);
#4516 = ORIENTED_EDGE('',*,*,#2988,.T.);
#4517 = ORIENTED_EDGE('',*,*,#4518,.F.);
#4518 = EDGE_CURVE('',#1176,#2981,#4519,.T.);
#4519 = LINE('',#4520,#4521);
#4520 = CARTESIAN_POINT('',(119.5,-90.,0.));
#4521 = VECTOR('',#4522,1.);
#4522 = DIRECTION('',(0.,0.,1.));
#4523 = ORIENTED_EDGE('',*,*,#1183,.F.);
#4524 = PLANE('',#4525);
#4525 = AXIS2_PLACEMENT_3D('',#4526,#4527,#4528);
#4526 = CARTESIAN_POINT('',(113.725,-90.,0.));
#4527 = DIRECTION('',(0.,1.,0.));
#4528 = DIRECTION('',(1.,0.,0.));
#4529 = ADVANCED_FACE('',(#4530),#4541,.T.);
#4530 = FACE_BOUND('',#4531,.T.);
#4531 = EDGE_LOOP('',(#4532,#4538,#4539,#4540));
#4532 = ORIENTED_EDGE('',*,*,#4533,.T.);
#4533 = EDGE_CURVE('',#328,#2133,#4534,.T.);
#4534 = LINE('',#4535,#4536);
#4535 = CARTESIAN_POINT('',(87.71875,-89.86875,0.));
#4536 = VECTOR('',#4537,1.);
#4537 = DIRECTION('',(0.,0.,1.));
#4538 = ORIENTED_EDGE('',*,*,#2132,.T.);
#4539 = ORIENTED_EDGE('',*,*,#4499,.F.);
#4540 = ORIENTED_EDGE('',*,*,#327,.F.);
#4541 = PLANE('',#4542);
#4542 = AXIS2_PLACEMENT_3D('',#4543,#4544,#4545);
#4543 = CARTESIAN_POINT('',(87.71875,-89.86875,0.));
#4544 = DIRECTION('',(-0.254492383029,0.967074778381,0.));
#4545 = DIRECTION('',(0.967074778381,0.254492383029,0.));
#4546 = ADVANCED_FACE('',(#4547),#4558,.T.);
#4547 = FACE_BOUND('',#4548,.T.);
#4548 = EDGE_LOOP('',(#4549,#4550,#4551,#4557));
#4549 = ORIENTED_EDGE('',*,*,#4518,.T.);
#4550 = ORIENTED_EDGE('',*,*,#2980,.T.);
#4551 = ORIENTED_EDGE('',*,*,#4552,.F.);
#4552 = EDGE_CURVE('',#1168,#2973,#4553,.T.);
#4553 = LINE('',#4554,#4555);
#4554 = CARTESIAN_POINT('',(119.979167,-90.020833,0.));
#4555 = VECTOR('',#4556,1.);
#4556 = DIRECTION('',(0.,0.,1.));
#4557 = ORIENTED_EDGE('',*,*,#1175,.F.);
#4558 = PLANE('',#4559);
#4559 = AXIS2_PLACEMENT_3D('',#4560,#4561,#4562);
#4560 = CARTESIAN_POINT('',(119.5,-90.,0.));
#4561 = DIRECTION('',(4.343650043231E-02,0.999056189826,-0.));
#4562 = DIRECTION('',(0.999056189826,-4.343650043231E-02,0.));
#4563 = ADVANCED_FACE('',(#4564),#4575,.T.);
#4564 = FACE_BOUND('',#4565,.T.);
#4565 = EDGE_LOOP('',(#4566,#4572,#4573,#4574));
#4566 = ORIENTED_EDGE('',*,*,#4567,.T.);
#4567 = EDGE_CURVE('',#336,#2141,#4568,.T.);
#4568 = LINE('',#4569,#4570);
#4569 = CARTESIAN_POINT('',(87.029688,-89.967188,0.));
#4570 = VECTOR('',#4571,1.);
#4571 = DIRECTION('',(0.,0.,1.));
#4572 = ORIENTED_EDGE('',*,*,#2140,.T.);
#4573 = ORIENTED_EDGE('',*,*,#4533,.F.);
#4574 = ORIENTED_EDGE('',*,*,#335,.F.);
#4575 = PLANE('',#4576);
#4576 = AXIS2_PLACEMENT_3D('',#4577,#4578,#4579);
#4577 = CARTESIAN_POINT('',(87.029688,-89.967188,0.));
#4578 = DIRECTION('',(-0.141422160768,0.989949378728,0.));
#4579 = DIRECTION('',(0.989949378728,0.141422160768,0.));
#4580 = ADVANCED_FACE('',(#4581),#4592,.T.);
#4581 = FACE_BOUND('',#4582,.T.);
#4582 = EDGE_LOOP('',(#4583,#4584,#4585,#4591));
#4583 = ORIENTED_EDGE('',*,*,#4552,.T.);
#4584 = ORIENTED_EDGE('',*,*,#2972,.T.);
#4585 = ORIENTED_EDGE('',*,*,#4586,.F.);
#4586 = EDGE_CURVE('',#1160,#2965,#4587,.T.);
#4587 = LINE('',#4588,#4589);
#4588 = CARTESIAN_POINT('',(120.416667,-90.083333,0.));
#4589 = VECTOR('',#4590,1.);
#4590 = DIRECTION('',(0.,0.,1.));
#4591 = ORIENTED_EDGE('',*,*,#1167,.F.);
#4592 = PLANE('',#4593);
#4593 = AXIS2_PLACEMENT_3D('',#4594,#4595,#4596);
#4594 = CARTESIAN_POINT('',(119.979167,-90.020833,0.));
#4595 = DIRECTION('',(0.141421356237,0.989949493661,-0.));
#4596 = DIRECTION('',(0.989949493661,-0.141421356237,0.));
#4597 = ADVANCED_FACE('',(#4598),#4609,.T.);
#4598 = FACE_BOUND('',#4599,.T.);
#4599 = EDGE_LOOP('',(#4600,#4606,#4607,#4608));
#4600 = ORIENTED_EDGE('',*,*,#4601,.T.);
#4601 = EDGE_CURVE('',#344,#2149,#4602,.T.);
#4602 = LINE('',#4603,#4604);
#4603 = CARTESIAN_POINT('',(86.275,-90.,0.));
#4604 = VECTOR('',#4605,1.);
#4605 = DIRECTION('',(0.,0.,1.));
#4606 = ORIENTED_EDGE('',*,*,#2148,.T.);
#4607 = ORIENTED_EDGE('',*,*,#4567,.F.);
#4608 = ORIENTED_EDGE('',*,*,#343,.F.);
#4609 = PLANE('',#4610);
#4610 = AXIS2_PLACEMENT_3D('',#4611,#4612,#4613);
#4611 = CARTESIAN_POINT('',(86.275,-90.,0.));
#4612 = DIRECTION('',(-4.343653490106E-02,0.999056188328,0.));
#4613 = DIRECTION('',(0.999056188328,4.343653490106E-02,0.));
#4614 = ADVANCED_FACE('',(#4615),#4626,.T.);
#4615 = FACE_BOUND('',#4616,.T.);
#4616 = EDGE_LOOP('',(#4617,#4618,#4619,#4625));
#4617 = ORIENTED_EDGE('',*,*,#4586,.T.);
#4618 = ORIENTED_EDGE('',*,*,#2964,.T.);
#4619 = ORIENTED_EDGE('',*,*,#4620,.F.);
#4620 = EDGE_CURVE('',#1152,#2957,#4621,.T.);
#4621 = LINE('',#4622,#4623);
#4622 = CARTESIAN_POINT('',(120.8125,-90.1875,0.));
#4623 = VECTOR('',#4624,1.);
#4624 = DIRECTION('',(0.,0.,1.));
#4625 = ORIENTED_EDGE('',*,*,#1159,.F.);
#4626 = PLANE('',#4627);
#4627 = AXIS2_PLACEMENT_3D('',#4628,#4629,#4630);
#4628 = CARTESIAN_POINT('',(120.416667,-90.083333,0.));
#4629 = DIRECTION('',(0.254494261344,0.967074284087,-0.));
#4630 = DIRECTION('',(0.967074284087,-0.254494261344,0.));
#4631 = ADVANCED_FACE('',(#4632),#4643,.T.);
#4632 = FACE_BOUND('',#4633,.T.);
#4633 = EDGE_LOOP('',(#4634,#4640,#4641,#4642));
#4634 = ORIENTED_EDGE('',*,*,#4635,.T.);
#4635 = EDGE_CURVE('',#352,#2157,#4636,.T.);
#4636 = LINE('',#4637,#4638);
#4637 = CARTESIAN_POINT('',(80.5,-90.,0.));
#4638 = VECTOR('',#4639,1.);
#4639 = DIRECTION('',(0.,0.,1.));
#4640 = ORIENTED_EDGE('',*,*,#2156,.T.);
#4641 = ORIENTED_EDGE('',*,*,#4601,.F.);
#4642 = ORIENTED_EDGE('',*,*,#351,.F.);
#4643 = PLANE('',#4644);
#4644 = AXIS2_PLACEMENT_3D('',#4645,#4646,#4647);
#4645 = CARTESIAN_POINT('',(80.5,-90.,0.));
#4646 = DIRECTION('',(0.,1.,0.));
#4647 = DIRECTION('',(1.,0.,0.));
#4648 = ADVANCED_FACE('',(#4649),#4660,.T.);
#4649 = FACE_BOUND('',#4650,.T.);
#4650 = EDGE_LOOP('',(#4651,#4652,#4653,#4659));
#4651 = ORIENTED_EDGE('',*,*,#4620,.T.);
#4652 = ORIENTED_EDGE('',*,*,#2956,.T.);
#4653 = ORIENTED_EDGE('',*,*,#4654,.F.);
#4654 = EDGE_CURVE('',#1144,#2949,#4655,.T.);
#4655 = LINE('',#4656,#4657);
#4656 = CARTESIAN_POINT('',(121.166667,-90.333333,0.));
#4657 = VECTOR('',#4658,1.);
#4658 = DIRECTION('',(0.,0.,1.));
#4659 = ORIENTED_EDGE('',*,*,#1151,.F.);
#4660 = PLANE('',#4661);
#4661 = AXIS2_PLACEMENT_3D('',#4662,#4663,#4664);
#4662 = CARTESIAN_POINT('',(120.8125,-90.1875,0.));
#4663 = DIRECTION('',(0.380748754733,0.924678531042,-0.));
#4664 = DIRECTION('',(0.924678531042,-0.380748754733,0.));
#4665 = ADVANCED_FACE('',(#4666),#4677,.T.);
#4666 = FACE_BOUND('',#4667,.T.);
#4667 = EDGE_LOOP('',(#4668,#4674,#4675,#4676));
#4668 = ORIENTED_EDGE('',*,*,#4669,.T.);
#4669 = EDGE_CURVE('',#360,#2165,#4670,.T.);
#4670 = LINE('',#4671,#4672);
#4671 = CARTESIAN_POINT('',(80.020833,-90.020833,0.));
#4672 = VECTOR('',#4673,1.);
#4673 = DIRECTION('',(0.,0.,1.));
#4674 = ORIENTED_EDGE('',*,*,#2164,.T.);
#4675 = ORIENTED_EDGE('',*,*,#4635,.F.);
#4676 = ORIENTED_EDGE('',*,*,#359,.F.);
#4677 = PLANE('',#4678);
#4678 = AXIS2_PLACEMENT_3D('',#4679,#4680,#4681);
#4679 = CARTESIAN_POINT('',(80.020833,-90.020833,0.));
#4680 = DIRECTION('',(-4.343650043231E-02,0.999056189826,0.));
#4681 = DIRECTION('',(0.999056189826,4.343650043231E-02,0.));
#4682 = ADVANCED_FACE('',(#4683),#4694,.T.);
#4683 = FACE_BOUND('',#4684,.T.);
#4684 = EDGE_LOOP('',(#4685,#4686,#4687,#4693));
#4685 = ORIENTED_EDGE('',*,*,#4654,.T.);
#4686 = ORIENTED_EDGE('',*,*,#2948,.T.);
#4687 = ORIENTED_EDGE('',*,*,#4688,.F.);
#4688 = EDGE_CURVE('',#1136,#2941,#4689,.T.);
#4689 = LINE('',#4690,#4691);
#4690 = CARTESIAN_POINT('',(121.479167,-90.520833,0.));
#4691 = VECTOR('',#4692,1.);
#4692 = DIRECTION('',(0.,0.,1.));
#4693 = ORIENTED_EDGE('',*,*,#1143,.F.);
#4694 = PLANE('',#4695);
#4695 = AXIS2_PLACEMENT_3D('',#4696,#4697,#4698);
#4696 = CARTESIAN_POINT('',(121.166667,-90.333333,0.));
#4697 = DIRECTION('',(0.514495755428,0.857492925713,-0.));
#4698 = DIRECTION('',(0.857492925713,-0.514495755428,0.));
#4699 = ADVANCED_FACE('',(#4700),#4711,.T.);
#4700 = FACE_BOUND('',#4701,.T.);
#4701 = EDGE_LOOP('',(#4702,#4708,#4709,#4710));
#4702 = ORIENTED_EDGE('',*,*,#4703,.T.);
#4703 = EDGE_CURVE('',#368,#2173,#4704,.T.);
#4704 = LINE('',#4705,#4706);
#4705 = CARTESIAN_POINT('',(79.583333,-90.083333,0.));
#4706 = VECTOR('',#4707,1.);
#4707 = DIRECTION('',(0.,0.,1.));
#4708 = ORIENTED_EDGE('',*,*,#2172,.T.);
#4709 = ORIENTED_EDGE('',*,*,#4669,.F.);
#4710 = ORIENTED_EDGE('',*,*,#367,.F.);
#4711 = PLANE('',#4712);
#4712 = AXIS2_PLACEMENT_3D('',#4713,#4714,#4715);
#4713 = CARTESIAN_POINT('',(79.583333,-90.083333,0.));
#4714 = DIRECTION('',(-0.141421356237,0.989949493661,0.));
#4715 = DIRECTION('',(0.989949493661,0.141421356237,0.));
#4716 = ADVANCED_FACE('',(#4717),#4728,.T.);
#4717 = FACE_BOUND('',#4718,.T.);
#4718 = EDGE_LOOP('',(#4719,#4720,#4721,#4727));
#4719 = ORIENTED_EDGE('',*,*,#4688,.T.);
#4720 = ORIENTED_EDGE('',*,*,#2940,.T.);
#4721 = ORIENTED_EDGE('',*,*,#4722,.F.);
#4722 = EDGE_CURVE('',#1128,#2933,#4723,.T.);
#4723 = LINE('',#4724,#4725);
#4724 = CARTESIAN_POINT('',(121.75,-90.75,0.));
#4725 = VECTOR('',#4726,1.);
#4726 = DIRECTION('',(0.,0.,1.));
#4727 = ORIENTED_EDGE('',*,*,#1135,.F.);
#4728 = PLANE('',#4729);
#4729 = AXIS2_PLACEMENT_3D('',#4730,#4731,#4732);
#4730 = CARTESIAN_POINT('',(121.479167,-90.520833,0.));
#4731 = DIRECTION('',(0.645943252294,0.763385430052,-0.));
#4732 = DIRECTION('',(0.763385430052,-0.645943252294,0.));
#4733 = ADVANCED_FACE('',(#4734),#4745,.T.);
#4734 = FACE_BOUND('',#4735,.T.);
#4735 = EDGE_LOOP('',(#4736,#4742,#4743,#4744));
#4736 = ORIENTED_EDGE('',*,*,#4737,.T.);
#4737 = EDGE_CURVE('',#376,#2181,#4738,.T.);
#4738 = LINE('',#4739,#4740);
#4739 = CARTESIAN_POINT('',(79.1875,-90.1875,0.));
#4740 = VECTOR('',#4741,1.);
#4741 = DIRECTION('',(0.,0.,1.));
#4742 = ORIENTED_EDGE('',*,*,#2180,.T.);
#4743 = ORIENTED_EDGE('',*,*,#4703,.F.);
#4744 = ORIENTED_EDGE('',*,*,#375,.F.);
#4745 = PLANE('',#4746);
#4746 = AXIS2_PLACEMENT_3D('',#4747,#4748,#4749);
#4747 = CARTESIAN_POINT('',(79.1875,-90.1875,0.));
#4748 = DIRECTION('',(-0.254494261344,0.967074284087,0.));
#4749 = DIRECTION('',(0.967074284087,0.254494261344,0.));
#4750 = ADVANCED_FACE('',(#4751),#4762,.T.);
#4751 = FACE_BOUND('',#4752,.T.);
#4752 = EDGE_LOOP('',(#4753,#4754,#4755,#4761));
#4753 = ORIENTED_EDGE('',*,*,#4722,.T.);
#4754 = ORIENTED_EDGE('',*,*,#2932,.T.);
#4755 = ORIENTED_EDGE('',*,*,#4756,.F.);
#4756 = EDGE_CURVE('',#1120,#2925,#4757,.T.);
#4757 = LINE('',#4758,#4759);
#4758 = CARTESIAN_POINT('',(121.979167,-91.020833,0.));
#4759 = VECTOR('',#4760,1.);
#4760 = DIRECTION('',(0.,0.,1.));
#4761 = ORIENTED_EDGE('',*,*,#1127,.F.);
#4762 = PLANE('',#4763);
#4763 = AXIS2_PLACEMENT_3D('',#4764,#4765,#4766);
#4764 = CARTESIAN_POINT('',(121.75,-90.75,0.));
#4765 = DIRECTION('',(0.763385430052,0.645943252294,-0.));
#4766 = DIRECTION('',(0.645943252294,-0.763385430052,0.));
#4767 = ADVANCED_FACE('',(#4768),#4779,.T.);
#4768 = FACE_BOUND('',#4769,.T.);
#4769 = EDGE_LOOP('',(#4770,#4776,#4777,#4778));
#4770 = ORIENTED_EDGE('',*,*,#4771,.T.);
#4771 = EDGE_CURVE('',#384,#2189,#4772,.T.);
#4772 = LINE('',#4773,#4774);
#4773 = CARTESIAN_POINT('',(78.833333,-90.333333,0.));
#4774 = VECTOR('',#4775,1.);
#4775 = DIRECTION('',(0.,0.,1.));
#4776 = ORIENTED_EDGE('',*,*,#2188,.T.);
#4777 = ORIENTED_EDGE('',*,*,#4737,.F.);
#4778 = ORIENTED_EDGE('',*,*,#383,.F.);
#4779 = PLANE('',#4780);
#4780 = AXIS2_PLACEMENT_3D('',#4781,#4782,#4783);
#4781 = CARTESIAN_POINT('',(78.833333,-90.333333,0.));
#4782 = DIRECTION('',(-0.380748754733,0.924678531042,0.));
#4783 = DIRECTION('',(0.924678531042,0.380748754733,0.));
#4784 = ADVANCED_FACE('',(#4785),#4796,.T.);
#4785 = FACE_BOUND('',#4786,.T.);
#4786 = EDGE_LOOP('',(#4787,#4788,#4789,#4795));
#4787 = ORIENTED_EDGE('',*,*,#4756,.T.);
#4788 = ORIENTED_EDGE('',*,*,#2924,.T.);
#4789 = ORIENTED_EDGE('',*,*,#4790,.F.);
#4790 = EDGE_CURVE('',#1112,#2917,#4791,.T.);
#4791 = LINE('',#4792,#4793);
#4792 = CARTESIAN_POINT('',(122.166667,-91.333333,0.));
#4793 = VECTOR('',#4794,1.);
#4794 = DIRECTION('',(0.,0.,1.));
#4795 = ORIENTED_EDGE('',*,*,#1119,.F.);
#4796 = PLANE('',#4797);
#4797 = AXIS2_PLACEMENT_3D('',#4798,#4799,#4800);
#4798 = CARTESIAN_POINT('',(121.979167,-91.020833,0.));
#4799 = DIRECTION('',(0.857492925713,0.514495755428,-0.));
#4800 = DIRECTION('',(0.514495755428,-0.857492925713,0.));
#4801 = ADVANCED_FACE('',(#4802),#4813,.T.);
#4802 = FACE_BOUND('',#4803,.T.);
#4803 = EDGE_LOOP('',(#4804,#4810,#4811,#4812));
#4804 = ORIENTED_EDGE('',*,*,#4805,.T.);
#4805 = EDGE_CURVE('',#392,#2197,#4806,.T.);
#4806 = LINE('',#4807,#4808);
#4807 = CARTESIAN_POINT('',(78.520833,-90.520833,0.));
#4808 = VECTOR('',#4809,1.);
#4809 = DIRECTION('',(0.,0.,1.));
#4810 = ORIENTED_EDGE('',*,*,#2196,.T.);
#4811 = ORIENTED_EDGE('',*,*,#4771,.F.);
#4812 = ORIENTED_EDGE('',*,*,#391,.F.);
#4813 = PLANE('',#4814);
#4814 = AXIS2_PLACEMENT_3D('',#4815,#4816,#4817);
#4815 = CARTESIAN_POINT('',(78.520833,-90.520833,0.));
#4816 = DIRECTION('',(-0.514495755428,0.857492925713,0.));
#4817 = DIRECTION('',(0.857492925713,0.514495755428,0.));
#4818 = ADVANCED_FACE('',(#4819),#4830,.T.);
#4819 = FACE_BOUND('',#4820,.T.);
#4820 = EDGE_LOOP('',(#4821,#4822,#4823,#4829));
#4821 = ORIENTED_EDGE('',*,*,#4790,.T.);
#4822 = ORIENTED_EDGE('',*,*,#2916,.T.);
#4823 = ORIENTED_EDGE('',*,*,#4824,.F.);
#4824 = EDGE_CURVE('',#1104,#2909,#4825,.T.);
#4825 = LINE('',#4826,#4827);
#4826 = CARTESIAN_POINT('',(122.3125,-91.6875,0.));
#4827 = VECTOR('',#4828,1.);
#4828 = DIRECTION('',(0.,0.,1.));
#4829 = ORIENTED_EDGE('',*,*,#1111,.F.);
#4830 = PLANE('',#4831);
#4831 = AXIS2_PLACEMENT_3D('',#4832,#4833,#4834);
#4832 = CARTESIAN_POINT('',(122.166667,-91.333333,0.));
#4833 = DIRECTION('',(0.924678531042,0.380748754733,-0.));
#4834 = DIRECTION('',(0.380748754733,-0.924678531042,0.));
#4835 = ADVANCED_FACE('',(#4836),#4847,.T.);
#4836 = FACE_BOUND('',#4837,.T.);
#4837 = EDGE_LOOP('',(#4838,#4844,#4845,#4846));
#4838 = ORIENTED_EDGE('',*,*,#4839,.T.);
#4839 = EDGE_CURVE('',#400,#2205,#4840,.T.);
#4840 = LINE('',#4841,#4842);
#4841 = CARTESIAN_POINT('',(78.25,-90.75,0.));
#4842 = VECTOR('',#4843,1.);
#4843 = DIRECTION('',(0.,0.,1.));
#4844 = ORIENTED_EDGE('',*,*,#2204,.T.);
#4845 = ORIENTED_EDGE('',*,*,#4805,.F.);
#4846 = ORIENTED_EDGE('',*,*,#399,.F.);
#4847 = PLANE('',#4848);
#4848 = AXIS2_PLACEMENT_3D('',#4849,#4850,#4851);
#4849 = CARTESIAN_POINT('',(78.25,-90.75,0.));
#4850 = DIRECTION('',(-0.645943252294,0.763385430052,0.));
#4851 = DIRECTION('',(0.763385430052,0.645943252294,0.));
#4852 = ADVANCED_FACE('',(#4853),#4864,.T.);
#4853 = FACE_BOUND('',#4854,.T.);
#4854 = EDGE_LOOP('',(#4855,#4856,#4857,#4863));
#4855 = ORIENTED_EDGE('',*,*,#4824,.T.);
#4856 = ORIENTED_EDGE('',*,*,#2908,.T.);
#4857 = ORIENTED_EDGE('',*,*,#4858,.F.);
#4858 = EDGE_CURVE('',#1096,#2901,#4859,.T.);
#4859 = LINE('',#4860,#4861);
#4860 = CARTESIAN_POINT('',(122.416667,-92.083333,0.));
#4861 = VECTOR('',#4862,1.);
#4862 = DIRECTION('',(0.,0.,1.));
#4863 = ORIENTED_EDGE('',*,*,#1103,.F.);
#4864 = PLANE('',#4865);
#4865 = AXIS2_PLACEMENT_3D('',#4866,#4867,#4868);
#4866 = CARTESIAN_POINT('',(122.3125,-91.6875,0.));
#4867 = DIRECTION('',(0.967074284087,0.254494261344,-0.));
#4868 = DIRECTION('',(0.254494261344,-0.967074284087,0.));
#4869 = ADVANCED_FACE('',(#4870),#4881,.T.);
#4870 = FACE_BOUND('',#4871,.T.);
#4871 = EDGE_LOOP('',(#4872,#4878,#4879,#4880));
#4872 = ORIENTED_EDGE('',*,*,#4873,.T.);
#4873 = EDGE_CURVE('',#408,#2213,#4874,.T.);
#4874 = LINE('',#4875,#4876);
#4875 = CARTESIAN_POINT('',(78.020833,-91.020833,0.));
#4876 = VECTOR('',#4877,1.);
#4877 = DIRECTION('',(0.,0.,1.));
#4878 = ORIENTED_EDGE('',*,*,#2212,.T.);
#4879 = ORIENTED_EDGE('',*,*,#4839,.F.);
#4880 = ORIENTED_EDGE('',*,*,#407,.F.);
#4881 = PLANE('',#4882);
#4882 = AXIS2_PLACEMENT_3D('',#4883,#4884,#4885);
#4883 = CARTESIAN_POINT('',(78.020833,-91.020833,0.));
#4884 = DIRECTION('',(-0.763385430052,0.645943252294,0.));
#4885 = DIRECTION('',(0.645943252294,0.763385430052,0.));
#4886 = ADVANCED_FACE('',(#4887),#4898,.T.);
#4887 = FACE_BOUND('',#4888,.T.);
#4888 = EDGE_LOOP('',(#4889,#4890,#4891,#4897));
#4889 = ORIENTED_EDGE('',*,*,#4858,.T.);
#4890 = ORIENTED_EDGE('',*,*,#2900,.T.);
#4891 = ORIENTED_EDGE('',*,*,#4892,.F.);
#4892 = EDGE_CURVE('',#1088,#2893,#4893,.T.);
#4893 = LINE('',#4894,#4895);
#4894 = CARTESIAN_POINT('',(122.479167,-92.520833,0.));
#4895 = VECTOR('',#4896,1.);
#4896 = DIRECTION('',(0.,0.,1.));
#4897 = ORIENTED_EDGE('',*,*,#1095,.F.);
#4898 = PLANE('',#4899);
#4899 = AXIS2_PLACEMENT_3D('',#4900,#4901,#4902);
#4900 = CARTESIAN_POINT('',(122.416667,-92.083333,0.));
#4901 = DIRECTION('',(0.989949493661,0.141421356237,-0.));
#4902 = DIRECTION('',(0.141421356237,-0.989949493661,0.));
#4903 = ADVANCED_FACE('',(#4904),#4915,.T.);
#4904 = FACE_BOUND('',#4905,.T.);
#4905 = EDGE_LOOP('',(#4906,#4912,#4913,#4914));
#4906 = ORIENTED_EDGE('',*,*,#4907,.T.);
#4907 = EDGE_CURVE('',#416,#2221,#4908,.T.);
#4908 = LINE('',#4909,#4910);
#4909 = CARTESIAN_POINT('',(77.833333,-91.333333,0.));
#4910 = VECTOR('',#4911,1.);
#4911 = DIRECTION('',(0.,0.,1.));
#4912 = ORIENTED_EDGE('',*,*,#2220,.T.);
#4913 = ORIENTED_EDGE('',*,*,#4873,.F.);
#4914 = ORIENTED_EDGE('',*,*,#415,.F.);
#4915 = PLANE('',#4916);
#4916 = AXIS2_PLACEMENT_3D('',#4917,#4918,#4919);
#4917 = CARTESIAN_POINT('',(77.833333,-91.333333,0.));
#4918 = DIRECTION('',(-0.857492925713,0.514495755428,0.));
#4919 = DIRECTION('',(0.514495755428,0.857492925713,0.));
#4920 = ADVANCED_FACE('',(#4921),#4932,.T.);
#4921 = FACE_BOUND('',#4922,.T.);
#4922 = EDGE_LOOP('',(#4923,#4924,#4925,#4931));
#4923 = ORIENTED_EDGE('',*,*,#4892,.T.);
#4924 = ORIENTED_EDGE('',*,*,#2892,.T.);
#4925 = ORIENTED_EDGE('',*,*,#4926,.F.);
#4926 = EDGE_CURVE('',#1080,#2885,#4927,.T.);
#4927 = LINE('',#4928,#4929);
#4928 = CARTESIAN_POINT('',(122.5,-93.,0.));
#4929 = VECTOR('',#4930,1.);
#4930 = DIRECTION('',(0.,0.,1.));
#4931 = ORIENTED_EDGE('',*,*,#1087,.F.);
#4932 = PLANE('',#4933);
#4933 = AXIS2_PLACEMENT_3D('',#4934,#4935,#4936);
#4934 = CARTESIAN_POINT('',(122.479167,-92.520833,0.));
#4935 = DIRECTION('',(0.999056189826,4.343650043231E-02,-0.));
#4936 = DIRECTION('',(4.343650043231E-02,-0.999056189826,0.));
#4937 = ADVANCED_FACE('',(#4938),#4949,.T.);
#4938 = FACE_BOUND('',#4939,.T.);
#4939 = EDGE_LOOP('',(#4940,#4946,#4947,#4948));
#4940 = ORIENTED_EDGE('',*,*,#4941,.T.);
#4941 = EDGE_CURVE('',#424,#2229,#4942,.T.);
#4942 = LINE('',#4943,#4944);
#4943 = CARTESIAN_POINT('',(77.6875,-91.6875,0.));
#4944 = VECTOR('',#4945,1.);
#4945 = DIRECTION('',(0.,0.,1.));
#4946 = ORIENTED_EDGE('',*,*,#2228,.T.);
#4947 = ORIENTED_EDGE('',*,*,#4907,.F.);
#4948 = ORIENTED_EDGE('',*,*,#423,.F.);
#4949 = PLANE('',#4950);
#4950 = AXIS2_PLACEMENT_3D('',#4951,#4952,#4953);
#4951 = CARTESIAN_POINT('',(77.6875,-91.6875,0.));
#4952 = DIRECTION('',(-0.924678531042,0.380748754733,0.));
#4953 = DIRECTION('',(0.380748754733,0.924678531042,0.));
#4954 = ADVANCED_FACE('',(#4955),#4966,.T.);
#4955 = FACE_BOUND('',#4956,.T.);
#4956 = EDGE_LOOP('',(#4957,#4958,#4959,#4965));
#4957 = ORIENTED_EDGE('',*,*,#4926,.T.);
#4958 = ORIENTED_EDGE('',*,*,#2884,.T.);
#4959 = ORIENTED_EDGE('',*,*,#4960,.F.);
#4960 = EDGE_CURVE('',#1072,#2877,#4961,.T.);
#4961 = LINE('',#4962,#4963);
#4962 = CARTESIAN_POINT('',(122.5,-147.,0.));
#4963 = VECTOR('',#4964,1.);
#4964 = DIRECTION('',(0.,0.,1.));
#4965 = ORIENTED_EDGE('',*,*,#1079,.F.);
#4966 = PLANE('',#4967);
#4967 = AXIS2_PLACEMENT_3D('',#4968,#4969,#4970);
#4968 = CARTESIAN_POINT('',(122.5,-93.,0.));
#4969 = DIRECTION('',(1.,0.,-0.));
#4970 = DIRECTION('',(0.,-1.,0.));
#4971 = ADVANCED_FACE('',(#4972),#4983,.T.);
#4972 = FACE_BOUND('',#4973,.T.);
#4973 = EDGE_LOOP('',(#4974,#4980,#4981,#4982));
#4974 = ORIENTED_EDGE('',*,*,#4975,.T.);
#4975 = EDGE_CURVE('',#432,#2237,#4976,.T.);
#4976 = LINE('',#4977,#4978);
#4977 = CARTESIAN_POINT('',(77.583333,-92.083333,0.));
#4978 = VECTOR('',#4979,1.);
#4979 = DIRECTION('',(0.,0.,1.));
#4980 = ORIENTED_EDGE('',*,*,#2236,.T.);
#4981 = ORIENTED_EDGE('',*,*,#4941,.F.);
#4982 = ORIENTED_EDGE('',*,*,#431,.F.);
#4983 = PLANE('',#4984);
#4984 = AXIS2_PLACEMENT_3D('',#4985,#4986,#4987);
#4985 = CARTESIAN_POINT('',(77.583333,-92.083333,0.));
#4986 = DIRECTION('',(-0.967074284087,0.254494261344,0.));
#4987 = DIRECTION('',(0.254494261344,0.967074284087,0.));
#4988 = ADVANCED_FACE('',(#4989),#5000,.T.);
#4989 = FACE_BOUND('',#4990,.T.);
#4990 = EDGE_LOOP('',(#4991,#4992,#4993,#4999));
#4991 = ORIENTED_EDGE('',*,*,#4960,.T.);
#4992 = ORIENTED_EDGE('',*,*,#2876,.T.);
#4993 = ORIENTED_EDGE('',*,*,#4994,.F.);
#4994 = EDGE_CURVE('',#1064,#2869,#4995,.T.);
#4995 = LINE('',#4996,#4997);
#4996 = CARTESIAN_POINT('',(122.479167,-147.479167,0.));
#4997 = VECTOR('',#4998,1.);
#4998 = DIRECTION('',(0.,0.,1.));
#4999 = ORIENTED_EDGE('',*,*,#1071,.F.);
#5000 = PLANE('',#5001);
#5001 = AXIS2_PLACEMENT_3D('',#5002,#5003,#5004);
#5002 = CARTESIAN_POINT('',(122.5,-147.,0.));
#5003 = DIRECTION('',(0.999056189826,-4.343650043231E-02,0.));
#5004 = DIRECTION('',(-4.343650043231E-02,-0.999056189826,0.));
#5005 = ADVANCED_FACE('',(#5006),#5017,.T.);
#5006 = FACE_BOUND('',#5007,.T.);
#5007 = EDGE_LOOP('',(#5008,#5014,#5015,#5016));
#5008 = ORIENTED_EDGE('',*,*,#5009,.T.);
#5009 = EDGE_CURVE('',#440,#2245,#5010,.T.);
#5010 = LINE('',#5011,#5012);
#5011 = CARTESIAN_POINT('',(77.520833,-92.520833,0.));
#5012 = VECTOR('',#5013,1.);
#5013 = DIRECTION('',(0.,0.,1.));
#5014 = ORIENTED_EDGE('',*,*,#2244,.T.);
#5015 = ORIENTED_EDGE('',*,*,#4975,.F.);
#5016 = ORIENTED_EDGE('',*,*,#439,.F.);
#5017 = PLANE('',#5018);
#5018 = AXIS2_PLACEMENT_3D('',#5019,#5020,#5021);
#5019 = CARTESIAN_POINT('',(77.520833,-92.520833,0.));
#5020 = DIRECTION('',(-0.989949493661,0.141421356237,0.));
#5021 = DIRECTION('',(0.141421356237,0.989949493661,0.));
#5022 = ADVANCED_FACE('',(#5023),#5034,.T.);
#5023 = FACE_BOUND('',#5024,.T.);
#5024 = EDGE_LOOP('',(#5025,#5026,#5027,#5033));
#5025 = ORIENTED_EDGE('',*,*,#4994,.T.);
#5026 = ORIENTED_EDGE('',*,*,#2868,.T.);
#5027 = ORIENTED_EDGE('',*,*,#5028,.F.);
#5028 = EDGE_CURVE('',#1056,#2861,#5029,.T.);
#5029 = LINE('',#5030,#5031);
#5030 = CARTESIAN_POINT('',(122.416667,-147.916667,0.));
#5031 = VECTOR('',#5032,1.);
#5032 = DIRECTION('',(0.,0.,1.));
#5033 = ORIENTED_EDGE('',*,*,#1063,.F.);
#5034 = PLANE('',#5035);
#5035 = AXIS2_PLACEMENT_3D('',#5036,#5037,#5038);
#5036 = CARTESIAN_POINT('',(122.479167,-147.479167,0.));
#5037 = DIRECTION('',(0.989949493661,-0.141421356237,0.));
#5038 = DIRECTION('',(-0.141421356237,-0.989949493661,0.));
#5039 = ADVANCED_FACE('',(#5040),#5051,.T.);
#5040 = FACE_BOUND('',#5041,.T.);
#5041 = EDGE_LOOP('',(#5042,#5048,#5049,#5050));
#5042 = ORIENTED_EDGE('',*,*,#5043,.T.);
#5043 = EDGE_CURVE('',#448,#2253,#5044,.T.);
#5044 = LINE('',#5045,#5046);
#5045 = CARTESIAN_POINT('',(77.5,-93.,0.));
#5046 = VECTOR('',#5047,1.);
#5047 = DIRECTION('',(0.,0.,1.));
#5048 = ORIENTED_EDGE('',*,*,#2252,.T.);
#5049 = ORIENTED_EDGE('',*,*,#5009,.F.);
#5050 = ORIENTED_EDGE('',*,*,#447,.F.);
#5051 = PLANE('',#5052);
#5052 = AXIS2_PLACEMENT_3D('',#5053,#5054,#5055);
#5053 = CARTESIAN_POINT('',(77.5,-93.,0.));
#5054 = DIRECTION('',(-0.999056189826,4.343650043231E-02,0.));
#5055 = DIRECTION('',(4.343650043231E-02,0.999056189826,0.));
#5056 = ADVANCED_FACE('',(#5057),#5068,.T.);
#5057 = FACE_BOUND('',#5058,.T.);
#5058 = EDGE_LOOP('',(#5059,#5060,#5061,#5067));
#5059 = ORIENTED_EDGE('',*,*,#5028,.T.);
#5060 = ORIENTED_EDGE('',*,*,#2860,.T.);
#5061 = ORIENTED_EDGE('',*,*,#5062,.F.);
#5062 = EDGE_CURVE('',#1048,#2853,#5063,.T.);
#5063 = LINE('',#5064,#5065);
#5064 = CARTESIAN_POINT('',(122.3125,-148.3125,0.));
#5065 = VECTOR('',#5066,1.);
#5066 = DIRECTION('',(0.,0.,1.));
#5067 = ORIENTED_EDGE('',*,*,#1055,.F.);
#5068 = PLANE('',#5069);
#5069 = AXIS2_PLACEMENT_3D('',#5070,#5071,#5072);
#5070 = CARTESIAN_POINT('',(122.416667,-147.916667,0.));
#5071 = DIRECTION('',(0.967074284087,-0.254494261344,0.));
#5072 = DIRECTION('',(-0.254494261344,-0.967074284087,0.));
#5073 = ADVANCED_FACE('',(#5074),#5085,.T.);
#5074 = FACE_BOUND('',#5075,.T.);
#5075 = EDGE_LOOP('',(#5076,#5082,#5083,#5084));
#5076 = ORIENTED_EDGE('',*,*,#5077,.T.);
#5077 = EDGE_CURVE('',#456,#2261,#5078,.T.);
#5078 = LINE('',#5079,#5080);
#5079 = CARTESIAN_POINT('',(77.5,-147.,0.));
#5080 = VECTOR('',#5081,1.);
#5081 = DIRECTION('',(0.,0.,1.));
#5082 = ORIENTED_EDGE('',*,*,#2260,.T.);
#5083 = ORIENTED_EDGE('',*,*,#5043,.F.);
#5084 = ORIENTED_EDGE('',*,*,#455,.F.);
#5085 = PLANE('',#5086);
#5086 = AXIS2_PLACEMENT_3D('',#5087,#5088,#5089);
#5087 = CARTESIAN_POINT('',(77.5,-147.,0.));
#5088 = DIRECTION('',(-1.,0.,0.));
#5089 = DIRECTION('',(0.,1.,0.));
#5090 = ADVANCED_FACE('',(#5091),#5102,.T.);
#5091 = FACE_BOUND('',#5092,.T.);
#5092 = EDGE_LOOP('',(#5093,#5094,#5095,#5101));
#5093 = ORIENTED_EDGE('',*,*,#5062,.T.);
#5094 = ORIENTED_EDGE('',*,*,#2852,.T.);
#5095 = ORIENTED_EDGE('',*,*,#5096,.F.);
#5096 = EDGE_CURVE('',#1040,#2845,#5097,.T.);
#5097 = LINE('',#5098,#5099);
#5098 = CARTESIAN_POINT('',(122.166667,-148.666667,0.));
#5099 = VECTOR('',#5100,1.);
#5100 = DIRECTION('',(0.,0.,1.));
#5101 = ORIENTED_EDGE('',*,*,#1047,.F.);
#5102 = PLANE('',#5103);
#5103 = AXIS2_PLACEMENT_3D('',#5104,#5105,#5106);
#5104 = CARTESIAN_POINT('',(122.3125,-148.3125,0.));
#5105 = DIRECTION('',(0.924678531042,-0.380748754733,0.));
#5106 = DIRECTION('',(-0.380748754733,-0.924678531042,0.));
#5107 = ADVANCED_FACE('',(#5108),#5119,.T.);
#5108 = FACE_BOUND('',#5109,.T.);
#5109 = EDGE_LOOP('',(#5110,#5116,#5117,#5118));
#5110 = ORIENTED_EDGE('',*,*,#5111,.T.);
#5111 = EDGE_CURVE('',#464,#2269,#5112,.T.);
#5112 = LINE('',#5113,#5114);
#5113 = CARTESIAN_POINT('',(77.520833,-147.479167,0.));
#5114 = VECTOR('',#5115,1.);
#5115 = DIRECTION('',(0.,0.,1.));
#5116 = ORIENTED_EDGE('',*,*,#2268,.T.);
#5117 = ORIENTED_EDGE('',*,*,#5077,.F.);
#5118 = ORIENTED_EDGE('',*,*,#463,.F.);
#5119 = PLANE('',#5120);
#5120 = AXIS2_PLACEMENT_3D('',#5121,#5122,#5123);
#5121 = CARTESIAN_POINT('',(77.520833,-147.479167,0.));
#5122 = DIRECTION('',(-0.999056189826,-4.343650043231E-02,0.));
#5123 = DIRECTION('',(-4.343650043231E-02,0.999056189826,0.));
#5124 = ADVANCED_FACE('',(#5125),#5136,.T.);
#5125 = FACE_BOUND('',#5126,.T.);
#5126 = EDGE_LOOP('',(#5127,#5128,#5129,#5135));
#5127 = ORIENTED_EDGE('',*,*,#5096,.T.);
#5128 = ORIENTED_EDGE('',*,*,#2844,.T.);
#5129 = ORIENTED_EDGE('',*,*,#5130,.F.);
#5130 = EDGE_CURVE('',#1032,#2837,#5131,.T.);
#5131 = LINE('',#5132,#5133);
#5132 = CARTESIAN_POINT('',(121.979167,-148.979167,0.));
#5133 = VECTOR('',#5134,1.);
#5134 = DIRECTION('',(0.,0.,1.));
#5135 = ORIENTED_EDGE('',*,*,#1039,.F.);
#5136 = PLANE('',#5137);
#5137 = AXIS2_PLACEMENT_3D('',#5138,#5139,#5140);
#5138 = CARTESIAN_POINT('',(122.166667,-148.666667,0.));
#5139 = DIRECTION('',(0.857492925713,-0.514495755428,0.));
#5140 = DIRECTION('',(-0.514495755428,-0.857492925713,0.));
#5141 = ADVANCED_FACE('',(#5142),#5153,.T.);
#5142 = FACE_BOUND('',#5143,.T.);
#5143 = EDGE_LOOP('',(#5144,#5150,#5151,#5152));
#5144 = ORIENTED_EDGE('',*,*,#5145,.T.);
#5145 = EDGE_CURVE('',#472,#2277,#5146,.T.);
#5146 = LINE('',#5147,#5148);
#5147 = CARTESIAN_POINT('',(77.583333,-147.916667,0.));
#5148 = VECTOR('',#5149,1.);
#5149 = DIRECTION('',(0.,0.,1.));
#5150 = ORIENTED_EDGE('',*,*,#2276,.T.);
#5151 = ORIENTED_EDGE('',*,*,#5111,.F.);
#5152 = ORIENTED_EDGE('',*,*,#471,.F.);
#5153 = PLANE('',#5154);
#5154 = AXIS2_PLACEMENT_3D('',#5155,#5156,#5157);
#5155 = CARTESIAN_POINT('',(77.583333,-147.916667,0.));
#5156 = DIRECTION('',(-0.989949493661,-0.141421356237,0.));
#5157 = DIRECTION('',(-0.141421356237,0.989949493661,0.));
#5158 = ADVANCED_FACE('',(#5159),#5170,.T.);
#5159 = FACE_BOUND('',#5160,.T.);
#5160 = EDGE_LOOP('',(#5161,#5162,#5163,#5169));
#5161 = ORIENTED_EDGE('',*,*,#5130,.T.);
#5162 = ORIENTED_EDGE('',*,*,#2836,.T.);
#5163 = ORIENTED_EDGE('',*,*,#5164,.F.);
#5164 = EDGE_CURVE('',#1024,#2829,#5165,.T.);
#5165 = LINE('',#5166,#5167);
#5166 = CARTESIAN_POINT('',(121.75,-149.25,0.));
#5167 = VECTOR('',#5168,1.);
#5168 = DIRECTION('',(0.,0.,1.));
#5169 = ORIENTED_EDGE('',*,*,#1031,.F.);
#5170 = PLANE('',#5171);
#5171 = AXIS2_PLACEMENT_3D('',#5172,#5173,#5174);
#5172 = CARTESIAN_POINT('',(121.979167,-148.979167,0.));
#5173 = DIRECTION('',(0.763385430052,-0.645943252294,0.));
#5174 = DIRECTION('',(-0.645943252294,-0.763385430052,0.));
#5175 = ADVANCED_FACE('',(#5176),#5187,.T.);
#5176 = FACE_BOUND('',#5177,.T.);
#5177 = EDGE_LOOP('',(#5178,#5184,#5185,#5186));
#5178 = ORIENTED_EDGE('',*,*,#5179,.T.);
#5179 = EDGE_CURVE('',#480,#2285,#5180,.T.);
#5180 = LINE('',#5181,#5182);
#5181 = CARTESIAN_POINT('',(77.6875,-148.3125,0.));
#5182 = VECTOR('',#5183,1.);
#5183 = DIRECTION('',(0.,0.,1.));
#5184 = ORIENTED_EDGE('',*,*,#2284,.T.);
#5185 = ORIENTED_EDGE('',*,*,#5145,.F.);
#5186 = ORIENTED_EDGE('',*,*,#479,.F.);
#5187 = PLANE('',#5188);
#5188 = AXIS2_PLACEMENT_3D('',#5189,#5190,#5191);
#5189 = CARTESIAN_POINT('',(77.6875,-148.3125,0.));
#5190 = DIRECTION('',(-0.967074284087,-0.254494261344,0.));
#5191 = DIRECTION('',(-0.254494261344,0.967074284087,0.));
#5192 = ADVANCED_FACE('',(#5193),#5204,.T.);
#5193 = FACE_BOUND('',#5194,.T.);
#5194 = EDGE_LOOP('',(#5195,#5196,#5197,#5203));
#5195 = ORIENTED_EDGE('',*,*,#5164,.T.);
#5196 = ORIENTED_EDGE('',*,*,#2828,.T.);
#5197 = ORIENTED_EDGE('',*,*,#5198,.F.);
#5198 = EDGE_CURVE('',#1016,#2821,#5199,.T.);
#5199 = LINE('',#5200,#5201);
#5200 = CARTESIAN_POINT('',(121.479167,-149.479167,0.));
#5201 = VECTOR('',#5202,1.);
#5202 = DIRECTION('',(0.,0.,1.));
#5203 = ORIENTED_EDGE('',*,*,#1023,.F.);
#5204 = PLANE('',#5205);
#5205 = AXIS2_PLACEMENT_3D('',#5206,#5207,#5208);
#5206 = CARTESIAN_POINT('',(121.75,-149.25,0.));
#5207 = DIRECTION('',(0.645943252294,-0.763385430052,0.));
#5208 = DIRECTION('',(-0.763385430052,-0.645943252294,0.));
#5209 = ADVANCED_FACE('',(#5210),#5221,.T.);
#5210 = FACE_BOUND('',#5211,.T.);
#5211 = EDGE_LOOP('',(#5212,#5218,#5219,#5220));
#5212 = ORIENTED_EDGE('',*,*,#5213,.T.);
#5213 = EDGE_CURVE('',#488,#2293,#5214,.T.);
#5214 = LINE('',#5215,#5216);
#5215 = CARTESIAN_POINT('',(77.833333,-148.666667,0.));
#5216 = VECTOR('',#5217,1.);
#5217 = DIRECTION('',(0.,0.,1.));
#5218 = ORIENTED_EDGE('',*,*,#2292,.T.);
#5219 = ORIENTED_EDGE('',*,*,#5179,.F.);
#5220 = ORIENTED_EDGE('',*,*,#487,.F.);
#5221 = PLANE('',#5222);
#5222 = AXIS2_PLACEMENT_3D('',#5223,#5224,#5225);
#5223 = CARTESIAN_POINT('',(77.833333,-148.666667,0.));
#5224 = DIRECTION('',(-0.924678531042,-0.380748754733,0.));
#5225 = DIRECTION('',(-0.380748754733,0.924678531042,0.));
#5226 = ADVANCED_FACE('',(#5227),#5238,.T.);
#5227 = FACE_BOUND('',#5228,.T.);
#5228 = EDGE_LOOP('',(#5229,#5230,#5231,#5237));
#5229 = ORIENTED_EDGE('',*,*,#5198,.T.);
#5230 = ORIENTED_EDGE('',*,*,#2820,.T.);
#5231 = ORIENTED_EDGE('',*,*,#5232,.F.);
#5232 = EDGE_CURVE('',#1008,#2813,#5233,.T.);
#5233 = LINE('',#5234,#5235);
#5234 = CARTESIAN_POINT('',(121.166667,-149.666667,0.));
#5235 = VECTOR('',#5236,1.);
#5236 = DIRECTION('',(0.,0.,1.));
#5237 = ORIENTED_EDGE('',*,*,#1015,.F.);
#5238 = PLANE('',#5239);
#5239 = AXIS2_PLACEMENT_3D('',#5240,#5241,#5242);
#5240 = CARTESIAN_POINT('',(121.479167,-149.479167,0.));
#5241 = DIRECTION('',(0.514495755428,-0.857492925713,0.));
#5242 = DIRECTION('',(-0.857492925713,-0.514495755428,0.));
#5243 = ADVANCED_FACE('',(#5244),#5255,.T.);
#5244 = FACE_BOUND('',#5245,.T.);
#5245 = EDGE_LOOP('',(#5246,#5252,#5253,#5254));
#5246 = ORIENTED_EDGE('',*,*,#5247,.T.);
#5247 = EDGE_CURVE('',#496,#2301,#5248,.T.);
#5248 = LINE('',#5249,#5250);
#5249 = CARTESIAN_POINT('',(78.020833,-148.979167,0.));
#5250 = VECTOR('',#5251,1.);
#5251 = DIRECTION('',(0.,0.,1.));
#5252 = ORIENTED_EDGE('',*,*,#2300,.T.);
#5253 = ORIENTED_EDGE('',*,*,#5213,.F.);
#5254 = ORIENTED_EDGE('',*,*,#495,.F.);
#5255 = PLANE('',#5256);
#5256 = AXIS2_PLACEMENT_3D('',#5257,#5258,#5259);
#5257 = CARTESIAN_POINT('',(78.020833,-148.979167,0.));
#5258 = DIRECTION('',(-0.857492925713,-0.514495755428,0.));
#5259 = DIRECTION('',(-0.514495755428,0.857492925713,0.));
#5260 = ADVANCED_FACE('',(#5261),#5272,.T.);
#5261 = FACE_BOUND('',#5262,.T.);
#5262 = EDGE_LOOP('',(#5263,#5264,#5265,#5271));
#5263 = ORIENTED_EDGE('',*,*,#5232,.T.);
#5264 = ORIENTED_EDGE('',*,*,#2812,.T.);
#5265 = ORIENTED_EDGE('',*,*,#5266,.F.);
#5266 = EDGE_CURVE('',#1000,#2805,#5267,.T.);
#5267 = LINE('',#5268,#5269);
#5268 = CARTESIAN_POINT('',(120.8125,-149.8125,0.));
#5269 = VECTOR('',#5270,1.);
#5270 = DIRECTION('',(0.,0.,1.));
#5271 = ORIENTED_EDGE('',*,*,#1007,.F.);
#5272 = PLANE('',#5273);
#5273 = AXIS2_PLACEMENT_3D('',#5274,#5275,#5276);
#5274 = CARTESIAN_POINT('',(121.166667,-149.666667,0.));
#5275 = DIRECTION('',(0.380748754733,-0.924678531042,0.));
#5276 = DIRECTION('',(-0.924678531042,-0.380748754733,0.));
#5277 = ADVANCED_FACE('',(#5278),#5289,.T.);
#5278 = FACE_BOUND('',#5279,.T.);
#5279 = EDGE_LOOP('',(#5280,#5286,#5287,#5288));
#5280 = ORIENTED_EDGE('',*,*,#5281,.T.);
#5281 = EDGE_CURVE('',#504,#2309,#5282,.T.);
#5282 = LINE('',#5283,#5284);
#5283 = CARTESIAN_POINT('',(78.25,-149.25,0.));
#5284 = VECTOR('',#5285,1.);
#5285 = DIRECTION('',(0.,0.,1.));
#5286 = ORIENTED_EDGE('',*,*,#2308,.T.);
#5287 = ORIENTED_EDGE('',*,*,#5247,.F.);
#5288 = ORIENTED_EDGE('',*,*,#503,.F.);
#5289 = PLANE('',#5290);
#5290 = AXIS2_PLACEMENT_3D('',#5291,#5292,#5293);
#5291 = CARTESIAN_POINT('',(78.25,-149.25,0.));
#5292 = DIRECTION('',(-0.763385430052,-0.645943252294,0.));
#5293 = DIRECTION('',(-0.645943252294,0.763385430052,0.));
#5294 = ADVANCED_FACE('',(#5295),#5306,.T.);
#5295 = FACE_BOUND('',#5296,.T.);
#5296 = EDGE_LOOP('',(#5297,#5298,#5299,#5305));
#5297 = ORIENTED_EDGE('',*,*,#5266,.T.);
#5298 = ORIENTED_EDGE('',*,*,#2804,.T.);
#5299 = ORIENTED_EDGE('',*,*,#5300,.F.);
#5300 = EDGE_CURVE('',#992,#2797,#5301,.T.);
#5301 = LINE('',#5302,#5303);
#5302 = CARTESIAN_POINT('',(120.416667,-149.916667,0.));
#5303 = VECTOR('',#5304,1.);
#5304 = DIRECTION('',(0.,0.,1.));
#5305 = ORIENTED_EDGE('',*,*,#999,.F.);
#5306 = PLANE('',#5307);
#5307 = AXIS2_PLACEMENT_3D('',#5308,#5309,#5310);
#5308 = CARTESIAN_POINT('',(120.8125,-149.8125,0.));
#5309 = DIRECTION('',(0.254494261344,-0.967074284087,0.));
#5310 = DIRECTION('',(-0.967074284087,-0.254494261344,0.));
#5311 = ADVANCED_FACE('',(#5312),#5323,.T.);
#5312 = FACE_BOUND('',#5313,.T.);
#5313 = EDGE_LOOP('',(#5314,#5320,#5321,#5322));
#5314 = ORIENTED_EDGE('',*,*,#5315,.T.);
#5315 = EDGE_CURVE('',#512,#2317,#5316,.T.);
#5316 = LINE('',#5317,#5318);
#5317 = CARTESIAN_POINT('',(78.520833,-149.479167,0.));
#5318 = VECTOR('',#5319,1.);
#5319 = DIRECTION('',(0.,0.,1.));
#5320 = ORIENTED_EDGE('',*,*,#2316,.T.);
#5321 = ORIENTED_EDGE('',*,*,#5281,.F.);
#5322 = ORIENTED_EDGE('',*,*,#511,.F.);
#5323 = PLANE('',#5324);
#5324 = AXIS2_PLACEMENT_3D('',#5325,#5326,#5327);
#5325 = CARTESIAN_POINT('',(78.520833,-149.479167,0.));
#5326 = DIRECTION('',(-0.645943252294,-0.763385430052,0.));
#5327 = DIRECTION('',(-0.763385430052,0.645943252294,0.));
#5328 = ADVANCED_FACE('',(#5329),#5340,.T.);
#5329 = FACE_BOUND('',#5330,.T.);
#5330 = EDGE_LOOP('',(#5331,#5332,#5333,#5339));
#5331 = ORIENTED_EDGE('',*,*,#5300,.T.);
#5332 = ORIENTED_EDGE('',*,*,#2796,.T.);
#5333 = ORIENTED_EDGE('',*,*,#5334,.F.);
#5334 = EDGE_CURVE('',#984,#2789,#5335,.T.);
#5335 = LINE('',#5336,#5337);
#5336 = CARTESIAN_POINT('',(119.979167,-149.979167,0.));
#5337 = VECTOR('',#5338,1.);
#5338 = DIRECTION('',(0.,0.,1.));
#5339 = ORIENTED_EDGE('',*,*,#991,.F.);
#5340 = PLANE('',#5341);
#5341 = AXIS2_PLACEMENT_3D('',#5342,#5343,#5344);
#5342 = CARTESIAN_POINT('',(120.416667,-149.916667,0.));
#5343 = DIRECTION('',(0.141421356237,-0.989949493661,0.));
#5344 = DIRECTION('',(-0.989949493661,-0.141421356237,0.));
#5345 = ADVANCED_FACE('',(#5346),#5357,.T.);
#5346 = FACE_BOUND('',#5347,.T.);
#5347 = EDGE_LOOP('',(#5348,#5354,#5355,#5356));
#5348 = ORIENTED_EDGE('',*,*,#5349,.T.);
#5349 = EDGE_CURVE('',#520,#2325,#5350,.T.);
#5350 = LINE('',#5351,#5352);
#5351 = CARTESIAN_POINT('',(78.833333,-149.666667,0.));
#5352 = VECTOR('',#5353,1.);
#5353 = DIRECTION('',(0.,0.,1.));
#5354 = ORIENTED_EDGE('',*,*,#2324,.T.);
#5355 = ORIENTED_EDGE('',*,*,#5315,.F.);
#5356 = ORIENTED_EDGE('',*,*,#519,.F.);
#5357 = PLANE('',#5358);
#5358 = AXIS2_PLACEMENT_3D('',#5359,#5360,#5361);
#5359 = CARTESIAN_POINT('',(78.833333,-149.666667,0.));
#5360 = DIRECTION('',(-0.514495755428,-0.857492925713,0.));
#5361 = DIRECTION('',(-0.857492925713,0.514495755428,0.));
#5362 = ADVANCED_FACE('',(#5363),#5374,.T.);
#5363 = FACE_BOUND('',#5364,.T.);
#5364 = EDGE_LOOP('',(#5365,#5366,#5367,#5373));
#5365 = ORIENTED_EDGE('',*,*,#5334,.T.);
#5366 = ORIENTED_EDGE('',*,*,#2788,.T.);
#5367 = ORIENTED_EDGE('',*,*,#5368,.F.);
#5368 = EDGE_CURVE('',#976,#2781,#5369,.T.);
#5369 = LINE('',#5370,#5371);
#5370 = CARTESIAN_POINT('',(119.5,-150.,0.));
#5371 = VECTOR('',#5372,1.);
#5372 = DIRECTION('',(0.,0.,1.));
#5373 = ORIENTED_EDGE('',*,*,#983,.F.);
#5374 = PLANE('',#5375);
#5375 = AXIS2_PLACEMENT_3D('',#5376,#5377,#5378);
#5376 = CARTESIAN_POINT('',(119.979167,-149.979167,0.));
#5377 = DIRECTION('',(4.343650043234E-02,-0.999056189826,0.));
#5378 = DIRECTION('',(-0.999056189826,-4.343650043234E-02,0.));
#5379 = ADVANCED_FACE('',(#5380),#5391,.T.);
#5380 = FACE_BOUND('',#5381,.T.);
#5381 = EDGE_LOOP('',(#5382,#5388,#5389,#5390));
#5382 = ORIENTED_EDGE('',*,*,#5383,.T.);
#5383 = EDGE_CURVE('',#528,#2333,#5384,.T.);
#5384 = LINE('',#5385,#5386);
#5385 = CARTESIAN_POINT('',(79.1875,-149.8125,0.));
#5386 = VECTOR('',#5387,1.);
#5387 = DIRECTION('',(0.,0.,1.));
#5388 = ORIENTED_EDGE('',*,*,#2332,.T.);
#5389 = ORIENTED_EDGE('',*,*,#5349,.F.);
#5390 = ORIENTED_EDGE('',*,*,#527,.F.);
#5391 = PLANE('',#5392);
#5392 = AXIS2_PLACEMENT_3D('',#5393,#5394,#5395);
#5393 = CARTESIAN_POINT('',(79.1875,-149.8125,0.));
#5394 = DIRECTION('',(-0.380748754733,-0.924678531042,0.));
#5395 = DIRECTION('',(-0.924678531042,0.380748754733,0.));
#5396 = ADVANCED_FACE('',(#5397),#5408,.T.);
#5397 = FACE_BOUND('',#5398,.T.);
#5398 = EDGE_LOOP('',(#5399,#5400,#5401,#5407));
#5399 = ORIENTED_EDGE('',*,*,#5368,.T.);
#5400 = ORIENTED_EDGE('',*,*,#2780,.T.);
#5401 = ORIENTED_EDGE('',*,*,#5402,.F.);
#5402 = EDGE_CURVE('',#968,#2773,#5403,.T.);
#5403 = LINE('',#5404,#5405);
#5404 = CARTESIAN_POINT('',(112.5,-150.,0.));
#5405 = VECTOR('',#5406,1.);
#5406 = DIRECTION('',(0.,0.,1.));
#5407 = ORIENTED_EDGE('',*,*,#975,.F.);
#5408 = PLANE('',#5409);
#5409 = AXIS2_PLACEMENT_3D('',#5410,#5411,#5412);
#5410 = CARTESIAN_POINT('',(119.5,-150.,0.));
#5411 = DIRECTION('',(0.,-1.,0.));
#5412 = DIRECTION('',(-1.,0.,0.));
#5413 = ADVANCED_FACE('',(#5414),#5425,.T.);
#5414 = FACE_BOUND('',#5415,.T.);
#5415 = EDGE_LOOP('',(#5416,#5422,#5423,#5424));
#5416 = ORIENTED_EDGE('',*,*,#5417,.T.);
#5417 = EDGE_CURVE('',#536,#2341,#5418,.T.);
#5418 = LINE('',#5419,#5420);
#5419 = CARTESIAN_POINT('',(79.583333,-149.916667,0.));
#5420 = VECTOR('',#5421,1.);
#5421 = DIRECTION('',(0.,0.,1.));
#5422 = ORIENTED_EDGE('',*,*,#2340,.T.);
#5423 = ORIENTED_EDGE('',*,*,#5383,.F.);
#5424 = ORIENTED_EDGE('',*,*,#535,.F.);
#5425 = PLANE('',#5426);
#5426 = AXIS2_PLACEMENT_3D('',#5427,#5428,#5429);
#5427 = CARTESIAN_POINT('',(79.583333,-149.916667,0.));
#5428 = DIRECTION('',(-0.254494261344,-0.967074284087,0.));
#5429 = DIRECTION('',(-0.967074284087,0.254494261344,0.));
#5430 = ADVANCED_FACE('',(#5431),#5442,.T.);
#5431 = FACE_BOUND('',#5432,.T.);
#5432 = EDGE_LOOP('',(#5433,#5434,#5435,#5441));
#5433 = ORIENTED_EDGE('',*,*,#5402,.T.);
#5434 = ORIENTED_EDGE('',*,*,#2772,.T.);
#5435 = ORIENTED_EDGE('',*,*,#5436,.F.);
#5436 = EDGE_CURVE('',#960,#2765,#5437,.T.);
#5437 = LINE('',#5438,#5439);
#5438 = CARTESIAN_POINT('',(111.701389,-150.034722,0.));
#5439 = VECTOR('',#5440,1.);
#5440 = DIRECTION('',(0.,0.,1.));
#5441 = ORIENTED_EDGE('',*,*,#967,.F.);
#5442 = PLANE('',#5443);
#5443 = AXIS2_PLACEMENT_3D('',#5444,#5445,#5446);
#5444 = CARTESIAN_POINT('',(112.5,-150.,0.));
#5445 = DIRECTION('',(4.343695283458E-02,-0.999056170157,0.));
#5446 = DIRECTION('',(-0.999056170157,-4.343695283458E-02,0.));
#5447 = ADVANCED_FACE('',(#5448),#5459,.T.);
#5448 = FACE_BOUND('',#5449,.T.);
#5449 = EDGE_LOOP('',(#5450,#5456,#5457,#5458));
#5450 = ORIENTED_EDGE('',*,*,#5451,.T.);
#5451 = EDGE_CURVE('',#544,#2349,#5452,.T.);
#5452 = LINE('',#5453,#5454);
#5453 = CARTESIAN_POINT('',(80.020833,-149.979167,0.));
#5454 = VECTOR('',#5455,1.);
#5455 = DIRECTION('',(0.,0.,1.));
#5456 = ORIENTED_EDGE('',*,*,#2348,.T.);
#5457 = ORIENTED_EDGE('',*,*,#5417,.F.);
#5458 = ORIENTED_EDGE('',*,*,#543,.F.);
#5459 = PLANE('',#5460);
#5460 = AXIS2_PLACEMENT_3D('',#5461,#5462,#5463);
#5461 = CARTESIAN_POINT('',(80.020833,-149.979167,0.));
#5462 = DIRECTION('',(-0.141421356237,-0.989949493661,0.));
#5463 = DIRECTION('',(-0.989949493661,0.141421356237,0.));
#5464 = ADVANCED_FACE('',(#5465),#5476,.T.);
#5465 = FACE_BOUND('',#5466,.T.);
#5466 = EDGE_LOOP('',(#5467,#5468,#5469,#5475));
#5467 = ORIENTED_EDGE('',*,*,#5436,.T.);
#5468 = ORIENTED_EDGE('',*,*,#2764,.T.);
#5469 = ORIENTED_EDGE('',*,*,#5470,.F.);
#5470 = EDGE_CURVE('',#952,#2757,#5471,.T.);
#5471 = LINE('',#5472,#5473);
#5472 = CARTESIAN_POINT('',(110.972222,-150.138889,0.));
#5473 = VECTOR('',#5474,1.);
#5474 = DIRECTION('',(0.,0.,1.));
#5475 = ORIENTED_EDGE('',*,*,#959,.F.);
#5476 = PLANE('',#5477);
#5477 = AXIS2_PLACEMENT_3D('',#5478,#5479,#5480);
#5478 = CARTESIAN_POINT('',(111.701389,-150.034722,0.));
#5479 = DIRECTION('',(0.141421736378,-0.989949439355,0.));
#5480 = DIRECTION('',(-0.989949439355,-0.141421736378,0.));
#5481 = ADVANCED_FACE('',(#5482),#5493,.T.);
#5482 = FACE_BOUND('',#5483,.T.);
#5483 = EDGE_LOOP('',(#5484,#5490,#5491,#5492));
#5484 = ORIENTED_EDGE('',*,*,#5485,.T.);
#5485 = EDGE_CURVE('',#552,#2357,#5486,.T.);
#5486 = LINE('',#5487,#5488);
#5487 = CARTESIAN_POINT('',(80.5,-150.,0.));
#5488 = VECTOR('',#5489,1.);
#5489 = DIRECTION('',(0.,0.,1.));
#5490 = ORIENTED_EDGE('',*,*,#2356,.T.);
#5491 = ORIENTED_EDGE('',*,*,#5451,.F.);
#5492 = ORIENTED_EDGE('',*,*,#551,.F.);
#5493 = PLANE('',#5494);
#5494 = AXIS2_PLACEMENT_3D('',#5495,#5496,#5497);
#5495 = CARTESIAN_POINT('',(80.5,-150.,0.));
#5496 = DIRECTION('',(-4.343650043234E-02,-0.999056189826,0.));
#5497 = DIRECTION('',(-0.999056189826,4.343650043234E-02,0.));
#5498 = ADVANCED_FACE('',(#5499),#5510,.T.);
#5499 = FACE_BOUND('',#5500,.T.);
#5500 = EDGE_LOOP('',(#5501,#5502,#5503,#5509));
#5501 = ORIENTED_EDGE('',*,*,#5470,.T.);
#5502 = ORIENTED_EDGE('',*,*,#2756,.T.);
#5503 = ORIENTED_EDGE('',*,*,#5504,.F.);
#5504 = EDGE_CURVE('',#944,#2749,#5505,.T.);
#5505 = LINE('',#5506,#5507);
#5506 = CARTESIAN_POINT('',(110.3125,-150.3125,0.));
#5507 = VECTOR('',#5508,1.);
#5508 = DIRECTION('',(0.,0.,1.));
#5509 = ORIENTED_EDGE('',*,*,#951,.F.);
#5510 = PLANE('',#5511);
#5511 = AXIS2_PLACEMENT_3D('',#5512,#5513,#5514);
#5512 = CARTESIAN_POINT('',(110.972222,-150.138889,0.));
#5513 = DIRECTION('',(0.254493227125,-0.967074556251,0.));
#5514 = DIRECTION('',(-0.967074556251,-0.254493227125,0.));
#5515 = ADVANCED_FACE('',(#5516),#5527,.T.);
#5516 = FACE_BOUND('',#5517,.T.);
#5517 = EDGE_LOOP('',(#5518,#5524,#5525,#5526));
#5518 = ORIENTED_EDGE('',*,*,#5519,.T.);
#5519 = EDGE_CURVE('',#560,#2365,#5520,.T.);
#5520 = LINE('',#5521,#5522);
#5521 = CARTESIAN_POINT('',(87.5,-150.,0.));
#5522 = VECTOR('',#5523,1.);
#5523 = DIRECTION('',(0.,0.,1.));
#5524 = ORIENTED_EDGE('',*,*,#2364,.T.);
#5525 = ORIENTED_EDGE('',*,*,#5485,.F.);
#5526 = ORIENTED_EDGE('',*,*,#559,.F.);
#5527 = PLANE('',#5528);
#5528 = AXIS2_PLACEMENT_3D('',#5529,#5530,#5531);
#5529 = CARTESIAN_POINT('',(87.5,-150.,0.));
#5530 = DIRECTION('',(0.,-1.,0.));
#5531 = DIRECTION('',(-1.,0.,0.));
#5532 = ADVANCED_FACE('',(#5533),#5544,.T.);
#5533 = FACE_BOUND('',#5534,.T.);
#5534 = EDGE_LOOP('',(#5535,#5536,#5537,#5543));
#5535 = ORIENTED_EDGE('',*,*,#5504,.T.);
#5536 = ORIENTED_EDGE('',*,*,#2748,.T.);
#5537 = ORIENTED_EDGE('',*,*,#5538,.F.);
#5538 = EDGE_CURVE('',#936,#2741,#5539,.T.);
#5539 = LINE('',#5540,#5541);
#5540 = CARTESIAN_POINT('',(109.722222,-150.555556,0.));
#5541 = VECTOR('',#5542,1.);
#5542 = DIRECTION('',(0.,0.,1.));
#5543 = ORIENTED_EDGE('',*,*,#943,.F.);
#5544 = PLANE('',#5545);
#5545 = AXIS2_PLACEMENT_3D('',#5546,#5547,#5548);
#5546 = CARTESIAN_POINT('',(110.3125,-150.3125,0.));
#5547 = DIRECTION('',(0.380750277989,-0.924677903819,0.));
#5548 = DIRECTION('',(-0.924677903819,-0.380750277989,0.));
#5549 = ADVANCED_FACE('',(#5550),#5561,.T.);
#5550 = FACE_BOUND('',#5551,.T.);
#5551 = EDGE_LOOP('',(#5552,#5558,#5559,#5560));
#5552 = ORIENTED_EDGE('',*,*,#5553,.T.);
#5553 = EDGE_CURVE('',#568,#2373,#5554,.T.);
#5554 = LINE('',#5555,#5556);
#5555 = CARTESIAN_POINT('',(88.298611,-150.034722,0.));
#5556 = VECTOR('',#5557,1.);
#5557 = DIRECTION('',(0.,0.,1.));
#5558 = ORIENTED_EDGE('',*,*,#2372,.T.);
#5559 = ORIENTED_EDGE('',*,*,#5519,.F.);
#5560 = ORIENTED_EDGE('',*,*,#567,.F.);
#5561 = PLANE('',#5562);
#5562 = AXIS2_PLACEMENT_3D('',#5563,#5564,#5565);
#5563 = CARTESIAN_POINT('',(88.298611,-150.034722,0.));
#5564 = DIRECTION('',(-4.343695283458E-02,-0.999056170157,0.));
#5565 = DIRECTION('',(-0.999056170157,4.343695283458E-02,0.));
#5566 = ADVANCED_FACE('',(#5567),#5578,.T.);
#5567 = FACE_BOUND('',#5568,.T.);
#5568 = EDGE_LOOP('',(#5569,#5570,#5571,#5577));
#5569 = ORIENTED_EDGE('',*,*,#5538,.T.);
#5570 = ORIENTED_EDGE('',*,*,#2740,.T.);
#5571 = ORIENTED_EDGE('',*,*,#5572,.F.);
#5572 = EDGE_CURVE('',#928,#2733,#5573,.T.);
#5573 = LINE('',#5574,#5575);
#5574 = CARTESIAN_POINT('',(109.201389,-150.868056,0.));
#5575 = VECTOR('',#5576,1.);
#5576 = DIRECTION('',(0.,0.,1.));
#5577 = ORIENTED_EDGE('',*,*,#935,.F.);
#5578 = PLANE('',#5579);
#5579 = AXIS2_PLACEMENT_3D('',#5580,#5581,#5582);
#5580 = CARTESIAN_POINT('',(109.722222,-150.555556,0.));
#5581 = DIRECTION('',(0.514495997543,-0.857492780443,0.));
#5582 = DIRECTION('',(-0.857492780443,-0.514495997543,0.));
#5583 = ADVANCED_FACE('',(#5584),#5595,.T.);
#5584 = FACE_BOUND('',#5585,.T.);
#5585 = EDGE_LOOP('',(#5586,#5592,#5593,#5594));
#5586 = ORIENTED_EDGE('',*,*,#5587,.T.);
#5587 = EDGE_CURVE('',#576,#2381,#5588,.T.);
#5588 = LINE('',#5589,#5590);
#5589 = CARTESIAN_POINT('',(89.027778,-150.138889,0.));
#5590 = VECTOR('',#5591,1.);
#5591 = DIRECTION('',(0.,0.,1.));
#5592 = ORIENTED_EDGE('',*,*,#2380,.T.);
#5593 = ORIENTED_EDGE('',*,*,#5553,.F.);
#5594 = ORIENTED_EDGE('',*,*,#575,.F.);
#5595 = PLANE('',#5596);
#5596 = AXIS2_PLACEMENT_3D('',#5597,#5598,#5599);
#5597 = CARTESIAN_POINT('',(89.027778,-150.138889,0.));
#5598 = DIRECTION('',(-0.141421736378,-0.989949439355,0.));
#5599 = DIRECTION('',(-0.989949439355,0.141421736378,0.));
#5600 = ADVANCED_FACE('',(#5601),#5612,.T.);
#5601 = FACE_BOUND('',#5602,.T.);
#5602 = EDGE_LOOP('',(#5603,#5604,#5605,#5611));
#5603 = ORIENTED_EDGE('',*,*,#5572,.T.);
#5604 = ORIENTED_EDGE('',*,*,#2732,.T.);
#5605 = ORIENTED_EDGE('',*,*,#5606,.F.);
#5606 = EDGE_CURVE('',#920,#2725,#5607,.T.);
#5607 = LINE('',#5608,#5609);
#5608 = CARTESIAN_POINT('',(108.75,-151.25,0.));
#5609 = VECTOR('',#5610,1.);
#5610 = DIRECTION('',(0.,0.,1.));
#5611 = ORIENTED_EDGE('',*,*,#927,.F.);
#5612 = PLANE('',#5613);
#5613 = AXIS2_PLACEMENT_3D('',#5614,#5615,#5616);
#5614 = CARTESIAN_POINT('',(109.201389,-150.868056,0.));
#5615 = DIRECTION('',(0.645941710781,-0.76338673441,0.));
#5616 = DIRECTION('',(-0.76338673441,-0.645941710781,0.));
#5617 = ADVANCED_FACE('',(#5618),#5629,.T.);
#5618 = FACE_BOUND('',#5619,.T.);
#5619 = EDGE_LOOP('',(#5620,#5626,#5627,#5628));
#5620 = ORIENTED_EDGE('',*,*,#5621,.T.);
#5621 = EDGE_CURVE('',#584,#2389,#5622,.T.);
#5622 = LINE('',#5623,#5624);
#5623 = CARTESIAN_POINT('',(89.6875,-150.3125,0.));
#5624 = VECTOR('',#5625,1.);
#5625 = DIRECTION('',(0.,0.,1.));
#5626 = ORIENTED_EDGE('',*,*,#2388,.T.);
#5627 = ORIENTED_EDGE('',*,*,#5587,.F.);
#5628 = ORIENTED_EDGE('',*,*,#583,.F.);
#5629 = PLANE('',#5630);
#5630 = AXIS2_PLACEMENT_3D('',#5631,#5632,#5633);
#5631 = CARTESIAN_POINT('',(89.6875,-150.3125,0.));
#5632 = DIRECTION('',(-0.254493227125,-0.967074556251,0.));
#5633 = DIRECTION('',(-0.967074556251,0.254493227125,0.));
#5634 = ADVANCED_FACE('',(#5635),#5646,.T.);
#5635 = FACE_BOUND('',#5636,.T.);
#5636 = EDGE_LOOP('',(#5637,#5638,#5639,#5645));
#5637 = ORIENTED_EDGE('',*,*,#5606,.T.);
#5638 = ORIENTED_EDGE('',*,*,#2724,.T.);
#5639 = ORIENTED_EDGE('',*,*,#5640,.F.);
#5640 = EDGE_CURVE('',#912,#2717,#5641,.T.);
#5641 = LINE('',#5642,#5643);
#5642 = CARTESIAN_POINT('',(108.368056,-151.701389,0.));
#5643 = VECTOR('',#5644,1.);
#5644 = DIRECTION('',(0.,0.,1.));
#5645 = ORIENTED_EDGE('',*,*,#919,.F.);
#5646 = PLANE('',#5647);
#5647 = AXIS2_PLACEMENT_3D('',#5648,#5649,#5650);
#5648 = CARTESIAN_POINT('',(108.75,-151.25,0.));
#5649 = DIRECTION('',(0.76338673441,-0.645941710781,0.));
#5650 = DIRECTION('',(-0.645941710781,-0.76338673441,0.));
#5651 = ADVANCED_FACE('',(#5652),#5663,.T.);
#5652 = FACE_BOUND('',#5653,.T.);
#5653 = EDGE_LOOP('',(#5654,#5660,#5661,#5662));
#5654 = ORIENTED_EDGE('',*,*,#5655,.T.);
#5655 = EDGE_CURVE('',#592,#2397,#5656,.T.);
#5656 = LINE('',#5657,#5658);
#5657 = CARTESIAN_POINT('',(90.277778,-150.555556,0.));
#5658 = VECTOR('',#5659,1.);
#5659 = DIRECTION('',(0.,0.,1.));
#5660 = ORIENTED_EDGE('',*,*,#2396,.T.);
#5661 = ORIENTED_EDGE('',*,*,#5621,.F.);
#5662 = ORIENTED_EDGE('',*,*,#591,.F.);
#5663 = PLANE('',#5664);
#5664 = AXIS2_PLACEMENT_3D('',#5665,#5666,#5667);
#5665 = CARTESIAN_POINT('',(90.277778,-150.555556,0.));
#5666 = DIRECTION('',(-0.380750277989,-0.924677903819,0.));
#5667 = DIRECTION('',(-0.924677903819,0.380750277989,0.));
#5668 = ADVANCED_FACE('',(#5669),#5680,.T.);
#5669 = FACE_BOUND('',#5670,.T.);
#5670 = EDGE_LOOP('',(#5671,#5672,#5673,#5679));
#5671 = ORIENTED_EDGE('',*,*,#5640,.T.);
#5672 = ORIENTED_EDGE('',*,*,#2716,.T.);
#5673 = ORIENTED_EDGE('',*,*,#5674,.F.);
#5674 = EDGE_CURVE('',#904,#2709,#5675,.T.);
#5675 = LINE('',#5676,#5677);
#5676 = CARTESIAN_POINT('',(108.055556,-152.222222,0.));
#5677 = VECTOR('',#5678,1.);
#5678 = DIRECTION('',(0.,0.,1.));
#5679 = ORIENTED_EDGE('',*,*,#911,.F.);
#5680 = PLANE('',#5681);
#5681 = AXIS2_PLACEMENT_3D('',#5682,#5683,#5684);
#5682 = CARTESIAN_POINT('',(108.368056,-151.701389,0.));
#5683 = DIRECTION('',(0.857492780443,-0.514495997543,0.));
#5684 = DIRECTION('',(-0.514495997543,-0.857492780443,0.));
#5685 = ADVANCED_FACE('',(#5686),#5697,.T.);
#5686 = FACE_BOUND('',#5687,.T.);
#5687 = EDGE_LOOP('',(#5688,#5694,#5695,#5696));
#5688 = ORIENTED_EDGE('',*,*,#5689,.T.);
#5689 = EDGE_CURVE('',#600,#2405,#5690,.T.);
#5690 = LINE('',#5691,#5692);
#5691 = CARTESIAN_POINT('',(90.798611,-150.868056,0.));
#5692 = VECTOR('',#5693,1.);
#5693 = DIRECTION('',(0.,0.,1.));
#5694 = ORIENTED_EDGE('',*,*,#2404,.T.);
#5695 = ORIENTED_EDGE('',*,*,#5655,.F.);
#5696 = ORIENTED_EDGE('',*,*,#599,.F.);
#5697 = PLANE('',#5698);
#5698 = AXIS2_PLACEMENT_3D('',#5699,#5700,#5701);
#5699 = CARTESIAN_POINT('',(90.798611,-150.868056,0.));
#5700 = DIRECTION('',(-0.514495997543,-0.857492780443,0.));
#5701 = DIRECTION('',(-0.857492780443,0.514495997543,0.));
#5702 = ADVANCED_FACE('',(#5703),#5714,.T.);
#5703 = FACE_BOUND('',#5704,.T.);
#5704 = EDGE_LOOP('',(#5705,#5706,#5707,#5713));
#5705 = ORIENTED_EDGE('',*,*,#5674,.T.);
#5706 = ORIENTED_EDGE('',*,*,#2708,.T.);
#5707 = ORIENTED_EDGE('',*,*,#5708,.F.);
#5708 = EDGE_CURVE('',#896,#2701,#5709,.T.);
#5709 = LINE('',#5710,#5711);
#5710 = CARTESIAN_POINT('',(107.8125,-152.8125,0.));
#5711 = VECTOR('',#5712,1.);
#5712 = DIRECTION('',(0.,0.,1.));
#5713 = ORIENTED_EDGE('',*,*,#903,.F.);
#5714 = PLANE('',#5715);
#5715 = AXIS2_PLACEMENT_3D('',#5716,#5717,#5718);
#5716 = CARTESIAN_POINT('',(108.055556,-152.222222,0.));
#5717 = DIRECTION('',(0.924677903819,-0.380750277989,0.));
#5718 = DIRECTION('',(-0.380750277989,-0.924677903819,0.));
#5719 = ADVANCED_FACE('',(#5720),#5731,.T.);
#5720 = FACE_BOUND('',#5721,.T.);
#5721 = EDGE_LOOP('',(#5722,#5728,#5729,#5730));
#5722 = ORIENTED_EDGE('',*,*,#5723,.T.);
#5723 = EDGE_CURVE('',#608,#2413,#5724,.T.);
#5724 = LINE('',#5725,#5726);
#5725 = CARTESIAN_POINT('',(91.25,-151.25,0.));
#5726 = VECTOR('',#5727,1.);
#5727 = DIRECTION('',(0.,0.,1.));
#5728 = ORIENTED_EDGE('',*,*,#2412,.T.);
#5729 = ORIENTED_EDGE('',*,*,#5689,.F.);
#5730 = ORIENTED_EDGE('',*,*,#607,.F.);
#5731 = PLANE('',#5732);
#5732 = AXIS2_PLACEMENT_3D('',#5733,#5734,#5735);
#5733 = CARTESIAN_POINT('',(91.25,-151.25,0.));
#5734 = DIRECTION('',(-0.645941710781,-0.76338673441,0.));
#5735 = DIRECTION('',(-0.76338673441,0.645941710781,0.));
#5736 = ADVANCED_FACE('',(#5737),#5748,.T.);
#5737 = FACE_BOUND('',#5738,.T.);
#5738 = EDGE_LOOP('',(#5739,#5740,#5741,#5747));
#5739 = ORIENTED_EDGE('',*,*,#5708,.T.);
#5740 = ORIENTED_EDGE('',*,*,#2700,.T.);
#5741 = ORIENTED_EDGE('',*,*,#5742,.F.);
#5742 = EDGE_CURVE('',#888,#2693,#5743,.T.);
#5743 = LINE('',#5744,#5745);
#5744 = CARTESIAN_POINT('',(107.638889,-153.472222,0.));
#5745 = VECTOR('',#5746,1.);
#5746 = DIRECTION('',(0.,0.,1.));
#5747 = ORIENTED_EDGE('',*,*,#895,.F.);
#5748 = PLANE('',#5749);
#5749 = AXIS2_PLACEMENT_3D('',#5750,#5751,#5752);
#5750 = CARTESIAN_POINT('',(107.8125,-152.8125,0.));
#5751 = DIRECTION('',(0.967074556251,-0.254493227125,0.));
#5752 = DIRECTION('',(-0.254493227125,-0.967074556251,0.));
#5753 = ADVANCED_FACE('',(#5754),#5765,.T.);
#5754 = FACE_BOUND('',#5755,.T.);
#5755 = EDGE_LOOP('',(#5756,#5762,#5763,#5764));
#5756 = ORIENTED_EDGE('',*,*,#5757,.T.);
#5757 = EDGE_CURVE('',#616,#2421,#5758,.T.);
#5758 = LINE('',#5759,#5760);
#5759 = CARTESIAN_POINT('',(91.631944,-151.701389,0.));
#5760 = VECTOR('',#5761,1.);
#5761 = DIRECTION('',(0.,0.,1.));
#5762 = ORIENTED_EDGE('',*,*,#2420,.T.);
#5763 = ORIENTED_EDGE('',*,*,#5723,.F.);
#5764 = ORIENTED_EDGE('',*,*,#615,.F.);
#5765 = PLANE('',#5766);
#5766 = AXIS2_PLACEMENT_3D('',#5767,#5768,#5769);
#5767 = CARTESIAN_POINT('',(91.631944,-151.701389,0.));
#5768 = DIRECTION('',(-0.76338673441,-0.645941710781,0.));
#5769 = DIRECTION('',(-0.645941710781,0.76338673441,0.));
#5770 = ADVANCED_FACE('',(#5771),#5782,.T.);
#5771 = FACE_BOUND('',#5772,.T.);
#5772 = EDGE_LOOP('',(#5773,#5774,#5775,#5781));
#5773 = ORIENTED_EDGE('',*,*,#5742,.T.);
#5774 = ORIENTED_EDGE('',*,*,#2692,.T.);
#5775 = ORIENTED_EDGE('',*,*,#5776,.F.);
#5776 = EDGE_CURVE('',#880,#2685,#5777,.T.);
#5777 = LINE('',#5778,#5779);
#5778 = CARTESIAN_POINT('',(107.534722,-154.201389,0.));
#5779 = VECTOR('',#5780,1.);
#5780 = DIRECTION('',(0.,0.,1.));
#5781 = ORIENTED_EDGE('',*,*,#887,.F.);
#5782 = PLANE('',#5783);
#5783 = AXIS2_PLACEMENT_3D('',#5784,#5785,#5786);
#5784 = CARTESIAN_POINT('',(107.638889,-153.472222,0.));
#5785 = DIRECTION('',(0.989949439355,-0.141421736378,0.));
#5786 = DIRECTION('',(-0.141421736378,-0.989949439355,0.));
#5787 = ADVANCED_FACE('',(#5788),#5799,.T.);
#5788 = FACE_BOUND('',#5789,.T.);
#5789 = EDGE_LOOP('',(#5790,#5796,#5797,#5798));
#5790 = ORIENTED_EDGE('',*,*,#5791,.T.);
#5791 = EDGE_CURVE('',#624,#2429,#5792,.T.);
#5792 = LINE('',#5793,#5794);
#5793 = CARTESIAN_POINT('',(91.944444,-152.222222,0.));
#5794 = VECTOR('',#5795,1.);
#5795 = DIRECTION('',(0.,0.,1.));
#5796 = ORIENTED_EDGE('',*,*,#2428,.T.);
#5797 = ORIENTED_EDGE('',*,*,#5757,.F.);
#5798 = ORIENTED_EDGE('',*,*,#623,.F.);
#5799 = PLANE('',#5800);
#5800 = AXIS2_PLACEMENT_3D('',#5801,#5802,#5803);
#5801 = CARTESIAN_POINT('',(91.944444,-152.222222,0.));
#5802 = DIRECTION('',(-0.857492780443,-0.514495997543,0.));
#5803 = DIRECTION('',(-0.514495997543,0.857492780443,0.));
#5804 = ADVANCED_FACE('',(#5805),#5816,.T.);
#5805 = FACE_BOUND('',#5806,.T.);
#5806 = EDGE_LOOP('',(#5807,#5808,#5809,#5815));
#5807 = ORIENTED_EDGE('',*,*,#5776,.T.);
#5808 = ORIENTED_EDGE('',*,*,#2684,.T.);
#5809 = ORIENTED_EDGE('',*,*,#5810,.F.);
#5810 = EDGE_CURVE('',#872,#2677,#5811,.T.);
#5811 = LINE('',#5812,#5813);
#5812 = CARTESIAN_POINT('',(107.5,-155.,0.));
#5813 = VECTOR('',#5814,1.);
#5814 = DIRECTION('',(0.,0.,1.));
#5815 = ORIENTED_EDGE('',*,*,#879,.F.);
#5816 = PLANE('',#5817);
#5817 = AXIS2_PLACEMENT_3D('',#5818,#5819,#5820);
#5818 = CARTESIAN_POINT('',(107.534722,-154.201389,0.));
#5819 = DIRECTION('',(0.999056170157,-4.343695283459E-02,0.));
#5820 = DIRECTION('',(-4.343695283459E-02,-0.999056170157,0.));
#5821 = ADVANCED_FACE('',(#5822),#5833,.T.);
#5822 = FACE_BOUND('',#5823,.T.);
#5823 = EDGE_LOOP('',(#5824,#5830,#5831,#5832));
#5824 = ORIENTED_EDGE('',*,*,#5825,.T.);
#5825 = EDGE_CURVE('',#632,#2437,#5826,.T.);
#5826 = LINE('',#5827,#5828);
#5827 = CARTESIAN_POINT('',(92.1875,-152.8125,0.));
#5828 = VECTOR('',#5829,1.);
#5829 = DIRECTION('',(0.,0.,1.));
#5830 = ORIENTED_EDGE('',*,*,#2436,.T.);
#5831 = ORIENTED_EDGE('',*,*,#5791,.F.);
#5832 = ORIENTED_EDGE('',*,*,#631,.F.);
#5833 = PLANE('',#5834);
#5834 = AXIS2_PLACEMENT_3D('',#5835,#5836,#5837);
#5835 = CARTESIAN_POINT('',(92.1875,-152.8125,0.));
#5836 = DIRECTION('',(-0.924677903819,-0.380750277989,0.));
#5837 = DIRECTION('',(-0.380750277989,0.924677903819,0.));
#5838 = ADVANCED_FACE('',(#5839),#5850,.T.);
#5839 = FACE_BOUND('',#5840,.T.);
#5840 = EDGE_LOOP('',(#5841,#5842,#5843,#5849));
#5841 = ORIENTED_EDGE('',*,*,#5810,.T.);
#5842 = ORIENTED_EDGE('',*,*,#2676,.T.);
#5843 = ORIENTED_EDGE('',*,*,#5844,.F.);
#5844 = EDGE_CURVE('',#864,#2669,#5845,.T.);
#5845 = LINE('',#5846,#5847);
#5846 = CARTESIAN_POINT('',(107.5,-163.,0.));
#5847 = VECTOR('',#5848,1.);
#5848 = DIRECTION('',(0.,0.,1.));
#5849 = ORIENTED_EDGE('',*,*,#871,.F.);
#5850 = PLANE('',#5851);
#5851 = AXIS2_PLACEMENT_3D('',#5852,#5853,#5854);
#5852 = CARTESIAN_POINT('',(107.5,-155.,0.));
#5853 = DIRECTION('',(1.,0.,-0.));
#5854 = DIRECTION('',(0.,-1.,0.));
#5855 = ADVANCED_FACE('',(#5856),#5867,.T.);
#5856 = FACE_BOUND('',#5857,.T.);
#5857 = EDGE_LOOP('',(#5858,#5864,#5865,#5866));
#5858 = ORIENTED_EDGE('',*,*,#5859,.T.);
#5859 = EDGE_CURVE('',#640,#2445,#5860,.T.);
#5860 = LINE('',#5861,#5862);
#5861 = CARTESIAN_POINT('',(92.361111,-153.472222,0.));
#5862 = VECTOR('',#5863,1.);
#5863 = DIRECTION('',(0.,0.,1.));
#5864 = ORIENTED_EDGE('',*,*,#2444,.T.);
#5865 = ORIENTED_EDGE('',*,*,#5825,.F.);
#5866 = ORIENTED_EDGE('',*,*,#639,.F.);
#5867 = PLANE('',#5868);
#5868 = AXIS2_PLACEMENT_3D('',#5869,#5870,#5871);
#5869 = CARTESIAN_POINT('',(92.361111,-153.472222,0.));
#5870 = DIRECTION('',(-0.967074556251,-0.254493227125,0.));
#5871 = DIRECTION('',(-0.254493227125,0.967074556251,0.));
#5872 = ADVANCED_FACE('',(#5873),#5884,.T.);
#5873 = FACE_BOUND('',#5874,.T.);
#5874 = EDGE_LOOP('',(#5875,#5876,#5877,#5883));
#5875 = ORIENTED_EDGE('',*,*,#5844,.T.);
#5876 = ORIENTED_EDGE('',*,*,#2668,.T.);
#5877 = ORIENTED_EDGE('',*,*,#5878,.F.);
#5878 = EDGE_CURVE('',#856,#2661,#5879,.T.);
#5879 = LINE('',#5880,#5881);
#5880 = CARTESIAN_POINT('',(107.479167,-163.479167,0.));
#5881 = VECTOR('',#5882,1.);
#5882 = DIRECTION('',(0.,0.,1.));
#5883 = ORIENTED_EDGE('',*,*,#863,.F.);
#5884 = PLANE('',#5885);
#5885 = AXIS2_PLACEMENT_3D('',#5886,#5887,#5888);
#5886 = CARTESIAN_POINT('',(107.5,-163.,0.));
#5887 = DIRECTION('',(0.999056189826,-4.343650043231E-02,0.));
#5888 = DIRECTION('',(-4.343650043231E-02,-0.999056189826,0.));
#5889 = ADVANCED_FACE('',(#5890),#5901,.T.);
#5890 = FACE_BOUND('',#5891,.T.);
#5891 = EDGE_LOOP('',(#5892,#5898,#5899,#5900));
#5892 = ORIENTED_EDGE('',*,*,#5893,.T.);
#5893 = EDGE_CURVE('',#648,#2453,#5894,.T.);
#5894 = LINE('',#5895,#5896);
#5895 = CARTESIAN_POINT('',(92.465278,-154.201389,0.));
#5896 = VECTOR('',#5897,1.);
#5897 = DIRECTION('',(0.,0.,1.));
#5898 = ORIENTED_EDGE('',*,*,#2452,.T.);
#5899 = ORIENTED_EDGE('',*,*,#5859,.F.);
#5900 = ORIENTED_EDGE('',*,*,#647,.F.);
#5901 = PLANE('',#5902);
#5902 = AXIS2_PLACEMENT_3D('',#5903,#5904,#5905);
#5903 = CARTESIAN_POINT('',(92.465278,-154.201389,0.));
#5904 = DIRECTION('',(-0.989949439355,-0.141421736378,0.));
#5905 = DIRECTION('',(-0.141421736378,0.989949439355,0.));
#5906 = ADVANCED_FACE('',(#5907),#5918,.T.);
#5907 = FACE_BOUND('',#5908,.T.);
#5908 = EDGE_LOOP('',(#5909,#5910,#5911,#5917));
#5909 = ORIENTED_EDGE('',*,*,#5878,.T.);
#5910 = ORIENTED_EDGE('',*,*,#2660,.T.);
#5911 = ORIENTED_EDGE('',*,*,#5912,.F.);
#5912 = EDGE_CURVE('',#848,#2653,#5913,.T.);
#5913 = LINE('',#5914,#5915);
#5914 = CARTESIAN_POINT('',(107.416667,-163.916667,0.));
#5915 = VECTOR('',#5916,1.);
#5916 = DIRECTION('',(0.,0.,1.));
#5917 = ORIENTED_EDGE('',*,*,#855,.F.);
#5918 = PLANE('',#5919);
#5919 = AXIS2_PLACEMENT_3D('',#5920,#5921,#5922);
#5920 = CARTESIAN_POINT('',(107.479167,-163.479167,0.));
#5921 = DIRECTION('',(0.989949493661,-0.141421356237,0.));
#5922 = DIRECTION('',(-0.141421356237,-0.989949493661,0.));
#5923 = ADVANCED_FACE('',(#5924),#5935,.T.);
#5924 = FACE_BOUND('',#5925,.T.);
#5925 = EDGE_LOOP('',(#5926,#5932,#5933,#5934));
#5926 = ORIENTED_EDGE('',*,*,#5927,.T.);
#5927 = EDGE_CURVE('',#656,#2461,#5928,.T.);
#5928 = LINE('',#5929,#5930);
#5929 = CARTESIAN_POINT('',(92.5,-155.,0.));
#5930 = VECTOR('',#5931,1.);
#5931 = DIRECTION('',(0.,0.,1.));
#5932 = ORIENTED_EDGE('',*,*,#2460,.T.);
#5933 = ORIENTED_EDGE('',*,*,#5893,.F.);
#5934 = ORIENTED_EDGE('',*,*,#655,.F.);
#5935 = PLANE('',#5936);
#5936 = AXIS2_PLACEMENT_3D('',#5937,#5938,#5939);
#5937 = CARTESIAN_POINT('',(92.5,-155.,0.));
#5938 = DIRECTION('',(-0.999056170157,-4.343695283459E-02,0.));
#5939 = DIRECTION('',(-4.343695283459E-02,0.999056170157,0.));
#5940 = ADVANCED_FACE('',(#5941),#5952,.T.);
#5941 = FACE_BOUND('',#5942,.T.);
#5942 = EDGE_LOOP('',(#5943,#5944,#5945,#5951));
#5943 = ORIENTED_EDGE('',*,*,#5912,.T.);
#5944 = ORIENTED_EDGE('',*,*,#2652,.T.);
#5945 = ORIENTED_EDGE('',*,*,#5946,.F.);
#5946 = EDGE_CURVE('',#840,#2645,#5947,.T.);
#5947 = LINE('',#5948,#5949);
#5948 = CARTESIAN_POINT('',(107.3125,-164.3125,0.));
#5949 = VECTOR('',#5950,1.);
#5950 = DIRECTION('',(0.,0.,1.));
#5951 = ORIENTED_EDGE('',*,*,#847,.F.);
#5952 = PLANE('',#5953);
#5953 = AXIS2_PLACEMENT_3D('',#5954,#5955,#5956);
#5954 = CARTESIAN_POINT('',(107.416667,-163.916667,0.));
#5955 = DIRECTION('',(0.967074284087,-0.254494261344,0.));
#5956 = DIRECTION('',(-0.254494261344,-0.967074284087,0.));
#5957 = ADVANCED_FACE('',(#5958),#5969,.T.);
#5958 = FACE_BOUND('',#5959,.T.);
#5959 = EDGE_LOOP('',(#5960,#5966,#5967,#5968));
#5960 = ORIENTED_EDGE('',*,*,#5961,.T.);
#5961 = EDGE_CURVE('',#664,#2469,#5962,.T.);
#5962 = LINE('',#5963,#5964);
#5963 = CARTESIAN_POINT('',(92.5,-163.,0.));
#5964 = VECTOR('',#5965,1.);
#5965 = DIRECTION('',(0.,0.,1.));
#5966 = ORIENTED_EDGE('',*,*,#2468,.T.);
#5967 = ORIENTED_EDGE('',*,*,#5927,.F.);
#5968 = ORIENTED_EDGE('',*,*,#663,.F.);
#5969 = PLANE('',#5970);
#5970 = AXIS2_PLACEMENT_3D('',#5971,#5972,#5973);
#5971 = CARTESIAN_POINT('',(92.5,-163.,0.));
#5972 = DIRECTION('',(-1.,0.,0.));
#5973 = DIRECTION('',(0.,1.,0.));
#5974 = ADVANCED_FACE('',(#5975),#5986,.T.);
#5975 = FACE_BOUND('',#5976,.T.);
#5976 = EDGE_LOOP('',(#5977,#5978,#5979,#5985));
#5977 = ORIENTED_EDGE('',*,*,#5946,.T.);
#5978 = ORIENTED_EDGE('',*,*,#2644,.T.);
#5979 = ORIENTED_EDGE('',*,*,#5980,.F.);
#5980 = EDGE_CURVE('',#832,#2637,#5981,.T.);
#5981 = LINE('',#5982,#5983);
#5982 = CARTESIAN_POINT('',(107.166667,-164.666667,0.));
#5983 = VECTOR('',#5984,1.);
#5984 = DIRECTION('',(0.,0.,1.));
#5985 = ORIENTED_EDGE('',*,*,#839,.F.);
#5986 = PLANE('',#5987);
#5987 = AXIS2_PLACEMENT_3D('',#5988,#5989,#5990);
#5988 = CARTESIAN_POINT('',(107.3125,-164.3125,0.));
#5989 = DIRECTION('',(0.924678531042,-0.380748754733,0.));
#5990 = DIRECTION('',(-0.380748754733,-0.924678531042,0.));
#5991 = ADVANCED_FACE('',(#5992),#6003,.T.);
#5992 = FACE_BOUND('',#5993,.T.);
#5993 = EDGE_LOOP('',(#5994,#6000,#6001,#6002));
#5994 = ORIENTED_EDGE('',*,*,#5995,.T.);
#5995 = EDGE_CURVE('',#672,#2477,#5996,.T.);
#5996 = LINE('',#5997,#5998);
#5997 = CARTESIAN_POINT('',(92.520833,-163.479167,0.));
#5998 = VECTOR('',#5999,1.);
#5999 = DIRECTION('',(0.,0.,1.));
#6000 = ORIENTED_EDGE('',*,*,#2476,.T.);
#6001 = ORIENTED_EDGE('',*,*,#5961,.F.);
#6002 = ORIENTED_EDGE('',*,*,#671,.F.);
#6003 = PLANE('',#6004);
#6004 = AXIS2_PLACEMENT_3D('',#6005,#6006,#6007);
#6005 = CARTESIAN_POINT('',(92.520833,-163.479167,0.));
#6006 = DIRECTION('',(-0.999056189826,-4.343650043231E-02,0.));
#6007 = DIRECTION('',(-4.343650043231E-02,0.999056189826,0.));
#6008 = ADVANCED_FACE('',(#6009),#6020,.T.);
#6009 = FACE_BOUND('',#6010,.T.);
#6010 = EDGE_LOOP('',(#6011,#6012,#6013,#6019));
#6011 = ORIENTED_EDGE('',*,*,#5980,.T.);
#6012 = ORIENTED_EDGE('',*,*,#2636,.T.);
#6013 = ORIENTED_EDGE('',*,*,#6014,.F.);
#6014 = EDGE_CURVE('',#824,#2629,#6015,.T.);
#6015 = LINE('',#6016,#6017);
#6016 = CARTESIAN_POINT('',(106.979167,-164.979167,0.));
#6017 = VECTOR('',#6018,1.);
#6018 = DIRECTION('',(0.,0.,1.));
#6019 = ORIENTED_EDGE('',*,*,#831,.F.);
#6020 = PLANE('',#6021);
#6021 = AXIS2_PLACEMENT_3D('',#6022,#6023,#6024);
#6022 = CARTESIAN_POINT('',(107.166667,-164.666667,0.));
#6023 = DIRECTION('',(0.857492925713,-0.514495755428,0.));
#6024 = DIRECTION('',(-0.514495755428,-0.857492925713,0.));
#6025 = ADVANCED_FACE('',(#6026),#6037,.T.);
#6026 = FACE_BOUND('',#6027,.T.);
#6027 = EDGE_LOOP('',(#6028,#6034,#6035,#6036));
#6028 = ORIENTED_EDGE('',*,*,#6029,.T.);
#6029 = EDGE_CURVE('',#680,#2485,#6030,.T.);
#6030 = LINE('',#6031,#6032);
#6031 = CARTESIAN_POINT('',(92.583333,-163.916667,0.));
#6032 = VECTOR('',#6033,1.);
#6033 = DIRECTION('',(0.,0.,1.));
#6034 = ORIENTED_EDGE('',*,*,#2484,.T.);
#6035 = ORIENTED_EDGE('',*,*,#5995,.F.);
#6036 = ORIENTED_EDGE('',*,*,#679,.F.);
#6037 = PLANE('',#6038);
#6038 = AXIS2_PLACEMENT_3D('',#6039,#6040,#6041);
#6039 = CARTESIAN_POINT('',(92.583333,-163.916667,0.));
#6040 = DIRECTION('',(-0.989949493661,-0.141421356237,0.));
#6041 = DIRECTION('',(-0.141421356237,0.989949493661,0.));
#6042 = ADVANCED_FACE('',(#6043),#6054,.T.);
#6043 = FACE_BOUND('',#6044,.T.);
#6044 = EDGE_LOOP('',(#6045,#6046,#6047,#6053));
#6045 = ORIENTED_EDGE('',*,*,#6014,.T.);
#6046 = ORIENTED_EDGE('',*,*,#2628,.T.);
#6047 = ORIENTED_EDGE('',*,*,#6048,.F.);
#6048 = EDGE_CURVE('',#816,#2621,#6049,.T.);
#6049 = LINE('',#6050,#6051);
#6050 = CARTESIAN_POINT('',(106.75,-165.25,0.));
#6051 = VECTOR('',#6052,1.);
#6052 = DIRECTION('',(0.,0.,1.));
#6053 = ORIENTED_EDGE('',*,*,#823,.F.);
#6054 = PLANE('',#6055);
#6055 = AXIS2_PLACEMENT_3D('',#6056,#6057,#6058);
#6056 = CARTESIAN_POINT('',(106.979167,-164.979167,0.));
#6057 = DIRECTION('',(0.763385430052,-0.645943252294,0.));
#6058 = DIRECTION('',(-0.645943252294,-0.763385430052,0.));
#6059 = ADVANCED_FACE('',(#6060),#6071,.T.);
#6060 = FACE_BOUND('',#6061,.T.);
#6061 = EDGE_LOOP('',(#6062,#6068,#6069,#6070));
#6062 = ORIENTED_EDGE('',*,*,#6063,.T.);
#6063 = EDGE_CURVE('',#688,#2493,#6064,.T.);
#6064 = LINE('',#6065,#6066);
#6065 = CARTESIAN_POINT('',(92.6875,-164.3125,0.));
#6066 = VECTOR('',#6067,1.);
#6067 = DIRECTION('',(0.,0.,1.));
#6068 = ORIENTED_EDGE('',*,*,#2492,.T.);
#6069 = ORIENTED_EDGE('',*,*,#6029,.F.);
#6070 = ORIENTED_EDGE('',*,*,#687,.F.);
#6071 = PLANE('',#6072);
#6072 = AXIS2_PLACEMENT_3D('',#6073,#6074,#6075);
#6073 = CARTESIAN_POINT('',(92.6875,-164.3125,0.));
#6074 = DIRECTION('',(-0.967074284087,-0.254494261344,0.));
#6075 = DIRECTION('',(-0.254494261344,0.967074284087,0.));
#6076 = ADVANCED_FACE('',(#6077),#6088,.T.);
#6077 = FACE_BOUND('',#6078,.T.);
#6078 = EDGE_LOOP('',(#6079,#6080,#6081,#6087));
#6079 = ORIENTED_EDGE('',*,*,#6048,.T.);
#6080 = ORIENTED_EDGE('',*,*,#2620,.T.);
#6081 = ORIENTED_EDGE('',*,*,#6082,.F.);
#6082 = EDGE_CURVE('',#808,#2613,#6083,.T.);
#6083 = LINE('',#6084,#6085);
#6084 = CARTESIAN_POINT('',(106.479167,-165.479167,0.));
#6085 = VECTOR('',#6086,1.);
#6086 = DIRECTION('',(0.,0.,1.));
#6087 = ORIENTED_EDGE('',*,*,#815,.F.);
#6088 = PLANE('',#6089);
#6089 = AXIS2_PLACEMENT_3D('',#6090,#6091,#6092);
#6090 = CARTESIAN_POINT('',(106.75,-165.25,0.));
#6091 = DIRECTION('',(0.645943252294,-0.763385430052,0.));
#6092 = DIRECTION('',(-0.763385430052,-0.645943252294,0.));
#6093 = ADVANCED_FACE('',(#6094),#6105,.T.);
#6094 = FACE_BOUND('',#6095,.T.);
#6095 = EDGE_LOOP('',(#6096,#6102,#6103,#6104));
#6096 = ORIENTED_EDGE('',*,*,#6097,.T.);
#6097 = EDGE_CURVE('',#696,#2501,#6098,.T.);
#6098 = LINE('',#6099,#6100);
#6099 = CARTESIAN_POINT('',(92.833333,-164.666667,0.));
#6100 = VECTOR('',#6101,1.);
#6101 = DIRECTION('',(0.,0.,1.));
#6102 = ORIENTED_EDGE('',*,*,#2500,.T.);
#6103 = ORIENTED_EDGE('',*,*,#6063,.F.);
#6104 = ORIENTED_EDGE('',*,*,#695,.F.);
#6105 = PLANE('',#6106);
#6106 = AXIS2_PLACEMENT_3D('',#6107,#6108,#6109);
#6107 = CARTESIAN_POINT('',(92.833333,-164.666667,0.));
#6108 = DIRECTION('',(-0.924678531042,-0.380748754733,0.));
#6109 = DIRECTION('',(-0.380748754733,0.924678531042,0.));
#6110 = ADVANCED_FACE('',(#6111),#6122,.T.);
#6111 = FACE_BOUND('',#6112,.T.);
#6112 = EDGE_LOOP('',(#6113,#6114,#6115,#6121));
#6113 = ORIENTED_EDGE('',*,*,#6082,.T.);
#6114 = ORIENTED_EDGE('',*,*,#2612,.T.);
#6115 = ORIENTED_EDGE('',*,*,#6116,.F.);
#6116 = EDGE_CURVE('',#800,#2605,#6117,.T.);
#6117 = LINE('',#6118,#6119);
#6118 = CARTESIAN_POINT('',(106.166667,-165.666667,0.));
#6119 = VECTOR('',#6120,1.);
#6120 = DIRECTION('',(0.,0.,1.));
#6121 = ORIENTED_EDGE('',*,*,#807,.F.);
#6122 = PLANE('',#6123);
#6123 = AXIS2_PLACEMENT_3D('',#6124,#6125,#6126);
#6124 = CARTESIAN_POINT('',(106.479167,-165.479167,0.));
#6125 = DIRECTION('',(0.514495755428,-0.857492925713,0.));
#6126 = DIRECTION('',(-0.857492925713,-0.514495755428,0.));
#6127 = ADVANCED_FACE('',(#6128),#6139,.T.);
#6128 = FACE_BOUND('',#6129,.T.);
#6129 = EDGE_LOOP('',(#6130,#6136,#6137,#6138));
#6130 = ORIENTED_EDGE('',*,*,#6131,.T.);
#6131 = EDGE_CURVE('',#704,#2509,#6132,.T.);
#6132 = LINE('',#6133,#6134);
#6133 = CARTESIAN_POINT('',(93.020833,-164.979167,0.));
#6134 = VECTOR('',#6135,1.);
#6135 = DIRECTION('',(0.,0.,1.));
#6136 = ORIENTED_EDGE('',*,*,#2508,.T.);
#6137 = ORIENTED_EDGE('',*,*,#6097,.F.);
#6138 = ORIENTED_EDGE('',*,*,#703,.F.);
#6139 = PLANE('',#6140);
#6140 = AXIS2_PLACEMENT_3D('',#6141,#6142,#6143);
#6141 = CARTESIAN_POINT('',(93.020833,-164.979167,0.));
#6142 = DIRECTION('',(-0.857492925713,-0.514495755428,0.));
#6143 = DIRECTION('',(-0.514495755428,0.857492925713,0.));
#6144 = ADVANCED_FACE('',(#6145),#6156,.T.);
#6145 = FACE_BOUND('',#6146,.T.);
#6146 = EDGE_LOOP('',(#6147,#6148,#6149,#6155));
#6147 = ORIENTED_EDGE('',*,*,#6116,.T.);
#6148 = ORIENTED_EDGE('',*,*,#2604,.T.);
#6149 = ORIENTED_EDGE('',*,*,#6150,.F.);
#6150 = EDGE_CURVE('',#792,#2597,#6151,.T.);
#6151 = LINE('',#6152,#6153);
#6152 = CARTESIAN_POINT('',(105.8125,-165.8125,0.));
#6153 = VECTOR('',#6154,1.);
#6154 = DIRECTION('',(0.,0.,1.));
#6155 = ORIENTED_EDGE('',*,*,#799,.F.);
#6156 = PLANE('',#6157);
#6157 = AXIS2_PLACEMENT_3D('',#6158,#6159,#6160);
#6158 = CARTESIAN_POINT('',(106.166667,-165.666667,0.));
#6159 = DIRECTION('',(0.380748754733,-0.924678531042,0.));
#6160 = DIRECTION('',(-0.924678531042,-0.380748754733,0.));
#6161 = ADVANCED_FACE('',(#6162),#6173,.T.);
#6162 = FACE_BOUND('',#6163,.T.);
#6163 = EDGE_LOOP('',(#6164,#6170,#6171,#6172));
#6164 = ORIENTED_EDGE('',*,*,#6165,.T.);
#6165 = EDGE_CURVE('',#712,#2517,#6166,.T.);
#6166 = LINE('',#6167,#6168);
#6167 = CARTESIAN_POINT('',(93.25,-165.25,0.));
#6168 = VECTOR('',#6169,1.);
#6169 = DIRECTION('',(0.,0.,1.));
#6170 = ORIENTED_EDGE('',*,*,#2516,.T.);
#6171 = ORIENTED_EDGE('',*,*,#6131,.F.);
#6172 = ORIENTED_EDGE('',*,*,#711,.F.);
#6173 = PLANE('',#6174);
#6174 = AXIS2_PLACEMENT_3D('',#6175,#6176,#6177);
#6175 = CARTESIAN_POINT('',(93.25,-165.25,0.));
#6176 = DIRECTION('',(-0.763385430052,-0.645943252294,0.));
#6177 = DIRECTION('',(-0.645943252294,0.763385430052,0.));
#6178 = ADVANCED_FACE('',(#6179),#6190,.T.);
#6179 = FACE_BOUND('',#6180,.T.);
#6180 = EDGE_LOOP('',(#6181,#6182,#6183,#6189));
#6181 = ORIENTED_EDGE('',*,*,#6150,.T.);
#6182 = ORIENTED_EDGE('',*,*,#2596,.T.);
#6183 = ORIENTED_EDGE('',*,*,#6184,.F.);
#6184 = EDGE_CURVE('',#784,#2589,#6185,.T.);
#6185 = LINE('',#6186,#6187);
#6186 = CARTESIAN_POINT('',(105.416667,-165.916667,0.));
#6187 = VECTOR('',#6188,1.);
#6188 = DIRECTION('',(0.,0.,1.));
#6189 = ORIENTED_EDGE('',*,*,#791,.F.);
#6190 = PLANE('',#6191);
#6191 = AXIS2_PLACEMENT_3D('',#6192,#6193,#6194);
#6192 = CARTESIAN_POINT('',(105.8125,-165.8125,0.));
#6193 = DIRECTION('',(0.254494261344,-0.967074284087,0.));
#6194 = DIRECTION('',(-0.967074284087,-0.254494261344,0.));
#6195 = ADVANCED_FACE('',(#6196),#6207,.T.);
#6196 = FACE_BOUND('',#6197,.T.);
#6197 = EDGE_LOOP('',(#6198,#6204,#6205,#6206));
#6198 = ORIENTED_EDGE('',*,*,#6199,.T.);
#6199 = EDGE_CURVE('',#720,#2525,#6200,.T.);
#6200 = LINE('',#6201,#6202);
#6201 = CARTESIAN_POINT('',(93.520833,-165.479167,0.));
#6202 = VECTOR('',#6203,1.);
#6203 = DIRECTION('',(0.,0.,1.));
#6204 = ORIENTED_EDGE('',*,*,#2524,.T.);
#6205 = ORIENTED_EDGE('',*,*,#6165,.F.);
#6206 = ORIENTED_EDGE('',*,*,#719,.F.);
#6207 = PLANE('',#6208);
#6208 = AXIS2_PLACEMENT_3D('',#6209,#6210,#6211);
#6209 = CARTESIAN_POINT('',(93.520833,-165.479167,0.));
#6210 = DIRECTION('',(-0.645943252294,-0.763385430052,0.));
#6211 = DIRECTION('',(-0.763385430052,0.645943252294,0.));
#6212 = ADVANCED_FACE('',(#6213),#6224,.T.);
#6213 = FACE_BOUND('',#6214,.T.);
#6214 = EDGE_LOOP('',(#6215,#6216,#6217,#6223));
#6215 = ORIENTED_EDGE('',*,*,#6184,.T.);
#6216 = ORIENTED_EDGE('',*,*,#2588,.T.);
#6217 = ORIENTED_EDGE('',*,*,#6218,.F.);
#6218 = EDGE_CURVE('',#776,#2581,#6219,.T.);
#6219 = LINE('',#6220,#6221);
#6220 = CARTESIAN_POINT('',(104.979167,-165.979167,0.));
#6221 = VECTOR('',#6222,1.);
#6222 = DIRECTION('',(0.,0.,1.));
#6223 = ORIENTED_EDGE('',*,*,#783,.F.);
#6224 = PLANE('',#6225);
#6225 = AXIS2_PLACEMENT_3D('',#6226,#6227,#6228);
#6226 = CARTESIAN_POINT('',(105.416667,-165.916667,0.));
#6227 = DIRECTION('',(0.141421356237,-0.989949493661,0.));
#6228 = DIRECTION('',(-0.989949493661,-0.141421356237,0.));
#6229 = ADVANCED_FACE('',(#6230),#6241,.T.);
#6230 = FACE_BOUND('',#6231,.T.);
#6231 = EDGE_LOOP('',(#6232,#6238,#6239,#6240));
#6232 = ORIENTED_EDGE('',*,*,#6233,.T.);
#6233 = EDGE_CURVE('',#728,#2533,#6234,.T.);
#6234 = LINE('',#6235,#6236);
#6235 = CARTESIAN_POINT('',(93.833333,-165.666667,0.));
#6236 = VECTOR('',#6237,1.);
#6237 = DIRECTION('',(0.,0.,1.));
#6238 = ORIENTED_EDGE('',*,*,#2532,.T.);
#6239 = ORIENTED_EDGE('',*,*,#6199,.F.);
#6240 = ORIENTED_EDGE('',*,*,#727,.F.);
#6241 = PLANE('',#6242);
#6242 = AXIS2_PLACEMENT_3D('',#6243,#6244,#6245);
#6243 = CARTESIAN_POINT('',(93.833333,-165.666667,0.));
#6244 = DIRECTION('',(-0.514495755428,-0.857492925713,0.));
#6245 = DIRECTION('',(-0.857492925713,0.514495755428,0.));
#6246 = ADVANCED_FACE('',(#6247),#6258,.T.);
#6247 = FACE_BOUND('',#6248,.T.);
#6248 = EDGE_LOOP('',(#6249,#6250,#6251,#6257));
#6249 = ORIENTED_EDGE('',*,*,#6218,.T.);
#6250 = ORIENTED_EDGE('',*,*,#2580,.T.);
#6251 = ORIENTED_EDGE('',*,*,#6252,.F.);
#6252 = EDGE_CURVE('',#768,#2573,#6253,.T.);
#6253 = LINE('',#6254,#6255);
#6254 = CARTESIAN_POINT('',(104.5,-166.,0.));
#6255 = VECTOR('',#6256,1.);
#6256 = DIRECTION('',(0.,0.,1.));
#6257 = ORIENTED_EDGE('',*,*,#775,.F.);
#6258 = PLANE('',#6259);
#6259 = AXIS2_PLACEMENT_3D('',#6260,#6261,#6262);
#6260 = CARTESIAN_POINT('',(104.979167,-165.979167,0.));
#6261 = DIRECTION('',(4.343650043234E-02,-0.999056189826,0.));
#6262 = DIRECTION('',(-0.999056189826,-4.343650043234E-02,0.));
#6263 = ADVANCED_FACE('',(#6264),#6275,.T.);
#6264 = FACE_BOUND('',#6265,.T.);
#6265 = EDGE_LOOP('',(#6266,#6272,#6273,#6274));
#6266 = ORIENTED_EDGE('',*,*,#6267,.T.);
#6267 = EDGE_CURVE('',#736,#2541,#6268,.T.);
#6268 = LINE('',#6269,#6270);
#6269 = CARTESIAN_POINT('',(94.1875,-165.8125,0.));
#6270 = VECTOR('',#6271,1.);
#6271 = DIRECTION('',(0.,0.,1.));
#6272 = ORIENTED_EDGE('',*,*,#2540,.T.);
#6273 = ORIENTED_EDGE('',*,*,#6233,.F.);
#6274 = ORIENTED_EDGE('',*,*,#735,.F.);
#6275 = PLANE('',#6276);
#6276 = AXIS2_PLACEMENT_3D('',#6277,#6278,#6279);
#6277 = CARTESIAN_POINT('',(94.1875,-165.8125,0.));
#6278 = DIRECTION('',(-0.380748754733,-0.924678531042,0.));
#6279 = DIRECTION('',(-0.924678531042,0.380748754733,0.));
#6280 = ADVANCED_FACE('',(#6281),#6292,.T.);
#6281 = FACE_BOUND('',#6282,.T.);
#6282 = EDGE_LOOP('',(#6283,#6284,#6285,#6291));
#6283 = ORIENTED_EDGE('',*,*,#6252,.T.);
#6284 = ORIENTED_EDGE('',*,*,#2572,.T.);
#6285 = ORIENTED_EDGE('',*,*,#6286,.F.);
#6286 = EDGE_CURVE('',#760,#2565,#6287,.T.);
#6287 = LINE('',#6288,#6289);
#6288 = CARTESIAN_POINT('',(95.5,-166.,0.));
#6289 = VECTOR('',#6290,1.);
#6290 = DIRECTION('',(0.,0.,1.));
#6291 = ORIENTED_EDGE('',*,*,#767,.F.);
#6292 = PLANE('',#6293);
#6293 = AXIS2_PLACEMENT_3D('',#6294,#6295,#6296);
#6294 = CARTESIAN_POINT('',(104.5,-166.,0.));
#6295 = DIRECTION('',(0.,-1.,0.));
#6296 = DIRECTION('',(-1.,0.,0.));
#6297 = ADVANCED_FACE('',(#6298),#6309,.T.);
#6298 = FACE_BOUND('',#6299,.T.);
#6299 = EDGE_LOOP('',(#6300,#6306,#6307,#6308));
#6300 = ORIENTED_EDGE('',*,*,#6301,.T.);
#6301 = EDGE_CURVE('',#744,#2549,#6302,.T.);
#6302 = LINE('',#6303,#6304);
#6303 = CARTESIAN_POINT('',(94.583333,-165.916667,0.));
#6304 = VECTOR('',#6305,1.);
#6305 = DIRECTION('',(0.,0.,1.));
#6306 = ORIENTED_EDGE('',*,*,#2548,.T.);
#6307 = ORIENTED_EDGE('',*,*,#6267,.F.);
#6308 = ORIENTED_EDGE('',*,*,#743,.F.);
#6309 = PLANE('',#6310);
#6310 = AXIS2_PLACEMENT_3D('',#6311,#6312,#6313);
#6311 = CARTESIAN_POINT('',(94.583333,-165.916667,0.));
#6312 = DIRECTION('',(-0.254494261344,-0.967074284087,0.));
#6313 = DIRECTION('',(-0.967074284087,0.254494261344,0.));
#6314 = ADVANCED_FACE('',(#6315),#6326,.T.);
#6315 = FACE_BOUND('',#6316,.T.);
#6316 = EDGE_LOOP('',(#6317,#6318,#6319,#6325));
#6317 = ORIENTED_EDGE('',*,*,#6286,.T.);
#6318 = ORIENTED_EDGE('',*,*,#2564,.T.);
#6319 = ORIENTED_EDGE('',*,*,#6320,.F.);
#6320 = EDGE_CURVE('',#752,#2557,#6321,.T.);
#6321 = LINE('',#6322,#6323);
#6322 = CARTESIAN_POINT('',(95.020833,-165.979167,0.));
#6323 = VECTOR('',#6324,1.);
#6324 = DIRECTION('',(0.,0.,1.));
#6325 = ORIENTED_EDGE('',*,*,#759,.F.);
#6326 = PLANE('',#6327);
#6327 = AXIS2_PLACEMENT_3D('',#6328,#6329,#6330);
#6328 = CARTESIAN_POINT('',(95.5,-166.,0.));
#6329 = DIRECTION('',(-4.343650043234E-02,-0.999056189826,0.));
#6330 = DIRECTION('',(-0.999056189826,4.343650043234E-02,0.));
#6331 = ADVANCED_FACE('',(#6332),#6338,.T.);
#6332 = FACE_BOUND('',#6333,.T.);
#6333 = EDGE_LOOP('',(#6334,#6335,#6336,#6337));
#6334 = ORIENTED_EDGE('',*,*,#6320,.T.);
#6335 = ORIENTED_EDGE('',*,*,#2556,.T.);
#6336 = ORIENTED_EDGE('',*,*,#6301,.F.);
#6337 = ORIENTED_EDGE('',*,*,#751,.F.);
#6338 = PLANE('',#6339);
#6339 = AXIS2_PLACEMENT_3D('',#6340,#6341,#6342);
#6340 = CARTESIAN_POINT('',(95.020833,-165.979167,0.));
#6341 = DIRECTION('',(-0.141421356237,-0.989949493661,0.));
#6342 = DIRECTION('',(-0.989949493661,0.141421356237,0.));
#6343 = ADVANCED_FACE('',(#6344),#6355,.F.);
#6344 = FACE_BOUND('',#6345,.T.);
#6345 = EDGE_LOOP('',(#6346,#6347,#6353,#6354));
#6346 = ORIENTED_EDGE('',*,*,#1368,.T.);
#6347 = ORIENTED_EDGE('',*,*,#6348,.T.);
#6348 = EDGE_CURVE('',#1369,#3174,#6349,.T.);
#6349 = LINE('',#6350,#6351);
#6350 = CARTESIAN_POINT('',(81.5,-147.65,-4.6E-02));
#6351 = VECTOR('',#6352,1.);
#6352 = DIRECTION('',(0.,0.,1.));
#6353 = ORIENTED_EDGE('',*,*,#3173,.F.);
#6354 = ORIENTED_EDGE('',*,*,#6348,.F.);
#6355 = CYLINDRICAL_SURFACE('',#6356,1.65);
#6356 = AXIS2_PLACEMENT_3D('',#6357,#6358,#6359);
#6357 = CARTESIAN_POINT('',(81.5,-146.,-4.6E-02));
#6358 = DIRECTION('',(-0.,-0.,-1.));
#6359 = DIRECTION('',(-0.,-1.,0.));
#6360 = ADVANCED_FACE('',(#6361),#6372,.F.);
#6361 = FACE_BOUND('',#6362,.T.);
#6362 = EDGE_LOOP('',(#6363,#6364,#6370,#6371));
#6363 = ORIENTED_EDGE('',*,*,#1379,.T.);
#6364 = ORIENTED_EDGE('',*,*,#6365,.T.);
#6365 = EDGE_CURVE('',#1380,#3185,#6366,.T.);
#6366 = LINE('',#6367,#6368);
#6367 = CARTESIAN_POINT('',(81.,-138.215,-4.6E-02));
#6368 = VECTOR('',#6369,1.);
#6369 = DIRECTION('',(0.,0.,1.));
#6370 = ORIENTED_EDGE('',*,*,#3184,.F.);
#6371 = ORIENTED_EDGE('',*,*,#6365,.F.);
#6372 = CYLINDRICAL_SURFACE('',#6373,0.45);
#6373 = AXIS2_PLACEMENT_3D('',#6374,#6375,#6376);
#6374 = CARTESIAN_POINT('',(81.,-137.765,-4.6E-02));
#6375 = DIRECTION('',(-0.,-0.,-1.));
#6376 = DIRECTION('',(-0.,-1.,0.));
#6377 = ADVANCED_FACE('',(#6378),#6389,.F.);
#6378 = FACE_BOUND('',#6379,.T.);
#6379 = EDGE_LOOP('',(#6380,#6381,#6387,#6388));
#6380 = ORIENTED_EDGE('',*,*,#1390,.T.);
#6381 = ORIENTED_EDGE('',*,*,#6382,.T.);
#6382 = EDGE_CURVE('',#1391,#3196,#6383,.T.);
#6383 = LINE('',#6384,#6385);
#6384 = CARTESIAN_POINT('',(81.,-135.675,-4.6E-02));
#6385 = VECTOR('',#6386,1.);
#6386 = DIRECTION('',(0.,0.,1.));
#6387 = ORIENTED_EDGE('',*,*,#3195,.F.);
#6388 = ORIENTED_EDGE('',*,*,#6382,.F.);
#6389 = CYLINDRICAL_SURFACE('',#6390,0.45);
#6390 = AXIS2_PLACEMENT_3D('',#6391,#6392,#6393);
#6391 = CARTESIAN_POINT('',(81.,-135.225,-4.6E-02));
#6392 = DIRECTION('',(-0.,-0.,-1.));
#6393 = DIRECTION('',(-0.,-1.,0.));
#6394 = ADVANCED_FACE('',(#6395),#6406,.F.);
#6395 = FACE_BOUND('',#6396,.T.);
#6396 = EDGE_LOOP('',(#6397,#6398,#6404,#6405));
#6397 = ORIENTED_EDGE('',*,*,#1401,.T.);
#6398 = ORIENTED_EDGE('',*,*,#6399,.T.);
#6399 = EDGE_CURVE('',#1402,#3207,#6400,.T.);
#6400 = LINE('',#6401,#6402);
#6401 = CARTESIAN_POINT('',(81.5,-128.72,-4.6E-02));
#6402 = VECTOR('',#6403,1.);
#6403 = DIRECTION('',(0.,0.,1.));
#6404 = ORIENTED_EDGE('',*,*,#3206,.F.);
#6405 = ORIENTED_EDGE('',*,*,#6399,.F.);
#6406 = CYLINDRICAL_SURFACE('',#6407,0.6);
#6407 = AXIS2_PLACEMENT_3D('',#6408,#6409,#6410);
#6408 = CARTESIAN_POINT('',(81.5,-128.12,-4.6E-02));
#6409 = DIRECTION('',(-0.,-0.,-1.));
#6410 = DIRECTION('',(-0.,-1.,0.));
#6411 = ADVANCED_FACE('',(#6412),#6423,.F.);
#6412 = FACE_BOUND('',#6413,.T.);
#6413 = EDGE_LOOP('',(#6414,#6415,#6421,#6422));
#6414 = ORIENTED_EDGE('',*,*,#1412,.T.);
#6415 = ORIENTED_EDGE('',*,*,#6416,.T.);
#6416 = EDGE_CURVE('',#1413,#3218,#6417,.T.);
#6417 = LINE('',#6418,#6419);
#6418 = CARTESIAN_POINT('',(87.5,-128.72,-4.6E-02));
#6419 = VECTOR('',#6420,1.);
#6420 = DIRECTION('',(0.,0.,1.));
#6421 = ORIENTED_EDGE('',*,*,#3217,.F.);
#6422 = ORIENTED_EDGE('',*,*,#6416,.F.);
#6423 = CYLINDRICAL_SURFACE('',#6424,0.6);
#6424 = AXIS2_PLACEMENT_3D('',#6425,#6426,#6427);
#6425 = CARTESIAN_POINT('',(87.5,-128.12,-4.6E-02));
#6426 = DIRECTION('',(-0.,-0.,-1.));
#6427 = DIRECTION('',(-0.,-1.,0.));
#6428 = ADVANCED_FACE('',(#6429),#6440,.F.);
#6429 = FACE_BOUND('',#6430,.T.);
#6430 = EDGE_LOOP('',(#6431,#6432,#6438,#6439));
#6431 = ORIENTED_EDGE('',*,*,#1423,.T.);
#6432 = ORIENTED_EDGE('',*,*,#6433,.T.);
#6433 = EDGE_CURVE('',#1424,#3229,#6434,.T.);
#6434 = LINE('',#6435,#6436);
#6435 = CARTESIAN_POINT('',(81.5,-113.48,-4.6E-02));
#6436 = VECTOR('',#6437,1.);
#6437 = DIRECTION('',(0.,0.,1.));
#6438 = ORIENTED_EDGE('',*,*,#3228,.F.);
#6439 = ORIENTED_EDGE('',*,*,#6433,.F.);
#6440 = CYLINDRICAL_SURFACE('',#6441,0.6);
#6441 = AXIS2_PLACEMENT_3D('',#6442,#6443,#6444);
#6442 = CARTESIAN_POINT('',(81.5,-112.88,-4.6E-02));
#6443 = DIRECTION('',(-0.,-0.,-1.));
#6444 = DIRECTION('',(-0.,-1.,0.));
#6445 = ADVANCED_FACE('',(#6446),#6457,.F.);
#6446 = FACE_BOUND('',#6447,.T.);
#6447 = EDGE_LOOP('',(#6448,#6449,#6455,#6456));
#6448 = ORIENTED_EDGE('',*,*,#1434,.T.);
#6449 = ORIENTED_EDGE('',*,*,#6450,.T.);
#6450 = EDGE_CURVE('',#1435,#3240,#6451,.T.);
#6451 = LINE('',#6452,#6453);
#6452 = CARTESIAN_POINT('',(87.5,-113.48,-4.6E-02));
#6453 = VECTOR('',#6454,1.);
#6454 = DIRECTION('',(0.,0.,1.));
#6455 = ORIENTED_EDGE('',*,*,#3239,.F.);
#6456 = ORIENTED_EDGE('',*,*,#6450,.F.);
#6457 = CYLINDRICAL_SURFACE('',#6458,0.6);
#6458 = AXIS2_PLACEMENT_3D('',#6459,#6460,#6461);
#6459 = CARTESIAN_POINT('',(87.5,-112.88,-4.6E-02));
#6460 = DIRECTION('',(-0.,-0.,-1.));
#6461 = DIRECTION('',(-0.,-1.,0.));
#6462 = ADVANCED_FACE('',(#6463),#6474,.F.);
#6463 = FACE_BOUND('',#6464,.T.);
#6464 = EDGE_LOOP('',(#6465,#6466,#6472,#6473));
#6465 = ORIENTED_EDGE('',*,*,#1445,.T.);
#6466 = ORIENTED_EDGE('',*,*,#6467,.T.);
#6467 = EDGE_CURVE('',#1446,#3251,#6468,.T.);
#6468 = LINE('',#6469,#6470);
#6469 = CARTESIAN_POINT('',(118.5,-147.65,-4.6E-02));
#6470 = VECTOR('',#6471,1.);
#6471 = DIRECTION('',(0.,0.,1.));
#6472 = ORIENTED_EDGE('',*,*,#3250,.F.);
#6473 = ORIENTED_EDGE('',*,*,#6467,.F.);
#6474 = CYLINDRICAL_SURFACE('',#6475,1.65);
#6475 = AXIS2_PLACEMENT_3D('',#6476,#6477,#6478);
#6476 = CARTESIAN_POINT('',(118.5,-146.,-4.6E-02));
#6477 = DIRECTION('',(-0.,-0.,-1.));
#6478 = DIRECTION('',(-0.,-1.,0.));
#6479 = ADVANCED_FACE('',(#6480),#6491,.F.);
#6480 = FACE_BOUND('',#6481,.T.);
#6481 = EDGE_LOOP('',(#6482,#6483,#6489,#6490));
#6482 = ORIENTED_EDGE('',*,*,#1456,.T.);
#6483 = ORIENTED_EDGE('',*,*,#6484,.T.);
#6484 = EDGE_CURVE('',#1457,#3262,#6485,.T.);
#6485 = LINE('',#6486,#6487);
#6486 = CARTESIAN_POINT('',(119.,-138.225,-4.6E-02));
#6487 = VECTOR('',#6488,1.);
#6488 = DIRECTION('',(0.,0.,1.));
#6489 = ORIENTED_EDGE('',*,*,#3261,.F.);
#6490 = ORIENTED_EDGE('',*,*,#6484,.F.);
#6491 = CYLINDRICAL_SURFACE('',#6492,0.45);
#6492 = AXIS2_PLACEMENT_3D('',#6493,#6494,#6495);
#6493 = CARTESIAN_POINT('',(119.,-137.775,-4.6E-02));
#6494 = DIRECTION('',(-0.,-0.,-1.));
#6495 = DIRECTION('',(-0.,-1.,0.));
#6496 = ADVANCED_FACE('',(#6497),#6508,.F.);
#6497 = FACE_BOUND('',#6498,.T.);
#6498 = EDGE_LOOP('',(#6499,#6500,#6506,#6507));
#6499 = ORIENTED_EDGE('',*,*,#1467,.T.);
#6500 = ORIENTED_EDGE('',*,*,#6501,.T.);
#6501 = EDGE_CURVE('',#1468,#3273,#6502,.T.);
#6502 = LINE('',#6503,#6504);
#6503 = CARTESIAN_POINT('',(119.,-135.685,-4.6E-02));
#6504 = VECTOR('',#6505,1.);
#6505 = DIRECTION('',(0.,0.,1.));
#6506 = ORIENTED_EDGE('',*,*,#3272,.F.);
#6507 = ORIENTED_EDGE('',*,*,#6501,.F.);
#6508 = CYLINDRICAL_SURFACE('',#6509,0.45);
#6509 = AXIS2_PLACEMENT_3D('',#6510,#6511,#6512);
#6510 = CARTESIAN_POINT('',(119.,-135.235,-4.6E-02));
#6511 = DIRECTION('',(-0.,-0.,-1.));
#6512 = DIRECTION('',(-0.,-1.,0.));
#6513 = ADVANCED_FACE('',(#6514),#6525,.F.);
#6514 = FACE_BOUND('',#6515,.T.);
#6515 = EDGE_LOOP('',(#6516,#6517,#6523,#6524));
#6516 = ORIENTED_EDGE('',*,*,#1478,.T.);
#6517 = ORIENTED_EDGE('',*,*,#6518,.T.);
#6518 = EDGE_CURVE('',#1479,#3284,#6519,.T.);
#6519 = LINE('',#6520,#6521);
#6520 = CARTESIAN_POINT('',(112.5,-128.72,-4.6E-02));
#6521 = VECTOR('',#6522,1.);
#6522 = DIRECTION('',(0.,0.,1.));
#6523 = ORIENTED_EDGE('',*,*,#3283,.F.);
#6524 = ORIENTED_EDGE('',*,*,#6518,.F.);
#6525 = CYLINDRICAL_SURFACE('',#6526,0.6);
#6526 = AXIS2_PLACEMENT_3D('',#6527,#6528,#6529);
#6527 = CARTESIAN_POINT('',(112.5,-128.12,-4.6E-02));
#6528 = DIRECTION('',(-0.,-0.,-1.));
#6529 = DIRECTION('',(-0.,-1.,0.));
#6530 = ADVANCED_FACE('',(#6531),#6542,.F.);
#6531 = FACE_BOUND('',#6532,.T.);
#6532 = EDGE_LOOP('',(#6533,#6534,#6540,#6541));
#6533 = ORIENTED_EDGE('',*,*,#1489,.T.);
#6534 = ORIENTED_EDGE('',*,*,#6535,.T.);
#6535 = EDGE_CURVE('',#1490,#3295,#6536,.T.);
#6536 = LINE('',#6537,#6538);
#6537 = CARTESIAN_POINT('',(118.,-128.72,-4.6E-02));
#6538 = VECTOR('',#6539,1.);
#6539 = DIRECTION('',(0.,0.,1.));
#6540 = ORIENTED_EDGE('',*,*,#3294,.F.);
#6541 = ORIENTED_EDGE('',*,*,#6535,.F.);
#6542 = CYLINDRICAL_SURFACE('',#6543,0.6);
#6543 = AXIS2_PLACEMENT_3D('',#6544,#6545,#6546);
#6544 = CARTESIAN_POINT('',(118.,-128.12,-4.6E-02));
#6545 = DIRECTION('',(-0.,-0.,-1.));
#6546 = DIRECTION('',(-0.,-1.,0.));
#6547 = ADVANCED_FACE('',(#6548),#6559,.F.);
#6548 = FACE_BOUND('',#6549,.T.);
#6549 = EDGE_LOOP('',(#6550,#6551,#6557,#6558));
#6550 = ORIENTED_EDGE('',*,*,#1500,.T.);
#6551 = ORIENTED_EDGE('',*,*,#6552,.T.);
#6552 = EDGE_CURVE('',#1501,#3306,#6553,.T.);
#6553 = LINE('',#6554,#6555);
#6554 = CARTESIAN_POINT('',(112.5,-113.48,-4.6E-02));
#6555 = VECTOR('',#6556,1.);
#6556 = DIRECTION('',(0.,0.,1.));
#6557 = ORIENTED_EDGE('',*,*,#3305,.F.);
#6558 = ORIENTED_EDGE('',*,*,#6552,.F.);
#6559 = CYLINDRICAL_SURFACE('',#6560,0.6);
#6560 = AXIS2_PLACEMENT_3D('',#6561,#6562,#6563);
#6561 = CARTESIAN_POINT('',(112.5,-112.88,-4.6E-02));
#6562 = DIRECTION('',(-0.,-0.,-1.));
#6563 = DIRECTION('',(-0.,-1.,0.));
#6564 = ADVANCED_FACE('',(#6565),#6576,.F.);
#6565 = FACE_BOUND('',#6566,.T.);
#6566 = EDGE_LOOP('',(#6567,#6568,#6574,#6575));
#6567 = ORIENTED_EDGE('',*,*,#1511,.T.);
#6568 = ORIENTED_EDGE('',*,*,#6569,.T.);
#6569 = EDGE_CURVE('',#1512,#3317,#6570,.T.);
#6570 = LINE('',#6571,#6572);
#6571 = CARTESIAN_POINT('',(118.,-113.48,-4.6E-02));
#6572 = VECTOR('',#6573,1.);
#6573 = DIRECTION('',(0.,0.,1.));
#6574 = ORIENTED_EDGE('',*,*,#3316,.F.);
#6575 = ORIENTED_EDGE('',*,*,#6569,.F.);
#6576 = CYLINDRICAL_SURFACE('',#6577,0.6);
#6577 = AXIS2_PLACEMENT_3D('',#6578,#6579,#6580);
#6578 = CARTESIAN_POINT('',(118.,-112.88,-4.6E-02));
#6579 = DIRECTION('',(-0.,-0.,-1.));
#6580 = DIRECTION('',(-0.,-1.,0.));
#6581 = ADVANCED_FACE('',(#6582),#6593,.F.);
#6582 = FACE_BOUND('',#6583,.T.);
#6583 = EDGE_LOOP('',(#6584,#6585,#6591,#6592));
#6584 = ORIENTED_EDGE('',*,*,#1522,.T.);
#6585 = ORIENTED_EDGE('',*,*,#6586,.T.);
#6586 = EDGE_CURVE('',#1523,#3328,#6587,.T.);
#6587 = LINE('',#6588,#6589);
#6588 = CARTESIAN_POINT('',(81.,-105.215,-4.6E-02));
#6589 = VECTOR('',#6590,1.);
#6590 = DIRECTION('',(0.,0.,1.));
#6591 = ORIENTED_EDGE('',*,*,#3327,.F.);
#6592 = ORIENTED_EDGE('',*,*,#6586,.F.);
#6593 = CYLINDRICAL_SURFACE('',#6594,0.45);
#6594 = AXIS2_PLACEMENT_3D('',#6595,#6596,#6597);
#6595 = CARTESIAN_POINT('',(81.,-104.765,-4.6E-02));
#6596 = DIRECTION('',(-0.,-0.,-1.));
#6597 = DIRECTION('',(-0.,-1.,0.));
#6598 = ADVANCED_FACE('',(#6599),#6610,.F.);
#6599 = FACE_BOUND('',#6600,.T.);
#6600 = EDGE_LOOP('',(#6601,#6602,#6608,#6609));
#6601 = ORIENTED_EDGE('',*,*,#1533,.T.);
#6602 = ORIENTED_EDGE('',*,*,#6603,.T.);
#6603 = EDGE_CURVE('',#1534,#3339,#6604,.T.);
#6604 = LINE('',#6605,#6606);
#6605 = CARTESIAN_POINT('',(81.,-102.675,-4.6E-02));
#6606 = VECTOR('',#6607,1.);
#6607 = DIRECTION('',(0.,0.,1.));
#6608 = ORIENTED_EDGE('',*,*,#3338,.F.);
#6609 = ORIENTED_EDGE('',*,*,#6603,.F.);
#6610 = CYLINDRICAL_SURFACE('',#6611,0.45);
#6611 = AXIS2_PLACEMENT_3D('',#6612,#6613,#6614);
#6612 = CARTESIAN_POINT('',(81.,-102.225,-4.6E-02));
#6613 = DIRECTION('',(-0.,-0.,-1.));
#6614 = DIRECTION('',(-0.,-1.,0.));
#6615 = ADVANCED_FACE('',(#6616),#6627,.F.);
#6616 = FACE_BOUND('',#6617,.T.);
#6617 = EDGE_LOOP('',(#6618,#6619,#6625,#6626));
#6618 = ORIENTED_EDGE('',*,*,#1544,.T.);
#6619 = ORIENTED_EDGE('',*,*,#6620,.T.);
#6620 = EDGE_CURVE('',#1545,#3350,#6621,.T.);
#6621 = LINE('',#6622,#6623);
#6622 = CARTESIAN_POINT('',(88.5,-103.999999,-4.6E-02));
#6623 = VECTOR('',#6624,1.);
#6624 = DIRECTION('',(0.,0.,1.));
#6625 = ORIENTED_EDGE('',*,*,#3349,.F.);
#6626 = ORIENTED_EDGE('',*,*,#6620,.F.);
#6627 = CYLINDRICAL_SURFACE('',#6628,0.499999);
#6628 = AXIS2_PLACEMENT_3D('',#6629,#6630,#6631);
#6629 = CARTESIAN_POINT('',(88.5,-103.5,-4.6E-02));
#6630 = DIRECTION('',(-0.,-0.,-1.));
#6631 = DIRECTION('',(-0.,-1.,0.));
#6632 = ADVANCED_FACE('',(#6633),#6644,.F.);
#6633 = FACE_BOUND('',#6634,.T.);
#6634 = EDGE_LOOP('',(#6635,#6636,#6642,#6643));
#6635 = ORIENTED_EDGE('',*,*,#1555,.T.);
#6636 = ORIENTED_EDGE('',*,*,#6637,.T.);
#6637 = EDGE_CURVE('',#1556,#3361,#6638,.T.);
#6638 = LINE('',#6639,#6640);
#6639 = CARTESIAN_POINT('',(88.5,-101.499999,-4.6E-02));
#6640 = VECTOR('',#6641,1.);
#6641 = DIRECTION('',(0.,0.,1.));
#6642 = ORIENTED_EDGE('',*,*,#3360,.F.);
#6643 = ORIENTED_EDGE('',*,*,#6637,.F.);
#6644 = CYLINDRICAL_SURFACE('',#6645,0.499999);
#6645 = AXIS2_PLACEMENT_3D('',#6646,#6647,#6648);
#6646 = CARTESIAN_POINT('',(88.5,-101.,-4.6E-02));
#6647 = DIRECTION('',(-0.,-0.,-1.));
#6648 = DIRECTION('',(-0.,-1.,0.));
#6649 = ADVANCED_FACE('',(#6650),#6661,.F.);
#6650 = FACE_BOUND('',#6651,.T.);
#6651 = EDGE_LOOP('',(#6652,#6653,#6659,#6660));
#6652 = ORIENTED_EDGE('',*,*,#1566,.T.);
#6653 = ORIENTED_EDGE('',*,*,#6654,.T.);
#6654 = EDGE_CURVE('',#1567,#3372,#6655,.T.);
#6655 = LINE('',#6656,#6657);
#6656 = CARTESIAN_POINT('',(81.5,-95.65,-4.6E-02));
#6657 = VECTOR('',#6658,1.);
#6658 = DIRECTION('',(0.,0.,1.));
#6659 = ORIENTED_EDGE('',*,*,#3371,.F.);
#6660 = ORIENTED_EDGE('',*,*,#6654,.F.);
#6661 = CYLINDRICAL_SURFACE('',#6662,1.65);
#6662 = AXIS2_PLACEMENT_3D('',#6663,#6664,#6665);
#6663 = CARTESIAN_POINT('',(81.5,-94.,-4.6E-02));
#6664 = DIRECTION('',(-0.,-0.,-1.));
#6665 = DIRECTION('',(-0.,-1.,0.));
#6666 = ADVANCED_FACE('',(#6667),#6678,.F.);
#6667 = FACE_BOUND('',#6668,.T.);
#6668 = EDGE_LOOP('',(#6669,#6670,#6676,#6677));
#6669 = ORIENTED_EDGE('',*,*,#1577,.T.);
#6670 = ORIENTED_EDGE('',*,*,#6671,.T.);
#6671 = EDGE_CURVE('',#1578,#3383,#6672,.T.);
#6672 = LINE('',#6673,#6674);
#6673 = CARTESIAN_POINT('',(95.69,-101.92,-4.6E-02));
#6674 = VECTOR('',#6675,1.);
#6675 = DIRECTION('',(0.,0.,1.));
#6676 = ORIENTED_EDGE('',*,*,#3382,.F.);
#6677 = ORIENTED_EDGE('',*,*,#6671,.F.);
#6678 = CYLINDRICAL_SURFACE('',#6679,0.5);
#6679 = AXIS2_PLACEMENT_3D('',#6680,#6681,#6682);
#6680 = CARTESIAN_POINT('',(95.69,-101.42,-4.6E-02));
#6681 = DIRECTION('',(-0.,-0.,-1.));
#6682 = DIRECTION('',(-0.,-1.,0.));
#6683 = ADVANCED_FACE('',(#6684),#6695,.F.);
#6684 = FACE_BOUND('',#6685,.T.);
#6685 = EDGE_LOOP('',(#6686,#6687,#6693,#6694));
#6686 = ORIENTED_EDGE('',*,*,#1588,.T.);
#6687 = ORIENTED_EDGE('',*,*,#6688,.T.);
#6688 = EDGE_CURVE('',#1589,#3394,#6689,.T.);
#6689 = LINE('',#6690,#6691);
#6690 = CARTESIAN_POINT('',(98.23,-101.92,-4.6E-02));
#6691 = VECTOR('',#6692,1.);
#6692 = DIRECTION('',(0.,0.,1.));
#6693 = ORIENTED_EDGE('',*,*,#3393,.F.);
#6694 = ORIENTED_EDGE('',*,*,#6688,.F.);
#6695 = CYLINDRICAL_SURFACE('',#6696,0.5);
#6696 = AXIS2_PLACEMENT_3D('',#6697,#6698,#6699);
#6697 = CARTESIAN_POINT('',(98.23,-101.42,-4.6E-02));
#6698 = DIRECTION('',(-0.,-0.,-1.));
#6699 = DIRECTION('',(-0.,-1.,0.));
#6700 = ADVANCED_FACE('',(#6701),#6712,.F.);
#6701 = FACE_BOUND('',#6702,.T.);
#6702 = EDGE_LOOP('',(#6703,#6704,#6710,#6711));
#6703 = ORIENTED_EDGE('',*,*,#1599,.T.);
#6704 = ORIENTED_EDGE('',*,*,#6705,.T.);
#6705 = EDGE_CURVE('',#1600,#3405,#6706,.T.);
#6706 = LINE('',#6707,#6708);
#6707 = CARTESIAN_POINT('',(95.69,-99.38,-4.6E-02));
#6708 = VECTOR('',#6709,1.);
#6709 = DIRECTION('',(0.,0.,1.));
#6710 = ORIENTED_EDGE('',*,*,#3404,.F.);
#6711 = ORIENTED_EDGE('',*,*,#6705,.F.);
#6712 = CYLINDRICAL_SURFACE('',#6713,0.5);
#6713 = AXIS2_PLACEMENT_3D('',#6714,#6715,#6716);
#6714 = CARTESIAN_POINT('',(95.69,-98.88,-4.6E-02));
#6715 = DIRECTION('',(-0.,-0.,-1.));
#6716 = DIRECTION('',(-0.,-1.,0.));
#6717 = ADVANCED_FACE('',(#6718),#6729,.F.);
#6718 = FACE_BOUND('',#6719,.T.);
#6719 = EDGE_LOOP('',(#6720,#6721,#6727,#6728));
#6720 = ORIENTED_EDGE('',*,*,#1610,.T.);
#6721 = ORIENTED_EDGE('',*,*,#6722,.T.);
#6722 = EDGE_CURVE('',#1611,#3416,#6723,.T.);
#6723 = LINE('',#6724,#6725);
#6724 = CARTESIAN_POINT('',(98.23,-99.38,-4.6E-02));
#6725 = VECTOR('',#6726,1.);
#6726 = DIRECTION('',(0.,0.,1.));
#6727 = ORIENTED_EDGE('',*,*,#3415,.F.);
#6728 = ORIENTED_EDGE('',*,*,#6722,.F.);
#6729 = CYLINDRICAL_SURFACE('',#6730,0.5);
#6730 = AXIS2_PLACEMENT_3D('',#6731,#6732,#6733);
#6731 = CARTESIAN_POINT('',(98.23,-98.88,-4.6E-02));
#6732 = DIRECTION('',(-0.,-0.,-1.));
#6733 = DIRECTION('',(-0.,-1.,0.));
#6734 = ADVANCED_FACE('',(#6735),#6746,.F.);
#6735 = FACE_BOUND('',#6736,.T.);
#6736 = EDGE_LOOP('',(#6737,#6738,#6744,#6745));
#6737 = ORIENTED_EDGE('',*,*,#1621,.T.);
#6738 = ORIENTED_EDGE('',*,*,#6739,.T.);
#6739 = EDGE_CURVE('',#1622,#3427,#6740,.T.);
#6740 = LINE('',#6741,#6742);
#6741 = CARTESIAN_POINT('',(92.38,-91.78,-4.6E-02));
#6742 = VECTOR('',#6743,1.);
#6743 = DIRECTION('',(0.,0.,1.));
#6744 = ORIENTED_EDGE('',*,*,#3426,.F.);
#6745 = ORIENTED_EDGE('',*,*,#6739,.F.);
#6746 = CYLINDRICAL_SURFACE('',#6747,0.5);
#6747 = AXIS2_PLACEMENT_3D('',#6748,#6749,#6750);
#6748 = CARTESIAN_POINT('',(92.38,-91.28,-4.6E-02));
#6749 = DIRECTION('',(-0.,-0.,-1.));
#6750 = DIRECTION('',(-0.,-1.,0.));
#6751 = ADVANCED_FACE('',(#6752),#6763,.F.);
#6752 = FACE_BOUND('',#6753,.T.);
#6753 = EDGE_LOOP('',(#6754,#6755,#6761,#6762));
#6754 = ORIENTED_EDGE('',*,*,#1632,.T.);
#6755 = ORIENTED_EDGE('',*,*,#6756,.T.);
#6756 = EDGE_CURVE('',#1633,#3438,#6757,.T.);
#6757 = LINE('',#6758,#6759);
#6758 = CARTESIAN_POINT('',(92.38,-89.24,-4.6E-02));
#6759 = VECTOR('',#6760,1.);
#6760 = DIRECTION('',(0.,0.,1.));
#6761 = ORIENTED_EDGE('',*,*,#3437,.F.);
#6762 = ORIENTED_EDGE('',*,*,#6756,.F.);
#6763 = CYLINDRICAL_SURFACE('',#6764,0.5);
#6764 = AXIS2_PLACEMENT_3D('',#6765,#6766,#6767);
#6765 = CARTESIAN_POINT('',(92.38,-88.74,-4.6E-02));
#6766 = DIRECTION('',(-0.,-0.,-1.));
#6767 = DIRECTION('',(-0.,-1.,0.));
#6768 = ADVANCED_FACE('',(#6769),#6780,.F.);
#6769 = FACE_BOUND('',#6770,.T.);
#6770 = EDGE_LOOP('',(#6771,#6772,#6778,#6779));
#6771 = ORIENTED_EDGE('',*,*,#1643,.T.);
#6772 = ORIENTED_EDGE('',*,*,#6773,.T.);
#6773 = EDGE_CURVE('',#1644,#3449,#6774,.T.);
#6774 = LINE('',#6775,#6776);
#6775 = CARTESIAN_POINT('',(92.38,-86.7,-4.6E-02));
#6776 = VECTOR('',#6777,1.);
#6777 = DIRECTION('',(0.,0.,1.));
#6778 = ORIENTED_EDGE('',*,*,#3448,.F.);
#6779 = ORIENTED_EDGE('',*,*,#6773,.F.);
#6780 = CYLINDRICAL_SURFACE('',#6781,0.5);
#6781 = AXIS2_PLACEMENT_3D('',#6782,#6783,#6784);
#6782 = CARTESIAN_POINT('',(92.38,-86.2,-4.6E-02));
#6783 = DIRECTION('',(-0.,-0.,-1.));
#6784 = DIRECTION('',(-0.,-1.,0.));
#6785 = ADVANCED_FACE('',(#6786),#6797,.F.);
#6786 = FACE_BOUND('',#6787,.T.);
#6787 = EDGE_LOOP('',(#6788,#6789,#6795,#6796));
#6788 = ORIENTED_EDGE('',*,*,#1654,.T.);
#6789 = ORIENTED_EDGE('',*,*,#6790,.T.);
#6790 = EDGE_CURVE('',#1655,#3460,#6791,.T.);
#6791 = LINE('',#6792,#6793);
#6792 = CARTESIAN_POINT('',(92.38,-84.16,-4.6E-02));
#6793 = VECTOR('',#6794,1.);
#6794 = DIRECTION('',(0.,0.,1.));
#6795 = ORIENTED_EDGE('',*,*,#3459,.F.);
#6796 = ORIENTED_EDGE('',*,*,#6790,.F.);
#6797 = CYLINDRICAL_SURFACE('',#6798,0.5);
#6798 = AXIS2_PLACEMENT_3D('',#6799,#6800,#6801);
#6799 = CARTESIAN_POINT('',(92.38,-83.66,-4.6E-02));
#6800 = DIRECTION('',(-0.,-0.,-1.));
#6801 = DIRECTION('',(-0.,-1.,0.));
#6802 = ADVANCED_FACE('',(#6803),#6814,.F.);
#6803 = FACE_BOUND('',#6804,.T.);
#6804 = EDGE_LOOP('',(#6805,#6806,#6812,#6813));
#6805 = ORIENTED_EDGE('',*,*,#1665,.T.);
#6806 = ORIENTED_EDGE('',*,*,#6807,.T.);
#6807 = EDGE_CURVE('',#1666,#3471,#6808,.T.);
#6808 = LINE('',#6809,#6810);
#6809 = CARTESIAN_POINT('',(96.5,-90.900011,-4.6E-02));
#6810 = VECTOR('',#6811,1.);
#6811 = DIRECTION('',(0.,0.,1.));
#6812 = ORIENTED_EDGE('',*,*,#3470,.F.);
#6813 = ORIENTED_EDGE('',*,*,#6807,.F.);
#6814 = CYLINDRICAL_SURFACE('',#6815,0.650011);
#6815 = AXIS2_PLACEMENT_3D('',#6816,#6817,#6818);
#6816 = CARTESIAN_POINT('',(96.5,-90.25,-4.6E-02));
#6817 = DIRECTION('',(-0.,-0.,-1.));
#6818 = DIRECTION('',(-0.,-1.,0.));
#6819 = ADVANCED_FACE('',(#6820),#6831,.F.);
#6820 = FACE_BOUND('',#6821,.T.);
#6821 = EDGE_LOOP('',(#6822,#6823,#6829,#6830));
#6822 = ORIENTED_EDGE('',*,*,#1676,.T.);
#6823 = ORIENTED_EDGE('',*,*,#6824,.T.);
#6824 = EDGE_CURVE('',#1677,#3482,#6825,.T.);
#6825 = LINE('',#6826,#6827);
#6826 = CARTESIAN_POINT('',(97.75,-88.249999,-4.6E-02));
#6827 = VECTOR('',#6828,1.);
#6828 = DIRECTION('',(0.,0.,1.));
#6829 = ORIENTED_EDGE('',*,*,#3481,.F.);
#6830 = ORIENTED_EDGE('',*,*,#6824,.F.);
#6831 = CYLINDRICAL_SURFACE('',#6832,0.499999);
#6832 = AXIS2_PLACEMENT_3D('',#6833,#6834,#6835);
#6833 = CARTESIAN_POINT('',(97.75,-87.75,-4.6E-02));
#6834 = DIRECTION('',(-0.,-0.,-1.));
#6835 = DIRECTION('',(-0.,-1.,0.));
#6836 = ADVANCED_FACE('',(#6837),#6848,.F.);
#6837 = FACE_BOUND('',#6838,.T.);
#6838 = EDGE_LOOP('',(#6839,#6840,#6846,#6847));
#6839 = ORIENTED_EDGE('',*,*,#1687,.T.);
#6840 = ORIENTED_EDGE('',*,*,#6841,.T.);
#6841 = EDGE_CURVE('',#1688,#3493,#6842,.T.);
#6842 = LINE('',#6843,#6844);
#6843 = CARTESIAN_POINT('',(92.38,-81.62,-4.6E-02));
#6844 = VECTOR('',#6845,1.);
#6845 = DIRECTION('',(0.,0.,1.));
#6846 = ORIENTED_EDGE('',*,*,#3492,.F.);
#6847 = ORIENTED_EDGE('',*,*,#6841,.F.);
#6848 = CYLINDRICAL_SURFACE('',#6849,0.5);
#6849 = AXIS2_PLACEMENT_3D('',#6850,#6851,#6852);
#6850 = CARTESIAN_POINT('',(92.38,-81.12,-4.6E-02));
#6851 = DIRECTION('',(-0.,-0.,-1.));
#6852 = DIRECTION('',(-0.,-1.,0.));
#6853 = ADVANCED_FACE('',(#6854),#6865,.F.);
#6854 = FACE_BOUND('',#6855,.T.);
#6855 = EDGE_LOOP('',(#6856,#6857,#6863,#6864));
#6856 = ORIENTED_EDGE('',*,*,#1698,.T.);
#6857 = ORIENTED_EDGE('',*,*,#6858,.T.);
#6858 = EDGE_CURVE('',#1699,#3504,#6859,.T.);
#6859 = LINE('',#6860,#6861);
#6860 = CARTESIAN_POINT('',(92.38,-79.08,-4.6E-02));
#6861 = VECTOR('',#6862,1.);
#6862 = DIRECTION('',(0.,0.,1.));
#6863 = ORIENTED_EDGE('',*,*,#3503,.F.);
#6864 = ORIENTED_EDGE('',*,*,#6858,.F.);
#6865 = CYLINDRICAL_SURFACE('',#6866,0.5);
#6866 = AXIS2_PLACEMENT_3D('',#6867,#6868,#6869);
#6867 = CARTESIAN_POINT('',(92.38,-78.58,-4.6E-02));
#6868 = DIRECTION('',(-0.,-0.,-1.));
#6869 = DIRECTION('',(-0.,-1.,0.));
#6870 = ADVANCED_FACE('',(#6871),#6882,.F.);
#6871 = FACE_BOUND('',#6872,.T.);
#6872 = EDGE_LOOP('',(#6873,#6874,#6880,#6881));
#6873 = ORIENTED_EDGE('',*,*,#1709,.T.);
#6874 = ORIENTED_EDGE('',*,*,#6875,.T.);
#6875 = EDGE_CURVE('',#1710,#3515,#6876,.T.);
#6876 = LINE('',#6877,#6878);
#6877 = CARTESIAN_POINT('',(92.38,-76.54,-4.6E-02));
#6878 = VECTOR('',#6879,1.);
#6879 = DIRECTION('',(0.,0.,1.));
#6880 = ORIENTED_EDGE('',*,*,#3514,.F.);
#6881 = ORIENTED_EDGE('',*,*,#6875,.F.);
#6882 = CYLINDRICAL_SURFACE('',#6883,0.5);
#6883 = AXIS2_PLACEMENT_3D('',#6884,#6885,#6886);
#6884 = CARTESIAN_POINT('',(92.38,-76.04,-4.6E-02));
#6885 = DIRECTION('',(-0.,-0.,-1.));
#6886 = DIRECTION('',(-0.,-1.,0.));
#6887 = ADVANCED_FACE('',(#6888),#6899,.F.);
#6888 = FACE_BOUND('',#6889,.T.);
#6889 = EDGE_LOOP('',(#6890,#6891,#6897,#6898));
#6890 = ORIENTED_EDGE('',*,*,#1720,.T.);
#6891 = ORIENTED_EDGE('',*,*,#6892,.T.);
#6892 = EDGE_CURVE('',#1721,#3526,#6893,.T.);
#6893 = LINE('',#6894,#6895);
#6894 = CARTESIAN_POINT('',(92.38,-74.,-4.6E-02));
#6895 = VECTOR('',#6896,1.);
#6896 = DIRECTION('',(0.,0.,1.));
#6897 = ORIENTED_EDGE('',*,*,#3525,.F.);
#6898 = ORIENTED_EDGE('',*,*,#6892,.F.);
#6899 = CYLINDRICAL_SURFACE('',#6900,0.5);
#6900 = AXIS2_PLACEMENT_3D('',#6901,#6902,#6903);
#6901 = CARTESIAN_POINT('',(92.38,-73.5,-4.6E-02));
#6902 = DIRECTION('',(-0.,-0.,-1.));
#6903 = DIRECTION('',(-0.,-1.,0.));
#6904 = ADVANCED_FACE('',(#6905),#6916,.F.);
#6905 = FACE_BOUND('',#6906,.T.);
#6906 = EDGE_LOOP('',(#6907,#6908,#6914,#6915));
#6907 = ORIENTED_EDGE('',*,*,#1731,.T.);
#6908 = ORIENTED_EDGE('',*,*,#6909,.T.);
#6909 = EDGE_CURVE('',#1732,#3537,#6910,.T.);
#6910 = LINE('',#6911,#6912);
#6911 = CARTESIAN_POINT('',(100.77,-101.92,-4.6E-02));
#6912 = VECTOR('',#6913,1.);
#6913 = DIRECTION('',(0.,0.,1.));
#6914 = ORIENTED_EDGE('',*,*,#3536,.F.);
#6915 = ORIENTED_EDGE('',*,*,#6909,.F.);
#6916 = CYLINDRICAL_SURFACE('',#6917,0.5);
#6917 = AXIS2_PLACEMENT_3D('',#6918,#6919,#6920);
#6918 = CARTESIAN_POINT('',(100.77,-101.42,-4.6E-02));
#6919 = DIRECTION('',(-0.,-0.,-1.));
#6920 = DIRECTION('',(-0.,-1.,0.));
#6921 = ADVANCED_FACE('',(#6922),#6933,.F.);
#6922 = FACE_BOUND('',#6923,.T.);
#6923 = EDGE_LOOP('',(#6924,#6925,#6931,#6932));
#6924 = ORIENTED_EDGE('',*,*,#1742,.T.);
#6925 = ORIENTED_EDGE('',*,*,#6926,.T.);
#6926 = EDGE_CURVE('',#1743,#3548,#6927,.T.);
#6927 = LINE('',#6928,#6929);
#6928 = CARTESIAN_POINT('',(103.31,-101.92,-4.6E-02));
#6929 = VECTOR('',#6930,1.);
#6930 = DIRECTION('',(0.,0.,1.));
#6931 = ORIENTED_EDGE('',*,*,#3547,.F.);
#6932 = ORIENTED_EDGE('',*,*,#6926,.F.);
#6933 = CYLINDRICAL_SURFACE('',#6934,0.5);
#6934 = AXIS2_PLACEMENT_3D('',#6935,#6936,#6937);
#6935 = CARTESIAN_POINT('',(103.31,-101.42,-4.6E-02));
#6936 = DIRECTION('',(-0.,-0.,-1.));
#6937 = DIRECTION('',(-0.,-1.,0.));
#6938 = ADVANCED_FACE('',(#6939),#6950,.F.);
#6939 = FACE_BOUND('',#6940,.T.);
#6940 = EDGE_LOOP('',(#6941,#6942,#6948,#6949));
#6941 = ORIENTED_EDGE('',*,*,#1753,.T.);
#6942 = ORIENTED_EDGE('',*,*,#6943,.T.);
#6943 = EDGE_CURVE('',#1754,#3559,#6944,.T.);
#6944 = LINE('',#6945,#6946);
#6945 = CARTESIAN_POINT('',(100.77,-99.38,-4.6E-02));
#6946 = VECTOR('',#6947,1.);
#6947 = DIRECTION('',(0.,0.,1.));
#6948 = ORIENTED_EDGE('',*,*,#3558,.F.);
#6949 = ORIENTED_EDGE('',*,*,#6943,.F.);
#6950 = CYLINDRICAL_SURFACE('',#6951,0.5);
#6951 = AXIS2_PLACEMENT_3D('',#6952,#6953,#6954);
#6952 = CARTESIAN_POINT('',(100.77,-98.88,-4.6E-02));
#6953 = DIRECTION('',(-0.,-0.,-1.));
#6954 = DIRECTION('',(-0.,-1.,0.));
#6955 = ADVANCED_FACE('',(#6956),#6967,.F.);
#6956 = FACE_BOUND('',#6957,.T.);
#6957 = EDGE_LOOP('',(#6958,#6959,#6965,#6966));
#6958 = ORIENTED_EDGE('',*,*,#1764,.T.);
#6959 = ORIENTED_EDGE('',*,*,#6960,.T.);
#6960 = EDGE_CURVE('',#1765,#3570,#6961,.T.);
#6961 = LINE('',#6962,#6963);
#6962 = CARTESIAN_POINT('',(103.31,-99.38,-4.6E-02));
#6963 = VECTOR('',#6964,1.);
#6964 = DIRECTION('',(0.,0.,1.));
#6965 = ORIENTED_EDGE('',*,*,#3569,.F.);
#6966 = ORIENTED_EDGE('',*,*,#6960,.F.);
#6967 = CYLINDRICAL_SURFACE('',#6968,0.5);
#6968 = AXIS2_PLACEMENT_3D('',#6969,#6970,#6971);
#6969 = CARTESIAN_POINT('',(103.31,-98.88,-4.6E-02));
#6970 = DIRECTION('',(-0.,-0.,-1.));
#6971 = DIRECTION('',(-0.,-1.,0.));
#6972 = ADVANCED_FACE('',(#6973),#6984,.F.);
#6973 = FACE_BOUND('',#6974,.T.);
#6974 = EDGE_LOOP('',(#6975,#6976,#6982,#6983));
#6975 = ORIENTED_EDGE('',*,*,#1775,.T.);
#6976 = ORIENTED_EDGE('',*,*,#6977,.T.);
#6977 = EDGE_CURVE('',#1776,#3581,#6978,.T.);
#6978 = LINE('',#6979,#6980);
#6979 = CARTESIAN_POINT('',(119.,-105.225,-4.6E-02));
#6980 = VECTOR('',#6981,1.);
#6981 = DIRECTION('',(0.,0.,1.));
#6982 = ORIENTED_EDGE('',*,*,#3580,.F.);
#6983 = ORIENTED_EDGE('',*,*,#6977,.F.);
#6984 = CYLINDRICAL_SURFACE('',#6985,0.45);
#6985 = AXIS2_PLACEMENT_3D('',#6986,#6987,#6988);
#6986 = CARTESIAN_POINT('',(119.,-104.775,-4.6E-02));
#6987 = DIRECTION('',(-0.,-0.,-1.));
#6988 = DIRECTION('',(-0.,-1.,0.));
#6989 = ADVANCED_FACE('',(#6990),#7001,.F.);
#6990 = FACE_BOUND('',#6991,.T.);
#6991 = EDGE_LOOP('',(#6992,#6993,#6999,#7000));
#6992 = ORIENTED_EDGE('',*,*,#1786,.T.);
#6993 = ORIENTED_EDGE('',*,*,#6994,.T.);
#6994 = EDGE_CURVE('',#1787,#3592,#6995,.T.);
#6995 = LINE('',#6996,#6997);
#6996 = CARTESIAN_POINT('',(119.,-102.685,-4.6E-02));
#6997 = VECTOR('',#6998,1.);
#6998 = DIRECTION('',(0.,0.,1.));
#6999 = ORIENTED_EDGE('',*,*,#3591,.F.);
#7000 = ORIENTED_EDGE('',*,*,#6994,.F.);
#7001 = CYLINDRICAL_SURFACE('',#7002,0.45);
#7002 = AXIS2_PLACEMENT_3D('',#7003,#7004,#7005);
#7003 = CARTESIAN_POINT('',(119.,-102.235,-4.6E-02));
#7004 = DIRECTION('',(-0.,-0.,-1.));
#7005 = DIRECTION('',(-0.,-1.,0.));
#7006 = ADVANCED_FACE('',(#7007),#7018,.F.);
#7007 = FACE_BOUND('',#7008,.T.);
#7008 = EDGE_LOOP('',(#7009,#7010,#7016,#7017));
#7009 = ORIENTED_EDGE('',*,*,#1797,.T.);
#7010 = ORIENTED_EDGE('',*,*,#7011,.T.);
#7011 = EDGE_CURVE('',#1798,#3603,#7012,.T.);
#7012 = LINE('',#7013,#7014);
#7013 = CARTESIAN_POINT('',(110.294888,-99.4,-4.6E-02));
#7014 = VECTOR('',#7015,1.);
#7015 = DIRECTION('',(0.,0.,1.));
#7016 = ORIENTED_EDGE('',*,*,#3602,.F.);
#7017 = ORIENTED_EDGE('',*,*,#7011,.F.);
#7018 = CYLINDRICAL_SURFACE('',#7019,0.4);
#7019 = AXIS2_PLACEMENT_3D('',#7020,#7021,#7022);
#7020 = CARTESIAN_POINT('',(110.294888,-99.,-4.6E-02));
#7021 = DIRECTION('',(-0.,-0.,-1.));
#7022 = DIRECTION('',(-0.,-1.,0.));
#7023 = ADVANCED_FACE('',(#7024),#7035,.F.);
#7024 = FACE_BOUND('',#7025,.T.);
#7025 = EDGE_LOOP('',(#7026,#7027,#7033,#7034));
#7026 = ORIENTED_EDGE('',*,*,#1808,.T.);
#7027 = ORIENTED_EDGE('',*,*,#7028,.T.);
#7028 = EDGE_CURVE('',#1809,#3614,#7029,.T.);
#7029 = LINE('',#7030,#7031);
#7030 = CARTESIAN_POINT('',(112.794888,-99.4,-4.6E-02));
#7031 = VECTOR('',#7032,1.);
#7032 = DIRECTION('',(0.,0.,1.));
#7033 = ORIENTED_EDGE('',*,*,#3613,.F.);
#7034 = ORIENTED_EDGE('',*,*,#7028,.F.);
#7035 = CYLINDRICAL_SURFACE('',#7036,0.4);
#7036 = AXIS2_PLACEMENT_3D('',#7037,#7038,#7039);
#7037 = CARTESIAN_POINT('',(112.794888,-99.,-4.6E-02));
#7038 = DIRECTION('',(-0.,-0.,-1.));
#7039 = DIRECTION('',(-0.,-1.,0.));
#7040 = ADVANCED_FACE('',(#7041),#7052,.F.);
#7041 = FACE_BOUND('',#7042,.T.);
#7042 = EDGE_LOOP('',(#7043,#7044,#7050,#7051));
#7043 = ORIENTED_EDGE('',*,*,#1819,.T.);
#7044 = ORIENTED_EDGE('',*,*,#7045,.T.);
#7045 = EDGE_CURVE('',#1820,#3625,#7046,.T.);
#7046 = LINE('',#7047,#7048);
#7047 = CARTESIAN_POINT('',(118.5,-95.65,-4.6E-02));
#7048 = VECTOR('',#7049,1.);
#7049 = DIRECTION('',(0.,0.,1.));
#7050 = ORIENTED_EDGE('',*,*,#3624,.F.);
#7051 = ORIENTED_EDGE('',*,*,#7045,.F.);
#7052 = CYLINDRICAL_SURFACE('',#7053,1.65);
#7053 = AXIS2_PLACEMENT_3D('',#7054,#7055,#7056);
#7054 = CARTESIAN_POINT('',(118.5,-94.,-4.6E-02));
#7055 = DIRECTION('',(-0.,-0.,-1.));
#7056 = DIRECTION('',(-0.,-1.,0.));
#7057 = ADVANCED_FACE('',(#7058),#7069,.F.);
#7058 = FACE_BOUND('',#7059,.T.);
#7059 = EDGE_LOOP('',(#7060,#7061,#7067,#7068));
#7060 = ORIENTED_EDGE('',*,*,#1830,.T.);
#7061 = ORIENTED_EDGE('',*,*,#7062,.T.);
#7062 = EDGE_CURVE('',#1831,#3636,#7063,.T.);
#7063 = LINE('',#7064,#7065);
#7064 = CARTESIAN_POINT('',(102.25,-88.249999,-4.6E-02));
#7065 = VECTOR('',#7066,1.);
#7066 = DIRECTION('',(0.,0.,1.));
#7067 = ORIENTED_EDGE('',*,*,#3635,.F.);
#7068 = ORIENTED_EDGE('',*,*,#7062,.F.);
#7069 = CYLINDRICAL_SURFACE('',#7070,0.499999);
#7070 = AXIS2_PLACEMENT_3D('',#7071,#7072,#7073);
#7071 = CARTESIAN_POINT('',(102.25,-87.75,-4.6E-02));
#7072 = DIRECTION('',(-0.,-0.,-1.));
#7073 = DIRECTION('',(-0.,-1.,0.));
#7074 = ADVANCED_FACE('',(#7075),#7086,.F.);
#7075 = FACE_BOUND('',#7076,.T.);
#7076 = EDGE_LOOP('',(#7077,#7078,#7084,#7085));
#7077 = ORIENTED_EDGE('',*,*,#1841,.T.);
#7078 = ORIENTED_EDGE('',*,*,#7079,.T.);
#7079 = EDGE_CURVE('',#1842,#3647,#7080,.T.);
#7080 = LINE('',#7081,#7082);
#7081 = CARTESIAN_POINT('',(103.5,-90.900011,-4.6E-02));
#7082 = VECTOR('',#7083,1.);
#7083 = DIRECTION('',(0.,0.,1.));
#7084 = ORIENTED_EDGE('',*,*,#3646,.F.);
#7085 = ORIENTED_EDGE('',*,*,#7079,.F.);
#7086 = CYLINDRICAL_SURFACE('',#7087,0.650011);
#7087 = AXIS2_PLACEMENT_3D('',#7088,#7089,#7090);
#7088 = CARTESIAN_POINT('',(103.5,-90.25,-4.6E-02));
#7089 = DIRECTION('',(-0.,-0.,-1.));
#7090 = DIRECTION('',(-0.,-1.,0.));
#7091 = ADVANCED_FACE('',(#7092),#7103,.F.);
#7092 = FACE_BOUND('',#7093,.T.);
#7093 = EDGE_LOOP('',(#7094,#7095,#7101,#7102));
#7094 = ORIENTED_EDGE('',*,*,#1852,.T.);
#7095 = ORIENTED_EDGE('',*,*,#7096,.T.);
#7096 = EDGE_CURVE('',#1853,#3658,#7097,.T.);
#7097 = LINE('',#7098,#7099);
#7098 = CARTESIAN_POINT('',(107.62,-91.78,-4.6E-02));
#7099 = VECTOR('',#7100,1.);
#7100 = DIRECTION('',(0.,0.,1.));
#7101 = ORIENTED_EDGE('',*,*,#3657,.F.);
#7102 = ORIENTED_EDGE('',*,*,#7096,.F.);
#7103 = CYLINDRICAL_SURFACE('',#7104,0.5);
#7104 = AXIS2_PLACEMENT_3D('',#7105,#7106,#7107);
#7105 = CARTESIAN_POINT('',(107.62,-91.28,-4.6E-02));
#7106 = DIRECTION('',(-0.,-0.,-1.));
#7107 = DIRECTION('',(-0.,-1.,0.));
#7108 = ADVANCED_FACE('',(#7109),#7120,.F.);
#7109 = FACE_BOUND('',#7110,.T.);
#7110 = EDGE_LOOP('',(#7111,#7112,#7118,#7119));
#7111 = ORIENTED_EDGE('',*,*,#1863,.T.);
#7112 = ORIENTED_EDGE('',*,*,#7113,.T.);
#7113 = EDGE_CURVE('',#1864,#3669,#7114,.T.);
#7114 = LINE('',#7115,#7116);
#7115 = CARTESIAN_POINT('',(107.62,-89.24,-4.6E-02));
#7116 = VECTOR('',#7117,1.);
#7117 = DIRECTION('',(0.,0.,1.));
#7118 = ORIENTED_EDGE('',*,*,#3668,.F.);
#7119 = ORIENTED_EDGE('',*,*,#7113,.F.);
#7120 = CYLINDRICAL_SURFACE('',#7121,0.5);
#7121 = AXIS2_PLACEMENT_3D('',#7122,#7123,#7124);
#7122 = CARTESIAN_POINT('',(107.62,-88.74,-4.6E-02));
#7123 = DIRECTION('',(-0.,-0.,-1.));
#7124 = DIRECTION('',(-0.,-1.,0.));
#7125 = ADVANCED_FACE('',(#7126),#7137,.F.);
#7126 = FACE_BOUND('',#7127,.T.);
#7127 = EDGE_LOOP('',(#7128,#7129,#7135,#7136));
#7128 = ORIENTED_EDGE('',*,*,#1874,.T.);
#7129 = ORIENTED_EDGE('',*,*,#7130,.T.);
#7130 = EDGE_CURVE('',#1875,#3680,#7131,.T.);
#7131 = LINE('',#7132,#7133);
#7132 = CARTESIAN_POINT('',(107.62,-86.7,-4.6E-02));
#7133 = VECTOR('',#7134,1.);
#7134 = DIRECTION('',(0.,0.,1.));
#7135 = ORIENTED_EDGE('',*,*,#3679,.F.);
#7136 = ORIENTED_EDGE('',*,*,#7130,.F.);
#7137 = CYLINDRICAL_SURFACE('',#7138,0.5);
#7138 = AXIS2_PLACEMENT_3D('',#7139,#7140,#7141);
#7139 = CARTESIAN_POINT('',(107.62,-86.2,-4.6E-02));
#7140 = DIRECTION('',(-0.,-0.,-1.));
#7141 = DIRECTION('',(-0.,-1.,0.));
#7142 = ADVANCED_FACE('',(#7143),#7154,.F.);
#7143 = FACE_BOUND('',#7144,.T.);
#7144 = EDGE_LOOP('',(#7145,#7146,#7152,#7153));
#7145 = ORIENTED_EDGE('',*,*,#1885,.T.);
#7146 = ORIENTED_EDGE('',*,*,#7147,.T.);
#7147 = EDGE_CURVE('',#1886,#3691,#7148,.T.);
#7148 = LINE('',#7149,#7150);
#7149 = CARTESIAN_POINT('',(107.62,-84.16,-4.6E-02));
#7150 = VECTOR('',#7151,1.);
#7151 = DIRECTION('',(0.,0.,1.));
#7152 = ORIENTED_EDGE('',*,*,#3690,.F.);
#7153 = ORIENTED_EDGE('',*,*,#7147,.F.);
#7154 = CYLINDRICAL_SURFACE('',#7155,0.5);
#7155 = AXIS2_PLACEMENT_3D('',#7156,#7157,#7158);
#7156 = CARTESIAN_POINT('',(107.62,-83.66,-4.6E-02));
#7157 = DIRECTION('',(-0.,-0.,-1.));
#7158 = DIRECTION('',(-0.,-1.,0.));
#7159 = ADVANCED_FACE('',(#7160),#7171,.F.);
#7160 = FACE_BOUND('',#7161,.T.);
#7161 = EDGE_LOOP('',(#7162,#7163,#7169,#7170));
#7162 = ORIENTED_EDGE('',*,*,#1896,.T.);
#7163 = ORIENTED_EDGE('',*,*,#7164,.T.);
#7164 = EDGE_CURVE('',#1897,#3702,#7165,.T.);
#7165 = LINE('',#7166,#7167);
#7166 = CARTESIAN_POINT('',(107.62,-81.62,-4.6E-02));
#7167 = VECTOR('',#7168,1.);
#7168 = DIRECTION('',(0.,0.,1.));
#7169 = ORIENTED_EDGE('',*,*,#3701,.F.);
#7170 = ORIENTED_EDGE('',*,*,#7164,.F.);
#7171 = CYLINDRICAL_SURFACE('',#7172,0.5);
#7172 = AXIS2_PLACEMENT_3D('',#7173,#7174,#7175);
#7173 = CARTESIAN_POINT('',(107.62,-81.12,-4.6E-02));
#7174 = DIRECTION('',(-0.,-0.,-1.));
#7175 = DIRECTION('',(-0.,-1.,0.));
#7176 = ADVANCED_FACE('',(#7177),#7188,.F.);
#7177 = FACE_BOUND('',#7178,.T.);
#7178 = EDGE_LOOP('',(#7179,#7180,#7186,#7187));
#7179 = ORIENTED_EDGE('',*,*,#1907,.T.);
#7180 = ORIENTED_EDGE('',*,*,#7181,.T.);
#7181 = EDGE_CURVE('',#1908,#3713,#7182,.T.);
#7182 = LINE('',#7183,#7184);
#7183 = CARTESIAN_POINT('',(107.62,-79.08,-4.6E-02));
#7184 = VECTOR('',#7185,1.);
#7185 = DIRECTION('',(0.,0.,1.));
#7186 = ORIENTED_EDGE('',*,*,#3712,.F.);
#7187 = ORIENTED_EDGE('',*,*,#7181,.F.);
#7188 = CYLINDRICAL_SURFACE('',#7189,0.5);
#7189 = AXIS2_PLACEMENT_3D('',#7190,#7191,#7192);
#7190 = CARTESIAN_POINT('',(107.62,-78.58,-4.6E-02));
#7191 = DIRECTION('',(-0.,-0.,-1.));
#7192 = DIRECTION('',(-0.,-1.,0.));
#7193 = ADVANCED_FACE('',(#7194),#7205,.F.);
#7194 = FACE_BOUND('',#7195,.T.);
#7195 = EDGE_LOOP('',(#7196,#7197,#7203,#7204));
#7196 = ORIENTED_EDGE('',*,*,#1918,.T.);
#7197 = ORIENTED_EDGE('',*,*,#7198,.T.);
#7198 = EDGE_CURVE('',#1919,#3724,#7199,.T.);
#7199 = LINE('',#7200,#7201);
#7200 = CARTESIAN_POINT('',(107.62,-76.54,-4.6E-02));
#7201 = VECTOR('',#7202,1.);
#7202 = DIRECTION('',(0.,0.,1.));
#7203 = ORIENTED_EDGE('',*,*,#3723,.F.);
#7204 = ORIENTED_EDGE('',*,*,#7198,.F.);
#7205 = CYLINDRICAL_SURFACE('',#7206,0.5);
#7206 = AXIS2_PLACEMENT_3D('',#7207,#7208,#7209);
#7207 = CARTESIAN_POINT('',(107.62,-76.04,-4.6E-02));
#7208 = DIRECTION('',(-0.,-0.,-1.));
#7209 = DIRECTION('',(-0.,-1.,0.));
#7210 = ADVANCED_FACE('',(#7211),#7222,.F.);
#7211 = FACE_BOUND('',#7212,.T.);
#7212 = EDGE_LOOP('',(#7213,#7214,#7220,#7221));
#7213 = ORIENTED_EDGE('',*,*,#1929,.T.);
#7214 = ORIENTED_EDGE('',*,*,#7215,.T.);
#7215 = EDGE_CURVE('',#1930,#3735,#7216,.T.);
#7216 = LINE('',#7217,#7218);
#7217 = CARTESIAN_POINT('',(107.62,-74.,-4.6E-02));
#7218 = VECTOR('',#7219,1.);
#7219 = DIRECTION('',(0.,0.,1.));
#7220 = ORIENTED_EDGE('',*,*,#3734,.F.);
#7221 = ORIENTED_EDGE('',*,*,#7215,.F.);
#7222 = CYLINDRICAL_SURFACE('',#7223,0.5);
#7223 = AXIS2_PLACEMENT_3D('',#7224,#7225,#7226);
#7224 = CARTESIAN_POINT('',(107.62,-73.5,-4.6E-02));
#7225 = DIRECTION('',(-0.,-0.,-1.));
#7226 = DIRECTION('',(-0.,-1.,0.));
#7227 = ( GEOMETRIC_REPRESENTATION_CONTEXT(3) 
GLOBAL_UNCERTAINTY_ASSIGNED_CONTEXT((#7231)) 
GLOBAL_UNIT_ASSIGNED_CONTEXT((#7228,#7229,#7230)) REPRESENTATION_CONTEXT
('Context #1','3D Context with UNIT and UNCERTAINTY') );
#7228 = ( LENGTH_UNIT() NAMED_UNIT(*) SI_UNIT(.MILLI.,.METRE.) );
#7229 = ( NAMED_UNIT(*) PLANE_ANGLE_UNIT() SI_UNIT($,.RADIAN.) );
#7230 = ( NAMED_UNIT(*) SI_UNIT($,.STERADIAN.) SOLID_ANGLE_UNIT() );
#7231 = UNCERTAINTY_MEASURE_WITH_UNIT(LENGTH_MEASURE(1.E-07),#7228,
  'distance_accuracy_value','confusion accuracy');
#7232 = CONTEXT_DEPENDENT_SHAPE_REPRESENTATION(#7233,#7235);
#7233 = ( REPRESENTATION_RELATIONSHIP('','',#32,#10) 
REPRESENTATION_RELATIONSHIP_WITH_TRANSFORMATION(#7234) 
SHAPE_REPRESENTATION_RELATIONSHIP() );
#7234 = ITEM_DEFINED_TRANSFORMATION('','',#11,#15);
#7235 = PRODUCT_DEFINITION_SHAPE('Placement','Placement of an item',
  #7236);
#7236 = NEXT_ASSEMBLY_USAGE_OCCURRENCE('1','=>[0:1:1:2]','',#5,#27,$);
#7237 = PRODUCT_RELATED_PRODUCT_CATEGORY('part',$,(#29));
#7238 = MECHANICAL_DESIGN_GEOMETRIC_PRESENTATION_REPRESENTATION('',(
    #7239),#7227);
#7239 = STYLED_ITEM('color',(#7240),#33);
#7240 = PRESENTATION_STYLE_ASSIGNMENT((#7241));
#7241 = SURFACE_STYLE_USAGE(.BOTH.,#7242);
#7242 = SURFACE_SIDE_STYLE('',(#7243));
#7243 = SURFACE_STYLE_FILL_AREA(#7244);
#7244 = FILL_AREA_STYLE('',(#7245));
#7245 = FILL_AREA_STYLE_COLOUR('',#7246);
#7246 = COLOUR_RGB('',0.277846546019,0.436627062838,0.370214030736);
ENDSEC;
END-ISO-10303-21;
